200 19900
0 1 38
1 2 80
2 3 96
3 4 19
4 5 74
5 6 78
6 7 60
7 8 60
8 9 16
9 10 45
10 11 16
11 12 10
12 13 6
13 14 46
14 15 87
15 16 34
16 17 61
17 18 15
18 19 71
19 20 66
20 21 3
21 22 6
22 23 97
23 24 73
24 25 84
25 26 94
26 27 22
27 28 1
28 29 19
29 30 100
30 31 19
31 32 62
32 33 31
33 34 62
34 35 53
35 36 1
36 37 44
37 38 3
38 39 30
39 40 53
40 41 62
41 42 40
42 43 14
43 44 5
44 45 30
45 46 98
46 47 37
47 48 24
48 49 46
49 50 10
50 51 79
51 52 62
52 53 20
53 54 39
54 55 52
55 56 99
56 57 60
57 58 47
58 59 5
59 60 86
60 61 61
61 62 69
62 63 18
63 64 46
64 65 7
65 66 2
66 67 95
67 68 95
68 69 97
69 70 57
70 71 81
71 72 39
72 73 31
73 74 2
74 75 10
75 76 24
76 77 69
77 78 25
78 79 45
79 80 69
80 81 13
81 82 61
82 83 50
83 84 84
84 85 4
85 86 18
86 87 91
87 88 40
88 89 26
89 90 19
90 91 67
91 92 76
92 93 32
93 94 43
94 95 53
95 96 21
96 97 55
97 98 57
98 99 19
99 100 4
100 101 97
101 102 85
102 103 78
103 104 45
104 105 94
105 106 40
106 107 90
107 108 93
108 109 60
109 110 73
110 111 93
111 112 33
112 113 9
113 114 58
114 115 20
115 116 53
116 117 5
117 118 97
118 119 33
119 120 85
120 121 39
121 122 75
122 123 28
123 124 54
124 125 83
125 126 59
126 127 36
127 128 97
128 129 29
129 130 61
130 131 55
131 132 28
132 133 15
133 134 30
134 135 81
135 136 17
136 137 8
137 138 2
138 139 99
139 140 43
140 141 78
141 142 40
142 143 20
143 144 30
144 145 1
145 146 2
146 147 82
147 148 20
148 149 71
149 150 72
150 151 73
151 152 80
152 153 78
153 154 61
154 155 8
155 156 93
156 157 36
157 158 66
158 159 12
159 160 92
160 161 87
161 162 86
162 163 63
163 164 45
164 165 34
165 166 10
166 167 7
167 168 38
168 169 32
169 170 67
170 171 33
171 172 67
172 173 73
173 174 60
174 175 64
175 176 28
176 177 89
177 178 57
178 179 48
179 180 39
180 181 12
181 182 98
182 183 72
183 184 85
184 185 77
185 186 73
186 187 57
187 188 24
188 189 78
189 190 26
190 191 50
191 192 5
192 193 53
193 194 72
194 195 43
195 196 12
196 197 3
197 198 44
198 199 11
40 6 90
127 95 32
112 101 70
181 27 25
120 82 54
151 40 23
188 15 60
57 138 17
176 185 63
161 59 64
21 174 46
160 43 19
83 178 89
107 64 81
24 179 36
63 181 12
54 45 65
85 0 82
70 172 31
1 32 52
106 83 49
44 138 12
53 67 25
188 33 33
43 103 56
140 80 37
12 194 26
192 49 26
139 99 72
60 29 29
199 7 27
121 195 51
82 10 4
55 69 91
126 47 69
28 106 49
89 197 56
48 118 68
16 152 37
145 160 37
94 126 99
126 79 54
163 18 80
167 30 33
101 37 70
8 171 60
65 135 23
3 142 52
161 45 35
129 19 18
188 138 40
77 103 94
167 27 68
68 147 12
41 184 55
175 139 26
45 131 18
163 196 56
103 105 27
48 199 10
193 179 56
180 176 64
37 67 28
69 140 73
169 179 86
177 80 78
177 128 86
16 187 17
157 179 67
121 116 1
74 20 95
132 194 1
56 32 31
109 97 70
89 130 100
44 35 72
3 47 50
65 35 75
73 129 75
169 144 66
61 113 55
18 101 37
127 53 26
48 117 98
195 78 49
178 181 64
86 158 36
100 129 58
133 98 87
39 46 73
99 56 58
4 153 65
8 35 100
188 93 96
55 182 89
74 149 2
190 185 34
85 110 97
114 192 99
170 15 30
61 77 20
170 53 32
97 33 38
111 78 94
168 139 94
114 14 10
41 123 68
198 71 15
50 103 30
175 64 75
169 139 14
71 110 30
59 161 42
162 51 87
122 182 9
102 1 51
125 159 20
129 14 71
79 159 6
178 177 34
5 75 58
18 87 58
134 7 33
93 31 55
196 57 84
118 172 4
50 7 4
164 60 37
107 25 33
104 165 77
54 43 97
124 91 9
168 10 20
106 82 55
139 127 14
145 26 98
193 103 72
64 8 80
79 54 44
87 148 8
50 5 19
192 16 84
85 139 69
81 11 18
183 31 45
50 47 55
18 142 19
132 186 28
127 190 52
147 131 56
87 122 74
83 9 25
113 71 16
151 24 2
68 23 10
9 18 5
62 171 98
140 35 48
3 19 77
98 161 48
69 34 47
86 129 40
9 123 95
127 177 5
52 74 2
125 186 51
100 171 54
131 136 17
123 14 95
128 188 3
173 117 64
188 160 58
135 77 58
128 25 46
162 109 83
188 125 39
164 192 66
181 41 20
54 13 22
20 75 2
7 18 62
136 67 8
131 63 39
168 136 3
68 162 27
56 99 12
69 125 94
175 7 74
83 160 97
56 109 18
84 150 57
161 115 100
146 82 13
74 50 78
116 68 87
186 112 86
47 85 68
150 147 76
47 20 38
180 106 51
99 165 39
64 59 90
19 77 6
2 191 91
169 18 36
63 191 96
135 190 49
114 98 64
16 89 10
58 120 33
110 134 22
150 189 80
22 18 94
98 194 6
199 109 6
88 147 89
109 70 71
23 193 15
137 152 84
123 173 11
167 16 43
140 44 8
79 164 90
141 29 9
102 16 24
197 116 38
172 74 89
162 47 95
181 197 60
150 70 38
141 16 49
155 75 56
141 84 25
181 66 12
86 98 26
2 81 47
114 11 75
23 153 12
164 129 75
149 136 59
47 192 41
74 95 29
16 173 53
44 87 97
160 2 98
193 111 5
64 178 5
105 184 100
183 14 26
110 139 97
15 104 17
125 43 70
58 90 100
125 139 59
76 180 74
9 183 29
191 190 6
178 78 46
21 124 34
55 33 19
129 92 39
70 45 59
53 15 37
194 51 99
90 139 4
107 55 31
82 162 61
136 54 17
26 182 8
164 188 95
83 145 59
122 183 42
16 186 88
173 110 5
32 5 42
75 155 82
96 197 99
30 75 60
149 76 40
193 165 85
113 167 7
93 7 42
26 54 2
11 15 87
138 162 54
199 149 100
182 111 59
153 145 95
151 169 38
49 48 46
41 25 26
190 54 61
41 45 88
134 151 62
9 71 27
22 4 68
99 104 48
154 166 53
61 170 82
110 193 57
17 175 80
80 117 14
96 5 43
151 156 63
127 140 81
42 180 14
123 2 99
70 121 59
127 78 56
87 18 91
145 69 55
102 90 79
182 79 30
124 104 87
139 189 80
29 91 93
168 98 77
51 13 46
9 196 63
98 69 33
41 126 58
48 68 8
92 25 59
30 80 14
139 128 19
36 139 35
82 179 88
94 103 67
194 34 61
38 44 5
164 33 35
35 6 9
109 24 54
92 71 21
178 72 13
100 66 70
64 7 10
159 96 63
137 16 52
174 31 93
75 12 1
55 173 81
16 149 60
36 197 21
107 74 93
96 47 62
151 73 54
92 144 75
12 7 15
50 26 72
137 179 85
102 149 54
6 21 87
89 70 54
79 48 11
53 147 38
36 4 57
64 168 22
17 65 54
23 46 90
68 118 48
135 71 79
129 99 48
17 116 54
147 117 56
149 117 44
112 25 38
56 67 37
179 129 61
114 48 36
99 197 34
121 186 24
1 20 23
30 73 25
97 32 86
37 17 29
161 34 6
179 168 9
10 104 2
82 139 99
199 22 90
79 115 97
183 173 1
163 195 26
98 34 73
133 164 93
143 111 54
114 95 28
167 153 21
37 193 33
142 85 20
101 147 25
105 22 71
122 153 29
101 30 94
96 64 54
118 10 37
67 90 14
109 12 55
197 40 33
136 161 9
50 27 69
0 152 12
119 94 48
121 82 80
69 21 93
170 166 75
193 81 13
186 146 100
187 41 19
75 13 93
148 144 58
9 168 79
27 165 80
150 40 80
32 165 17
37 162 24
133 126 53
181 71 32
175 117 40
136 163 46
87 142 38
179 92 63
60 107 75
87 100 58
46 71 90
78 76 54
108 13 91
45 124 55
23 86 94
66 125 74
66 138 14
33 158 88
124 99 54
148 178 58
157 199 16
150 62 71
49 155 75
28 6 21
113 142 77
98 175 76
68 20 83
107 22 38
169 91 13
120 79 51
159 107 15
97 45 41
144 154 73
2 128 60
138 113 55
143 50 60
69 165 19
191 181 35
116 45 41
84 92 29
189 122 16
182 117 14
101 20 62
51 3 73
174 118 94
20 113 92
139 158 93
4 141 66
30 154 58
74 121 7
84 15 74
20 186 85
185 182 46
24 22 24
196 33 84
37 24 84
184 66 87
62 103 23
118 121 40
75 10 75
67 41 81
157 0 61
66 22 40
82 107 87
69 93 35
96 147 92
90 117 23
6 90 92
28 49 18
115 99 17
83 6 92
62 72 79
116 55 64
44 2 22
132 103 18
195 192 46
29 111 42
172 17 54
199 36 51
59 119 31
13 79 75
85 41 80
179 69 21
93 38 63
7 75 48
167 112 59
13 58 78
142 90 53
104 106 45
96 80 50
111 153 16
20 36 34
172 15 95
150 74 28
54 179 65
105 81 81
5 195 16
167 143 87
131 81 3
110 44 26
46 39 68
101 3 60
20 67 80
113 35 89
130 111 24
144 19 81
48 197 73
120 171 81
166 192 40
188 133 15
40 81 30
64 179 9
2 126 9
147 41 85
5 24 19
175 116 65
84 140 90
182 163 63
68 67 26
165 75 37
118 6 27
166 124 35
81 154 56
72 87 87
58 43 95
194 152 78
28 22 87
113 97 99
178 94 80
36 85 49
4 102 27
148 108 70
126 80 26
43 27 65
166 84 99
26 105 91
34 138 28
136 3 83
182 105 12
163 115 50
110 81 66
144 41 11
2 28 14
52 180 27
174 146 60
50 120 64
35 114 92
167 83 41
76 154 52
84 9 36
33 191 74
36 16 10
120 154 25
13 77 84
57 87 36
183 143 73
59 122 57
189 95 40
132 190 94
27 146 49
42 53 4
107 52 17
119 168 6
169 99 96
119 30 34
124 154 48
21 68 8
70 145 42
99 140 69
119 86 46
49 15 82
15 159 1
138 193 28
1 118 11
72 62 10
161 183 97
27 158 96
138 89 53
108 191 88
151 146 64
161 151 66
144 138 64
169 196 25
180 97 65
197 10 95
133 7 5
141 117 93
111 113 48
183 62 4
24 139 74
59 38 93
23 194 43
188 159 48
149 172 6
168 91 32
128 7 66
119 72 24
112 24 49
15 176 70
106 67 45
144 80 7
114 63 81
158 132 32
147 125 53
177 85 62
175 46 42
4 92 88
198 4 1
174 37 53
76 187 94
159 14 100
1 70 6
153 17 41
7 95 48
125 116 88
54 196 40
153 18 42
67 84 53
147 146 24
0 22 47
70 59 29
170 59 72
46 117 5
55 3 92
197 9 43
21 76 40
135 24 22
191 189 80
157 51 9
117 83 99
188 120 47
180 122 99
33 148 100
12 46 41
188 167 65
46 121 84
102 24 24
9 35 39
44 7 19
191 155 83
70 160 6
125 193 22
176 103 93
119 198 53
34 52 40
103 151 50
139 199 16
179 163 47
44 124 23
149 107 4
118 178 59
172 18 46
175 78 27
54 25 48
177 8 96
170 172 4
161 65 66
186 110 74
17 56 41
50 74 1
51 139 73
9 99 54
16 192 23
21 136 90
15 198 86
12 99 89
96 103 60
181 164 58
69 132 68
108 113 87
53 146 88
104 159 87
131 49 86
31 173 17
141 66 84
47 139 94
136 21 62
139 150 19
31 176 89
192 174 47
5 175 83
1 25 82
67 45 75
181 32 1
163 111 84
151 101 26
1 38 29
16 123 33
196 111 64
23 51 38
126 1 54
163 155 13
21 56 77
3 108 44
192 168 35
78 126 18
186 150 11
157 187 18
137 154 7
189 60 17
141 154 7
141 116 48
69 11 63
14 9 86
174 198 98
135 193 45
149 129 14
118 151 39
4 13 3
164 64 38
97 163 78
50 136 1
89 31 28
93 199 95
85 20 46
170 32 53
158 165 70
59 44 84
16 154 69
46 130 14
54 173 96
192 30 4
86 146 95
181 83 86
127 192 40
152 54 45
196 62 41
144 45 75
42 40 4
173 130 72
73 112 87
108 193 16
37 40 87
18 155 16
154 90 85
106 152 2
26 58 4
182 184 97
123 37 80
92 96 1
23 119 13
121 137 25
86 111 21
45 98 17
12 130 59
65 53 60
159 86 32
196 91 15
2 92 8
136 78 40
95 194 61
144 58 66
138 151 87
190 155 91
7 144 49
149 20 15
48 20 99
114 28 2
99 96 62
42 140 35
111 155 1
188 65 8
103 106 9
176 70 9
6 164 8
71 79 33
26 195 57
40 137 70
160 164 21
8 33 68
20 190 64
24 141 90
6 118 94
123 10 62
108 59 71
187 174 95
142 125 81
156 67 62
162 96 9
132 178 56
109 119 82
156 90 49
128 8 53
32 146 44
16 144 7
118 49 66
31 95 88
123 43 33
195 94 34
148 36 88
157 86 66
8 99 17
111 4 72
130 45 34
199 108 98
98 130 9
39 80 69
44 14 42
6 40 26
168 92 18
173 192 73
83 148 85
85 125 35
147 74 77
197 100 5
108 173 52
115 117 44
5 145 40
97 121 88
119 180 80
84 131 28
198 118 29
182 71 22
76 124 47
126 167 74
47 26 78
143 81 91
120 35 64
47 74 98
102 36 42
170 13 50
87 49 10
174 81 45
118 102 58
71 132 60
19 32 66
78 62 97
79 51 86
131 1 33
117 154 60
26 79 97
47 90 24
47 176 8
88 33 34
103 89 34
133 165 15
86 89 25
117 123 95
141 50 17
71 33 38
7 121 74
106 94 79
168 141 81
89 117 87
173 111 21
6 53 99
11 24 54
46 187 6
7 128 13
44 90 19
186 17 32
20 101 59
8 137 15
79 197 48
193 137 1
3 190 33
127 194 87
116 90 26
97 68 67
106 27 13
5 26 31
28 140 94
40 146 68
32 193 19
18 146 68
31 88 24
35 51 70
132 167 98
188 74 69
3 99 25
123 166 87
172 114 77
6 22 94
159 137 92
135 120 22
188 131 83
78 133 66
115 21 35
131 31 100
120 9 32
195 173 41
198 174 76
156 18 57
57 147 11
175 130 41
153 65 93
133 87 81
180 152 88
159 63 44
173 163 38
24 59 55
129 1 33
64 126 37
121 79 57
139 76 39
109 89 60
47 109 38
88 45 2
14 117 61
33 133 65
123 151 47
100 75 55
172 190 52
169 95 92
5 162 35
29 79 53
116 49 54
95 121 40
152 109 82
149 143 72
191 104 2
164 39 44
1 179 65
14 179 96
48 130 93
76 12 20
186 95 36
38 20 17
97 123 26
104 56 68
61 185 81
116 62 9
122 143 72
195 82 83
24 104 19
24 136 86
36 159 53
36 141 30
21 158 57
37 51 92
192 84 49
17 161 82
110 74 5
105 126 12
190 0 61
127 163 52
176 118 23
158 42 65
122 34 42
72 167 91
180 153 36
111 47 26
156 60 28
146 164 86
84 134 67
161 19 77
124 29 46
84 117 16
33 47 74
173 172 48
43 107 10
35 4 32
128 46 61
41 109 64
46 51 40
126 118 6
99 28 99
54 27 60
139 135 41
88 85 45
138 3 100
68 25 82
20 120 73
67 115 91
54 154 8
52 17 65
178 119 20
80 64 37
45 68 36
123 13 45
103 166 7
133 160 7
46 128 55
54 176 60
130 136 54
46 64 46
66 38 67
10 198 38
132 72 56
199 146 45
93 66 7
116 112 9
35 126 70
34 107 41
19 84 46
164 151 1
69 60 67
196 159 48
185 76 24
23 79 98
30 4 100
147 185 77
107 48 85
134 104 10
124 51 9
157 151 87
25 121 83
101 156 16
141 12 4
23 60 23
52 68 37
76 17 35
187 47 56
101 61 83
79 55 45
174 103 17
183 157 50
114 198 57
170 78 21
100 186 40
23 107 82
125 76 68
175 106 87
144 161 15
60 163 9
64 80 3
34 30 70
44 69 96
195 114 65
186 164 58
26 95 87
62 184 61
97 27 61
179 152 83
34 63 51
190 79 83
29 133 37
24 13 48
5 101 14
46 192 8
109 155 97
24 86 60
62 187 51
175 87 28
21 170 65
0 43 2
123 120 66
72 30 39
12 112 79
38 91 22
11 96 100
150 11 62
139 59 99
86 47 18
28 14 13
53 20 18
12 123 51
126 199 23
162 46 62
44 61 18
124 131 53
169 85 73
26 158 89
80 89 66
38 70 37
105 82 49
165 35 74
77 153 97
2 49 42
26 96 42
3 158 26
116 152 69
27 37 54
64 2 84
48 125 98
39 160 7
191 8 49
74 21 27
109 129 46
99 168 27
19 29 49
25 30 87
64 48 74
130 95 82
75 122 40
171 91 40
157 191 90
26 191 11
157 131 32
188 137 81
87 15 26
55 168 94
7 50 91
156 92 83
127 99 66
77 179 46
127 45 62
177 13 46
103 176 16
21 147 99
102 88 69
9 8 4
143 131 8
160 14 11
2 7 96
77 70 47
59 198 35
194 154 95
132 156 19
70 34 42
19 109 67
166 152 7
53 84 3
102 193 90
59 156 77
195 76 67
41 2 13
51 123 27
154 13 65
191 106 48
8 179 97
64 159 13
58 94 98
22 120 49
116 184 75
104 162 62
25 8 34
22 185 60
44 19 38
75 86 56
87 77 62
32 188 28
48 185 13
135 39 50
177 2 65
198 57 68
163 63 87
175 169 26
183 108 26
127 151 23
92 195 85
149 145 56
155 36 66
10 35 33
109 150 99
53 187 54
8 145 17
21 26 69
145 18 82
193 42 49
168 68 74
82 108 76
118 148 51
122 59 11
113 30 69
18 174 58
127 175 77
86 32 17
92 111 1
162 49 75
145 176 100
55 19 20
80 175 81
131 40 32
111 148 74
163 123 62
37 137 36
75 156 54
110 104 1
169 152 84
7 166 75
2 40 75
191 151 37
135 65 76
29 168 31
94 175 51
199 24 37
77 89 65
144 156 89
43 118 14
78 132 42
0 139 18
0 5 62
33 71 19
158 77 10
174 96 52
128 144 7
20 115 23
112 140 57
10 120 49
135 119 81
120 53 3
165 64 50
127 15 15
11 139 34
149 156 99
141 41 79
165 103 53
88 74 15
24 65 74
17 74 23
12 119 81
147 153 100
146 186 30
128 34 43
99 157 18
23 137 41
198 167 75
76 147 58
190 117 21
36 113 37
195 66 17
5 140 3
117 166 59
54 139 52
185 59 79
188 11 26
170 85 23
174 75 85
92 37 49
160 87 46
187 96 71
26 126 9
9 145 91
99 181 44
156 145 1
153 11 16
45 122 14
27 79 76
184 131 48
191 2 7
56 11 5
56 7 27
55 49 28
181 157 25
194 54 38
151 85 45
168 155 27
13 31 49
170 6 5
181 112 14
69 106 32
82 154 35
17 179 24
4 146 67
109 192 13
112 176 94
78 10 83
83 157 27
124 146 50
196 195 26
28 130 73
39 38 57
67 92 31
194 189 61
193 69 19
30 144 23
83 50 9
170 136 57
109 104 99
22 45 87
80 144 55
13 158 71
109 108 62
16 45 46
169 96 43
33 28 95
132 169 22
133 19 47
172 82 47
130 149 55
58 12 79
102 22 81
71 91 98
10 158 79
99 40 34
51 174 17
108 66 76
151 150 52
3 40 13
175 131 88
32 174 26
47 189 46
112 196 76
154 111 3
110 13 10
92 68 91
56 107 40
99 159 11
74 131 46
164 79 39
88 192 20
40 37 53
18 57 36
158 151 58
55 126 32
159 128 40
39 183 90
106 104 16
89 139 56
158 33 32
122 171 37
181 179 28
33 196 51
28 119 21
6 36 37
178 146 66
164 30 32
88 159 62
193 16 86
176 23 81
147 101 32
193 197 42
97 196 13
133 145 64
64 33 100
176 195 43
131 32 13
2 137 56
18 105 3
143 164 90
41 15 38
146 194 19
67 171 30
163 183 55
22 142 76
62 197 48
180 164 66
91 62 36
50 98 82
165 175 34
105 34 25
142 22 83
17 20 72
47 84 15
181 69 74
90 38 75
122 130 44
124 115 36
147 168 81
94 168 98
50 126 4
25 147 68
21 65 32
137 0 7
136 34 17
171 131 23
14 55 8
128 68 70
173 102 22
61 72 22
13 6 77
60 81 66
151 187 91
174 46 77
161 157 6
132 179 27
130 181 88
134 0 57
33 22 39
89 75 47
45 172 39
109 25 39
82 195 81
22 95 43
3 8 43
147 5 92
193 56 13
171 141 30
194 182 83
150 139 81
167 3 99
192 124 73
111 60 63
165 106 29
127 174 45
22 43 71
24 108 7
19 52 25
9 2 57
93 56 31
164 119 8
59 45 30
146 148 60
9 12 91
175 170 88
133 66 60
68 178 99
37 125 8
106 47 84
158 57 4
85 116 27
199 157 86
114 104 66
12 50 84
44 119 49
22 147 10
105 181 4
133 173 83
12 175 96
114 5 52
138 86 9
63 182 44
92 154 14
120 68 90
32 88 18
121 189 64
89 118 79
140 127 24
135 102 14
20 46 39
157 97 98
130 52 96
54 120 48
148 196 51
53 126 41
14 178 26
0 72 4
94 120 5
181 28 24
55 93 98
90 66 48
96 124 20
93 122 45
56 94 21
118 103 54
1 170 1
9 43 84
7 168 11
92 160 44
114 43 52
79 58 5
186 55 40
163 17 29
123 163 12
106 69 88
101 114 88
5 98 68
140 8 100
90 26 93
54 33 40
77 84 73
82 176 91
134 142 26
121 134 31
59 164 72
164 144 1
172 127 1
10 143 26
165 11 5
120 174 69
51 22 67
76 160 46
132 73 10
24 119 42
180 14 41
16 64 36
149 188 42
133 129 68
129 72 89
2 100 64
27 182 12
122 30 88
34 144 64
24 148 91
105 13 83
106 198 15
164 2 70
84 106 30
89 97 9
115 79 5
182 24 81
111 43 35
93 145 82
130 13 85
77 138 86
85 80 68
15 55 55
61 172 79
118 89 23
159 76 83
90 171 58
183 151 44
19 63 89
116 2 38
74 120 3
141 78 69
105 74 52
28 8 90
152 69 95
30 67 3
103 129 38
127 1 35
77 14 80
81 119 32
20 135 85
121 106 37
168 43 59
197 111 46
21 137 17
28 194 49
45 5 98
101 106 97
27 76 10
7 41 4
185 77 42
32 79 3
62 151 15
91 97 29
26 180 84
23 74 96
74 62 48
177 88 61
198 165 55
196 17 29
121 192 16
77 6 39
194 68 78
108 196 16
95 110 54
108 33 77
49 166 84
88 71 31
165 51 71
38 35 6
101 68 68
54 47 97
166 111 55
69 33 59
116 27 100
88 30 63
163 97 21
80 156 100
146 176 31
124 65 57
158 124 47
79 29 4
170 95 72
108 181 23
26 192 60
181 119 73
70 106 46
173 7 14
149 158 55
24 11 80
136 55 47
175 6 95
193 29 95
92 102 99
18 96 76
172 98 59
60 75 50
57 104 21
112 152 45
77 121 52
183 98 37
115 145 87
178 196 46
81 88 83
120 152 60
114 161 96
95 40 100
21 11 86
0 87 65
169 59 90
48 12 32
176 51 45
6 102 98
125 44 93
146 3 77
95 185 69
6 144 88
138 105 14
126 59 65
71 163 81
66 55 74
42 105 96
158 1 100
199 40 68
17 58 1
2 8 74
68 166 64
148 13 15
1 150 94
153 164 66
161 153 89
169 140 62
20 17 40
97 144 8
56 81 69
81 4 7
61 69 55
22 126 81
115 189 70
14 1 96
20 104 87
59 136 8
22 100 85
158 48 71
95 10 15
14 142 41
133 59 22
46 172 29
80 160 30
185 30 41
53 181 3
64 116 48
168 45 55
128 43 98
6 120 22
71 83 65
37 177 72
100 173 45
164 124 56
14 127 69
105 48 47
142 46 83
60 160 29
110 112 53
23 28 92
155 144 28
80 99 16
56 176 14
164 125 73
10 54 75
80 63 11
0 37 52
156 9 72
55 118 71
179 12 59
167 93 1
68 49 95
148 16 32
186 20 83
72 25 28
112 168 87
62 114 79
181 178 95
86 84 91
187 192 68
17 23 69
8 98 57
77 186 64
168 140 68
0 27 17
50 142 88
133 36 97
55 152 13
190 135 71
188 59 27
21 95 79
126 128 100
9 20 37
99 191 39
86 95 46
22 41 64
73 154 37
0 10 86
153 37 42
110 164 42
170 143 22
173 94 74
176 129 22
159 135 76
121 7 30
78 27 94
130 25 74
147 63 98
128 10 40
136 142 47
39 115 90
17 57 5
73 133 6
164 22 79
103 108 27
19 167 69
2 48 38
182 67 84
3 141 13
189 82 4
98 147 41
66 106 91
119 53 1
144 92 88
192 8 52
79 135 77
62 90 78
53 154 22
104 26 98
171 25 58
3 15 78
76 161 37
24 36 27
87 3 34
58 68 78
147 103 23
69 128 38
114 0 57
59 132 65
109 194 88
169 135 3
109 179 83
156 121 79
58 91 21
79 30 31
179 13 72
45 187 25
120 96 48
149 11 48
134 11 59
191 198 95
47 157 54
198 130 55
128 192 57
15 155 37
40 45 73
39 123 15
179 124 85
156 63 58
55 29 99
162 105 64
181 77 17
134 128 26
161 69 95
183 67 30
144 93 54
178 12 71
137 12 70
29 186 1
99 126 24
89 8 14
83 191 31
105 152 25
70 100 95
135 192 8
124 54 93
161 152 46
36 86 46
8 112 17
172 89 49
41 179 5
134 168 14
196 198 80
105 170 40
48 131 97
21 39 64
190 99 100
81 142 96
196 104 57
43 51 46
87 183 60
35 14 22
124 2 99
2 38 83
158 146 91
71 188 70
192 79 53
190 195 97
151 78 17
154 143 31
49 46 65
91 133 79
32 192 57
152 154 86
99 120 2
167 1 79
71 75 93
110 45 81
126 9 23
161 64 18
169 102 73
50 85 25
5 80 49
178 132 1
23 180 29
30 79 100
183 190 100
98 8 52
152 96 38
18 150 4
183 11 96
88 115 28
71 124 79
198 50 39
112 114 36
83 131 85
48 180 20
175 183 98
20 5 51
167 44 76
7 45 4
191 35 15
173 135 29
44 190 44
116 143 44
112 116 43
103 65 76
167 56 15
70 86 90
180 189 85
178 80 42
152 156 83
95 177 50
108 40 21
118 51 19
59 66 60
171 6 21
127 14 37
13 59 95
175 101 47
81 19 82
165 167 5
66 145 70
70 130 83
30 103 88
92 107 5
56 58 43
186 7 40
25 109 77
106 0 60
83 12 53
72 10 73
194 40 23
40 60 2
60 87 24
176 0 6
145 38 97
62 44 74
132 128 75
83 169 76
84 121 31
179 65 82
142 50 82
54 36 13
74 67 91
199 161 41
196 44 76
152 78 55
118 29 67
76 15 42
108 150 71
4 33 27
156 103 59
53 190 63
8 96 27
72 120 95
59 126 72
25 151 57
20 156 52
141 101 18
73 194 94
89 165 16
139 36 72
19 92 81
184 24 70
25 145 86
172 68 28
6 161 6
39 28 35
42 67 67
195 31 86
23 140 77
145 134 57
87 189 55
99 62 39
96 32 51
157 77 74
181 76 2
5 156 84
24 2 80
140 123 98
168 87 10
46 111 71
100 163 71
109 106 97
108 10 43
100 61 72
96 172 12
35 192 81
142 110 96
79 45 14
175 173 81
31 135 31
125 58 32
174 163 68
100 159 8
50 62 63
187 114 86
166 196 91
125 2 25
134 32 6
37 109 2
57 78 31
82 124 94
66 86 74
175 80 61
13 49 79
71 57 9
86 66 69
135 66 8
11 41 38
76 188 99
128 156 68
146 126 12
39 156 42
157 150 61
20 198 28
65 55 95
86 182 99
2 13 46
103 195 18
20 194 55
22 195 41
111 147 19
140 116 43
40 69 52
79 14 27
121 41 52
96 148 27
126 57 55
131 137 97
28 120 60
15 34 8
185 190 7
59 86 10
139 119 46
124 18 65
110 53 65
3 140 97
112 135 46
141 134 62
105 54 25
119 0 87
34 189 12
21 89 16
122 188 22
147 187 89
1 40 78
117 125 71
74 136 6
81 125 2
77 116 94
50 108 46
187 191 23
79 145 84
147 134 22
195 132 11
99 1 75
86 65 10
178 149 9
182 161 44
172 51 82
86 102 73
87 1 100
117 45 62
109 127 68
48 140 72
40 18 66
39 163 88
10 147 92
2 5 25
71 42 2
54 15 25
182 12 36
91 84 74
43 121 60
134 118 9
74 190 34
167 176 81
76 164 50
186 56 55
157 40 40
123 102 75
50 147 99
104 58 7
154 74 43
184 41 59
66 53 87
73 183 90
171 133 4
90 82 64
174 49 64
141 166 43
99 88 54
129 28 94
156 12 42
164 100 30
157 88 60
4 40 31
118 100 41
11 93 50
5 185 22
152 142 41
2 131 41
52 184 16
22 32 52
14 157 19
188 132 75
176 144 82
165 137 45
22 161 29
1 61 93
49 88 52
110 107 26
71 148 36
15 165 88
157 165 31
43 182 81
190 157 33
126 70 38
101 54 95
46 175 32
20 180 40
15 110 83
100 69 20
104 171 80
135 176 84
68 171 47
149 82 44
2 122 30
32 91 68
82 35 73
138 76 23
97 23 43
0 172 72
106 146 79
102 59 17
108 16 35
3 82 17
146 178 89
48 24 36
126 21 59
44 23 52
42 121 32
49 33 6
48 78 27
46 67 22
149 191 58
123 197 56
150 85 88
108 135 70
82 140 76
34 40 51
65 82 55
174 115 64
4 106 95
23 139 61
99 23 94
67 87 15
196 138 52
41 22 40
152 179 68
40 154 51
190 83 78
3 122 80
171 13 68
94 81 57
177 125 23
137 142 26
176 1 74
144 139 54
150 167 47
164 174 85
40 97 13
66 57 80
106 90 52
36 164 86
80 176 49
93 2 8
81 77 65
160 3 91
56 40 21
13 8 88
95 77 19
108 148 97
169 13 55
129 196 8
90 75 52
160 197 44
46 199 95
111 8 33
89 44 8
13 141 37
74 92 37
144 9 66
69 141 93
1 75 22
166 132 85
96 74 1
126 160 10
154 20 55
9 13 59
153 85 59
109 156 53
160 135 52
151 28 2
134 41 63
142 148 39
33 132 20
69 178 40
149 31 91
51 151 61
130 154 89
170 115 55
126 151 16
61 94 42
143 142 28
77 40 59
62 37 25
119 42 87
84 173 91
144 101 75
37 111 8
116 139 14
76 88 83
90 131 96
54 109 70
106 52 64
187 149 64
45 64 53
53 165 20
92 138 28
43 130 60
164 52 7
132 155 82
164 155 47
152 196 19
157 17 78
139 149 37
30 86 22
6 92 26
52 6 42
175 177 25
164 111 64
7 171 67
156 64 43
179 40 89
102 65 74
180 87 100
18 168 75
49 162 58
141 13 97
18 165 100
180 65 94
149 160 81
134 171 1
199 93 25
114 8 31
82 63 14
192 4 90
72 169 79
81 113 2
62 16 66
62 46 2
152 183 63
141 152 31
7 26 84
102 123 1
112 187 63
82 172 41
117 78 59
13 198 64
88 135 71
27 77 58
45 113 60
173 185 38
185 74 35
123 105 64
42 93 100
88 196 50
129 172 81
92 143 94
10 189 46
166 134 37
135 172 38
22 188 93
33 126 51
10 138 65
139 194 65
13 55 56
31 149 64
162 119 42
35 40 71
8 91 58
133 90 84
189 33 7
3 137 78
4 121 18
139 90 84
90 160 69
192 182 54
127 97 96
30 116 58
166 55 65
184 15 59
148 118 10
70 118 6
140 6 7
84 46 9
183 121 62
176 49 89
138 131 60
42 100 87
195 177 69
39 75 74
160 57 89
160 25 100
43 179 70
124 120 98
123 93 95
169 155 7
25 67 35
13 87 98
79 163 67
170 178 94
61 17 56
77 157 8
83 42 17
45 94 47
11 53 95
20 14 17
87 29 53
194 197 76
33 193 12
55 31 80
41 65 64
59 43 24
4 25 83
51 73 36
70 134 31
12 195 22
34 161 90
29 155 35
15 172 99
30 54 9
19 96 83
60 141 57
123 160 16
27 95 59
156 101 31
28 62 63
0 54 18
97 175 9
88 91 99
61 79 83
143 11 29
83 72 46
38 145 35
114 109 67
198 155 67
172 39 32
8 107 13
168 112 99
153 177 95
74 3 20
104 97 48
148 131 50
111 96 69
167 131 37
23 171 80
81 24 33
83 152 52
25 180 20
177 190 82
35 102 57
147 115 52
97 173 65
80 45 98
110 186 38
148 132 28
28 26 58
170 37 17
55 170 22
98 36 41
165 180 29
120 185 58
114 74 15
157 74 26
159 187 37
178 17 34
111 145 85
114 159 34
35 197 68
5 44 26
43 104 88
104 49 59
52 150 1
124 174 61
158 10 63
75 150 24
30 53 46
110 70 20
18 58 49
47 184 95
8 188 30
184 47 79
181 117 47
1 93 78
152 140 16
123 97 77
85 102 60
140 199 94
153 75 40
141 165 48
34 134 4
152 40 5
68 129 52
45 123 68
182 93 51
154 100 13
10 125 4
55 110 86
87 185 84
199 32 80
4 150 45
43 47 34
9 93 73
154 22 92
121 37 29
184 34 70
160 39 40
11 150 57
25 130 78
42 47 56
135 171 57
167 185 93
77 73 7
63 3 75
165 86 53
17 155 29
46 83 35
58 6 34
192 58 67
8 186 64
53 119 62
130 135 20
63 59 85
123 189 60
176 101 74
70 55 92
192 91 2
135 143 55
141 69 63
87 198 80
62 55 34
28 15 32
88 169 27
17 68 100
166 108 94
196 37 94
74 90 93
39 12 17
18 47 17
142 119 28
30 68 97
182 100 19
49 1 48
12 132 91
150 129 76
54 115 18
180 58 82
22 151 95
11 156 1
92 42 87
132 49 42
143 80 86
176 71 90
151 181 30
62 59 70
21 54 45
36 188 35
120 85 87
166 164 12
34 146 49
106 23 29
136 98 95
59 27 60
146 86 64
32 116 12
78 109 36
180 9 35
43 146 2
131 116 94
21 164 88
113 104 66
139 179 42
79 112 33
188 2 9
165 50 81
155 20 10
115 15 47
72 23 10
196 117 22
45 13 90
118 156 74
139 6 62
131 172 54
44 20 88
34 157 57
149 59 57
187 49 82
84 196 80
51 6 97
156 86 25
69 28 6
23 10 3
138 104 46
43 45 99
122 114 26
27 115 69
71 179 83
149 164 8
95 179 36
158 72 16
161 10 33
111 41 16
16 166 47
71 96 92
168 113 23
36 76 14
164 152 39
156 91 28
60 40 94
3 23 68
186 15 69
120 6 94
95 62 41
49 32 66
131 123 98
66 112 93
142 168 7
44 83 24
23 102 62
154 187 5
132 138 8
129 70 24
110 136 41
188 166 5
162 63 62
87 74 90
51 192 11
88 70 76
82 106 68
107 131 28
14 43 40
57 36 56
31 5 83
181 8 16
83 44 17
103 175 72
111 19 24
63 100 97
146 52 96
167 177 6
186 92 92
75 127 32
125 57 41
62 106 5
135 156 43
79 146 45
164 178 15
131 166 1
108 188 85
47 86 11
75 153 92
100 50 44
168 49 49
109 102 28
61 180 58
43 65 89
7 111 28
165 1 72
195 139 97
64 79 24
145 42 35
171 134 83
161 88 95
26 80 39
156 123 27
90 198 79
5 199 61
38 131 46
137 86 13
60 187 20
36 13 63
177 44 42
61 99 55
183 83 78
32 26 18
113 83 45
151 159 90
144 16 70
78 68 11
10 132 16
120 67 17
15 46 24
4 166 84
189 194 31
27 52 24
55 185 4
83 185 6
42 7 43
114 1 40
171 5 74
116 189 2
62 61 25
8 139 59
72 79 57
194 1 55
12 55 54
141 113 28
150 180 14
74 102 55
38 10 10
85 82 84
32 161 23
44 63 23
51 163 9
19 38 46
10 67 63
174 57 9
55 42 34
150 132 6
174 98 76
88 145 34
96 78 70
105 110 17
43 114 21
152 182 16
109 29 74
53 69 37
25 135 18
11 165 4
116 78 34
139 160 20
49 128 98
51 68 89
67 179 32
59 24 23
22 82 65
48 175 68
28 134 55
164 21 40
9 31 66
147 107 37
16 134 4
54 197 9
6 198 45
31 100 99
23 195 17
158 70 66
152 115 51
173 127 29
197 93 77
123 86 42
89 85 62
66 133 57
100 170 65
40 4 94
85 137 28
164 25 56
19 155 61
3 104 82
50 8 48
177 98 100
39 58 66
42 156 77
158 50 61
20 12 13
57 195 10
134 192 85
27 64 16
135 177 60
153 136 1
115 0 43
75 55 15
153 3 23
188 46 33
125 132 75
130 43 26
11 130 14
24 169 71
8 22 74
199 68 19
95 118 93
82 66 13
93 5 2
124 16 81
51 168 3
96 126 78
85 134 55
144 34 50
132 161 97
79 10 81
178 118 58
33 112 3
100 72 7
109 17 84
120 25 35
160 183 87
81 30 15
170 142 100
58 145 53
156 139 100
180 121 80
61 135 84
135 122 95
116 59 26
0 151 28
16 43 93
132 65 64
25 118 45
145 136 33
180 133 84
111 25 35
162 18 93
166 92 92
99 129 32
20 178 41
128 145 29
155 59 12
178 0 2
142 64 36
110 50 15
2 18 55
163 170 90
191 164 57
179 102 56
17 162 55
76 75 67
121 197 39
45 48 39
62 27 10
16 35 83
197 195 45
80 106 9
174 13 100
178 116 47
162 64 33
95 61 32
80 97 68
171 136 60
63 138 14
72 126 74
25 133 58
23 138 58
140 51 76
160 174 43
99 198 74
18 123 79
37 134 3
153 56 31
88 98 62
159 169 24
39 45 13
110 192 53
95 59 59
55 108 78
17 130 6
166 21 98
117 94 55
13 46 5
127 59 83
186 8 53
99 54 69
79 50 60
61 130 62
30 179 98
161 108 59
14 128 91
37 140 71
67 71 95
63 184 6
195 153 84
140 60 34
193 135 63
79 186 76
135 90 31
82 74 94
158 24 32
116 115 97
69 75 82
12 93 34
15 101 17
32 12 66
99 199 11
90 22 36
188 80 88
23 90 89
197 82 1
77 122 66
123 88 46
129 79 7
91 162 42
188 146 65
27 190 20
30 36 48
52 120 53
116 22 41
173 67 30
25 32 40
135 32 4
146 123 21
139 11 22
110 8 60
72 174 10
115 23 35
50 160 30
108 105 8
135 113 60
181 29 40
34 59 88
28 111 16
173 86 38
119 122 9
104 187 32
151 93 59
100 165 21
16 63 48
158 126 92
165 71 79
61 55 20
188 135 13
64 175 99
194 65 18
78 144 61
8 160 41
93 103 43
116 199 94
2 134 90
96 29 81
157 190 62
4 68 99
174 17 2
162 45 29
113 26 36
128 4 39
25 119 19
180 91 39
150 43 91
88 167 5
39 164 45
165 39 59
52 70 51
159 13 56
43 165 94
126 93 79
89 119 2
82 49 96
173 108 17
121 83 23
2 125 48
114 4 19
163 11 83
120 157 77
56 104 84
45 108 67
74 16 63
88 2 17
28 36 75
40 48 39
119 10 39
79 170 52
190 96 89
76 54 84
38 29 48
101 1 7
5 14 56
113 198 88
40 111 26
191 22 5
183 19 78
8 164 19
180 108 53
129 90 5
66 189 59
168 90 30
90 15 94
25 159 13
151 103 69
71 11 99
138 136 73
189 9 15
18 110 29
15 134 1
33 134 6
128 66 42
153 97 42
83 130 3
115 67 3
19 8 96
193 119 55
145 192 32
22 78 50
47 33 10
123 159 21
135 117 55
66 184 79
14 87 29
125 69 65
156 168 100
137 174 97
166 146 23
97 79 64
81 147 98
122 36 2
159 38 34
162 146 28
84 146 58
74 166 53
160 13 87
36 11 96
138 178 14
130 83 46
109 135 41
123 103 57
199 11 14
126 135 77
79 198 14
2 31 74
189 114 88
86 181 13
198 81 21
60 133 74
96 140 42
117 71 94
118 69 58
48 32 66
94 39 56
63 114 23
42 13 75
165 5 26
70 94 79
139 52 34
138 148 57
82 159 20
147 102 62
26 97 45
26 63 27
182 83 7
119 138 52
36 57 32
1 83 50
181 57 25
146 18 3
63 116 11
188 25 18
114 94 7
18 6 63
72 81 13
104 50 90
128 39 28
4 98 87
24 115 59
178 63 60
125 162 81
85 122 75
59 182 26
114 65 19
32 53 19
39 158 25
76 61 44
111 118 59
117 85 7
17 144 18
154 103 72
42 115 29
2 80 37
162 120 2
77 129 87
133 61 80
58 186 27
4 66 16
111 177 71
91 132 57
161 132 89
135 163 94
3 199 74
57 26 88
127 9 32
46 11 90
27 51 1
44 180 14
4 171 21
100 83 68
71 47 92
151 8 77
102 62 69
82 186 21
124 195 81
129 16 94
77 60 38
156 177 77
30 138 16
193 65 40
10 26 19
134 193 73
85 115 64
41 145 51
73 62 15
129 62 75
127 46 40
81 1 27
104 39 93
156 162 91
165 74 80
150 64 90
153 169 15
36 131 96
128 75 3
67 157 7
53 21 82
49 16 32
119 161 49
175 109 31
185 171 88
171 157 77
54 29 92
138 19 95
10 100 67
129 46 52
48 23 31
62 12 81
35 172 1
27 89 96
16 65 69
132 47 76
188 162 88
189 57 32
156 171 81
26 197 71
119 148 9
135 129 26
127 33 31
10 171 72
191 95 22
169 17 39
38 33 83
167 135 55
127 37 41
144 115 52
61 120 48
92 158 83
196 165 94
141 186 11
80 167 47
134 141 70
184 72 15
175 60 73
27 22 62
81 61 89
65 9 8
192 69 68
172 126 24
49 125 95
172 59 14
155 195 40
199 2 92
108 44 98
11 73 26
71 105 35
34 104 17
88 92 88
6 101 13
101 83 14
12 196 40
49 94 8
90 132 87
119 106 42
93 84 42
157 163 20
179 164 86
129 134 42
27 91 28
51 9 76
186 102 67
64 149 60
62 199 85
87 51 93
0 69 38
10 114 21
95 83 87
43 21 1
110 183 52
168 56 75
150 24 74
13 175 73
144 185 24
86 141 12
61 102 25
69 14 38
148 124 72
143 46 12
149 7 92
198 21 24
46 10 76
37 54 4
124 78 9
160 90 35
147 88 69
101 175 87
154 173 68
1 6 78
106 92 4
197 161 49
64 197 57
150 55 25
156 107 89
198 79 86
172 19 27
141 106 35
171 1 33
80 190 24
24 163 2
67 180 83
13 0 100
61 190 25
27 46 54
13 36 19
85 111 7
58 44 42
72 75 44
175 195 91
161 98 74
66 107 11
167 190 34
12 141 30
198 59 32
64 134 17
168 156 92
24 143 64
56 24 33
14 4 91
152 38 5
164 172 55
23 15 18
49 147 86
27 33 45
170 96 2
42 102 12
153 167 94
100 181 2
163 160 89
196 39 61
56 100 29
175 75 96
78 150 55
118 138 71
33 38 32
89 100 83
159 130 74
82 129 67
31 23 55
80 17 80
75 44 42
37 7 96
54 41 96
52 190 97
70 146 5
139 35 86
78 23 95
141 28 51
152 165 11
101 196 63
76 95 78
95 68 77
38 126 15
90 187 54
183 149 89
165 125 70
161 184 7
164 66 57
62 134 64
185 71 62
29 164 60
137 162 56
76 48 14
85 39 97
47 131 30
112 128 94
120 117 70
105 72 76
164 142 21
38 93 48
160 94 19
75 21 52
176 82 35
39 136 42
138 115 32
170 11 73
121 72 25
17 77 21
16 109 15
41 59 55
17 46 92
169 1 40
96 49 13
162 61 35
185 22 17
114 193 59
41 142 75
48 109 45
176 56 56
16 106 88
39 145 17
60 183 60
65 40 38
178 151 12
67 0 96
100 147 59
119 115 89
10 9 32
51 99 47
174 148 9
183 97 43
138 68 27
88 165 49
183 181 56
113 59 77
86 162 32
68 145 44
166 72 99
124 67 75
108 161 5
169 148 40
89 10 3
80 12 68
77 90 59
149 92 36
123 126 49
37 132 75
43 109 12
40 119 30
96 149 3
96 76 22
21 193 54
143 79 96
122 85 81
179 192 53
107 141 62
89 133 13
102 41 43
7 4 98
71 48 34
132 77 84
27 110 74
30 171 73
187 120 50
146 140 77
171 195 42
114 61 35
187 129 52
13 99 90
35 23 11
65 168 82
122 119 33
78 38 48
111 170 59
68 41 87
170 17 9
155 71 85
136 36 28
86 165 17
147 141 79
107 23 64
28 39 29
42 103 5
149 64 84
111 140 86
185 133 74
87 61 96
53 143 70
186 38 53
18 51 54
10 164 73
20 24 80
60 162 54
96 112 6
120 34 17
141 75 72
123 179 97
116 145 13
152 144 60
36 38 33
133 97 63
4 120 25
97 81 53
55 66 14
103 145 20
162 161 26
37 154 9
77 87 51
131 171 44
149 55 81
111 27 35
13 186 90
184 77 51
57 65 73
147 167 4
172 94 32
67 170 93
8 2 5
110 124 75
12 97 33
17 134 98
67 103 18
122 56 24
91 96 48
85 156 8
150 21 46
167 169 24
22 38 26
115 93 12
158 7 41
10 84 84
76 23 72
9 109 44
188 168 26
52 20 43
78 7 62
89 172 58
69 114 66
66 70 32
123 21 89
73 46 10
80 153 100
193 173 98
112 173 52
120 56 71
103 57 85
126 137 46
58 96 21
151 53 29
33 63 10
184 83 6
22 97 18
182 109 62
32 109 7
49 63 35
44 170 52
111 20 52
150 19 91
3 148 97
106 75 87
120 138 8
2 136 40
186 170 58
69 25 4
116 149 77
160 81 17
175 107 65
38 179 72
61 168 21
95 181 67
152 80 68
125 36 16
151 74 48
139 123 95
8 199 33
90 93 26
29 88 99
169 41 21
26 190 21
68 153 99
85 167 57
161 4 32
6 1 45
76 163 31
177 7 9
101 107 41
182 126 39
124 165 13
187 37 76
89 188 49
135 162 37
19 187 43
55 125 34
43 140 63
153 184 93
6 159 24
147 62 7
79 77 25
60 190 99
183 128 5
143 67 98
81 75 24
160 125 44
128 173 86
36 148 95
108 43 66
65 54 76
118 78 49
121 26 45
48 148 30
45 184 6
46 59 29
94 73 17
132 70 12
79 190 6
173 116 58
176 134 16
3 119 34
132 159 42
15 140 29
82 117 51
51 1 94
138 26 67
159 7 51
73 150 98
62 84 52
181 93 72
71 116 54
159 143 87
187 95 30
77 95 97
151 139 69
16 172 87
199 96 43
13 22 55
6 83 73
175 174 21
44 165 16
111 12 6
164 194 32
102 80 30
100 93 84
171 130 31
123 38 18
25 102 30
143 156 98
94 40 23
1 33 8
66 75 94
164 68 1
197 91 49
10 178 46
92 50 71
70 196 71
19 24 73
192 56 64
36 153 4
15 4 5
154 3 14
37 93 42
121 187 43
91 5 30
156 112 2
22 152 61
178 113 44
158 107 99
95 50 39
101 177 91
178 157 34
189 185 6
192 186 51
10 90 55
55 178 96
52 28 48
115 64 29
190 55 83
80 141 100
117 10 83
115 78 9
89 30 74
87 71 52
12 51 8
63 23 9
173 60 48
193 142 95
78 66 26
114 69 91
187 189 68
18 114 17
122 192 95
107 157 2
4 51 54
89 137 70
149 146 22
199 173 29
191 107 24
106 176 41
19 33 6
195 25 86
11 99 85
120 11 23
54 108 11
138 59 52
18 198 67
122 26 38
170 154 82
34 2 39
5 86 24
156 6 49
67 158 52
115 159 35
67 161 71
47 37 23
150 100 24
1 37 65
36 102 52
89 168 97
15 114 71
172 130 14
174 113 25
173 90 59
185 143 66
74 77 10
26 91 27
78 116 87
143 48 13
191 110 25
102 69 70
179 167 97
64 88 89
64 32 53
34 137 27
54 23 74
21 9 83
77 27 36
149 63 5
98 189 33
142 38 1
61 152 98
102 82 78
88 104 58
128 196 79
48 81 69
0 143 85
121 76 9
99 135 1
12 98 60
197 147 28
42 79 85
137 6 82
168 83 47
61 43 94
26 135 96
23 14 7
39 96 35
175 25 9
57 143 24
54 42 77
82 144 71
1 43 51
73 27 40
173 195 88
160 88 25
60 13 72
63 71 27
53 101 44
155 18 86
149 168 2
71 128 69
36 62 24
12 127 71
198 1 78
81 45 33
35 138 87
153 88 31
27 162 87
58 163 45
196 145 91
138 170 99
10 45 11
132 113 61
106 183 46
31 79 76
86 113 57
54 0 48
52 66 52
115 144 89
34 113 55
126 142 52
88 10 3
46 89 50
59 62 93
36 24 51
130 64 6
51 89 47
110 26 30
185 91 87
32 141 31
155 60 81
179 153 63
22 87 65
99 115 77
129 53 46
161 105 26
127 17 9
173 87 50
109 53 14
86 138 100
159 44 17
117 29 49
175 104 53
133 93 27
21 182 65
87 173 13
165 148 63
128 15 32
22 124 5
88 27 90
52 26 39
77 188 83
122 193 84
90 142 51
22 114 74
171 127 18
68 87 100
92 52 79
55 120 94
130 4 100
139 14 73
44 167 41
194 69 98
18 164 69
129 175 65
102 25 54
130 51 99
153 182 76
87 117 4
42 72 10
165 12 71
118 91 83
11 171 43
156 185 95
128 55 32
79 105 94
13 67 98
182 72 99
95 132 36
163 136 75
132 139 72
61 53 6
63 68 13
133 131 11
7 2 60
27 173 72
178 194 45
98 15 87
134 147 83
100 48 58
84 27 84
187 175 36
48 89 56
134 38 34
20 50 92
126 164 3
9 102 85
121 87 64
68 105 55
116 18 69
37 173 19
37 36 41
11 189 59
79 168 13
3 105 5
21 114 21
163 199 33
108 69 29
54 193 3
52 125 84
148 137 68
178 41 69
70 56 13
138 25 31
135 151 86
123 192 8
125 102 19
68 21 33
123 155 79
14 140 67
166 161 6
134 149 50
170 190 29
59 128 2
62 86 96
190 115 21
33 157 72
154 35 22
47 124 50
9 182 49
42 2 15
184 151 98
100 44 92
41 29 76
129 50 24
179 31 58
136 70 60
166 150 50
61 182 45
185 81 17
196 0 30
196 58 91
70 11 57
166 50 46
183 51 27
175 179 20
20 189 66
41 181 62
33 44 97
109 90 69
189 38 68
104 60 47
37 14 31
67 28 58
20 102 43
102 159 11
28 84 14
90 128 74
39 168 10
17 184 24
164 32 36
24 131 37
107 45 68
43 136 6
125 3 27
20 7 18
91 86 90
102 113 15
198 68 17
36 138 1
134 93 98
137 197 23
137 26 25
177 159 28
21 44 79
171 182 82
76 89 64
97 86 22
152 19 94
188 34 96
174 47 74
124 50 48
182 0 64
32 144 35
51 63 72
158 5 69
75 59 63
91 29 10
164 179 24
187 130 98
81 173 60
34 21 5
3 115 91
182 53 18
163 1 100
161 42 8
53 82 67
47 183 9
100 154 80
126 27 99
195 68 97
12 32 74
59 104 11
42 54 79
163 40 38
18 68 40
196 83 63
102 83 71
33 181 99
27 164 6
56 3 8
28 11 66
24 145 59
157 185 25
99 61 85
96 89 7
141 122 74
196 34 37
72 150 64
100 14 13
72 116 54
59 199 4
163 171 44
68 159 40
119 178 89
162 82 72
120 49 64
30 28 63
18 5 2
128 174 28
47 89 22
69 147 18
64 124 51
176 32 96
191 38 86
143 172 67
81 68 77
3 28 69
1 189 2
126 117 44
91 105 52
39 1 76
84 149 72
175 146 27
46 196 82
76 117 18
42 70 24
88 125 7
165 115 42
119 51 74
173 5 67
108 89 6
97 140 21
11 125 92
71 140 100
101 96 45
97 26 57
58 183 87
160 180 46
118 117 72
98 123 20
16 92 22
182 166 34
92 190 49
106 186 64
127 108 90
25 91 38
29 19 93
89 36 78
60 44 6
32 93 41
170 185 94
142 186 42
25 103 39
16 5 99
142 21 43
193 61 18
192 129 97
49 57 72
95 155 98
122 82 90
20 15 51
66 4 25
81 197 23
77 106 74
199 136 81
42 169 24
127 56 5
82 41 24
185 3 37
175 20 97
140 68 30
67 53 1
171 165 41
29 196 16
130 158 75
123 6 5
24 124 64
61 179 37
124 153 14
162 23 41
168 189 14
81 104 78
7 96 9
179 134 91
137 17 35
187 43 83
162 158 22
40 108 81
193 170 15
57 188 96
36 9 57
29 75 54
192 115 28
3 196 97
107 8 51
28 51 2
140 113 2
186 9 67
119 164 35
2 190 55
142 99 82
14 133 69
25 100 77
153 42 49
64 29 82
129 107 18
171 174 22
122 121 16
128 103 77
14 116 63
53 50 4
160 23 82
186 100 21
90 147 76
173 26 53
109 133 55
52 83 30
170 0 86
192 19 92
18 152 27
15 174 45
25 20 72
3 20 62
124 192 36
180 157 70
46 19 64
64 142 77
174 160 13
77 173 42
118 8 13
57 85 46
32 23 71
90 151 86
21 116 51
15 162 20
187 94 52
72 190 36
107 105 40
116 169 80
98 68 48
67 169 6
166 110 41
117 66 94
98 145 58
183 47 91
158 120 49
105 66 56
21 195 24
154 189 11
61 155 17
34 92 45
61 42 4
137 64 88
108 58 56
16 71 30
89 134 97
65 75 28
51 36 25
99 91 28
141 132 3
47 83 49
155 57 34
144 112 95
40 183 75
116 10 47
170 163 20
136 174 19
70 164 73
85 63 19
181 56 13
53 35 52
98 46 9
24 39 13
188 116 98
146 75 33
184 6 55
25 53 92
140 98 66
90 197 4
53 145 68
105 10 21
0 76 100
167 160 87
157 120 51
145 60 12
30 117 29
133 75 21
151 176 54
38 15 32
3 124 11
127 82 70
186 22 64
169 160 54
72 196 11
148 175 12
156 151 17
19 102 3
97 80 63
198 189 18
115 134 55
34 10 73
12 101 19
135 6 21
144 199 14
133 167 50
30 184 31
3 49 73
74 177 26
90 81 21
197 113 6
60 10 46
125 55 6
73 167 16
102 177 53
2 112 89
34 114 20
66 63 73
118 101 22
22 194 39
4 48 81
3 157 37
59 17 14
51 29 10
139 20 65
199 187 1
138 127 16
28 48 93
168 18 21
191 14 62
140 0 41
178 184 53
18 153 95
185 51 49
67 63 41
157 10 69
99 177 13
138 80 25
70 186 78
20 160 27
30 104 37
113 74 2
30 156 80
72 141 41
38 161 37
9 125 18
24 191 99
14 156 36
78 100 58
98 182 1
110 100 18
194 168 16
128 70 66
83 173 40
178 133 92
43 18 23
108 145 75
100 151 42
121 33 17
37 159 2
144 18 9
111 92 90
34 57 34
65 3 12
80 77 55
7 123 92
132 134 84
198 43 89
24 94 86
103 31 20
194 92 85
180 100 6
196 172 10
68 60 90
127 188 36
134 185 67
13 90 55
167 118 97
130 155 26
124 72 61
38 108 83
160 112 51
152 12 72
76 41 45
113 28 87
20 86 54
193 17 46
60 28 75
77 192 96
143 63 100
173 139 89
58 70 68
16 140 73
3 156 71
88 4 49
126 155 17
76 113 45
2 73 37
105 120 81
169 72 89
104 96 68
145 53 32
55 68 94
38 144 57
115 62 65
137 123 71
101 71 55
15 71 43
16 88 20
133 190 32
81 136 47
174 10 24
7 195 72
77 107 27
101 84 25
18 148 13
33 82 19
152 92 91
57 132 25
21 129 68
130 127 83
161 83 83
14 173 28
82 196 70
141 199 1
35 103 2
7 29 57
155 184 45
193 89 55
191 91 92
189 62 68
41 12 85
93 181 25
108 93 63
91 51 59
160 71 64
32 100 51
12 166 92
132 123 34
38 187 61
182 135 21
105 7 72
148 116 83
189 193 6
177 21 61
34 106 70
5 129 25
178 91 74
125 101 56
198 148 27
55 166 57
85 17 65
82 145 76
126 138 15
198 88 28
112 99 85
65 88 45
183 171 45
136 109 89
159 40 59
174 192 6
132 177 53
65 4 32
82 102 30
188 149 5
41 70 21
171 37 40
25 39 32
84 177 39
154 183 74
152 159 51
53 197 89
93 27 6
67 52 59
87 20 16
146 189 39
153 156 27
98 118 19
144 146 95
50 176 50
103 15 78
123 112 67
110 75 12
190 25 88
105 141 27
142 4 26
144 131 4
39 119 15
107 199 97
124 96 44
12 57 56
120 168 5
199 18 44
6 64 50
181 120 20
144 81 24
69 196 27
138 137 89
53 97 82
140 11 86
107 71 8
52 186 95
131 43 83
89 129 80
193 109 72
129 184 76
103 124 12
149 25 73
118 125 49
81 2 98
38 22 50
98 76 84
84 32 72
141 82 24
43 77 97
88 26 90
74 82 3
29 44 53
156 192 21
121 16 99
1 7 9
131 161 29
183 55 86
69 136 93
10 41 79
174 169 4
159 18 51
170 46 64
169 149 73
41 196 54
31 147 23
125 42 48
158 191 19
135 13 91
199 145 3
16 73 36
168 171 56
46 180 12
185 65 1
44 15 93
50 173 67
12 91 72
121 124 19
194 160 56
193 67 27
103 98 98
17 139 56
134 100 25
28 148 45
150 66 32
117 58 1
51 152 3
142 57 37
110 10 1
150 56 96
176 48 60
64 121 19
80 115 68
30 37 36
163 139 12
112 131 39
68 84 75
112 109 1
33 176 64
15 194 71
165 184 7
54 75 38
185 113 51
176 132 95
182 147 88
17 100 67
87 82 34
94 143 5
57 38 25
158 71 46
35 60 70
76 123 86
78 54 91
23 5 26
180 116 45
106 110 60
188 73 22
161 104 53
94 23 26
25 163 54
179 187 79
61 39 87
17 152 61
49 11 4
134 20 54
145 132 20
118 74 43
100 40 73
61 22 53
81 130 49
155 108 77
163 194 18
57 161 8
138 69 56
148 139 44
82 163 14
185 104 95
127 13 34
91 181 61
117 51 9
81 89 68
151 45 80
120 98 70
178 18 27
99 82 27
179 144 90
178 171 44
17 39 87
87 64 41
35 85 24
29 64 7
26 145 30
111 114 36
88 161 35
77 149 80
178 61 76
14 66 94
148 78 16
158 26 28
69 129 81
8 12 84
26 114 86
121 126 53
50 174 56
8 105 27
131 175 24
150 172 2
61 103 70
105 3 41
74 59 36
136 108 21
14 159 80
83 135 29
160 56 57
143 132 36
71 122 81
76 58 31
149 0 38
45 60 41
91 170 82
159 185 27
109 48 67
45 180 34
19 99 24
87 141 22
164 26 86
2 83 16
17 141 44
48 46 47
58 118 78
177 15 89
165 149 43
7 119 58
17 157 34
3 17 55
192 171 81
94 91 1
186 83 35
132 112 71
188 35 1
177 47 45
187 28 18
152 22 79
114 127 87
147 198 89
135 86 8
149 198 100
81 144 29
22 111 52
60 117 9
34 0 97
89 35 84
183 199 47
57 12 29
119 31 61
57 194 80
111 195 53
46 122 89
52 65 29
22 102 88
161 127 5
32 120 43
161 57 16
147 3 46
27 71 43
96 110 51
119 63 28
145 80 88
155 187 95
161 172 86
112 110 42
165 66 31
24 79 11
63 137 47
51 57 26
192 199 32
37 19 15
105 19 6
115 22 63
43 73 47
107 86 79
159 163 74
191 85 83
63 35 78
19 10 6
2 133 80
161 95 51
26 10 24
107 186 94
171 119 71
161 96 81
104 186 98
154 193 75
43 46 82
11 39 52
42 24 68
192 81 29
102 64 92
187 180 37
31 78 37
21 123 68
31 57 97
117 182 60
33 143 13
149 17 52
38 167 42
61 89 51
119 80 8
171 45 44
186 77 91
137 156 61
3 21 33
101 125 74
55 198 91
74 14 23
181 174 96
162 15 24
106 40 31
143 78 32
35 61 58
30 191 27
100 85 9
146 124 34
68 65 86
56 86 48
38 36 20
97 153 71
53 5 77
1 41 8
64 107 47
170 188 1
41 21 36
168 29 49
101 131 47
102 180 48
186 166 39
151 98 49
179 22 81
23 0 81
64 105 43
96 45 69
39 171 4
125 128 77
52 153 6
71 46 28
170 75 49
180 83 7
195 11 21
185 43 65
58 75 18
151 75 68
182 106 62
19 82 82
186 173 5
34 42 86
113 175 62
109 7 66
80 76 65
56 139 73
127 172 33
130 18 52
85 31 13
89 95 5
63 113 77
76 99 76
162 118 87
107 134 1
9 14 57
58 152 89
27 29 23
142 176 98
4 158 76
48 94 91
89 18 1
93 163 89
108 82 68
58 140 38
191 101 54
63 79 97
190 186 65
174 59 43
25 138 85
180 72 86
132 82 48
22 39 8
120 115 7
128 82 85
109 58 44
33 149 38
165 70 78
26 7 68
38 101 54
144 186 36
166 65 85
94 60 88
85 8 48
160 31 37
6 170 95
160 48 35
47 138 9
31 185 90
115 80 67
91 182 71
69 164 63
47 7 67
37 78 84
73 153 70
70 77 38
167 0 11
48 135 21
3 161 17
55 121 20
141 100 3
15 14 36
45 110 75
163 61 96
171 158 71
120 80 50
15 8 74
196 123 39
0 30 1
133 161 29
51 117 64
117 90 45
172 167 92
52 199 45
30 107 87
132 53 79
101 129 2
30 186 94
15 76 69
145 157 3
159 41 14
97 89 88
165 105 31
185 93 49
54 98 47
23 177 81
91 49 56
179 80 92
92 188 2
135 87 78
126 26 46
6 77 50
48 30 93
36 104 37
2 86 2
124 194 8
44 100 81
114 184 64
174 111 58
147 1 34
51 153 41
86 92 49
59 129 4
3 118 66
104 123 29
61 7 9
198 18 49
137 90 13
8 71 31
118 64 84
167 8 66
47 55 89
193 1 33
40 199 96
199 122 20
52 62 7
97 5 67
48 105 89
193 83 73
144 42 92
21 81 69
38 31 52
157 181 32
160 65 7
2 138 71
114 22 91
154 24 50
106 156 88
116 82 9
96 153 8
95 64 18
189 150 29
182 92 56
134 105 17
152 97 1
147 183 87
39 125 99
133 147 13
131 26 48
154 114 27
9 186 63
143 125 76
178 43 51
88 15 62
61 153 66
20 47 97
56 178 83
54 116 83
101 103 32
92 146 32
57 116 74
145 14 42
172 125 50
139 87 72
122 10 63
171 26 46
151 52 28
96 163 89
161 149 36
95 192 100
91 42 40
100 64 24
196 81 14
156 62 78
95 184 48
118 35 38
28 100 26
121 182 56
151 100 76
35 161 82
177 108 27
26 44 77
93 186 27
189 146 37
127 27 88
103 16 12
183 186 30
36 98 26
87 81 77
76 84 80
188 91 91
34 174 27
14 101 86
29 156 62
21 142 11
187 2 92
109 189 98
48 87 14
108 60 97
179 51 98
109 22 57
189 68 43
112 1 8
88 152 5
56 108 89
67 73 48
28 122 70
173 32 67
150 86 97
181 4 12
139 56 83
9 11 67
107 32 17
170 88 92
166 53 93
180 125 33
78 110 26
10 196 5
196 144 93
88 157 26
65 38 82
133 81 1
65 161 75
38 9 39
89 96 45
70 179 33
25 192 13
128 29 3
14 175 66
60 86 10
152 151 100
121 131 58
20 28 89
124 105 21
171 108 93
56 189 95
110 168 35
144 192 8
109 21 7
98 128 17
117 195 90
31 130 49
69 72 97
127 160 13
126 86 30
54 74 89
133 8 8
182 51 84
142 59 49
157 80 4
30 193 45
105 154 31
52 72 1
13 133 99
194 7 61
130 23 45
64 189 87
106 121 49
80 140 21
13 162 20
148 42 67
147 47 19
19 114 58
43 110 87
37 188 6
70 198 24
184 53 20
130 192 54
28 188 51
79 165 70
69 97 43
53 24 46
123 94 68
141 155 95
111 65 65
99 32 55
15 152 68
196 35 95
143 39 71
140 53 46
130 108 40
169 38 49
146 74 16
98 171 58
102 37 11
180 138 68
103 126 30
120 59 13
52 15 17
80 50 59
136 17 69
86 100 18
155 197 85
112 115 69
123 65 29
18 178 98
4 57 35
84 144 65
16 4 19
162 117 54
111 55 74
12 162 17
25 179 2
49 60 7
125 138 16
114 93 41
117 43 52
133 99 98
66 35 8
119 17 43
71 50 52
165 60 49
137 108 87
60 59 19
38 17 12
142 123 20
88 138 19
78 130 42
29 93 56
73 105 11
146 61 6
133 140 29
43 92 19
38 86 22
163 4 85
179 104 22
172 45 1
55 7 13
182 127 78
15 90 14
150 128 96
67 154 71
168 111 77
51 33 66
166 23 20
107 178 44
91 53 68
120 99 88
18 199 30
121 196 41
192 45 33
51 199 48
169 73 62
182 8 37
180 74 56
76 173 84
166 130 84
122 139 34
67 7 31
174 4 52
116 79 70
99 170 67
28 2 55
174 1 45
19 68 6
27 145 44
16 99 72
80 49 68
175 84 82
192 191 60
176 161 94
21 171 40
138 67 18
113 54 87
42 15 61
14 100 86
173 42 96
133 80 55
101 166 98
25 55 13
158 111 23
189 136 42
50 65 89
121 112 94
37 167 23
199 98 3
192 22 77
121 97 83
67 57 55
47 149 79
156 11 33
73 144 51
131 112 96
145 186 36
157 122 73
117 54 55
169 128 43
51 54 9
29 100 46
140 7 79
39 70 83
80 166 40
58 38 88
12 154 60
83 197 75
33 192 5
91 155 24
50 188 83
120 140 11
81 100 67
171 92 54
126 51 45
135 37 55
101 46 53
114 162 83
132 126 12
69 144 30
100 78 90
68 183 84
11 54 83
146 7 10
73 190 55
141 149 30
1 82 17
44 116 94
142 97 92
126 141 74
134 74 40
144 0 68
106 97 68
76 83 23
104 121 8
88 38 95
167 9 73
199 23 89
198 162 21
74 2 24
56 60 67
157 116 32
180 182 33
168 134 85
124 176 34
120 62 30
35 177 91
168 79 48
49 7 45
127 64 6
148 185 98
192 87 19
172 135 57
18 31 73
102 136 66
81 180 12
150 115 49
8 120 53
65 177 99
167 133 89
8 184 33
20 124 13
11 111 3
178 90 98
66 9 44
71 52 22
32 151 69
128 102 12
40 96 32
137 118 78
29 178 8
113 162 82
150 161 76
37 143 12
133 144 48
31 128 85
7 145 63
59 100 32
71 134 28
6 128 73
138 167 88
83 68 77
153 34 57
64 176 98
105 197 52
102 115 94
149 104 97
58 14 27
10 185 94
34 105 58
122 111 49
147 18 50
153 54 75
33 62 63
61 143 84
113 14 74
176 28 26
116 187 13
135 92 42
168 137 90
68 52 28
142 199 10
150 6 65
112 71 70
9 159 4
68 110 1
152 95 54
3 168 10
6 65 37
87 47 28
89 116 8
11 190 15
44 139 93
28 85 64
186 35 1
21 149 57
180 185 14
10 19 43
84 141 94
92 108 81
105 35 15
191 0 39
162 68 9
174 126 57
182 103 21
145 133 58
15 32 61
26 147 81
60 197 47
75 119 45
34 9 75
2 60 93
132 25 16
163 25 89
85 103 25
113 149 67
52 192 89
120 178 56
39 2 62
187 142 87
131 196 63
105 56 79
75 168 11
129 143 34
141 171 25
59 64 93
66 45 3
149 68 64
160 149 90
87 103 94
91 126 4
57 175 64
2 57 95
58 97 40
68 170 93
100 4 68
109 52 22
190 85 61
130 186 73
40 0 15
187 171 17
136 46 19
7 160 13
134 63 32
23 76 11
198 143 25
170 101 26
168 4 24
11 123 11
96 86 46
45 72 52
117 50 63
188 130 91
14 113 64
70 190 39
143 145 56
90 170 86
185 188 19
112 78 10
81 40 13
41 7 88
105 31 67
91 41 61
181 138 84
76 94 87
82 113 24
87 145 7
26 92 69
164 168 62
45 166 87
98 6 12
182 2 12
60 129 70
50 158 84
59 102 50
27 84 58
82 81 24
132 27 89
39 81 6
57 39 2
1 114 63
74 194 19
71 59 1
119 167 78
6 149 95
65 178 62
107 174 55
3 130 44
77 44 65
77 8 42
10 149 46
18 109 52
177 112 11
98 164 74
42 76 40
188 63 49
80 114 16
165 100 28
160 15 45
141 98 49
141 196 50
83 176 41
44 156 27
151 160 48
198 61 14
58 159 82
78 17 50
161 176 67
82 146 54
86 9 68
0 121 25
89 24 48
22 128 42
194 35 4
15 63 95
62 52 64
170 21 87
125 154 10
33 18 83
145 153 33
119 195 34
7 52 45
101 70 59
199 71 89
95 9 37
129 180 21
32 29 39
180 28 97
124 198 73
157 186 67
190 34 7
15 120 70
178 165 53
182 133 88
166 199 16
48 7 77
25 196 47
179 119 13
6 5 28
120 84 94
179 46 99
16 127 26
32 3 91
7 103 92
30 70 93
82 151 2
146 54 71
160 40 62
42 150 69
89 43 31
87 96 79
64 156 84
90 59 80
131 167 14
130 137 23
182 54 61
62 111 12
192 54 63
41 51 46
58 181 71
20 147 73
60 137 35
19 198 93
80 72 7
151 164 26
18 138 68
7 11 84
134 89 85
127 79 23
104 135 41
154 60 48
160 123 28
91 144 90
41 99 25
168 67 81
117 82 46
46 149 41
42 165 2
45 155 53
164 161 6
70 122 65
75 49 80
158 170 10
155 54 27
171 162 35
106 194 6
195 91 27
188 8 89
141 20 46
148 20 81
141 54 4
94 174 72
27 87 13
22 35 71
138 130 81
154 79 36
67 36 24
128 96 33
110 172 64
24 51 44
189 79 17
187 193 16
2 1 49
47 66 83
89 41 58
25 82 72
146 13 69
66 166 29
49 111 61
146 117 54
73 186 49
190 62 37
28 155 22
147 21 90
136 89 67
106 190 42
145 170 6
45 176 24
88 46 59
112 195 14
106 64 91
182 16 41
38 149 45
22 116 25
163 161 99
152 77 39
9 190 81
182 120 97
39 85 50
39 148 63
154 136 50
25 61 79
194 3 67
96 81 34
56 148 74
62 48 83
34 118 53
197 125 68
23 196 66
5 56 34
0 21 13
167 173 4
46 104 78
113 121 57
194 95 38
158 136 14
12 62 40
138 107 41
24 83 71
80 128 4
74 110 96
141 4 12
184 156 33
73 50 25
106 134 83
39 20 90
188 21 80
141 36 50
142 173 39
25 80 68
156 114 97
96 25 50
96 187 38
18 72 2
10 161 69
21 87 99
38 123 82
130 160 20
97 48 30
131 127 91
57 196 24
39 146 14
8 11 10
173 1 30
30 0 7
44 199 35
57 198 15
104 48 21
187 66 53
66 72 2
174 27 40
139 67 13
41 46 38
70 63 76
135 116 29
137 115 57
13 136 20
0 81 94
187 22 38
81 132 78
51 87 13
189 11 47
61 174 16
162 34 99
152 185 2
179 111 74
75 73 51
21 112 69
62 195 30
185 174 81
38 32 10
49 179 35
110 116 36
152 117 43
105 0 21
105 159 33
118 22 10
88 109 26
140 181 80
20 125 5
30 1 72
132 4 74
82 90 34
136 133 36
43 133 60
8 182 40
159 158 93
160 195 72
124 49 42
199 171 11
50 36 99
26 122 33
17 99 19
95 151 91
4 6 82
63 2 60
131 120 37
96 122 82
139 12 35
163 21 50
13 26 59
177 104 65
148 32 51
6 84 15
79 121 3
35 67 23
195 5 88
144 65 82
117 159 85
25 88 91
3 134 8
89 193 44
138 156 8
18 37 53
154 167 85
166 123 96
128 139 3
41 165 3
157 95 26
102 141 25
8 117 21
152 35 100
67 151 42
158 101 62
95 197 28
127 5 87
79 185 30
15 149 18
171 11 50
108 88 72
13 42 83
134 25 71
180 111 87
180 92 12
148 35 62
85 160 13
157 79 47
56 188 17
97 67 47
121 157 58
110 24 18
5 93 2
193 175 76
9 162 74
6 174 47
19 129 44
9 166 86
97 109 77
39 166 32
69 56 90
10 105 16
199 162 85
26 72 24
2 90 63
103 140 77
130 89 97
157 172 62
89 22 7
87 137 40
121 148 54
116 93 39
58 34 28
45 100 58
32 84 35
34 117 67
13 170 83
51 112 50
134 195 71
66 58 60
94 18 96
121 153 9
193 191 75
143 35 79
12 140 58
89 55 86
161 191 37
99 63 94
169 116 85
90 166 21
84 48 7
101 0 38
104 89 35
196 199 36
152 26 96
9 177 78
33 152 75
45 181 2
83 26 79
197 0 31
174 26 4
39 142 59
53 172 50
192 83 25
38 90 34
4 145 65
133 82 8
54 149 21
10 130 55
83 52 18
117 137 27
113 196 86
61 23 25
157 55 68
179 23 64
138 146 45
183 188 92
28 147 65
39 76 85
191 40 33
148 192 69
180 151 28
106 160 64
199 190 26
20 87 31
104 122 30
192 3 10
44 4 29
11 88 6
34 181 88
144 140 68
17 104 66
156 130 16
191 78 1
98 49 12
185 83 94
63 144 4
153 27 10
152 102 2
46 186 19
159 27 90
93 188 94
173 37 29
198 85 56
27 34 3
63 173 43
110 61 61
56 185 98
133 30 70
146 157 1
72 183 97
57 184 19
176 130 46
142 171 69
9 63 15
50 82 96
96 184 27
91 71 85
32 90 49
84 158 16
132 85 11
107 97 3
139 88 53
156 78 69
124 127 97
181 18 2
78 111 41
157 115 55
30 64 18
27 57 89
191 94 74
175 132 59
163 134 13
160 171 66
118 79 34
102 163 81
160 74 85
77 23 10
193 182 96
18 71 65
13 82 17
81 198 68
112 13 36
118 57 78
51 165 67
34 83 90
193 131 69
176 158 49
58 108 8
179 62 45
40 54 96
78 88 39
39 53 29
172 199 7
53 135 33
34 131 35
43 53 16
153 62 89
3 92 81
94 27 88
155 152 80
102 107 68
61 169 15
1 147 41
120 181 66
148 1 55
185 105 7
69 73 53
80 131 1
83 99 72
175 90 49
81 126 69
15 49 49
128 30 88
73 83 33
182 84 100
114 21 91
46 78 96
196 191 76
32 20 100
168 35 59
100 197 85
127 4 84
120 159 28
69 172 26
137 93 68
48 44 90
6 108 41
195 57 82
161 111 81
189 91 51
121 177 61
71 165 38
85 83 28
99 89 31
88 185 10
117 143 41
42 130 20
153 82 97
45 99 59
22 74 45
107 179 21
78 31 96
176 97 44
194 82 1
7 179 50
192 111 2
141 34 18
130 50 3
162 12 95
44 27 52
99 109 22
6 12 18
65 99 15
118 141 15
106 79 15
180 1 100
161 197 18
176 121 40
67 137 59
83 63 65
17 61 23
104 85 3
131 158 27
58 103 1
121 75 97
12 117 92
94 83 58
91 185 35
47 129 27
149 100 91
148 172 51
134 13 22
144 127 81
101 57 72
132 166 43
148 177 85
169 12 53
6 138 26
176 180 50
164 62 69
150 140 23
145 77 95
173 166 73
124 80 67
71 131 29
84 35 16
148 161 26
195 77 29
196 96 40
89 15 13
17 85 60
57 119 17
83 56 44
146 103 4
100 123 15
152 20 49
24 186 11
141 121 75
50 155 18
166 191 37
170 42 24
77 65 74
41 83 50
22 134 81
179 49 17
118 160 8
25 52 40
107 34 91
50 169 27
98 111 4
189 140 13
67 194 12
46 55 78
154 67 36
28 162 86
63 61 17
131 87 57
90 94 2
146 36 9
22 133 35
11 101 15
125 143 36
80 4 14
98 51 34
198 110 69
150 168 29
82 43 77
104 8 16
24 133 21
121 80 9
169 7 35
124 130 30
141 17 59
151 71 32
115 91 35
47 16 63
198 60 13
193 14 71
175 27 31
106 78 85
52 116 35
12 82 66
144 1 52
155 188 67
8 61 51
58 116 80
9 70 58
59 170 56
48 1 88
16 3 13
146 37 94
102 131 100
87 130 5
12 184 53
94 99 3
28 137 93
96 88 13
198 42 43
12 121 58
90 101 24
163 167 87
166 83 21
113 90 65
138 70 64
134 19 1
112 22 16
18 158 34
182 74 17
42 163 59
186 88 94
6 182 32
109 162 36
137 1 73
12 139 43
62 79 10
36 54 40
166 34 99
169 98 30
1 119 15
10 115 95
15 105 95
65 73 16
156 4 76
72 121 54
125 174 64
137 125 12
110 29 99
85 146 20
155 5 88
161 43 2
96 28 52
194 165 61
88 146 58
22 105 87
7 167 62
130 165 51
31 144 60
118 32 85
24 71 99
21 78 43
45 145 18
21 133 21
121 29 65
159 17 7
178 137 39
151 92 97
78 22 87
62 185 82
60 53 87
43 156 83
186 197 25
111 115 28
54 79 83
34 1 77
112 154 34
5 128 57
121 68 86
156 52 20
103 127 46
130 2 96
132 160 60
106 147 19
114 85 7
109 23 68
119 121 28
78 15 27
85 33 56
138 65 65
144 137 65
74 66 27
129 154 64
91 110 62
2 74 70
140 75 84
163 102 59
91 50 65
40 135 35
111 95 63
59 19 52
190 33 80
195 74 11
112 186 5
105 50 73
137 87 86
126 111 35
106 60 41
115 32 50
23 115 77
57 185 37
91 16 66
10 182 26
18 14 78
20 123 82
119 7 30
54 158 88
22 96 54
61 20 52
174 76 51
112 161 12
73 199 13
142 48 37
112 166 3
90 104 72
78 21 58
147 126 22
196 29 14
63 85 98
84 51 42
6 97 40
103 114 44
190 198 52
185 163 31
8 167 32
199 115 30
190 71 86
188 45 72
44 59 21
188 170 82
154 148 40
147 100 18
92 164 26
55 101 94
6 72 14
171 177 27
150 102 43
21 103 67
148 143 79
104 152 5
40 141 34
149 93 80
66 149 76
88 65 74
27 125 40
170 195 81
45 8 62
6 14 11
97 120 71
174 102 12
174 90 29
182 17 82
187 103 38
154 115 53
158 31 33
37 27 36
28 159 82
86 44 50
143 53 95
140 105 81
108 47 47
8 65 63
95 112 61
80 197 65
187 110 87
50 177 40
93 85 66
176 179 97
78 178 97
143 83 59
120 137 71
187 190 25
48 107 75
137 104 68
155 117 56
159 132 48
64 158 49
71 123 94
192 6 52
126 82 42
71 101 41
12 81 84
108 156 55
37 99 64
26 163 50
128 33 32
25 131 94
42 120 32
131 48 41
111 181 11
127 186 77
66 73 22
192 99 83
106 34 35
54 26 29
87 171 4
6 154 8
120 39 55
46 118 80
9 85 20
81 33 12
36 135 68
140 91 73
198 145 23
0 62 96
196 162 84
180 93 2
168 161 49
167 41 10
165 147 54
191 30 68
82 189 88
88 25 60
175 95 52
186 80 8
140 137 93
158 75 59
48 181 56
12 0 41
126 4 60
65 63 54
90 182 25
169 157 13
126 18 54
106 58 27
90 185 51
80 104 90
89 76 26
147 24 48
151 185 23
90 11 74
159 73 16
3 125 11
67 99 13
137 82 34
2 139 85
139 102 71
27 98 24
182 89 49
37 90 27
39 106 31
166 8 41
126 143 25
43 154 81
65 151 25
197 154 27
25 50 46
154 101 44
137 66 64
35 162 77
8 157 30
113 56 96
29 63 29
43 61 68
104 151 67
44 76 8
143 162 34
195 58 65
108 55 3
199 15 90
83 102 95
165 144 82
17 186 85
168 146 65
164 93 41
159 102 97
109 93 54
114 113 45
189 133 91
125 175 2
160 108 95
17 19 3
53 158 50
51 169 35
101 12 75
35 27 77
70 53 27
142 141 56
73 180 56
120 19 50
73 189 65
71 145 25
176 99 62
197 85 47
36 14 95
195 151 85
41 35 34
180 161 35
139 75 77
181 88 54
143 27 39
73 42 73
126 34 98
118 62 70
134 138 55
176 168 48
152 76 6
50 199 61
150 175 87
64 130 40
171 81 12
112 69 23
175 164 21
59 15 71
157 102 84
117 32 18
170 147 69
37 104 12
166 109 42
141 38 6
56 13 51
160 106 81
161 49 80
123 116 45
156 126 20
172 10 8
174 155 8
112 139 66
81 184 88
11 59 3
2 35 31
197 115 72
106 9 88
175 182 82
53 132 47
67 109 8
189 116 100
143 47 10
145 126 38
57 1 77
1 107 47
25 97 53
4 79 69
36 58 85
111 2 31
62 33 2
106 10 20
119 101 9
31 140 68
10 150 6
22 61 47
179 14 65
119 154 27
28 105 84
103 1 93
42 109 62
116 75 41
196 189 4
155 199 29
124 168 56
86 11 83
54 164 93
37 70 71
132 58 100
59 52 30
139 45 17
0 29 72
91 34 39
20 142 24
13 75 98
95 2 5
120 194 57
143 26 33
30 63 80
89 177 63
56 29 44
171 14 26
134 76 83
174 60 67
15 136 67
3 89 74
51 190 72
185 144 91
56 102 84
72 63 47
145 137 13
176 33 21
63 183 60
163 129 98
79 176 8
55 74 11
137 22 68
58 32 62
1 160 76
179 21 63
16 1 1
37 86 10
127 100 30
8 142 35
33 35 84
129 114 47
116 99 21
85 14 96
19 147 96
111 196 93
109 75 96
92 35 9
5 121 4
57 117 17
12 108 96
106 28 8
60 139 83
124 43 19
48 93 65
144 55 53
43 79 26
64 98 62
193 187 84
134 56 8
72 92 47
178 195 10
34 197 36
189 145 8
31 72 23
83 4 45
120 126 68
154 120 4
14 118 7
37 42 35
58 69 79
66 8 11
78 29 42
94 165 96
19 23 71
189 67 74
61 127 94
129 49 83
128 21 28
139 157 59
176 166 84
138 49 54
132 75 71
68 2 63
87 178 85
99 97 83
62 80 88
20 31 7
41 10 69
76 70 34
31 148 26
10 31 23
81 109 34
26 30 95
84 160 7
81 91 36
153 158 66
102 89 13
44 147 73
79 141 27
182 99 7
68 11 25
37 79 91
3 103 78
157 34 23
130 71 78
165 162 3
98 48 21
30 147 86
139 93 25
80 180 45
196 170 87
141 137 30
187 33 73
184 38 43
88 55 8
94 77 92
148 77 39
112 66 81
119 85 88
46 9 100
77 191 16
137 21 30
132 182 29
55 39 81
187 183 2
120 87 81
96 38 51
133 64 10
26 101 38
32 134 42
156 166 54
197 117 32
40 106 29
102 32 96
49 95 23
139 103 93
112 74 95
180 39 92
128 186 82
54 112 41
52 71 4
120 61 12
148 11 5
115 141 40
156 115 46
103 139 69
31 84 40
84 115 15
189 102 7
117 101 48
101 144 3
14 62 92
90 92 29
82 59 26
76 2 84
131 78 32
169 153 43
41 110 91
148 22 54
80 161 21
156 39 22
101 143 68
160 182 35
100 34 97
0 188 46
173 70 50
110 28 19
43 171 65
51 84 23
29 96 48
99 3 22
14 33 63
143 158 78
103 142 78
147 52 14
67 164 56
40 115 19
26 25 46
27 53 75
168 93 32
156 167 75
85 120 73
137 102 2
124 62 40
127 153 1
85 6 46
170 103 69
69 158 68
61 128 4
168 69 65
98 155 77
115 44 99
53 49 25
13 39 65
115 187 93
145 194 66
42 164 64
8 152 76
197 53 19
95 153 83
67 54 18
37 84 69
158 106 47
6 79 42
73 181 40
86 187 6
108 19 77
131 17 65
42 6 51
0 4 8
50 152 52
97 102 72
114 173 93
186 129 33
82 27 94
47 156 78
40 194 14
93 135 31
111 85 79
60 147 26
125 118 99
3 106 26
22 132 83
6 50 9
155 58 96
152 119 3
92 100 37
54 70 65
127 144 76
95 39 100
98 195 80
176 95 58
107 79 78
72 132 2
81 49 90
143 32 61
199 183 12
10 2 16
48 71 73
23 162 100
58 164 72
136 23 79
81 163 85
124 118 1
100 8 65
180 194 53
11 147 58
167 172 95
96 173 8
67 66 16
104 111 94
195 138 73
1 128 43
67 39 4
182 57 18
153 57 21
52 115 21
34 119 27
11 83 38
146 110 58
84 164 57
112 73 97
10 142 68
73 178 28
160 36 19
110 59 22
143 40 9
160 143 75
145 158 11
193 143 58
135 44 84
172 8 75
4 82 38
94 29 42
111 185 92
68 78 97
168 182 1
126 33 58
6 74 33
3 181 13
19 150 61
94 90 15
187 52 13
189 42 37
5 181 44
60 55 55
173 4 61
127 106 24
18 115 45
129 199 69
167 155 90
62 164 57
20 196 23
179 0 96
60 77 11
157 94 62
135 16 88
164 149 68
187 39 6
15 2 84
132 15 29
18 50 43
66 26 27
182 102 48
88 113 52
185 134 54
50 159 17
88 69 32
133 158 24
195 117 79
114 153 49
171 109 1
98 72 57
147 143 60
21 35 75
60 27 34
13 113 98
186 12 76
88 168 19
94 97 39
166 78 96
24 70 58
120 133 32
87 181 96
174 121 56
43 64 48
58 135 4
64 163 8
90 116 33
189 94 49
163 181 13
167 171 15
179 141 95
87 79 26
43 137 38
148 66 18
35 182 61
150 95 94
173 63 4
187 128 37
152 10 76
152 177 71
145 119 93
97 66 4
100 124 2
83 1 57
48 85 11
193 52 61
35 149 3
187 181 60
147 6 16
140 182 28
178 115 66
40 134 28
1 100 99
195 175 62
131 191 35
41 178 32
58 153 57
173 19 52
184 198 15
2 44 30
111 124 77
93 123 12
46 73 1
5 151 65
197 178 81
176 92 70
81 102 53
68 89 19
155 164 53
182 63 54
51 145 4
24 116 61
45 140 15
90 130 25
136 175 76
148 100 90
178 163 94
198 161 20
60 67 99
25 54 53
40 126 45
115 11 26
195 181 59
4 111 35
131 143 50
153 6 42
122 3 72
123 83 7
151 21 23
130 44 32
32 69 38
97 169 98
165 193 39
83 117 27
144 60 25
53 33 54
194 121 62
81 67 22
140 96 23
108 102 68
63 126 17
111 7 29
140 4 50
125 18 26
34 133 11
149 122 92
18 191 76
2 4 100
49 136 90
128 143 2
14 172 83
29 98 84
169 3 61
129 136 44
198 40 24
24 7 49
23 165 65
13 110 31
6 57 47
173 79 38
124 14 78
178 156 89
103 170 86
169 78 49
177 35 25
95 56 50
10 97 80
107 83 26
45 73 24
86 180 14
166 91 56
162 123 83
94 82 40
103 183 4
25 134 42
80 68 45
99 174 46
92 103 3
27 45 52
95 48 43
36 172 7
108 152 69
85 93 63
89 135 42
94 107 39
50 75 90
98 29 85
19 174 2
34 84 14
37 126 3
60 104 2
17 45 47
185 148 72
197 152 67
46 143 53
119 34 22
64 85 16
192 41 73
157 128 17
145 5 48
195 170 34
179 114 90
181 195 79
140 124 51
63 33 55
141 18 30
135 56 73
47 193 88
52 173 2
126 109 48
158 121 20
75 102 39
66 117 87
129 94 46
159 193 59
69 66 42
166 3 28
72 109 28
42 101 48
101 193 13
32 150 79
19 196 84
3 186 70
64 50 93
8 158 41
184 187 67
2 47 59
178 100 19
174 42 9
54 136 31
136 102 67
142 188 93
164 17 5
190 94 93
90 162 39
122 86 78
195 143 9
99 184 5
96 116 63
120 72 81
86 116 41
199 74 46
185 149 83
133 21 100
85 32 10
191 123 67
104 131 1
176 63 58
135 70 49
164 195 79
174 108 36
30 9 26
169 147 92
161 164 28
25 73 100
15 51 72
181 9 24
0 181 65
61 83 98
59 56 92
190 38 6
77 141 95
106 85 48
16 141 80
38 84 56
160 50 26
191 84 3
157 39 98
48 11 42
60 98 56
174 58 72
122 115 36
17 66 70
7 33 15
157 183 26
199 83 79
70 57 86
80 25 74
113 193 15
91 140 83
86 174 49
45 185 1
104 98 49
106 115 21
137 56 11
94 87 32
14 124 79
130 75 77
126 148 89
119 177 6
173 76 1
66 76 45
163 69 37
67 120 81
121 24 37
194 180 56
100 36 47
26 199 60
98 126 18
10 102 25
162 159 78
9 157 86
141 131 26
86 172 35
178 3 20
165 26 15
195 61 87
113 178 25
177 99 55
161 129 48
10 169 75
66 101 40
129 84 51
125 98 29
34 193 28
121 31 40
39 129 98
163 53 57
122 35 16
172 158 57
47 14 29
59 187 20
165 110 70
76 16 16
83 128 56
107 37 28
120 149 33
41 156 30
167 59 16
177 16 100
128 134 48
197 181 66
72 146 29
77 100 44
91 28 35
164 138 94
151 124 86
68 194 16
143 51 40
122 135 95
198 0 73
120 190 29
166 176 91
65 162 29
50 28 38
116 4 17
104 84 51
92 105 3
182 104 17
139 73 95
72 20 80
87 114 63
170 168 81
136 26 21
142 92 44
182 58 33
10 99 49
191 71 74
50 149 70
50 153 42
48 16 5
121 169 11
1 167 94
162 125 54
64 28 25
5 1 80
47 120 14
142 122 31
33 101 53
149 118 47
59 120 4
157 7 22
5 13 74
106 63 7
159 153 44
143 90 89
102 127 72
13 54 26
24 161 56
33 65 70
88 156 65
66 98 33
124 111 55
172 147 23
141 188 54
119 135 100
86 25 42
165 152 87
116 89 8
142 178 87
6 8 75
114 151 86
10 60 60
159 85 34
66 0 10
191 112 60
95 163 11
165 122 7
147 34 77
62 181 33
81 131 96
124 173 50
59 42 16
76 87 55
80 93 58
25 116 65
149 14 51
75 20 72
171 4 31
113 194 34
23 1 96
38 18 95
9 199 71
104 170 55
86 78 93
62 118 26
126 68 85
91 59 20
70 44 91
54 180 45
195 130 91
57 164 19
198 178 48
1 110 68
105 95 33
32 15 33
179 44 81
96 155 57
81 127 26
99 171 2
140 66 55
36 121 69
18 11 48
112 38 22
41 189 67
67 182 33
80 184 21
83 129 97
149 61 87
133 107 90
150 51 15
186 69 60
77 160 52
42 174 92
26 186 18
99 71 1
58 21 62
114 180 3
130 60 84
142 105 6
41 97 53
115 111 62
148 81 22
60 73 69
191 138 45
186 151 72
150 152 27
33 114 42
178 97 48
51 189 53
42 58 8
137 178 48
198 196 68
78 187 37
165 63 85
99 76 61
186 36 44
108 107 28
89 146 57
166 94 72
9 146 89
142 117 43
27 130 1
51 49 7
140 82 10
92 181 26
43 145 21
14 36 23
2 149 78
87 175 71
122 113 19
190 57 60
190 70 25
28 146 93
59 77 46
45 14 85
159 61 25
7 13 13
191 44 20
162 176 88
161 14 97
6 95 75
74 26 19
4 88 5
33 52 99
13 19 37
125 65 54
18 23 66
111 63 29
27 152 90
194 48 4
190 39 58
48 189 68
65 46 10
101 199 89
53 138 86
78 33 38
146 91 53
35 196 64
110 72 3
170 120 76
29 122 80
72 171 21
156 97 15
44 98 20
122 155 5
45 150 53
131 115 2
175 166 87
34 90 52
3 52 43
144 121 33
111 144 66
56 30 76
129 6 19
56 150 50
67 9 71
37 9 94
81 195 71
147 45 26
159 52 64
129 117 12
70 189 49
199 94 50
139 154 44
0 40 89
1 133 31
32 158 45
40 98 96
62 100 49
183 63 71
72 144 67
17 126 22
46 1 90
68 101 79
86 67 38
163 141 14
134 34 20
68 134 41
50 69 2
152 139 10
82 167 53
13 189 95
119 197 66
17 12 30
33 74 31
155 107 60
155 128 33
141 189 58
144 40 73
85 133 50
26 11 41
190 21 13
131 101 51
5 68 93
36 170 11
104 193 23
39 24 6
72 192 26
109 101 80
193 8 58
113 177 40
95 7 86
80 94 80
173 104 30
110 25 10
117 135 89
135 187 98
100 98 38
171 125 11
158 89 29
57 111 11
26 102 82
111 121 42
189 92 34
23 21 68
101 86 9
163 193 20
105 169 37
94 13 73
124 199 59
198 56 75
60 49 45
81 20 97
186 16 38
87 16 56
77 81 61
151 11 65
56 46 82
146 15 26
171 35 10
138 166 85
72 96 62
106 30 31
13 98 22
191 62 81
102 133 59
158 131 50
121 59 42
32 94 65
82 185 85
30 46 19
1 86 66
161 40 30
178 50 86
123 15 54
21 12 50
16 121 65
54 93 72
194 118 68
5 96 76
82 42 11
166 184 43
46 174 26
172 6 38
59 41 59
155 84 44
193 38 6
180 118 20
96 4 1
124 48 67
64 62 97
64 182 34
70 185 91
44 196 100
52 154 55
44 37 9
189 171 93
80 32 71
81 111 84
170 132 32
78 104 75
97 179 36
185 178 38
29 182 58
18 131 73
38 28 40
77 189 42
49 31 67
184 148 1
89 178 94
176 147 32
113 50 70
151 118 57
71 80 30
137 42 91
8 114 88
50 135 81
132 14 62
137 169 18
96 119 88
167 71 76
185 150 70
103 51 90
112 117 54
183 27 55
10 108 95
28 128 87
175 135 68
18 102 25
135 175 97
93 174 87
184 104 68
38 186 90
79 6 96
179 140 6
8 133 91
14 96 71
92 6 57
18 166 71
3 97 28
38 0 2
145 17 80
18 189 27
50 105 93
13 155 97
114 177 70
51 184 13
73 92 72
62 8 50
77 154 41
153 4 75
26 107 66
173 160 14
197 119 35
84 187 26
143 21 76
50 17 28
172 144 82
9 6 66
18 44 5
16 66 31
101 44 54
71 182 97
73 192 5
88 60 80
106 2 41
109 54 75
26 43 82
12 199 16
76 101 62
76 143 44
78 94 91
153 112 11
90 153 65
137 190 75
8 94 34
42 94 54
62 191 71
117 165 2
146 11 99
198 54 8
174 9 77
70 72 97
146 63 11
81 157 64
106 4 30
179 131 52
128 93 21
190 86 43
113 34 88
163 185 41
105 187 76
189 87 12
40 73 38
129 126 4
3 177 73
128 167 65
79 180 45
101 170 42
155 173 29
148 64 95
135 188 57
76 32 45
61 51 90
132 137 37
197 157 77
24 188 12
43 40 78
124 134 15
69 2 87
156 170 82
4 32 61
147 73 44
83 47 84
124 61 18
188 151 18
9 132 96
134 14 26
180 166 2
152 99 33
116 12 23
97 125 9
83 168 63
143 42 95
67 138 57
188 118 56
56 195 28
144 39 91
126 159 57
116 76 68
65 198 24
18 107 67
183 56 69
128 148 61
166 30 36
25 37 27
147 65 79
97 60 95
102 45 63
77 163 61
197 180 1
183 87 78
51 45 12
4 182 39
199 28 19
142 7 67
55 8 84
167 58 25
11 86 6
133 85 43
57 13 43
80 20 77
98 183 70
82 54 43
59 140 85
53 127 45
78 159 30
22 166 63
111 37 4
102 92 53
92 175 55
92 134 28
3 46 51
174 117 18
68 85 67
37 45 78
63 94 97
70 69 37
69 170 60
110 194 72
196 179 58
180 0 33
180 190 58
4 73 38
165 179 40
54 6 28
109 122 34
87 50 73
41 134 33
40 127 94
176 52 54
29 151 9
152 112 67
22 49 14
87 56 5
120 48 82
153 152 7
52 29 25
178 1 64
175 44 20
123 68 5
88 122 71
45 117 91
63 95 56
44 146 86
8 50 2
61 91 84
26 61 67
69 86 12
39 7 55
144 23 65
4 56 6
59 190 95
28 197 71
160 21 74
101 59 47
146 120 67
71 127 95
172 115 2
46 136 5
3 189 71
62 127 45
29 22 77
167 13 3
137 177 93
145 67 17
100 113 47
62 31 18
118 171 75
80 183 40
170 33 52
72 98 96
23 189 44
28 168 18
119 172 73
78 37 1
80 119 66
159 3 14
25 22 79
184 193 76
64 117 4
153 72 43
3 151 20
74 150 25
187 145 9
83 111 99
27 184 22
186 115 25
13 159 44
86 27 92
54 90 20
148 176 47
141 45 87
85 62 76
76 121 2
137 144 29
69 96 32
8 119 82
87 197 99
81 71 2
122 33 32
130 198 62
89 157 64
50 25 77
146 137 27
64 89 55
176 29 98
90 84 89
10 167 85
38 97 59
177 101 85
79 59 12
158 83 10
14 164 10
135 83 9
61 136 93
58 106 27
140 152 27
51 188 45
106 138 84
15 73 60
20 117 68
136 1 37
95 89 20
65 125 81
195 26 47
192 163 64
99 85 94
66 177 91
157 19 30
23 109 30
44 191 45
126 96 56
166 141 90
83 82 76
3 78 87
165 34 27
124 55 3
104 79 44
197 129 11
72 84 24
61 93 91
28 47 56
125 78 34
55 134 94
6 136 14
52 137 65
171 80 6
165 43 16
199 164 44
108 140 23
36 81 61
197 145 79
62 115 83
23 120 42
77 52 56
14 115 55
33 177 41
135 68 25
152 188 49
144 188 69
58 193 42
159 157 14
109 69 55
193 10 49
79 22 28
91 199 70
61 199 89
64 135 52
68 175 55
71 168 11
176 189 17
100 67 63
8 0 60
72 76 40
148 34 63
160 28 80
141 187 86
80 137 71
3 101 22
142 114 37
151 67 12
50 167 58
111 192 69
19 16 12
180 156 13
70 78 23
170 70 91
129 101 55
141 67 84
90 24 11
162 14 49
92 90 31
84 122 51
8 189 13
109 173 96
113 36 72
144 168 82
92 135 77
121 104 57
44 172 34
164 98 13
63 169 34
82 67 26
24 173 9
161 22 27
68 0 60
99 37 11
177 150 81
55 104 45
144 17 37
57 7 79
180 30 13
129 189 92
114 135 31
162 99 11
4 178 36
143 147 64
102 132 25
8 172 79
105 135 53
94 192 90
64 67 48
58 162 88
53 102 16
26 140 22
51 131 93
77 25 84
63 189 6
161 140 38
127 70 94
33 25 4
167 180 86
47 166 21
72 5 22
64 61 4
79 183 70
27 58 56
163 54 8
9 120 12
91 152 28
97 92 35
90 83 59
185 56 92
15 143 15
176 139 32
4 76 86
122 138 63
153 96 84
80 24 99
100 86 89
145 177 27
4 20 39
70 105 41
135 3 29
162 50 36
76 116 51
14 190 18
85 121 6
199 91 38
162 59 39
171 107 100
178 125 92
159 43 79
61 114 70
166 190 69
5 67 89
28 149 24
198 181 40
7 83 22
34 61 12
123 115 54
72 43 9
32 177 24
39 100 75
54 56 95
162 92 12
11 151 73
19 65 45
130 146 28
57 154 87
185 177 27
8 66 17
92 23 93
35 180 98
17 110 14
93 99 99
21 111 35
132 29 34
127 76 95
118 199 7
75 51 60
107 137 57
81 76 21
53 80 66
15 26 70
103 50 77
62 32 13
152 98 6
114 3 57
25 142 50
41 81 31
139 95 91
89 161 71
54 124 88
128 166 72
185 58 46
64 153 44
118 61 32
162 7 17
32 1 90
48 177 12
143 106 4
171 85 74
187 101 87
162 66 84
16 181 95
138 14 12
163 113 87
49 127 44
89 126 67
51 141 6
178 2 96
1 159 12
192 47 16
44 3 99
173 61 20
109 32 86
76 135 22
59 61 57
195 142 71
145 142 67
146 174 74
115 131 43
45 128 43
163 169 1
134 198 74
36 117 48
89 174 76
95 134 14
199 79 79
35 58 37
133 198 90
198 115 12
105 145 17
6 140 11
60 188 76
32 111 25
163 103 23
113 68 23
154 151 58
61 18 93
86 131 59
157 37 82
161 58 14
67 48 94
175 8 20
90 157 81
167 106 74
20 174 59
52 34 10
2 123 60
86 177 43
196 72 7
125 180 4
162 193 32
184 194 94
57 73 89
190 151 91
112 158 13
81 106 57
71 158 80
54 151 63
182 165 2
141 161 48
187 116 79
197 26 61
16 157 3
145 125 71
197 90 40
94 66 47
124 6 83
48 187 16
160 177 43
54 126 14
171 23 50
139 43 1
33 94 1
23 143 85
22 191 25
191 59 45
79 119 68
88 24 7
59 92 7
96 179 57
138 163 13
138 13 67
194 105 69
19 83 41
140 191 76
199 155 74
95 45 43
20 2 42
120 144 21
176 183 62
182 26 99
22 174 5
199 113 25
48 168 74
164 137 24
63 19 18
195 20 30
147 174 46
0 64 3
171 93 60
47 103 69
148 113 82
15 137 17
88 77 38
158 103 42
140 18 90
96 183 10
55 25 19
47 52 86
150 184 38
66 19 28
65 109 14
144 31 100
3 9 12
138 168 84
17 190 71
102 72 92
9 193 16
169 27 31
117 39 90
109 158 46
109 175 43
51 88 76
49 18 68
64 174 39
74 124 85
31 86 87
5 183 70
93 161 28
132 28 16
0 20 54
80 78 43
117 193 28
144 35 42
189 6 11
136 31 84
192 141 4
6 0 97
174 197 31
109 187 8
63 108 66
178 16 68
48 143 78
16 105 11
185 25 43
180 173 53
89 158 98
23 191 93
65 164 89
44 169 88
42 52 63
41 14 27
167 181 18
65 80 71
115 135 86
161 194 30
87 102 7
133 149 3
113 75 45
139 61 26
100 191 34
6 151 96
175 9 55
58 47 79
170 150 56
39 124 65
168 158 46
122 19 74
196 135 81
46 31 11
55 128 33
104 130 90
151 145 75
80 162 41
87 45 13
3 112 58
190 42 80
41 115 13
129 37 94
6 85 68
66 80 98
112 172 64
64 194 47
13 83 42
29 49 96
95 80 93
175 144 19
132 109 45
4 134 77
6 116 59
125 110 6
69 42 21
14 161 29
50 109 75
48 154 14
64 169 75
123 172 19
69 35 34
174 179 75
9 131 36
81 23 27
22 159 44
169 57 76
87 85 97
37 190 12
154 144 94
53 141 83
179 199 24
15 69 48
150 160 43
157 167 76
175 69 30
90 164 60
30 194 34
65 103 93
45 53 58
92 159 62
126 54 32
54 46 12
175 22 84
69 45 77
160 20 62
170 20 61
117 192 46
134 154 18
41 94 46
129 31 3
155 25 74
50 138 43
84 97 93
27 14 68
160 119 22
58 64 2
80 125 95
109 49 24
160 68 62
122 75 87
0 150 45
110 55 37
20 73 8
7 122 99
167 132 19
136 84 4
78 121 52
96 161 11
169 178 52
109 120 42
87 14 83
142 184 71
127 122 83
102 11 44
181 118 19
188 10 59
193 62 86
89 182 81
169 32 48
58 184 68
193 63 51
158 35 14
131 152 98
13 174 2
172 179 94
116 178 36
155 46 72
123 52 51
104 196 87
127 98 45
25 98 1
136 135 11
109 65 34
15 33 8
93 39 11
156 75 49
93 67 47
16 51 56
170 54 36
122 45 98
35 22 33
94 6 97
121 154 62
179 105 34
152 198 4
20 187 6
19 171 68
185 26 10
102 6 9
41 1 98
155 133 66
155 42 78
74 107 1
159 138 60
114 112 96
106 59 83
48 152 44
19 148 78
89 74 7
72 158 62
129 23 57
184 33 8
167 186 97
141 8 33
15 78 89
148 163 61
123 134 95
97 43 99
129 83 99
58 42 77
119 152 79
58 67 9
75 2 89
197 177 47
196 178 71
19 190 39
41 188 32
117 61 35
57 125 47
182 197 28
65 191 43
143 3 62
164 135 88
70 171 32
75 136 47
43 2 42
79 37 47
1 181 98
178 86 97
193 177 15
1 117 65
40 13 80
54 156 58
22 140 92
130 38 5
122 20 99
25 176 10
68 137 11
166 37 41
100 138 80
40 30 98
131 69 33
169 68 95
132 172 47
130 31 13
157 1 7
10 38 92
131 181 86
45 50 55
107 99 22
78 162 49
154 158 15
95 92 79
154 86 34
65 10 8
121 99 16
29 166 82
71 84 29
153 168 96
74 113 29
33 182 94
150 173 7
172 142 70
105 124 91
2 62 75
114 18 51
51 97 56
91 90 21
164 90 88
191 136 27
108 136 97
188 23 67
25 165 39
72 117 61
147 31 1
46 107 75
106 105 64
82 60 27
108 199 19
14 37 5
115 43 69
194 24 98
24 130 57
176 54 22
78 194 41
28 35 11
170 114 72
156 138 37
109 195 71
30 133 47
114 166 45
91 111 60
103 53 86
197 37 5
12 177 43
112 3 26
63 190 37
96 75 34
195 36 31
48 53 84
25 122 52
182 30 24
123 24 16
1 115 51
165 199 5
138 83 31
158 156 47
3 113 82
158 60 56
29 71 23
17 93 73
84 174 29
185 152 80
198 128 78
156 59 44
43 69 14
65 110 76
121 90 71
42 136 21
58 171 34
80 42 44
74 11 28
90 17 80
166 77 86
76 43 2
42 114 40
116 158 33
160 103 21
18 26 63
14 183 100
59 131 63
108 164 77
102 168 72
161 62 2
61 37 67
130 141 38
187 196 23
191 50 21
74 197 28
31 59 52
197 86 79
93 14 99
174 85 64
10 68 85
92 129 90
80 54 2
183 118 83
2 196 1
64 123 24
37 66 20
190 130 34
10 113 32
80 29 40
116 38 67
107 144 85
17 177 8
59 51 42
20 159 61
94 128 2
172 146 49
105 57 12
132 198 62
60 106 64
136 116 64
157 176 30
117 151 78
76 49 42
135 134 91
156 77 67
155 179 73
57 11 91
116 26 14
131 193 55
162 98 11
62 24 51
68 73 4
19 108 58
77 19 11
32 160 9
183 76 76
168 164 91
43 14 27
126 41 69
153 106 95
133 143 24
77 17 43
125 15 50
6 55 70
155 110 81
111 129 28
93 95 58
164 77 46
106 120 60
173 155 90
34 6 11
52 147 28
141 181 99
129 104 9
165 27 58
31 174 64
144 147 65
171 113 95
83 61 10
71 95 92
15 147 29
98 64 3
112 12 28
107 19 72
32 43 18
162 56 42
142 149 57
80 195 68
54 152 16
198 10 35
48 82 69
33 17 21
48 138 86
183 116 40
13 35 5
91 188 30
169 46 85
147 184 1
49 158 41
120 175 67
87 131 54
89 186 35
21 167 87
151 31 33
96 20 22
14 120 10
111 116 39
10 172 34
131 150 73
58 30 77
176 149 17
49 44 73
25 149 45
79 177 22
50 104 38
184 169 64
123 34 76
136 42 43
143 118 23
146 197 52
111 162 70
123 50 16
27 167 40
187 56 14
146 97 11
51 150 76
9 144 21
28 158 88
95 159 5
91 121 33
81 31 32
33 128 67
87 110 10
24 183 12
155 14 6
148 105 72
16 11 84
112 122 9
34 180 3
181 6 70
101 185 74
162 24 83
44 113 33
43 78 33
111 125 69
34 192 26
186 93 58
46 146 59
190 184 9
149 1 67
5 116 57
97 152 19
103 18 10
35 3 38
22 5 82
34 160 6
145 131 80
167 134 38
133 174 67
65 72 16
59 83 55
152 55 55
194 125 26
187 61 30
32 71 83
143 117 62
164 75 35
83 39 18
146 184 62
152 41 49
29 136 13
179 125 14
0 50 2
108 77 80
138 7 70
196 86 46
138 71 53
58 195 18
120 191 50
82 38 96
55 96 39
86 48 56
94 139 75
10 153 82
31 164 60
47 179 33
21 96 48
119 150 29
122 118 11
59 79 6
199 20 18
158 196 97
75 85 21
110 42 15
58 122 86
186 199 20
63 152 15
75 120 12
20 70 95
34 15 38
125 83 43
60 111 66
42 183 69
80 191 20
91 54 53
170 47 58
194 29 79
89 108 28
191 188 16
16 107 52
98 45 81
82 134 88
25 105 35
41 113 81
58 124 12
93 130 22
170 66 94
191 194 53
156 80 14
155 79 35
145 35 54
116 165 67
85 142 7
176 111 38
105 87 56
124 181 67
124 109 31
160 173 56
158 97 97
22 14 9
16 62 76
190 28 79
19 131 57
103 82 17
143 195 49
21 85 50
66 2 34
177 39 28
172 7 15
169 181 87
56 119 90
114 158 82
116 157 67
178 65 56
58 199 41
23 152 85
48 99 84
77 75 62
106 11 95
101 136 88
129 42 72
85 183 94
49 85 62
103 25 64
64 160 57
90 176 82
110 67 8
131 57 72
73 111 63
33 106 29
180 56 71
134 159 2
136 151 21
53 22 32
115 176 19
17 120 45
6 169 12
123 62 30
88 84 13
141 23 98
145 178 57
68 106 100
90 0 98
5 9 83
36 39 65
12 27 24
113 146 98
100 22 93
25 64 64
141 32 7
126 7 6
33 58 73
184 36 18
102 13 10
88 184 86
68 15 91
179 1 12
92 62 3
155 181 55
14 22 12
184 76 94
188 31 70
6 173 99
73 96 5
114 194 62
189 162 37
38 2 24
137 175 99
123 32 100
36 147 57
43 127 85
147 82 19
7 191 33
127 152 85
192 108 28
195 112 59
162 173 75
190 111 68
48 0 44
8 51 21
176 37 12
60 52 37
95 84 30
19 64 5
52 134 76
107 73 45
91 165 55
85 108 65
195 190 37
85 182 65
166 112 16
196 131 52
30 185 93
199 65 58
74 117 71
54 76 4
49 164 58
55 83 80
33 57 16
38 141 98
194 72 24
121 17 57
76 182 51
134 53 41
105 172 89
108 20 96
54 125 98
130 138 84
71 54 20
33 171 49
176 140 30
45 164 1
71 68 10
193 151 70
54 38 26
71 195 17
172 21 81
181 25 100
151 32 22
10 195 33
10 92 36
40 85 31
164 40 77
142 113 64
167 77 2
181 160 97
189 34 4
44 9 53
68 18 9
87 95 59
145 104 57
66 39 55
130 191 69
41 186 66
29 8 70
13 182 56
100 20 37
4 34 18
173 112 40
140 184 21
169 133 38
36 114 62
5 82 27
130 142 100
70 0 81
13 92 96
94 56 35
76 190 10
139 22 54
145 102 95
31 122 38
143 134 77
184 52 82
9 60 1
86 70 9
12 94 18
106 24 27
182 128 15
140 107 30
108 41 10
108 63 81
10 107 40
181 37 6
138 112 54
132 86 84
77 145 85
158 43 29
146 77 76
192 94 19
18 70 5
185 100 34
187 78 96
197 191 44
167 61 37
73 14 40
113 164 56
16 169 32
199 193 51
30 69 75
37 71 1
116 101 10
111 61 83
46 183 55
168 130 15
180 171 9
135 43 18
168 37 64
185 15 4
41 62 20
133 188 84
152 72 70
85 47 99
23 156 88
82 114 72
50 21 32
54 170 5
120 86 15
165 145 3
41 135 44
47 54 70
76 195 74
192 187 24
105 20 1
29 67 71
67 134 44
67 126 17
54 96 51
145 63 45
198 67 44
58 173 22
179 53 84
18 9 35
189 7 13
37 6 75
82 65 20
143 57 59
49 191 69
4 37 74
197 172 44
65 193 18
27 120 42
142 170 32
186 107 61
138 28 43
180 170 18
154 70 7
75 124 45
47 158 56
160 191 72
175 4 41
112 58 75
46 88 54
188 22 83
0 12 33
182 194 38
145 167 35
62 18 58
42 135 54
176 167 24
126 140 55
35 185 47
186 4 52
28 61 68
91 149 19
23 127 23
100 19 11
86 39 13
95 87 89
146 113 69
136 56 34
134 114 93
89 69 66
49 59 66
65 166 97
91 36 68
62 130 51
7 172 19
148 187 86
184 78 31
71 49 84
76 8 6
61 161 68
196 113 83
107 59 20
39 86 37
100 133 91
89 52 94
173 170 65
20 4 14
144 135 4
158 174 60
51 95 39
174 74 4
63 179 63
130 32 74
169 0 82
125 95 59
170 107 25
157 3 56
123 171 46
46 113 81
179 35 97
162 126 95
152 67 9
105 32 66
89 72 31
175 37 71
125 131 18
146 12 37
46 110 89
187 10 73
35 110 55
154 96 38
197 55 66
121 73 69
53 113 35
138 129 77
36 70 85
190 24 64
42 157 4
139 28 21
91 145 8
102 191 71
186 57 23
146 167 28
159 154 35
28 154 21
65 112 11
40 187 91
58 55 53
84 78 21
191 77 34
59 171 77
87 78 38
145 149 21
182 75 76
1 45 76
166 159 19
129 156 1
119 50 90
123 84 7
198 58 29
118 195 3
36 12 37
146 150 33
116 41 53
10 46 31
88 105 16
93 119 100
50 77 34
77 94 51
5 38 10
175 137 58
85 38 87
158 138 4
1 196 62
173 18 58
156 22 100
43 106 28
136 48 24
99 87 95
171 88 17
137 89 88
142 6 38
80 185 79
18 162 38
185 141 71
45 49 66
101 32 4
11 129 13
110 185 67
66 64 60
39 98 86
149 32 74
41 9 51
93 187 93
193 51 98
53 7 42
189 48 100
25 188 86
134 111 71
172 24 84
174 56 6
109 63 9
198 183 43
80 26 40
193 60 99
50 172 38
76 166 27
60 8 47
53 174 6
10 184 89
132 43 89
110 188 86
179 20 35
69 22 54
140 162 73
160 10 40
28 37 60
151 123 10
79 12 59
71 147 61
63 111 49
85 190 23
46 91 26
190 187 86
143 5 62
105 130 54
131 156 60
62 19 49
80 134 64
30 177 14
84 40 78
153 194 30
71 4 41
188 181 17
31 1 3
47 181 24
164 84 98
184 11 88
31 91 11
82 136 56
121 48 36
187 127 19
114 39 12
94 181 50
39 3 75
29 177 38
115 136 25
45 61 43
177 111 30
177 149 33
198 26 100
97 106 75
165 21 100
84 74 2
50 6 12
169 117 61
157 81 68
99 121 5
9 178 88
36 111 13
4 28 94
132 180 67
108 169 58
150 141 45
52 122 23
137 134 52
20 95 46
129 98 56
76 128 19
122 71 72
67 128 50
103 134 69
174 0 29
118 109 98
111 72 73
40 63 8
44 49 19
121 3 69
107 88 26
56 14 90
199 5 91
17 185 29
159 194 62
177 11 46
177 63 49
188 139 85
10 168 54
102 60 79
56 35 39
196 93 30
97 158 87
98 89 4
72 152 100
126 94 9
99 189 81
45 77 13
151 189 8
148 86 50
116 94 76
22 53 56
178 49 98
195 98 80
187 82 1
30 178 79
45 42 32
111 42 79
181 62 90
16 20 47
172 44 40
43 33 95
102 190 42
161 144 19
126 42 10
68 185 32
111 191 26
157 41 73
84 181 14
165 83 17
29 174 66
54 157 9
109 131 69
130 187 10
127 63 37
198 89 68
26 42 33
15 115 28
135 49 77
46 63 20
29 114 96
65 15 83
19 36 50
92 163 2
187 11 15
195 75 80
56 98 87
17 97 60
77 113 54
162 178 77
51 160 25
175 52 94
67 81 11
113 139 80
41 139 93
199 43 2
51 71 30
56 153 27
85 44 82
141 156 9
151 138 6
50 187 63
198 152 13
175 122 86
39 192 27
161 118 90
170 2 1
193 7 48
119 159 39
25 177 40
60 54 44
58 105 13
54 161 91
1 92 32
84 34 85
117 62 26
163 51 13
97 36 66
77 49 64
194 188 40
42 119 6
98 28 8
178 93 1
27 103 69
111 198 68
79 86 63
23 192 11
92 44 74
5 25 98
102 196 28
75 32 3
85 145 14
166 139 13
91 27 54
164 29 93
116 40 99
82 19 61
57 32 87
42 14 29
104 102 41
150 59 92
61 166 89
50 144 34
133 100 80
2 51 91
123 8 47
113 61 52
128 130 89
105 80 23
13 40 52
56 190 42
93 101 66
133 20 79
183 29 67
91 2 4
40 3 69
136 58 73
186 179 56
9 119 38
24 54 97
77 24 17
50 19 82
144 167 71
103 90 38
104 184 52
7 138 86
9 46 71
27 39 59
21 94 53
149 151 81
66 147 38
89 42 18
20 9 35
49 149 15
125 111 42
36 192 4
4 71 66
178 42 8
139 196 31
123 174 19
67 135 62
152 57 43
183 172 79
30 48 28
189 18 36
47 148 92
4 15 96
85 68 54
37 179 86
199 140 76
17 194 12
157 143 97
14 141 92
15 148 41
67 129 37
70 101 28
72 115 79
186 194 4
116 153 45
144 44 97
5 40 90
109 67 77
148 179 76
157 130 20
78 119 61
1 152 21
19 22 40
168 20 26
110 191 70
1 168 29
26 23 66
15 6 60
53 72 8
172 70 43
110 99 22
79 57 76
182 14 51
17 53 66
119 97 21
158 14 92
4 77 96
119 144 51
159 196 99
166 186 92
147 50 70
41 114 95
115 3 96
193 88 15
114 55 18
43 108 59
92 12 61
19 97 42
97 162 8
177 38 25
64 114 42
153 118 29
172 81 16
104 3 14
89 5 44
30 110 63
166 14 81
37 20 34
126 182 68
3 135 66
53 76 34
134 109 59
39 44 3
169 112 50
93 164 66
81 29 99
168 154 15
193 178 52
89 94 55
151 179 89
59 192 19
159 48 22
105 109 28
69 121 94
161 126 34
24 76 33
126 112 45
160 29 98
194 42 73
37 50 46
144 149 58
56 21 2
35 108 5
191 161 40
110 84 32
193 25 70
96 143 53
194 193 69
86 179 41
147 165 30
31 60 35
156 144 30
57 49 65
163 37 12
60 165 49
37 21 55
8 64 75
70 14 7
93 197 18
6 28 67
25 74 46
129 103 36
26 134 98
145 51 70
91 22 22
131 98 28
151 5 53
82 57 44
49 93 76
140 23 31
73 63 16
137 30 57
177 69 74
141 112 54
44 93 52
102 104 64
118 132 7
28 93 16
185 127 1
33 153 76
64 166 85
121 133 87
133 3 71
21 134 10
77 142 69
13 179 50
66 94 95
62 2 88
26 70 13
154 163 4
183 134 78
186 43 88
28 63 53
15 7 26
120 63 98
175 73 35
91 112 76
91 46 97
173 125 2
84 25 7
92 162 71
19 17 7
123 152 24
144 108 57
195 162 24
162 71 65
51 91 27
172 80 93
7 10 96
191 9 28
176 174 90
77 104 12
27 16 57
31 125 25
171 97 56
197 167 45
196 103 65
104 174 54
119 103 69
1 137 1
140 19 33
140 118 21
63 178 35
195 116 94
29 54 84
101 176 18
41 177 95
170 176 44
48 151 10
19 88 5
135 150 18
199 85 10
85 95 54
165 191 82
59 183 29
59 159 95
55 30 84
16 19 44
22 165 91
94 108 83
45 41 17
189 166 7
91 60 3
100 77 43
154 34 83
71 139 20
138 40 51
37 107 49
148 159 25
113 46 90
189 127 3
137 27 67
114 89 74
137 107 7
71 171 98
155 140 25
166 153 5
43 74 7
36 156 8
162 106 1
139 100 78
31 85 65
24 16 44
95 99 66
178 29 81
37 127 21
135 45 82
130 105 44
144 155 2
143 138 13
142 175 4
15 75 15
191 125 38
116 168 99
172 177 13
82 169 38
118 30 54
27 132 14
88 48 89
192 157 58
91 197 4
74 98 46
179 64 20
36 196 15
161 189 71
197 135 5
117 30 73
37 169 37
139 25 78
91 158 28
11 18 81
85 51 99
116 65 45
168 8 96
165 158 61
131 104 86
51 197 76
153 155 97
80 155 96
174 187 71
2 152 18
104 164 93
67 165 10
134 90 31
98 7 19
187 132 59
68 165 60
167 184 82
184 129 29
73 147 31
155 1 81
166 114 9
152 100 11
105 23 93
121 6 99
154 48 6
129 7 31
85 179 7
118 157 21
105 52 3
86 8 13
122 15 81
136 87 41
110 145 80
22 122 61
44 88 62
108 146 9
193 126 20
111 190 14
107 57 68
98 19 64
76 36 77
1 141 35
109 36 9
98 199 34
179 91 3
69 171 63
183 8 36
34 143 44
68 160 33
177 84 25
29 167 84
91 69 28
178 164 50
198 108 17
191 28 89
100 33 64
94 34 98
106 74 42
39 120 12
8 154 100
193 72 78
12 48 86
8 198 99
163 68 86
62 125 91
184 117 4
42 153 89
9 17 55
172 103 40
15 182 81
194 27 27
176 16 57
112 75 2
9 82 68
14 197 41
182 7 72
167 21 21
47 65 19
174 71 75
47 43 25
14 123 72
63 78 68
153 189 45
127 69 76
90 150 75
66 180 2
6 137 47
181 177 96
186 198 64
64 186 85
151 36 11
75 78 86
34 44 50
30 94 91
191 187 44
2 157 73
188 61 88
74 41 47
69 102 40
116 72 47
165 140 46
143 104 45
196 28 6
128 97 78
154 127 16
117 122 23
173 66 33
183 65 66
119 55 19
169 83 34
130 113 31
182 25 97
152 131 86
196 51 58
99 110 54
23 131 41
144 169 7
120 165 35
90 37 15
69 197 68
177 52 78
77 36 77
188 176 54
139 170 35
68 86 34
33 104 17
43 35 49
40 8 12
92 128 42
175 70 5
196 84 19
171 118 14
17 169 74
118 198 94
163 175 56
135 96 66
167 42 94
23 197 42
198 20 16
60 50 87
17 3 28
84 170 52
126 192 52
104 78 1
168 97 68
167 139 22
107 70 89
4 50 98
76 13 78
179 98 32
177 117 35
135 73 15
92 65 52
11 66 84
55 9 66
62 175 20
38 114 70
63 120 52
36 49 28
62 139 25
127 150 54
3 153 27
123 176 79
190 66 72
176 98 62
128 164 42
109 59 22
190 108 12
74 69 70
179 95 73
167 5 68
4 136 52
43 96 99
60 157 99
66 54 54
98 27 41
29 40 56
183 129 86
78 39 50
125 158 9
34 176 4
10 37 56
174 80 53
8 4 69
143 61 12
111 157 94
33 61 35
9 152 68
74 191 83
31 38 40
161 168 66
161 38 63
26 56 39
24 40 93
198 114 2
116 108 37
114 70 92
133 101 39
108 51 48
79 53 81
11 193 41
127 10 79
110 106 31
124 106 99
26 87 94
13 178 96
37 158 35
79 122 99
19 69 36
121 183 28
170 139 58
21 186 54
186 111 97
21 25 97
32 114 68
30 108 32
3 160 7
104 177 19
173 20 36
86 178 34
118 131 81
185 85 25
22 171 44
184 91 91
110 190 11
168 198 60
105 174 54
31 154 15
103 165 61
99 5 28
176 7 2
113 81 40
185 195 36
101 91 56
196 142 20
96 13 23
173 188 48
135 167 98
53 131 2
147 95 94
171 191 90
26 88 39
154 188 74
177 107 53
17 107 93
90 72 72
125 80 68
108 167 23
81 181 74
45 193 19
161 123 95
155 28 57
14 45 56
7 58 62
134 68 98
135 50 10
97 25 51
12 47 100
118 77 45
181 89 30
3 43 53
99 67 83
0 163 31
158 55 83
78 42 14
96 101 49
160 186 46
90 103 67
162 53 43
141 86 52
83 186 77
112 67 89
44 133 36
49 115 40
159 136 79
63 197 22
79 13 84
142 145 71
149 70 20
100 172 65
100 41 69
172 168 22
56 78 58
63 24 16
138 57 74
46 8 93
135 148 42
152 83 3
38 105 42
50 76 12
147 176 78
39 121 83
186 2 69
146 6 60
40 56 58
14 93 95
83 98 89
17 87 87
189 40 93
56 136 57
158 179 8
37 13 34
32 117 1
183 84 40
27 13 17
69 15 20
41 130 72
5 161 30
90 109 51
55 6 56
121 65 40
156 23 25
156 133 37
64 147 51
102 134 74
117 181 58
184 13 54
49 102 58
53 3 94
50 91 23
25 49 44
116 100 91
112 77 34
185 14 66
188 182 78
137 73 36
152 48 49
44 40 96
27 176 100
183 9 52
60 83 58
86 156 68
66 84 60
174 143 34
177 26 84
162 121 68
77 48 51
107 153 41
175 187 11
31 155 51
66 134 42
168 120 26
199 177 50
151 41 73
8 177 56
170 41 37
139 29 75
66 51 46
198 102 38
109 152 85
90 34 80
63 153 89
133 112 86
95 115 55
47 39 40
109 151 100
35 8 6
30 99 87
149 39 57
184 16 45
37 148 22
109 51 26
113 134 51
153 13 61
34 198 99
53 93 7
173 6 85
142 102 84
141 127 20
181 137 70
166 36 9
184 154 11
176 62 31
54 130 65
97 46 37
81 189 68
183 136 61
46 76 9
94 11 87
175 82 98
4 138 16
137 116 7
89 132 36
153 99 46
16 10 90
148 94 18
148 6 15
90 134 87
47 30 44
21 30 37
18 116 24
160 138 76
5 139 62
97 28 37
189 75 94
100 45 8
122 136 3
44 104 28
8 36 35
180 15 17
78 176 67
185 48 22
20 110 81
25 27 45
119 113 35
121 45 37
91 131 41
97 118 14
98 187 31
191 111 86
133 168 3
19 93 100
11 80 19
32 112 82
173 45 89
25 83 48
116 111 15
89 153 7
148 96 91
93 1 27
43 184 83
83 134 87
178 21 6
63 119 18
7 22 52
88 121 36
54 128 65
190 93 21
171 142 35
148 53 50
182 193 3
72 154 66
54 63 27
186 163 79
196 23 72
16 139 69
199 45 72
7 152 6
187 74 12
119 170 65
190 74 22
98 136 44
49 81 61
86 51 97
66 136 45
63 105 74
89 66 50
25 59 48
31 150 5
75 39 87
116 77 79
199 21 49
149 161 31
160 190 93
142 16 33
54 57 77
104 112 8
111 23 17
35 56 78
55 2 22
134 17 43
31 102 77
42 143 56
9 195 21
14 112 29
164 49 79
75 178 82
112 182 36
40 121 55
17 127 1
86 81 20
45 97 16
80 123 80
199 152 18
26 109 9
23 181 94
107 58 86
175 11 29
105 161 54
41 172 30
48 52 41
166 173 64
187 81 100
194 191 47
1 193 5
39 29 91
165 109 90
84 37 53
123 110 92
77 92 100
20 195 46
192 75 98
115 158 44
197 3 90
198 83 55
156 94 92
190 142 16
13 161 81
159 72 28
30 6 33
103 116 20
63 151 62
128 193 93
134 156 37
36 187 81
113 128 13
114 167 47
31 36 8
123 147 24
159 15 41
0 79 61
190 72 92
150 46 38
124 81 16
71 35 97
123 169 38
89 107 54
17 148 74
139 80 90
194 199 35
139 178 70
169 65 25
157 138 91
13 43 97
78 166 99
126 45 99
76 175 66
69 186 44
170 67 7
67 198 55
139 38 17
107 2 28
167 147 3
5 46 39
151 81 59
97 156 67
149 73 6
42 178 89
45 196 56
4 128 55
33 68 98
55 97 34
11 127 94
38 117 92
105 65 84
3 53 44
93 71 8
67 141 34
78 6 28
28 143 99
166 4 40
194 45 63
124 90 2
15 97 67
128 27 92
106 119 22
185 125 40
102 63 54
177 95 5
134 27 58
16 197 85
165 2 27
172 145 46
42 0 79
37 94 63
158 135 29
97 167 5
128 131 40
168 84 73
185 165 22
40 138 89
141 64 93
2 142 85
116 188 91
131 165 24
6 93 38
179 126 15
63 58 15
161 110 93
79 160 79
105 97 69
43 124 12
39 130 94
46 50 44
146 171 29
35 63 54
62 71 75
24 111 5
61 4 70
20 150 35
30 8 41
80 96 14
71 69 33
158 137 63
43 89 71
18 187 62
113 32 62
15 13 67
172 182 29
92 123 5
195 176 60
13 144 87
89 78 7
73 159 55
6 191 71
179 4 48
172 139 16
116 102 70
119 165 46
6 68 33
93 191 32
2 71 21
47 98 99
114 100 17
38 178 48
46 173 19
4 45 68
183 109 71
163 75 37
181 58 79
165 150 64
194 179 37
125 122 75
181 167 80
10 112 78
15 122 66
13 105 51
68 109 39
190 134 19
17 42 39
122 18 73
1 163 19
15 107 35
183 137 55
99 141 20
150 81 63
78 91 81
38 81 31
5 124 6
85 171 89
192 46 69
14 72 59
187 177 67
72 168 65
153 46 38
173 58 11
178 127 73
138 17 53
11 57 38
58 121 100
197 141 37
12 169 91
106 158 14
45 159 40
141 53 53
196 102 86
131 157 92
91 18 21
52 41 91
30 56 55
130 183 54
198 119 29
83 139 30
119 9 49
148 133 75
74 134 95
128 141 25
150 4 25
161 33 50
78 61 77
12 85 35
154 160 48
183 59 90
159 181 21
105 61 22
98 159 19
42 185 27
118 46 13
64 190 16
147 90 74
174 14 58
179 175 45
39 131 17
191 115 11
132 9 80
99 150 26
22 196 29
91 79 8
22 2 4
13 122 39
141 0 67
123 22 43
58 25 13
59 168 57
149 131 21
160 193 12
118 16 81
8 52 54
42 141 79
26 137 64
136 95 56
197 112 72
54 114 36
199 174 99
61 107 55
92 199 43
87 106 43
54 168 93
146 168 47
143 121 34
175 124 89
99 21 37
85 176 47
97 135 20
81 172 3
50 113 64
166 80 76
33 85 67
57 83 25
108 187 58
161 120 83
54 28 41
5 7 24
167 48 20
145 40 26
8 79 98
196 161 25
96 60 30
21 119 49
143 75 45
138 174 82
124 123 47
11 187 62
78 137 41
163 105 92
74 162 99
61 60 59
172 64 1
0 32 76
92 157 60
186 32 12
57 46 62
180 109 18
156 136 27
106 130 9
58 57 59
170 24 71
109 124 2
59 139 12
14 81 94
5 91 22
187 86 11
83 189 5
21 117 47
188 6 10
102 176 4
151 34 37
186 147 69
14 46 77
176 14 54
184 171 6
54 95 76
144 114 40
81 151 19
156 71 93
94 101 61
72 114 26
7 150 76
67 189 43
69 80 18
142 108 92
140 133 68
94 122 78
29 128 84
19 44 4
17 91 42
165 123 32
133 76 97
181 30 84
197 133 66
53 90 12
177 3 70
21 69 30
176 110 67
27 179 19
148 110 46
50 16 38
154 19 5
45 143 90
182 195 35
129 20 92
112 6 95
199 102 10
22 136 63
50 146 40
78 129 73
50 157 34
51 191 88
159 109 46
187 162 70
31 44 22
122 73 88
26 48 13
123 55 83
86 5 12
192 164 18
177 62 24
146 10 35
121 132 72
179 74 73
135 142 72
55 38 21
13 72 87
26 16 82
54 162 30
117 112 77
146 172 30
99 90 25
25 137 81
126 180 35
188 150 90
13 115 22
64 120 37
59 117 5
144 6 78
106 88 56
35 98 67
50 180 41
46 27 30
23 170 30
4 65 50
187 16 40
197 87 59
159 51 10
112 36 8
194 159 51
185 8 88
9 68 91
65 174 4
91 130 17
106 166 46
64 181 42
33 136 1
177 6 80
100 76 32
57 150 35
137 83 35
32 186 35
7 112 51
118 170 49
117 147 28
147 79 43
136 24 90
106 8 39
14 27 33
196 46 37
186 125 15
49 40 25
157 67 11
116 167 33
81 5 27
123 177 4
47 82 43
110 2 30
175 57 16
197 73 5
7 57 33
98 177 15
81 51 4
194 74 39
50 140 88
148 87 69
54 67 59
22 28 29
51 42 55
27 47 3
98 184 78
34 23 14
66 56 32
16 151 22
96 16 54
196 11 92
111 143 80
85 114 20
53 44 67
88 72 77
108 52 49
62 76 60
176 116 1
58 93 33
166 13 18
123 31 85
131 70 88
48 178 96
128 149 53
113 66 31
63 143 75
14 78 52
114 189 94
21 1 64
143 178 75
193 0 97
0 45 48
42 44 20
94 16 7
159 104 33
75 171 5
121 67 68
78 58 99
47 197 84
198 7 97
21 139 41
88 1 81
130 101 66
140 130 75
32 50 26
175 49 46
192 42 7
173 85 42
174 150 77
109 164 39
194 161 39
116 61 40
112 7 16
71 7 64
139 30 26
113 145 77
199 151 80
105 68 63
145 152 3
199 197 44
72 4 83
25 168 13
87 10 56
14 186 21
51 18 62
12 64 27
124 175 89
52 128 8
82 155 91
49 28 25
178 198 99
151 57 84
28 114 49
174 141 65
122 189 96
56 163 60
173 138 55
78 65 88
140 195 44
98 57 40
118 129 57
8 23 55
113 3 17
155 132 33
85 94 85
159 155 5
140 79 57
45 12 34
131 199 47
165 93 89
75 187 93
59 63 24
192 166 82
135 2 24
181 75 23
101 141 53
110 177 54
88 31 75
194 11 46
95 137 44
29 188 43
22 192 46
2 95 14
20 169 79
31 70 54
177 193 98
31 111 19
113 185 30
30 87 40
60 11 7
86 50 78
39 110 55
129 120 33
121 32 39
2 84 83
166 127 48
45 197 42
87 160 65
107 10 31
130 53 86
43 188 83
199 116 29
141 115 87
112 49 16
36 171 47
181 7 45
158 56 89
136 53 32
24 181 39
134 166 65
69 111 4
9 54 94
135 198 91
107 154 72
107 11 15
126 69 77
116 155 88
154 53 23
24 195 56
199 35 8
122 187 27
137 79 34
118 193 55
20 48 50
178 85 11
65 7 65
120 26 13
143 100 99
190 160 70
172 123 36
114 64 18
103 86 5
68 189 96
180 94 9
187 164 79
30 192 4
121 143 34
56 165 72
58 111 17
21 141 94
127 90 88
146 192 51
171 120 7
60 132 21
156 108 99
134 170 70
63 9 60
67 77 42
80 19 74
47 72 6
138 199 2
147 64 9
63 4 75
143 62 44
126 157 69
37 82 79
12 136 88
76 69 74
16 42 53
126 123 30
181 158 72
161 139 47
117 36 64
129 160 100
195 124 80
7 141 2
163 39 74
162 154 85
19 47 26
181 132 51
134 131 32
83 140 64
0 67 17
126 176 60
44 58 12
73 88 42
159 125 87
182 169 4
101 38 66
145 99 25
2 118 96
176 159 92
38 191 29
154 196 91
74 46 79
39 89 1
172 141 71
187 4 19
58 127 56
149 185 93
20 129 61
194 60 35
153 108 37
76 33 1
2 146 63
149 62 35
197 104 47
71 149 2
35 112 2
16 133 76
178 191 44
103 62 99
81 116 27
69 19 85
165 52 4
171 71 38
149 3 95
78 75 66
174 50 40
86 35 6
0 117 34
84 41 9
76 40 3
30 152 49
183 105 24
189 85 8
26 103 53
8 49 68
127 3 59
123 95 18
32 82 13
96 193 46
56 194 91
190 77 59
140 159 1
90 60 88
173 179 53
99 118 91
49 130 30
155 74 57
101 80 66
122 152 73
149 133 95
49 82 72
178 136 25
53 12 60
169 119 41
58 156 72
167 161 46
51 118 31
106 132 94
139 145 71
185 136 23
78 14 26
99 31 88
18 25 94
13 165 45
171 32 91
69 81 82
169 76 16
121 4 51
156 143 8
31 197 93
150 54 25
24 134 15
8 156 84
117 33 39
139 66 23
116 33 53
145 163 24
80 113 9
75 33 82
3 35 85
16 115 33
178 84 49
108 185 38
70 157 73
7 60 44
75 129 74
193 30 52
42 60 8
6 123 17
116 19 96
86 130 34
134 24 18
59 98 89
73 60 48
142 160 62
92 85 7
73 108 60
184 70 58
23 110 88
115 88 22
125 94 50
91 174 63
184 48 72
24 35 4
157 64 84
81 110 97
126 104 44
184 192 89
63 161 17
167 81 58
132 3 64
194 76 48
122 78 82
78 5 43
90 48 76
197 130 37
198 169 6
105 98 33
18 104 16
22 76 14
31 138 97
183 189 73
67 14 64
102 125 20
0 173 77
20 149 1
101 90 91
31 181 74
104 183 61
199 64 74
36 190 90
32 148 23
196 60 74
144 170 17
9 104 51
53 139 83
108 1 67
44 163 61
74 19 85
93 32 44
8 125 37
127 75 96
161 196 66
130 87 53
130 121 6
141 128 30
154 11 41
8 144 21
43 42 56
126 120 22
199 37 21
94 104 89
46 115 5
51 114 36
67 42 19
139 9 68
190 50 59
155 162 26
84 30 91
119 114 15
98 129 74
172 113 30
29 45 61
72 97 3
79 83 52
162 69 87
164 143 65
180 57 17
98 124 50
172 189 22
28 50 33
178 6 95
4 113 40
100 188 61
174 123 52
90 43 52
173 123 65
149 45 53
31 123 63
78 180 80
143 93 35
136 117 63
62 140 100
157 149 52
122 162 43
99 123 96
68 150 3
34 79 83
125 196 9
143 176 9
53 78 25
103 59 84
108 73 50
130 143 58
63 25 79
46 35 35
132 30 69
174 133 29
15 58 86
41 11 48
29 102 58
41 147 61
15 144 93
117 121 51
96 39 75
146 65 81
183 64 96
91 52 27
46 81 30
138 88 85
152 184 74
36 162 81
157 101 54
75 115 70
10 180 26
64 127 47
183 36 51
155 109 21
166 158 54
199 181 20
157 18 91
15 43 84
104 87 85
174 158 88
36 161 81
49 122 38
38 148 48
97 136 16
126 48 43
145 101 48
12 149 93
132 35 44
105 70 81
157 48 68
151 115 57
73 171 21
178 142 65
18 145 98
76 26 65
20 181 42
83 192 32
140 14 18
99 72 50
58 117 61
72 32 62
102 116 69
8 15 97
89 141 10
67 119 15
56 28 29
33 15 5
62 180 51
108 116 70
97 176 54
193 166 44
68 190 18
144 110 8
103 137 84
181 151 38
129 2 41
104 141 82
81 41 10
105 157 21
190 102 43
117 24 4
154 21 7
109 181 60
56 5 90
114 154 84
174 144 22
26 119 60
18 134 21
7 61 86
148 181 3
170 180 83
14 148 38
126 16 68
153 161 15
132 176 33
189 179 30
3 90 70
138 190 84
137 23 4
20 89 39
62 176 27
177 126 51
162 143 30
9 42 56
133 14 68
53 180 57
170 112 53
187 124 82
86 77 23
133 50 94
162 152 75
114 118 76
107 54 43
130 112 88
50 193 24
68 122 80
1 124 84
123 132 59
13 121 37
123 187 85
172 34 29
73 31 59
89 56 36
195 136 27
193 93 37
175 12 9
7 114 96
6 132 91
188 7 20
103 8 5
97 14 46
177 66 77
191 39 83
124 132 80
146 93 73
179 85 51
184 137 17
195 53 24
12 33 80
68 124 17
62 56 17
148 8 48
33 75 46
73 49 20
103 27 73
88 73 95
95 26 19
153 24 62
174 164 94
120 15 97
191 156 9
175 128 72
194 104 98
54 94 86
32 96 21
124 177 8
121 139 77
116 147 45
132 44 83
61 137 71
106 44 24
124 148 59
94 194 30
12 160 11
139 101 94
105 33 4
129 165 25
98 180 35
158 39 36
32 190 22
170 125 30
162 1 34
59 34 29
123 193 25
94 20 55
6 18 9
75 169 32
130 107 96
132 67 71
42 27 57
162 107 68
118 177 35
89 1 90
7 173 67
87 104 39
164 186 31
143 163 93
85 159 10
58 125 97
72 18 75
141 174 74
77 57 66
59 151 47
38 4 34
157 21 32
120 170 81
160 122 67
35 64 55
67 166 85
156 96 3
166 47 11
108 28 72
117 128 51
76 104 19
43 152 72
41 16 70
114 36 58
18 182 26
27 129 58
32 18 94
40 110 4
98 102 44
16 113 47
4 186 100
44 117 68
184 162 2
191 47 75
50 170 1
70 13 56
8 123 83
64 167 58
145 47 36
28 164 38
107 147 31
91 13 65
188 20 62
180 146 57
3 51 53
105 164 97
8 17 96
192 57 31
106 172 81
186 94 75
99 66 64
7 27 84
7 169 14
70 50 8
123 150 46
145 7 92
6 146 10
126 98 43
72 180 56
130 144 40
31 58 28
108 0 28
24 44 76
105 44 17
198 160 17
96 157 58
66 82 57
161 170 78
74 48 21
197 187 96
139 112 6
139 58 81
10 144 84
139 181 96
22 119 45
169 29 67
58 146 31
46 6 38
190 101 58
91 61 100
142 157 37
166 20 62
145 139 19
58 13 55
85 126 4
183 125 90
71 166 78
0 78 19
80 0 67
143 161 43
125 62 70
152 74 84
95 195 20
128 136 47
0 44 94
42 61 41
39 198 27
0 66 20
94 37 7
143 10 36
59 29 12
20 56 54
5 19 89
158 177 57
41 144 17
83 109 39
126 19 96
104 75 52
175 148 45
166 24 76
75 28 14
124 3 9
150 138 24
76 0 14
174 172 45
122 47 36
38 184 85
194 112 14
15 113 95
159 120 53
180 18 40
116 162 62
170 145 71
152 18 78
3 132 17
43 23 41
145 155 56
190 105 8
50 107 16
62 41 23
80 101 75
121 50 1
139 156 50
163 177 97
46 36 46
118 19 43
101 113 74
4 43 97
126 161 39
150 96 77
130 77 66
179 160 18
127 58 7
110 68 32
197 84 20
98 117 86
168 104 59
72 74 25
16 81 37
103 36 75
192 24 72
44 149 38
87 72 11
78 53 80
51 64 49
100 92 63
86 46 50
143 197 55
59 89 62
161 47 25
93 176 21
112 111 61
53 175 4
150 73 44
95 109 44
12 145 9
59 11 6
159 70 1
177 56 40
119 187 78
82 101 57
145 108 50
116 121 15
179 139 41
29 77 2
0 124 62
188 109 67
53 96 79
98 146 20
122 69 17
143 181 22
40 52 99
35 52 25
2 144 74
123 138 70
51 137 45
119 131 37
139 113 64
98 22 65
156 36 73
108 131 46
31 92 27
93 78 89
55 163 23
125 161 72
127 8 57
148 45 49
38 27 80
15 193 5
145 32 100
6 130 74
43 49 21
73 64 83
1 22 69
167 53 64
71 23 48
18 193 34
48 28 73
53 151 6
100 29 36
151 154 22
124 159 48
37 155 73
150 116 87
7 175 50
156 29 41
28 75 44
127 22 17
43 196 60
150 89 7
99 134 7
58 28 49
176 22 42
32 77 24
111 15 15
183 77 54
89 79 99
184 27 18
174 195 74
74 63 3
27 5 71
197 14 28
151 184 55
199 55 60
197 16 26
81 150 61
149 87 96
186 97 54
95 29 49
45 63 11
156 27 69
64 83 43
14 196 1
31 105 55
83 19 80
189 39 40
198 12 30
77 128 15
142 121 38
84 192 2
65 197 99
73 41 78
20 65 32
68 27 3
40 72 32
177 118 70
66 29 75
118 123 90
174 140 51
29 66 87
199 60 36
90 85 53
77 185 9
1 27 93
1 53 39
102 161 48
117 120 64
95 103 94
163 48 89
54 169 93
118 136 59
101 105 70
96 34 9
28 180 41
126 15 27
109 55 67
88 108 7
186 27 48
78 112 70
81 66 84
139 37 80
110 38 73
146 180 96
176 181 51
142 78 24
93 126 91
81 179 50
27 138 86
190 189 30
72 49 52
120 155 14
198 17 46
98 142 63
98 41 86
73 82 68
21 105 40
76 146 46
184 2 26
154 71 5
30 165 70
108 192 53
128 140 62
171 110 95
17 108 73
30 120 88
132 8 90
161 156 69
156 180 93
179 197 6
21 24 46
15 157 45
11 145 7
193 146 57
100 47 37
168 21 86
53 173 66
186 72 95
54 50 80
5 36 37
23 163 84
162 155 85
65 33 66
141 24 15
101 157 2
49 78 74
14 91 48
73 72 74
73 3 72
47 112 23
190 121 11
163 6 25
96 52 47
140 128 96
111 141 64
88 174 17
92 66 64
102 91 14
3 18 18
9 97 86
164 41 28
115 104 15
20 72 96
28 170 5
15 175 72
2 69 7
60 56 24
144 113 15
167 47 20
114 141 99
12 14 92
80 16 5
182 39 50
19 194 86
198 35 66
172 25 54
105 30 52
152 113 69
142 162 72
175 114 39
113 117 69
42 125 49
56 192 51
94 154 26
141 70 12
190 193 96
31 139 86
101 140 19
57 3 91
175 71 81
12 113 61
190 159 66
128 92 88
103 22 16
76 79 78
188 83 35
194 30 74
116 3 61
175 38 11
197 146 25
107 94 29
154 65 89
121 19 91
27 61 80
37 87 84
26 148 35
33 170 15
128 108 18
122 31 49
82 119 8
36 151 48
101 135 71
90 113 34
160 60 63
82 157 3
139 133 20
169 10 36
189 197 73
52 144 13
54 73 55
114 60 42
60 23 49
144 74 62
125 23 2
32 152 65
148 162 84
69 168 60
98 4 96
153 38 41
183 163 26
165 87 29
122 37 24
194 111 72
161 166 26
2 116 36
67 148 53
15 133 57
70 85 100
47 164 29
145 22 86
179 170 47
39 78 98
144 25 91
35 5 17
63 51 78
35 188 64
191 131 46
115 41 15
56 134 27
161 175 91
32 162 7
194 53 41
121 66 13
5 94 45
125 130 85
163 45 27
46 132 68
110 86 28
142 34 22
180 35 96
71 73 66
75 46 75
36 91 1
183 85 44
46 40 6
43 157 21
143 109 87
78 1 58
193 199 35
171 198 1
50 10 48
122 70 63
71 175 85
125 149 23
198 93 62
161 92 93
199 107 56
99 81 10
109 188 95
170 58 100
59 127 52
134 8 40
190 20 28
1 146 6
115 38 24
31 83 79
37 32 54
17 70 62
138 51 95
106 125 95
135 184 11
78 174 64
103 178 39
117 11 62
4 17 48
67 186 40
78 181 43
24 92 12
33 186 2
59 121 25
184 7 11
138 74 43
161 103 27
183 176 12
10 14 95
154 131 27
33 129 5
12 79 49
170 26 76
76 114 53
25 5 85
11 157 68
131 153 47
142 192 74
128 138 38
36 123 10
115 151 40
177 61 72
81 161 58
26 52 97
152 120 54
162 13 66
73 114 89
140 151 33
64 184 94
63 192 4
49 54 1
43 86 5
71 98 54
93 159 8
168 52 41
22 29 31
9 7 65
29 12 70
146 73 54
90 39 16
107 136 19
150 87 19
159 8 47
16 29 66
144 27 19
30 95 18
170 64 71
17 6 40
174 73 2
141 109 75
124 187 77
47 145 19
138 121 83
0 94 56
143 186 88
193 68 36
132 125 100
100 164 54
149 4 21
50 175 32
177 59 33
60 95 10
143 54 96
134 177 94
168 135 72
124 101 67
125 52 71
81 50 60
161 7 96
96 93 86
147 110 67
40 109 80
89 191 7
198 168 92
134 16 85
66 27 95
6 160 94
182 29 58
141 167 14
11 177 21
16 48 90
38 173 22
199 184 59
143 150 74
40 158 67
71 129 77
180 195 84
139 187 42
173 143 87
180 12 13
169 53 61
96 135 38
65 56 47
99 136 94
77 69 24
153 74 39
22 160 98
196 114 39
25 169 36
197 109 99
106 86 4
97 190 31
55 62 2
40 116 72
27 107 5
179 75 82
124 64 12
101 62 76
83 38 16
27 9 89
103 182 25
92 19 81
84 72 92
171 144 83
163 15 88
116 194 64
152 0 61
195 73 41
36 103 69
38 198 62
93 162 73
117 99 79
82 47 51
87 73 15
149 8 88
12 176 95
179 18 35
67 61 12
145 166 31
99 10 63
144 142 33
63 125 14
146 89 90
181 86 31
33 39 32
185 86 11
142 10 2
175 63 71
134 150 74
128 87 97
196 193 57
75 40 59
184 86 18
113 176 43
55 158 38
146 132 8
65 159 88
183 21 6
7 80 21
197 57 60
151 113 17
87 182 13
45 146 25
194 114 47
112 126 77
86 151 14
134 194 45
25 178 12
198 131 82
70 8 20
114 72 73
38 110 37
157 42 29
133 10 80
114 45 69
45 10 3
140 29 37
18 170 40
34 41 49
136 146 37
154 29 79
44 38 80
118 196 75
5 63 70
20 52 72
2 33 89
29 70 32
37 4 78
19 185 30
163 131 75
19 66 57
12 23 21
42 89 18
191 13 73
134 165 47
136 19 87
28 95 31
85 153 72
61 111 41
85 16 18
109 47 79
189 17 86
128 31 16
34 82 52
156 43 69
12 134 55
29 138 35
48 8 74
143 190 96
102 17 6
95 41 86
80 9 83
194 115 83
44 26 5
184 110 46
26 74 35
166 180 66
133 191 2
29 125 75
110 127 82
37 106 18
70 174 25
83 17 66
106 100 89
95 147 29
59 72 45
171 64 47
21 42 42
186 152 80
78 11 66
138 64 17
159 47 34
155 44 24
39 51 74
61 177 60
46 34 9
20 62 68
131 155 37
100 109 37
199 191 30
153 195 21
40 76 12
122 140 47
186 101 12
150 60 78
159 191 68
53 87 27
51 177 6
185 92 7
189 100 11
31 67 13
96 2 68
126 99 36
182 21 61
64 143 34
30 167 6
129 115 72
27 189 48
41 61 99
43 117 74
11 103 22
19 192 66
106 113 38
40 104 78
2 55 74
99 146 32
33 184 96
107 44 70
22 8 61
51 75 31
70 137 83
113 1 38
114 32 99
112 10 65
176 61 85
16 189 81
196 88 87
153 181 2
43 5 84
34 141 22
192 152 58
123 119 89
137 49 23
180 78 91
74 18 38
67 188 80
150 32 1
20 1 37
73 16 61
54 85 77
195 134 25
101 88 32
89 6 16
5 111 60
12 150 88
15 37 96
132 189 47
171 161 39
162 184 57
193 21 29
74 27 25
185 168 61
87 126 44
152 181 16
115 194 57
72 52 63
121 93 58
93 79 71
176 131 75
5 92 82
36 59 31
25 154 12
90 135 89
199 29 67
101 52 65
40 103 53
197 79 12
133 25 97
26 85 69
40 74 82
81 171 63
80 109 99
107 31 9
134 82 24
109 100 47
97 181 81
164 85 38
199 143 44
46 80 35
148 14 85
66 92 47
118 191 85
62 162 91
131 45 82
38 115 52
0 134 5
8 195 23
28 91 41
66 186 72
39 102 85
32 163 90
197 58 29
155 180 97
46 99 55
123 141 34
54 135 94
92 133 44
9 171 14
170 146 51
17 98 36
72 182 100
111 22 27
186 181 79
145 128 75
74 101 14
167 149 37
151 80 66
104 29 87
27 118 73
6 32 28
140 100 70
117 91 64
27 143 32
131 64 85
140 59 12
128 165 6
37 53 72
76 133 36
149 12 19
198 47 30
158 109 74
65 185 9
11 43 2
28 66 34
109 116 11
1 34 40
186 117 54
113 184 75
120 55 41
51 154 47
121 146 50
61 121 70
124 8 44
97 191 17
42 30 98
72 145 11
183 169 31
64 148 44
58 62 56
149 125 75
165 131 84
102 170 3
97 76 39
149 166 92
98 5 25
73 101 23
28 163 70
169 67 21
52 142 96
146 155 18
38 168 95
104 80 4
105 5 13
121 108 33
195 155 97
172 69 89
170 55 22
152 101 13
193 152 95
87 136 86
159 147 18
75 144 91
123 56 10
193 22 77
21 198 73
10 28 28
93 148 36
5 141 1
136 51 52
170 92 77
79 68 87
110 51 24
71 89 85
170 140 54
9 67 39
153 68 27
163 178 97
14 92 84
164 18 70
72 162 96
15 196 72
40 107 15
3 70 26
67 184 76
185 88 80
155 196 75
2 166 29
39 6 17
43 48 51
0 169 92
172 124 62
145 100 34
90 13 28
128 183 78
77 93 51
150 65 93
132 148 100
61 5 57
179 182 1
136 33 47
26 20 78
171 43 53
44 154 28
25 117 91
131 118 2
147 48 4
86 63 34
53 176 95
125 141 34
8 140 20
118 158 79
190 114 92
149 165 21
90 155 87
160 17 83
164 94 16
38 66 10
5 148 13
177 89 66
163 28 78
186 47 99
77 118 89
147 108 97
17 22 48
116 25 70
16 178 20
174 51 98
55 102 65
166 10 43
16 84 19
163 125 99
146 51 38
11 42 82
7 124 49
191 114 26
84 17 43
52 32 13
51 44 93
21 28 96
193 55 51
179 34 68
91 141 38
175 13 65
62 107 71
55 144 89
66 108 67
181 51 5
145 79 2
189 30 25
49 188 78
190 13 89
37 112 36
173 152 78
180 196 4
137 54 98
135 27 25
90 119 39
50 63 95
85 107 28
6 115 41
29 146 75
60 37 58
47 119 80
4 18 18
4 80 35
38 139 78
18 97 89
61 181 17
20 122 100
133 16 23
125 70 34
42 167 78
146 20 95
53 18 42
61 12 47
174 99 52
108 117 31
74 133 67
129 86 58
164 95 68
98 156 93
98 96 12
2 23 44
189 164 22
156 163 52
86 93 66
112 31 100
147 128 69
138 108 50
113 70 11
162 87 50
17 198 31
91 180 7
114 136 75
9 114 26
118 147 76
5 163 62
111 82 1
184 103 50
154 152 90
144 152 91
169 6 91
135 22 10
91 82 1
188 101 44
184 197 20
143 128 59
47 194 47
179 116 70
96 51 52
180 26 43
103 162 5
77 176 86
68 127 86
129 153 20
62 82 23
34 81 3
4 42 92
107 77 49
152 49 9
137 132 71
54 71 25
55 133 1
56 173 53
164 70 13
64 74 25
132 81 66
44 28 97
85 24 10
96 77 9
179 184 53
162 169 70
11 173 23
160 51 65
77 169 81
78 77 56
40 155 7
16 15 86
152 31 45
62 136 33
28 177 76
126 75 65
15 56 2
12 1 61
46 95 42
49 24 17
179 183 59
38 69 99
40 101 62
52 0 67
186 188 56
149 66 65
65 94 41
9 141 75
113 72 93
44 5 95
66 192 19
51 102 84
101 121 14
196 40 95
81 194 41
190 63 1
29 148 1
54 194 71
188 196 49
7 199 57
134 146 7
50 23 23
183 12 64
131 179 51
37 131 7
103 37 28
82 131 12
72 33 71
89 136 35
18 93 91
85 97 65
191 21 44
19 144 86
92 165 40
184 183 64
105 21 71
179 169 80
47 150 17
159 179 14
40 44 31
115 57 27
133 121 96
32 86 60
185 68 51
100 150 39
81 107 83
76 109 36
63 92 75
55 149 19
100 111 5
168 15 16
157 6 83
49 135 98
167 165 72
119 179 93
30 89 39
196 92 30
59 48 73
127 182 38
82 125 95
60 103 62
104 55 61
10 53 92
76 176 56
136 66 56
2 25 99
37 98 29
187 178 55
34 121 93
142 104 33
143 139 12
105 53 68
191 167 27
122 39 6
46 134 65
119 110 23
24 60 81
25 156 25
4 164 39
189 158 5
147 158 91
139 47 27
36 143 38
91 104 69
10 88 72
67 108 47
180 80 100
150 155 74
162 3 58
137 38 46
135 104 72
112 197 74
108 166 28
74 35 14
108 92 18
113 4 76
67 13 87
171 8 80
85 154 77
4 190 53
84 110 96
143 7 13
149 138 65
89 49 82
174 66 36
90 31 41
198 72 76
169 192 77
100 39 50
119 146 76
72 142 19
189 112 4
145 195 49
174 105 39
185 158 69
5 125 85
198 190 100
132 171 52
190 65 62
125 160 72
81 28 32
28 92 72
29 86 36
177 171 32
30 129 13
136 80 56
176 73 4
46 153 20
8 46 24
166 79 42
89 84 93
88 112 42
9 65 41
176 193 17
119 36 64
114 142 35
154 84 64
180 174 80
146 46 75
195 199 37
160 33 83
99 190 73
30 16 50
126 116 86
65 52 84
138 152 40
144 82 100
56 51 63
147 72 56
166 62 97
32 187 90
32 119 2
164 87 55
145 43 98
67 156 39
165 197 18
199 170 48
113 192 13
5 17 23
127 189 29
2 173 55
71 15 50
17 55 86
135 118 74
180 48 69
100 194 82
101 75 64
26 115 44
96 120 85
69 160 61
116 57 68
42 199 60
6 183 10
167 15 19
79 153 83
45 168 30
11 58 86
116 146 88
139 23 34
82 75 28
12 157 78
30 148 15
144 49 71
102 106 39
116 150 29
30 146 80
109 149 87
10 176 96
88 140 51
63 89 87
157 178 13
161 122 82
199 114 60
5 157 9
153 129 36
80 74 57
144 46 50
48 142 47
155 95 28
35 29 88
101 173 35
52 113 18
10 3 51
18 73 15
106 15 43
179 56 92
180 187 19
26 175 14
24 154 50
156 1 84
73 93 67
91 187 100
17 189 33
119 88 14
154 72 45
174 5 18
142 43 89
185 116 51
32 129 23
77 47 19
185 160 53
178 38 50
53 71 39
161 124 68
88 8 40
70 112 69
48 114 8
195 4 87
50 11 10
136 143 62
122 100 86
170 56 71
79 56 41
124 19 97
27 6 35
89 63 55
14 160 16
145 8 97
173 59 34
128 24 68
199 27 24
38 55 16
194 117 18
27 102 66
47 160 94
86 196 57
162 182 32
113 80 21
178 105 92
30 83 62
33 130 44
74 126 34
71 174 1
94 160 36
177 142 97
62 143 12
109 62 27
86 199 26
136 126 85
122 1 19
44 188 67
5 137 22
82 138 37
40 147 6
148 123 61
103 58 77
185 154 56
191 158 6
68 197 88
143 102 10
56 85 22
89 114 57
20 0 20
22 199 38
39 10 62
26 84 24
151 142 60
26 2 74
175 171 45
132 13 98
149 190 34
79 70 62
23 178 15
95 65 27
178 27 37
193 118 87
96 40 98
143 169 29
90 136 78
133 38 28
112 46 8
20 69 6
45 171 72
9 98 9
150 47 52
177 17 34
147 38 84
143 180 32
114 66 76
147 150 26
31 179 17
112 14 54
63 52 48
167 199 58
86 31 73
41 138 47
109 132 71
50 71 68
179 196 39
20 10 27
4 189 38
59 149 31
34 96 61
183 57 42
159 32 78
58 161 52
37 120 29
90 36 20
134 184 69
113 130 73
83 127 11
199 182 46
81 72 59
72 38 28
26 196 41
174 45 32
48 61 90
20 106 88
137 114 96
180 22 41
116 86 15
86 96 40
138 198 25
122 106 37
89 7 87
141 173 38
94 164 98
72 15 38
0 155 39
176 125 60
24 113 18
0 170 32
173 41 68
130 132 14
119 58 21
66 85 1
107 62 2
23 168 16
52 167 62
136 184 49
19 181 51
68 82 83
167 125 39
196 12 95
13 33 5
194 81 95
143 74 21
196 129 4
51 53 61
25 136 58
93 61 34
133 123 54
85 36 40
120 92 83
110 122 33
91 0 99
80 149 11
86 4 46
164 99 92
131 41 47
55 65 50
82 87 87
53 65 71
192 25 18
10 48 77
159 99 74
93 34 50
47 87 58
78 59 50
84 105 49
138 118 72
79 74 9
90 167 89
22 179 9
141 169 98
196 192 36
31 65 6
117 196 59
42 62 53
64 63 43
142 68 98
135 179 30
65 87 38
98 20 26
152 11 37
182 175 33
4 165 99
33 142 86
77 117 52
181 124 61
18 90 63
137 110 19
85 129 8
179 178 46
23 33 52
31 99 53
149 58 21
124 172 19
68 43 95
149 97 51
119 47 25
111 154 36
125 167 2
105 121 3
98 197 20
14 199 70
179 87 30
49 108 68
155 171 94
72 161 64
99 0 40
94 187 90
93 77 68
132 52 94
64 37 94
106 135 24
165 170 28
160 194 95
63 46 17
58 77 40
198 69 57
157 171 23
140 43 5
117 31 44
14 189 1
71 61 76
48 10 7
65 1 58
143 23 74
120 186 41
41 180 100
182 154 77
145 140 37
22 109 9
130 168 63
85 140 46
52 42 18
142 73 49
12 142 95
20 153 17
146 100 18
184 120 25
105 165 99
62 149 27
115 180 86
8 138 81
19 165 12
178 148 19
54 24 63
100 183 28
63 121 22
102 21 15
17 192 44
79 64 34
174 36 79
64 106 99
20 18 71
51 72 9
17 54 85
18 67 51
43 87 88
34 67 63
12 80 60
118 190 89
52 80 91
164 190 92
53 34 76
178 47 12
147 55 80
180 143 69
162 20 36
104 33 58
18 56 58
198 195 34
164 42 44
22 107 38
55 138 17
46 96 77
92 27 53
88 190 71
120 27 61
119 25 80
199 119 78
102 175 84
82 197 51
138 38 9
137 8 91
194 17 56
147 53 28
26 124 93
139 72 33
61 163 86
173 33 77
185 4 91
48 14 10
53 88 16
177 106 47
149 169 30
67 133 90
145 85 95
157 84 24
136 114 81
151 38 9
11 180 1
175 31 5
195 60 53
88 9 18
167 69 22
132 21 49
103 147 78
192 127 12
151 46 23
82 132 4
13 63 21
68 158 90
179 148 29
194 38 60
5 48 95
65 136 32
191 65 87
106 22 39
99 29 3
4 29 22
46 21 67
22 60 73
25 14 76
162 142 58
121 178 51
40 55 76
199 141 10
57 101 7
169 171 31
39 178 52
60 182 66
8 148 77
157 114 100
182 155 67
38 87 71
114 15 75
63 154 12
85 67 30
142 127 58
83 21 60
112 83 67
30 176 47
14 138 30
33 40 42
57 139 60
48 158 80
66 16 48
104 40 21
3 13 29
100 73 50
112 141 95
148 189 73
122 126 5
115 129 43
172 38 3
181 156 6
127 61 50
57 120 63
135 26 89
176 153 83
115 130 83
186 60 84
23 99 74
113 23 59
12 92 78
15 189 36
99 139 41
190 181 97
26 111 90
121 78 19
111 139 53
62 166 5
38 166 34
62 97 7
181 14 53
50 195 18
196 154 60
160 199 18
169 130 9
184 43 23
23 98 90
176 127 8
77 46 98
126 172 26
3 38 98
91 73 62
139 49 72
122 177 95
78 73 53
54 110 46
79 161 47
169 121 99
151 14 43
29 11 39
117 26 59
174 7 3
181 36 55
186 87 67
83 182 89
194 73 50
171 46 31
38 106 23
28 141 83
8 147 6
96 133 23
161 171 54
153 21 25
190 180 7
105 78 54
97 180 15
127 173 54
56 149 79
47 134 88
38 120 23
17 9 31
69 82 84
155 73 29
150 36 44
116 156 62
195 24 24
183 124 8
163 179 66
79 84 66
45 37 8
164 107 19
198 77 74
171 153 38
56 61 2
154 23 88
59 76 29
30 158 18
187 133 78
81 121 16
48 58 53
106 46 13
161 0 39
183 166 31
76 44 83
50 14 87
114 76 51
120 167 71
173 118 53
125 12 88
22 117 60
65 70 54
92 17 33
132 118 17
199 87 79
28 54 86
52 21 34
121 5 48
127 161 23
152 43 74
172 149 90
172 166 84
103 73 92
44 65 67
31 182 71
87 107 31
58 197 66
163 8 90
143 96 37
152 64 34
50 100 28
76 189 14
0 177 79
73 196 62
76 139 90
93 48 20
151 58 60
65 121 44
43 177 66
146 153 67
71 94 81
68 151 82
193 40 99
184 88 15
12 144 88
119 77 18
189 0 54
188 56 83
70 15 28
46 185 27
92 22 83
38 196 46
26 169 77
25 75 35
83 54 80
1 87 34
86 90 56
113 116 69
171 12 31
8 124 27
114 169 93
62 9 58
68 146 3
13 172 23
7 176 44
164 23 9
124 97 74
151 69 22
188 190 71
156 84 20
183 22 58
131 83 34
44 131 73
48 121 73
100 71 63
158 41 14
64 86 41
38 109 77
185 110 54
126 8 86
13 93 1
18 81 66
169 77 61
114 121 48
166 61 17
64 53 21
56 154 68
52 18 24
29 176 51
154 184 8
171 166 97
7 130 26
135 183 63
91 108 33
88 131 53
59 25 47
71 176 7
131 23 74
51 7 90
168 23 93
40 47 6
169 87 67
161 116 59
168 121 29
68 62 85
23 96 39
167 46 32
22 150 79
156 176 23
185 194 86
119 158 73
132 5 46
120 180 29
139 86 96
97 20 7
8 97 98
142 77 65
176 41 26
35 104 66
94 198 31
130 174 61
149 81 86
182 138 97
195 99 62
154 199 14
105 153 85
163 29 13
133 195 92
197 106 94
57 99 13
116 70 42
35 84 11
149 177 65
105 192 37
4 0 59
115 155 82
181 145 92
136 112 41
96 132 5
190 112 25
154 37 41
144 136 36
20 197 14
142 27 37
9 29 55
181 114 45
67 117 37
27 62 57
142 11 17
121 2 54
119 104 95
136 121 5
134 88 50
91 143 98
164 27 23
80 44 52
90 152 89
31 69 77
172 96 52
148 107 20
172 154 50
93 35 69
98 81 97
46 194 87
192 184 69
134 78 20
140 30 2
50 29 40
165 31 65
71 100 94
181 168 64
181 79 30
24 114 30
64 195 26
87 121 48
163 99 10
176 55 61
159 77 94
5 15 94
75 189 92
188 142 82
20 136 45
168 100 61
151 26 29
78 52 98
60 70 56
173 175 10
166 66 6
70 175 6
16 12 5
59 65 2
104 124 42
128 162 38
153 41 79
144 91 82
3 27 18
97 148 25
150 33 98
146 38 54
24 43 14
62 36 97
117 92 53
75 14 8
163 80 65
118 34 29
126 169 60
30 12 37
78 80 25
7 48 28
114 80 48
95 133 55
191 54 67
104 116 51
169 63 64
166 33 55
62 66 74
189 147 85
197 196 63
138 179 38
10 56 57
132 183 99
70 65 80
81 16 91
120 151 14
196 87 78
6 180 43
110 115 26
59 87 55
103 190 10
62 148 31
80 103 81
0 93 62
168 199 35
58 191 64
41 0 4
89 150 54
46 108 99
35 100 77
89 2 34
145 106 39
52 64 22
3 173 73
119 142 77
111 62 69
37 2 41
169 94 82
111 108 30
181 148 19
32 66 58
8 168 28
75 173 9
70 93 45
150 76 37
24 47 100
186 165 83
108 127 48
28 65 11
10 123 41
168 36 100
105 73 1
187 59 90
181 11 41
33 41 76
109 137 80
26 3 51
154 43 11
174 180 6
52 156 18
123 117 32
35 144 68
156 98 94
21 73 92
120 109 53
74 178 14
0 141 29
25 35 50
181 96 65
69 95 79
162 19 46
41 111 1
0 74 37
58 27 87
137 149 48
16 60 75
41 56 93
3 10 12
173 49 52
93 60 92
193 157 29
169 198 12
107 121 100
68 140 33
41 137 41
64 68 33
152 106 59
130 7 21
59 130 100
125 190 91
162 27 23
29 106 77
51 133 62
82 8 69
193 45 92
199 76 44
103 186 47
86 176 93
137 67 28
152 89 96
191 135 18
94 176 89
179 48 88
135 131 23
112 56 7
85 119 13
2 182 33
147 186 37
187 137 26
84 62 23
125 86 77
174 100 7
8 192 93
2 39 90
176 74 41
37 166 2
35 34 92
5 49 34
162 138 11
163 44 89
166 189 15
1 109 14
142 58 87
177 156 62
130 76 44
133 22 19
141 91 100
20 3 4
143 87 56
20 139 47
177 78 41
92 7 31
9 133 29
182 116 67
126 101 72
165 3 84
21 165 36
31 30 3
128 191 82
112 150 100
163 154 67
77 54 60
198 103 19
167 195 82
158 17 63
51 194 66
188 79 32
20 66 29
29 194 95
79 101 91
67 181 72
90 96 78
125 30 51
175 138 4
50 194 91
134 58 42
74 28 11
144 179 57
57 142 26
83 184 7
153 1 92
1 15 34
133 47 50
120 139 65
6 104 77
104 6 37
91 24 16
77 164 35
85 75 78
141 96 82
14 180 20
14 110 91
189 32 8
67 8 61
128 51 40
142 14 16
39 95 31
96 125 31
137 155 13
143 68 98
104 7 23
178 169 90
79 71 59
167 51 13
137 53 31
136 168 99
43 159 2
155 53 35
38 132 51
22 40 100
48 127 71
175 115 1
151 29 39
171 150 88
191 3 3
11 107 92
43 24 56
124 93 62
115 173 56
86 110 98
169 45 32
52 87 9
94 195 28
2 119 71
116 80 64
193 70 28
63 142 62
125 26 2
8 27 8
132 48 78
3 126 25
19 130 98
87 125 92
120 184 26
65 167 8
32 198 3
174 181 47
115 133 7
134 115 20
23 182 78
1 151 79
41 95 74
127 81 69
179 83 46
116 125 7
192 27 46
32 48 54
147 182 73
3 42 65
2 14 100
1 116 16
36 84 29
56 27 63
7 82 80
102 61 80
11 166 49
169 55 34
79 158 28
42 35 74
192 2 27
88 67 65
65 140 49
35 168 98
161 32 12
156 37 8
7 28 16
114 38 61
101 137 45
78 143 78
10 194 50
54 66 71
126 185 5
136 85 23
134 112 2
13 117 8
43 148 39
27 116 63
76 64 15
91 98 22
64 173 87
117 155 95
30 24 35
197 186 73
60 9 87
140 101 42
103 12 85
57 50 31
127 101 44
60 172 94
154 62 28
72 194 48
148 112 61
151 112 73
11 17 67
118 23 87
93 42 18
18 8 70
19 81 53
116 52 71
74 161 94
22 73 69
192 181 46
174 114 31
162 135 3
190 118 46
28 25 17
21 131 65
62 87 27
148 153 80
176 145 82
40 93 69
164 167 80
78 155 2
92 70 87
99 185 95
65 188 23
36 92 19
35 32 89
107 102 25
31 18 100
71 34 28
158 195 15
74 97 94
128 78 51
17 150 72
140 99 71
118 70 66
10 5 48
118 0 21
53 41 80
55 1 72
2 121 62
59 155 92
155 148 37
19 2 26
67 62 17
65 67 19
117 161 53
55 63 34
142 86 29
82 64 51
57 162 13
163 150 80
30 159 11
24 165 13
132 163 5
110 157 88
97 122 81
122 141 76
159 46 77
151 99 35
194 71 59
193 92 70
131 106 82
193 78 91
191 80 63
46 37 24
49 132 91
100 2 66
31 4 29
10 61 54
43 38 80
126 66 56
69 117 46
60 180 64
137 165 7
167 113 56
64 136 25
51 113 15
29 147 18
81 56 7
41 174 98
111 3 34
125 68 52
91 177 34
199 154 17
111 183 64
129 149 27
184 173 17
21 150 78
16 116 57
172 110 72
77 56 85
2 104 48
43 17 75
21 166 96
167 104 84
4 126 64
2 61 85
86 144 88
106 196 74
189 105 69
58 190 98
112 171 97
186 25 35
48 65 58
146 160 74
151 3 73
199 42 13
29 158 23
40 84 49
14 121 22
155 190 30
38 42 87
82 173 93
119 176 85
71 119 33
183 53 59
108 142 81
83 62 92
38 164 48
33 13 58
140 179 52
158 99 97
60 46 91
73 18 51
173 46 38
107 145 20
20 51 84
72 26 23
149 184 73
58 131 89
115 170 27
49 182 18
3 169 37
42 145 75
4 149 7
181 129 99
192 71 56
196 63 87
4 114 28
36 89 100
39 27 9
133 178 94
187 169 62
49 10 58
148 190 12
147 133 69
155 150 73
145 147 24
138 85 27
177 184 2
35 82 91
53 62 20
26 167 83
139 0 12
166 98 27
28 138 80
133 73 37
63 34 10
120 176 49
19 28 95
24 129 87
20 6 98
195 29 20
153 22 4
115 124 8
41 170 65
78 175 16
102 35 50
22 145 87
71 108 51
7 117 47
197 163 59
145 44 49
117 172 82
24 171 91
160 169 89
163 101 55
155 135 27
113 154 26
194 88 100
56 48 13
180 64 10
170 141 39
60 35 95
84 52 12
35 123 10
42 124 48
49 172 31
10 188 98
86 94 74
85 155 58
199 186 8
112 170 14
90 3 88
126 44 65
158 116 19
36 163 61
122 11 10
121 179 56
56 170 88
196 109 98
84 154 54
191 140 87
77 9 57
97 149 82
67 79 53
140 173 92
1 17 72
172 58 80
41 63 2
3 12 48
104 19 16
38 151 85
133 114 30
126 23 19
166 165 68
104 125 92
162 168 60
146 84 74
116 21 62
13 193 1
35 31 63
47 41 98
133 119 92
47 31 50
192 43 32
196 78 85
30 5 62
189 119 73
88 16 48
134 124 65
116 43 38
17 133 49
63 193 79
150 20 16
150 68 36
32 110 77
197 168 91
188 185 68
36 42 85
72 107 48
141 120 22
133 142 56
182 70 27
178 46 9
20 93 27
141 55 82
102 68 17
46 127 97
23 130 74
59 35 93
199 148 83
56 68 38
153 103 39
179 151 35
3 172 14
10 72 99
10 154 86
180 43 31
90 172 73
155 80 40
54 9 47
156 194 21
176 57 19
98 144 45
187 104 1
108 144 34
91 35 69
153 121 40
196 101 29
128 157 91
46 141 44
197 63 48
53 91 72
66 114 66
93 45 70
20 79 3
5 58 45
110 171 30
81 196 3
88 148 11
58 52 48
9 198 56
115 150 36
73 36 2
39 167 93
155 47 7
179 78 79
105 8 36
138 119 51
195 95 100
138 154 20
80 196 50
129 71 37
197 120 71
126 2 3
104 68 99
161 36 26
4 107 36
105 183 43
145 50 56
182 118 53
141 58 42
161 133 12
24 153 27
77 167 47
180 33 54
3 6 67
185 117 71
124 82 26
85 166 47
67 32 64
20 165 1
1 29 82
43 70 2
143 45 38
66 121 4
129 121 41
113 102 10
95 199 2
0 132 80
169 70 79
59 94 33
197 132 27
149 83 25
136 64 88
61 10 37
60 199 57
155 123 98
105 77 83
97 44 42
39 165 80
93 140 30
158 154 79
84 55 67
52 11 94
5 57 62
180 179 39
27 128 73
36 22 3
121 120 52
26 104 92
101 85 12
72 94 41
36 51 60
139 138 76
93 152 9
127 136 96
158 84 97
198 29 75
106 155 57
5 184 50
125 105 15
8 87 32
140 85 87
6 11 52
196 118 86
152 146 14
8 191 11
0 17 85
172 47 45
42 63 18
159 186 59
114 50 25
163 88 6
78 139 5
146 25 93
168 150 55
161 188 47
188 143 80
58 155 5
18 180 18
96 195 29
72 0 92
137 95 77
66 97 23
149 123 85
69 163 22
154 55 35
73 0 8
124 184 67
75 112 7
171 83 61
133 181 60
139 32 99
109 15 66
85 192 24
84 126 77
161 23 97
177 90 64
157 125 92
28 136 4
121 23 97
25 197 19
128 19 89
125 40 43
49 53 96
168 38 93
117 113 61
51 58 52
184 149 92
98 78 31
140 189 67
177 76 77
82 55 35
48 47 84
137 121 75
87 155 47
95 156 80
167 126 95
128 100 91
192 113 46
159 100 99
66 141 4
114 86 4
131 74 69
87 98 97
104 54 97
148 56 42
114 160 71
19 55 53
109 105 38
193 167 6
169 136 48
188 199 72
190 104 28
32 173 39
78 117 8
145 115 64
194 85 13
145 154 15
160 32 37
32 131 90
97 15 23
160 152 24
52 93 35
183 38 59
91 56 45
117 179 46
93 75 37
44 25 69
184 54 46
157 144 86
16 184 65
32 184 31
59 172 58
39 188 1
143 174 7
82 17 45
172 169 63
67 191 90
3 123 43
89 163 92
32 98 48
102 184 42
50 84 94
53 52 87
175 118 79
143 160 32
47 6 56
162 77 13
63 75 86
12 179 53
99 34 72
186 196 45
38 160 45
185 183 98
182 179 50
63 26 97
117 167 78
190 40 78
111 16 17
100 88 40
54 167 14
17 188 42
26 75 36
61 173 22
82 34 13
128 2 92
83 31 13
166 74 98
117 69 71
58 15 61
55 91 62
126 129 72
182 192 42
33 107 100
57 144 5
114 57 49
124 25 18
104 74 21
61 187 28
45 93 41
113 107 53
97 0 23
99 155 71
68 32 5
185 173 33
186 178 48
69 68 85
148 142 88
50 81 94
86 13 93
88 58 87
167 152 66
90 55 96
115 95 53
149 96 31
62 155 14
86 175 48
11 10 74
115 50 26
148 57 6
73 126 46
70 163 77
2 172 90
72 82 53
46 23 51
72 8 19
152 29 17
178 40 92
54 35 80
163 108 28
110 141 34
157 182 9
143 116 49
164 127 87
123 5 36
187 84 5
63 122 100
138 116 11
103 156 5
76 57 11
89 152 54
169 195 59
196 32 10
3 107 71
163 110 24
130 150 82
175 86 67
187 184 55
176 123 72
186 158 58
103 136 100
81 160 56
145 83 46
96 171 83
113 168 82
164 97 73
150 170 87
168 50 50
65 150 71
142 129 21
35 169 97
56 70 80
65 97 37
69 47 85
160 7 40
194 91 65
152 125 24
24 193 52
124 197 1
144 87 44
161 130 31
40 66 48
56 39 72
127 126 58
22 123 38
100 148 2
2 165 33
82 182 78
100 196 27
190 78 90
87 31 67
175 77 38
129 78 29
91 118 66
151 4 7
28 183 45
34 56 16
152 168 11
173 183 10
179 181 91
54 147 62
21 13 44
119 66 53
155 191 93
37 151 16
121 96 10
96 176 32
108 186 5
56 183 29
173 29 86
72 163 69
12 148 25
162 175 20
179 7 46
165 42 92
38 77 67
39 48 61
187 148 2
26 1 80
32 171 50
38 82 25
124 40 16
57 9 82
107 183 24
81 60 13
130 147 56
135 15 97
105 2 80
150 16 51
177 180 58
115 190 45
198 166 65
56 113 11
187 85 65
138 10 68
121 164 62
188 99 66
61 95 54
63 103 37
3 66 29
64 10 70
180 117 73
85 175 57
90 122 23
62 147 80
47 113 18
123 195 22
149 154 29
45 83 90
76 172 86
140 54 10
130 27 98
55 162 65
67 3 97
185 153 67
112 44 77
192 173 69
62 96 23
133 86 82
135 115 19
94 78 14
159 142 4
198 129 63
142 53 80
68 180 92
173 50 75
139 84 89
173 141 98
78 190 12
65 152 43
33 21 26
49 156 89
148 72 26
124 188 67
198 36 74
60 78 45
64 196 20
95 71 88
59 69 76
157 46 23
125 54 80
80 13 75
30 131 20
143 20 66
168 117 42
188 106 62
198 122 54
147 114 34
84 2 64
43 144 46
187 170 31
164 163 90
130 188 29
89 159 66
85 78 13
86 85 75
108 100 81
162 192 75
109 87 29
163 189 55
184 150 85
7 97 3
123 16 29
87 158 24
120 196 70
108 74 67
86 55 21
139 163 48
133 118 24
18 65 78
54 133 43
81 22 24
136 99 78
199 110 49
36 43 44
101 151 4
137 180 11
121 44 58
196 155 8
165 98 100
3 117 9
40 51 51
110 142 77
154 137 1
113 101 40
47 174 88
91 30 30
133 125 27
79 188 3
48 18 10
11 100 60
128 36 33
45 138 28
163 130 99
99 187 80
71 12 40
199 26 2
62 193 12
138 110 30
42 104 3
102 143 37
4 143 98
119 44 51
132 196 44
51 170 35
15 197 21
30 62 37
23 39 46
127 148 8
169 163 22
153 150 16
176 182 18
154 69 1
194 147 79
147 56 50
112 9 41
115 97 77
134 70 78
114 174 39
164 171 26
69 180 44
90 138 20
162 31 69
152 190 100
154 157 12
175 111 75
158 15 5
185 82 40
75 143 68
111 105 37
160 44 51
109 141 91
113 182 4
10 159 8
12 49 95
51 43 10
102 77 7
117 178 58
195 108 15
67 59 71
3 165 79
69 62 9
117 59 4
93 105 16
157 44 9
110 103 17
36 0 80
173 199 68
193 19 78
132 83 62
67 94 7
177 31 25
50 79 90
169 180 80
101 139 65
150 92 99
190 1 34
126 105 74
15 183 86
107 135 1
101 2 28
108 125 44
192 90 84
80 21 92
62 99 71
152 91 71
183 20 48
52 81 14
70 58 43
127 86 96
64 137 75
185 40 79
40 145 70
181 134 46
124 1 45
158 19 29
18 1 78
103 171 69
114 182 62
100 32 30
108 61 6
159 71 45
29 32 19
18 186 48
122 92 90
130 88 48
119 28 4
101 93 91
157 118 30
149 90 16
107 188 100
169 111 25
13 156 64
76 20 66
35 18 83
147 20 5
39 132 17
19 41 98
98 173 24
125 19 82
107 51 16
38 13 42
68 142 11
121 161 36
34 155 11
130 103 24
111 29 10
125 56 46
52 33 19
60 7 11
130 109 99
152 126 58
72 165 67
25 114 44
124 135 64
139 44 73
62 144 49
138 186 69
47 102 16
199 188 78
97 145 11
141 176 78
190 48 99
136 0 30
24 1 55
126 191 12
32 47 77
70 109 91
93 157 73
14 171 41
44 157 68
136 69 61
54 195 23
187 50 43
26 144 60
165 56 90
122 13 9
33 54 50
165 132 19
133 111 7
83 187 40
26 141 80
49 23 83
81 54 33
198 117 32
60 175 64
79 73 25
126 170 22
61 67 34
169 39 39
192 107 25
69 188 30
180 95 25
42 172 29
49 12 9
60 164 33
154 192 30
117 18 79
192 162 26
124 163 20
45 80 68
107 16 85
117 12 27
119 185 72
168 55 44
141 47 77
109 145 84
164 86 91
26 19 39
80 15 82
188 134 4
21 168 36
55 16 22
169 182 87
22 48 22
36 83 29
100 103 96
147 84 10
176 59 67
185 24 43
104 198 23
31 193 26
170 156 21
86 154 21
1 130 13
146 39 13
73 75 25
132 199 1
137 28 58
44 141 28
62 150 35
157 73 58
68 17 79
40 59 71
24 107 8
64 165 48
90 102 86
80 164 93
9 48 19
28 97 36
190 113 89
43 91 13
127 103 24
109 80 34
106 29 88
176 2 15
177 134 36
78 26 40
31 152 71
118 168 77
1 121 67
123 60 79
90 189 10
75 56 58
126 17 22
82 184 84
0 102 79
146 128 2
9 92 80
180 44 23
53 6 10
86 106 71
69 91 17
150 108 16
48 79 10
131 173 83
19 158 2
71 146 13
91 43 6
172 138 86
128 190 69
15 42 54
159 129 48
142 107 65
109 154 29
35 0 21
79 2 49
70 148 10
13 64 93
178 73 84
9 50 66
38 185 98
145 168 71
79 187 90
41 52 71
78 13 51
96 178 12
114 120 23
9 80 32
195 79 61
7 89 32
85 72 71
64 170 95
101 8 49
96 35 95
63 141 81
13 143 93
158 68 94
134 125 6
154 31 28
79 148 22
62 131 69
184 60 44
147 142 47
91 119 33
83 103 17
85 35 99
15 99 62
133 4 48
13 94 46
21 31 77
54 183 24
185 44 24
145 68 62
22 16 6
127 73 48
20 57 15
145 0 74
30 44 58
180 163 50
38 135 9
29 145 26
26 99 23
74 24 65
49 97 80
0 26 65
198 84 33
68 184 10
37 44 57
86 160 5
87 27 70
37 118 50
59 160 94
64 192 46
173 144 58
158 11 67
190 100 2
193 71 67
169 64 92
193 28 10
121 89 51
14 59 88
176 50 91
4 58 14
31 131 15
195 96 12
94 36 47
149 176 12
59 47 57
110 119 88
180 112 25
159 112 14
108 14 99
149 28 60
122 108 23
66 194 97
34 116 57
24 117 47
148 83 61
172 22 26
158 114 8
168 3 93
76 50 2
18 121 28
137 193 80
197 170 16
132 129 31
19 42 15
109 185 10
136 111 66
13 111 2
58 177 63
97 82 55
29 55 69
108 25 17
148 19 52
89 82 11
164 103 55
78 102 52
10 87 58
113 180 73
156 154 79
39 71 40
46 14 32
90 115 98
72 128 57
53 57 7
2 68 1
40 165 15
199 131 73
36 194 85
113 53 24
54 2 40
122 16 3
96 142 39
108 177 9
197 153 3
17 163 85
22 15 85
197 142 49
189 153 97
52 187 73
157 156 66
80 107 42
149 98 90
33 172 46
30 102 49
106 95 82
179 103 1
46 147 67
184 63 46
129 131 15
33 115 83
191 139 49
198 112 47
83 147 8
9 84 47
158 37 81
168 178 84
10 47 53
63 21 71
180 131 50
173 12 42
83 65 68
119 26 82
65 95 7
147 130 2
194 185 83
154 194 40
171 20 58
153 81 64
163 20 19
91 189 27
0 86 98
69 65 66
163 77 25
26 160 55
49 184 5
53 40 14
13 106 73
135 75 6
127 92 88
188 104 33
74 179 87
194 62 25
15 102 45
106 157 87
6 60 59
159 118 98
57 181 28
141 88 91
71 32 74
142 128 74
151 87 83
15 184 63
86 10 99
78 142 100
156 105 94
107 146 63
13 152 21
152 194 44
138 145 57
98 73 7
8 178 37
178 99 33
42 182 18
66 47 98
117 142 91
75 94 65
171 114 93
104 18 65
19 107 48
130 117 91
85 198 33
185 0 86
193 59 24
186 183 8
47 127 24
105 199 55
0 158 64
196 134 44
72 189 96
76 178 61
193 36 99
13 169 60
60 192 38
9 32 66
41 155 66
40 80 30
74 22 99
74 170 37
77 161 92
159 133 57
78 82 68
116 53 94
114 56 98
131 187 85
182 50 26
56 80 89
128 16 52
172 198 93
150 2 44
73 123 26
17 113 50
126 186 100
67 110 54
29 68 31
101 160 61
109 1 30
41 43 35
37 108 86
58 188 28
90 99 39
190 137 63
4 86 22
3 36 65
6 126 33
22 94 47
65 41 20
92 46 47
178 162 21
164 175 76
89 73 94
135 109 71
82 126 5
107 125 16
191 108 60
190 3 37
21 196 84
108 165 25
112 28 87
4 117 45
156 197 13
134 127 76
190 23 17
94 148 29
163 36 70
166 2 24
81 158 68
80 178 3
87 150 92
194 141 63
115 103 91
46 159 2
191 98 27
138 149 99
46 102 52
57 128 48
125 8 58
195 111 100
165 119 19
66 150 23
144 10 51
95 79 6
99 39 34
194 167 70
194 155 10
178 112 21
27 171 92
60 94 95
28 56 72
185 132 97
192 29 45
17 11 22
146 88 62
198 194 49
186 138 100
193 85 79
39 60 32
19 101 65
60 51 31
177 0 33
70 113 12
79 85 8
39 72 83
179 173 33
91 156 55
159 25 96
153 159 93
81 190 83
134 101 42
55 95 31
131 44 83
28 74 19
64 177 54
186 192 59
187 168 70
36 64 91
43 101 9
61 96 6
114 47 92
47 78 24
46 68 23
65 12 61
10 73 70
140 115 35
147 91 11
111 110 69
164 47 37
46 164 98
157 31 74
32 31 43
61 81 21
143 72 20
97 164 96
88 153 78
196 125 100
77 15 31
85 118 54
66 24 73
76 62 7
101 67 76
118 37 74
189 152 35
13 137 4
75 77 75
26 176 19
6 119 83
124 133 14
152 63 98
74 86 32
92 116 5
145 58 24
117 52 31
45 137 69
164 69 43
141 15 98
168 32 83
38 59 74
61 38 82
116 166 60
65 58 60
13 27 40
93 37 100
36 31 53
189 134 83
115 35 25
42 134 2
162 144 81
128 73 18
113 158 80
59 12 14
121 84 84
18 74 27
91 74 70
88 59 73
39 68 40
145 39 69
120 123 45
123 7 69
55 76 2
173 71 17
51 176 69
68 61 13
145 75 49
86 168 67
197 41 91
115 186 99
134 186 1
23 94 7
40 62 33
27 195 53
17 103 73
115 34 75
1 194 51
175 32 12
99 142 51
79 166 90
92 104 44
69 139 26
166 163 24
17 13 30
76 9 86
156 15 4
115 61 71
114 96 41
51 56 33
55 14 80
58 194 5
69 145 4
131 110 48
156 31 70
68 177 76
157 192 48
86 61 37
101 89 51
125 37 74
91 129 63
142 42 43
175 89 49
103 135 30
57 176 66
184 55 83
164 13 31
88 197 35
121 42 85
178 69 47
147 26 66
179 61 20
41 74 41
171 39 48
192 11 16
22 182 82
85 148 38
152 137 66
93 46 6
194 183 58
196 181 44
171 122 34
90 107 33
86 15 71
91 117 82
156 3 2
116 137 89
63 43 23
36 160 78
17 51 23
38 40 38
83 78 33
123 139 41
65 106 44
190 41 12
79 192 14
191 25 18
149 84 3
9 51 66
191 11 71
191 41 43
38 199 100
106 56 38
16 77 70
38 121 52
160 54 43
32 135 32
54 30 22
189 59 55
76 138 29
12 161 74
118 130 88
145 98 14
103 188 1
100 15 97
79 95 79
12 129 64
116 15 91
51 31 75
124 32 7
79 118 98
178 22 12
20 90 76
67 143 1
40 178 47
130 90 13
103 123 93
120 52 92
48 111 62
119 124 35
9 74 61
137 74 33
149 111 81
33 0 46
127 43 75
60 92 60
44 70 22
183 111 40
121 39 31
9 127 79
124 108 60
100 31 28
126 14 44
96 3 87
107 24 99
185 69 28
193 106 10
13 146 43
22 25 28
143 123 10
118 185 92
93 90 86
45 2 17
199 142 43
25 65 11
105 117 86
33 145 60
45 152 16
66 46 58
160 187 36
67 112 100
47 155 89
108 7 9
11 179 10
157 155 98
37 121 73
104 88 52
161 93 96
127 50 94
45 119 4
171 82 87
91 103 97
69 166 64
33 89 80
75 15 100
17 168 82
129 171 57
23 141 29
18 161 97
31 133 65
106 140 6
100 190 15
158 168 15
173 147 94
94 161 62
139 110 63
174 3 73
20 177 31
114 13 61
37 186 59
154 39 95
111 133 89
136 82 29
68 5 51
33 43 20
163 78 74
192 38 77
17 129 55
82 52 24
82 105 29
105 67 77
69 71 20
143 185 58
176 77 41
180 53 83
39 127 51
130 133 9
179 190 66
66 183 43
75 181 3
91 146 99
158 118 55
32 80 20
97 50 84
73 107 7
0 116 90
12 90 41
95 82 5
66 10 56
81 159 57
32 74 62
155 101 89
61 11 73
127 110 32
95 116 67
96 160 34
194 18 63
111 174 12
0 31 54
196 42 32
106 54 75
173 82 29
134 73 49
163 76 27
129 140 12
197 18 94
132 106 55
149 86 58
30 118 42
20 157 1
177 9 71
193 11 13
63 117 20
189 155 70
129 55 62
7 47 98
88 11 64
150 127 5
158 186 29
21 154 6
88 177 68
19 91 80
189 149 18
183 34 88
13 85 80
54 37 23
143 173 26
154 118 80
106 89 85
64 145 76
42 139 65
117 13 35
142 39 3
53 168 92
8 111 72
165 185 41
143 165 58
184 3 33
138 21 24
86 171 79
150 5 78
62 128 72
187 29 99
144 141 89
27 117 44
183 180 94
161 21 8
27 49 36
163 84 81
117 189 78
195 160 42
122 50 99
151 130 30
11 112 12
53 10 94
198 146 35
157 152 61
86 123 8
89 181 16
89 106 84
19 135 47
165 80 28
51 94 4
129 25 91
36 18 81
158 29 71
159 165 37
82 80 74
5 182 63
117 79 41
1 172 68
9 142 91
68 188 53
138 140 81
116 140 9
42 128 28
137 113 38
89 175 74
168 75 18
171 180 44
144 3 82
108 79 55
183 158 24
199 72 95
171 2 94
136 172 51
51 116 98
168 119 96
1 112 4
36 29 64
37 15 77
127 44 81
43 67 90
49 133 69
172 193 96
120 160 15
173 162 59
120 73 97
130 195 31
70 47 99
96 66 96
54 188 63
70 125 82
155 136 30
7 139 15
36 193 60
92 171 86
76 93 72
49 183 44
94 72 74
163 124 10
145 135 80
58 88 80
193 186 42
4 137 2
153 58 44
98 35 5
119 95 48
117 28 88
158 61 95
140 177 87
0 71 41
44 13 7
132 88 80
123 128 90
158 66 61
169 37 10
191 100 29
179 73 25
94 141 57
60 198 5
151 111 4
166 142 41
164 123 90
180 84 79
62 38 84
100 107 75
20 98 34
103 74 88
92 178 34
90 6 46
31 103 12
129 58 28
94 106 24
125 49 64
166 117 55
35 171 4
102 67 91
85 50 7
123 162 51
30 170 6
112 96 71
187 199 2
19 60 6
99 116 19
162 93 4
55 112 60
176 20 19
51 27 18
62 34 63
35 146 100
54 84 81
19 136 13
129 195 88
114 77 95
31 87 71
73 158 87
111 5 94
87 22 52
26 121 85
96 192 69
135 154 99
147 106 35
196 52 38
39 191 32
159 90 45
170 108 78
121 170 67
118 186 29
119 21 94
28 86 67
113 129 83
162 65 14
191 170 89
150 153 67
117 146 84
126 147 80
107 111 20
53 48 39
180 3 85
161 173 55
91 93 7
80 122 94
78 8 52
136 152 86
88 35 74
8 6 50
101 25 74
22 7 52
107 104 45
48 56 13
198 121 39
8 92 77
60 128 24
117 149 31
193 144 8
141 52 21
40 31 87
15 35 92
61 46 55
56 161 42
106 174 97
70 142 99
154 59 42
1 42 52
155 30 68
8 175 70
41 92 84
135 35 54
154 119 57
133 128 20
20 53 4
87 66 45
164 154 47
73 44 17
163 146 46
94 92 71
54 83 91
133 127 87
19 186 74
166 148 100
116 124 49
155 64 55
70 51 68
11 55 60
93 74 56
77 177 89
15 54 63
81 134 36
91 20 83
108 184 31
8 132 75
63 7 44
92 198 70
108 68 88
68 154 23
140 136 14
15 131 37
153 53 58
45 178 7
173 100 63
53 0 66
70 67 86
73 5 79
0 110 29
190 182 36
180 165 52
178 66 96
97 78 64
2 103 81
115 27 75
58 46 97
58 10 57
170 197 71
17 71 31
0 11 28
196 132 11
45 112 14
142 70 20
29 25 16
154 171 11
164 1 44
118 15 72
116 130 29
28 19 60
181 26 61
80 48 57
121 159 2
16 95 13
103 153 72
47 12 63
116 23 95
98 162 62
74 175 71
148 39 47
8 196 31
198 172 3
106 109 2
61 45 51
127 111 11
151 136 27
168 76 47
164 156 73
134 174 45
34 54 8
172 23 65
32 159 54
34 71 98
191 36 4
182 185 21
36 74 92
184 189 89
40 164 31
75 98 1
76 136 67
82 194 76
121 158 73
87 17 75
177 116 39
31 75 13
60 34 26
2 9 86
12 76 89
81 25 47
112 54 51
170 98 75
57 96 67
51 100 48
66 119 83
33 78 82
169 69 93
97 183 58
37 22 5
56 145 9
127 120 96
39 18 19
12 110 61
180 193 79
10 116 23
81 48 73
180 68 52
59 134 68
10 27 59
118 105 46
131 139 45
186 58 52
182 66 11
156 55 29
107 66 70
23 188 85
159 53 56
10 42 12
90 190 70
136 105 32
3 145 8
50 31 12
10 109 41
188 127 1
107 151 60
55 94 85
55 12 96
190 17 11
187 157 32
103 102 44
14 168 43
144 53 45
112 199 28
122 77 11
47 68 20
167 40 2
161 106 37
44 197 33
73 4 36
149 127 96
150 186 57
116 171 88
97 37 62
117 107 6
112 162 90
146 41 50
99 153 91
26 123 32
120 189 4
137 126 74
190 179 8
111 94 64
125 183 6
79 150 12
0 42 31
34 100 36
75 175 31
87 166 57
176 154 93
172 56 28
19 133 48
29 189 68
133 120 12
48 92 94
190 9 37
178 175 39
24 142 62
130 120 17
171 63 1
105 37 85
43 190 95
4 30 36
7 133 54
133 185 22
52 16 93
90 133 68
82 53 69
14 80 96
145 36 23
31 191 4
5 178 34
150 52 64
9 185 41
26 161 31
144 159 85
199 77 78
105 193 68
53 45 50
38 189 68
57 82 100
69 41 81
108 159 85
98 149 48
56 43 3
67 183 68
145 76 58
1 9 26
58 129 94
151 90 33
128 61 75
118 65 98
138 153 33
99 65 80
154 85 84
194 134 17
199 19 76
48 146 38
79 46 9
155 114 97
56 137 63
51 32 93
189 160 75
105 75 30
31 52 36
116 30 71
159 6 9
113 37 18
180 124 97
62 167 45
42 71 29
129 174 48
177 192 65
70 62 75
44 51 86
101 41 56
193 94 71
55 51 1
18 140 69
56 41 41
45 7 1
47 195 78
165 121 40
51 135 82
150 41 68
66 151 67
34 112 57
92 169 90
58 123 19
174 124 46
58 144 16
164 181 14
139 141 25
183 72 58
148 37 80
51 187 11
28 44 15
94 12 57
18 141 15
16 6 7
128 187 96
89 88 79
86 121 67
187 51 43
107 76 61
167 136 26
60 135 74
42 32 23
133 135 94
134 103 83
16 108 38
110 151 33
142 93 45
133 56 39
104 160 38
146 151 99
159 59 81
128 76 86
168 157 33
82 149 60
153 197 39
173 132 70
115 37 70
172 78 40
82 84 41
170 51 20
140 65 76
87 116 97
19 73 58
130 68 42
191 178 80
102 137 65
34 139 78
141 81 36
33 6 14
120 106 21
184 113 87
180 50 91
197 188 67
179 57 1
136 186 67
27 121 4
149 5 3
88 141 76
189 43 92
51 81 31
51 46 37
1 99 100
139 136 96
81 73 56
34 50 19
167 111 90
185 32 72
157 198 75
181 35 50
84 125 76
22 167 61
18 92 57
128 152 57
157 62 15
121 105 37
171 38 32
135 85 31
0 39 24
135 18 32
138 22 22
123 186 23
92 167 44
24 138 44
90 88 13
83 14 2
105 24 65
113 55 22
84 11 97
56 54 17
9 76 5
10 86 93
121 28 71
128 37 93
191 89 59
76 105 29
48 70 21
136 12 69
43 66 90
177 24 27
125 79 22
146 121 75
116 36 69
67 127 5
100 117 52
78 127 37
138 52 66
94 42 28
52 174 92
28 151 88
110 80 26
55 22 31
179 66 90
101 22 36
147 120 62
48 156 82
65 169 51
128 88 51
73 191 74
194 120 65
65 17 3
195 164 31
23 151 67
111 128 23
63 109 10
123 156 72
176 11 45
5 29 16
167 130 28
23 121 95
121 181 27
17 145 31
184 19 59
195 51 75
62 42 48
9 3 97
59 85 48
157 166 24
109 19 48
95 76 82
38 76 15
5 158 56
93 136 80
148 140 41
38 19 52
116 88 33
84 189 55
94 162 31
180 67 3
102 28 31
100 134 91
5 187 45
176 107 68
49 175 39
198 5 52
137 18 32
33 108 33
50 20 63
163 89 30
188 140 71
95 100 47
93 98 80
107 166 4
35 158 77
163 49 24
59 9 86
140 84 98
30 51 47
31 146 29
1 65 16
84 4 66
31 171 10
99 106 97
195 100 68
55 73 20
103 120 97
145 144 5
137 106 58
107 29 62
184 29 24
83 198 34
88 18 93
31 158 17
85 74 7
178 173 21
153 83 80
39 0 22
47 198 5
27 106 28
131 99 47
126 91 34
153 110 46
51 69 31
192 130 1
30 61 62
156 24 82
179 9 8
144 122 22
19 149 80
49 194 1
36 44 90
6 111 25
187 67 18
46 176 47
134 191 38
65 120 60
165 78 34
144 77 70
40 89 90
113 43 72
127 164 89
151 6 3
165 134 42
99 131 58
139 142 26
134 4 58
189 172 2
20 164 31
33 99 40
14 41 34
99 179 37
61 68 85
69 101 74
123 61 24
161 68 50
127 105 24
101 73 42
155 198 23
29 157 60
139 177 68
137 94 89
149 67 2
54 61 86
135 78 99
29 101 76
184 109 87
53 4 50
105 139 1
108 153 23
178 55 21
94 38 68
125 185 55
28 1 40
179 89 21
141 76 33
170 106 54
188 193 8
190 153 74
194 50 30
172 97 9
108 81 77
164 78 82
78 95 92
183 90 66
0 196 91
13 24 40
48 167 16
52 160 100
115 174 96
109 46 57
97 1 98
161 145 4
37 35 77
17 106 95
121 199 61
177 145 74
132 97 7
16 91 74
132 79 30
114 62 30
24 48 42
162 57 43
106 62 75
86 2 4
180 178 39
110 173 11
64 118 35
58 169 43
128 6 14
167 99 48
42 36 64
75 38 71
198 192 90
17 118 1
107 109 100
52 109 47
84 14 91
100 46 13
19 14 38
167 84 33
75 80 14
9 121 97
124 166 54
132 34 87
87 174 99
80 169 82
146 142 89
12 147 93
91 85 75
120 116 58
68 51 32
126 52 91
68 77 52
9 167 59
176 9 42
144 69 68
186 82 7
183 148 2
189 184 42
116 56 39
199 135 52
3 187 89
157 117 80
9 87 24
38 7 97
192 59 74
49 171 99
91 168 72
71 44 42
191 70 58
139 106 76
88 12 95
40 95 50
78 156 72
2 115 67
142 0 7
12 6 41
44 110 44
135 196 23
165 102 90
31 183 63
101 118 69
5 123 10
61 31 28
27 68 26
43 90 76
74 192 90
173 122 22
175 10 53
151 17 40
38 125 10
51 65 11
77 50 31
101 27 98
50 12 69
40 77 63
126 60 54
192 104 92
4 177 44
65 36 81
51 161 22
141 14 45
70 27 47
8 130 1
129 155 95
107 158 37
190 29 24
63 124 57
195 80 11
186 75 42
147 78 4
61 138 86
186 113 39
17 4 86
5 106 90
83 144 34
21 19 6
191 160 75
161 26 13
111 156 17
105 85 96
129 96 29
101 24 95
82 79 59
45 23 33
122 170 40
1 138 29
151 121 14
142 193 83
168 185 57
82 178 75
76 14 4
89 32 22
128 57 82
129 181 36
55 111 13
47 116 6
183 123 78
159 119 34
66 163 6
44 64 12
12 100 17
129 82 60
102 142 22
11 146 43
118 47 70
174 145 29
187 19 24
50 54 11
18 64 60
194 99 40
129 33 62
152 178 7
45 104 88
71 82 70
16 94 93
65 8 27
183 58 59
87 159 36
83 37 99
37 115 70
169 81 97
156 137 71
61 112 8
148 85 64
183 120 48
11 163 74
196 54 95
48 174 84
75 146 43
29 58 86
29 123 46
184 130 25
11 47 82
102 187 76
165 89 73
126 30 46
69 122 57
164 15 19
186 157 71
2 76 80
15 65 74
99 169 71
127 154 77
78 34 67
135 59 67
178 68 68
65 129 58
11 153 82
150 169 10
194 175 96
107 171 4
177 103 8
152 56 94
122 64 4
98 154 13
163 38 70
95 1 5
8 13 68
25 193 12
131 174 23
186 71 48
195 126 23
74 153 68
173 75 35
116 132 52
55 165 28
158 162 15
13 147 10
133 68 65
95 12 40
190 144 86
190 97 76
31 35 83
94 133 43
151 56 7
66 146 58
117 48 34
59 0 69
41 140 42
112 48 61
78 16 31
134 144 47
98 87 2
50 60 13
142 55 29
197 103 28
133 132 20
23 49 61
184 58 35
169 80 100
148 134 45
34 60 46
141 63 26
56 156 87
159 67 22
104 72 41
154 58 38
10 79 53
22 163 24
119 1 86
158 81 47
186 160 91
122 41 84
181 135 94
125 10 81
118 146 57
163 126 70
189 24 18
145 6 56
67 20 44
144 100 83
151 140 40
77 66 39
165 117 85
26 65 55
89 143 19
27 150 63
168 101 98
59 14 12
43 147 76
76 108 9
65 154 21
46 56 74
85 112 18
38 192 8
21 118 99
5 168 7
134 65 22
107 67 60
99 7 44
29 108 11
177 67 64
121 144 5
119 145 65
192 5 57
6 172 40
103 19 40
158 112 43
48 54 33
50 53 62
85 90 24
75 89 98
158 23 45
19 170 27
49 5 94
175 45 61
149 163 7
119 43 71
134 181 64
18 184 34
81 191 20
127 23 20
165 23 25
189 104 44
119 38 37
186 132 11
50 145 4
125 191 9
142 29 51
95 22 1
78 69 46
51 193 23
27 31 76
199 66 30
58 81 28
174 69 65
9 45 34
128 56 93
150 99 15
146 188 98
95 191 17
81 9 46
118 137 89
76 98 13
40 163 73
188 105 39
31 82 65
167 66 9
134 106 60
42 129 34
193 128 71
118 122 29
79 133 84
28 76 74
140 129 30
56 126 3
65 131 28
120 118 3
49 116 35
182 141 91
109 30 86
76 66 5
59 93 4
150 190 79
100 99 51
19 184 39
57 186 34
63 157 75
139 146 79
182 115 39
172 102 56
185 108 77
142 166 66
158 8 44
50 4 99
12 36 68
92 74 64
146 152 3
120 38 87
124 86 88
174 156 37
82 72 51
61 140 55
6 25 90
7 153 90
49 185 99
109 182 54
147 97 16
132 164 62
180 132 11
62 178 45
39 133 74
150 145 44
1 73 23
143 98 23
84 1 92
94 71 18
187 75 46
58 192 78
147 66 83
128 20 68
28 16 30
15 145 10
7 39 54
169 15 68
142 195 6
121 115 85
166 160 22
139 18 26
80 71 20
158 140 17
5 21 1
30 58 22
132 63 95
35 190 64
71 143 52
156 120 51
177 191 11
95 55 95
146 116 68
20 94 74
177 148 68
175 33 43
148 60 89
109 197 58
30 132 61
60 131 44
129 8 50
85 25 66
1 77 13
39 152 1
7 177 69
83 76 67
113 131 29
70 131 93
131 169 71
10 93 79
160 86 58
86 7 18
168 102 6
16 34 62
11 149 45
149 50 20
25 0 66
73 45 92
89 105 67
108 123 86
187 161 52
139 94 61
42 123 76
72 28 85
84 44 66
125 33 40
52 37 82
122 103 19
142 135 61
184 116 4
93 55 55
11 161 20
122 24 65
194 2 18
93 88 75
65 196 73
58 130 10
111 69 53
48 169 68
14 126 51
75 194 57
4 89 27
174 109 88
54 18 83
33 32 37
0 112 96
66 191 67
55 187 7
31 167 58
98 108 8
174 130 36
54 104 85
143 85 5
119 112 79
24 8 32
164 132 14
31 71 31
94 140 90
18 111 58
63 50 30
21 37 100
93 33 77
156 169 83
77 198 62
174 110 96
195 34 32
12 152 63
83 40 16
159 92 4
139 5 45
15 38 26
111 56 13
102 117 92
58 9 23
162 28 7
185 23 4
198 170 19
79 179 57
76 185 64
158 32 30
86 192 78
196 156 13
34 132 93
184 8 92
167 23 91
28 59 12
14 18 49
136 83 36
132 144 21
164 71 67
156 93 65
24 132 50
153 143 60
67 160 7
15 123 59
119 39 69
165 29 5
18 128 52
120 88 66
44 126 31
26 32 24
85 123 4
126 32 67
172 119 46
106 99 27
134 85 96
125 82 4
176 15 45
155 26 36
135 149 66
117 110 34
155 172 9
176 34 83
94 172 90
113 115 65
103 157 79
110 65 12
80 152 56
164 35 20
171 101 21
26 13 39
103 52 81
141 79 86
67 17 98
94 46 86
167 31 69
124 156 8
39 21 33
0 180 70
187 112 49
162 153 51
1 47 36
113 160 14
106 81 83
186 116 89
68 39 52
70 117 77
177 41 6
118 164 70
196 130 74
141 147 71
43 192 53
175 120 3
188 9 52
130 193 11
112 169 80
129 148 3
132 142 2
132 116 4
182 171 61
146 47 38
124 95 60
173 191 26
71 172 53
182 108 31
65 101 34
26 151 91
13 149 28
184 30 69
188 36 10
61 151 49
126 121 64
76 80 71
80 192 29
30 119 87
185 84 93
5 159 98
81 162 49
199 134 61
164 170 12
13 38 39
68 133 19
21 181 49
43 88 56
60 30 97
183 145 96
150 90 4
65 78 32
154 7 91
71 10 4
14 169 75
160 37 80
83 67 47
139 81 29
92 14 72
87 109 14
122 146 50
147 144 76
112 148 81
3 88 93
98 166 67
54 44 56
77 123 63
26 5 26
87 4 60
4 175 32
56 15 51
27 24 56
164 148 79
55 172 8
149 29 13
191 103 62
62 179 84
43 12 6
54 185 23
196 177 57
129 177 57
46 101 12
130 99 76
162 110 66
195 3 100
63 133 94
186 26 41
145 171 76
181 146 91
197 166 41
66 79 77
42 95 91
113 143 61
56 187 14
132 57 79
124 116 83
166 100 27
20 41 25
134 49 47
46 75 29
24 98 46
139 107 67
125 5 7
35 26 12
115 160 40
69 159 8
108 53 89
136 194 75
29 23 40
74 61 68
53 134 82
7 104 52
107 193 47
39 180 14
150 120 69
74 56 9
16 147 83
1 199 46
115 126 6
64 55 14
183 110 46
3 179 33
59 150 39
182 189 60
40 43 58
44 77 61
154 81 13
35 87 79
139 40 41
64 11 7
141 140 51
174 22 52
118 31 73
154 14 21
92 113 80
116 32 7
131 95 34
143 193 100
124 145 14
155 8 86
64 102 8
171 160 87
86 120 3
16 26 94
78 134 94
176 79 14
49 144 1
167 179 50
192 134 14
80 199 45
84 132 79
155 137 68
16 160 24
24 32 84
36 105 5
86 117 48
69 57 41
33 23 11
72 48 18
26 118 11
155 176 32
134 5 93
61 105 7
156 16 47
102 172 4
0 189 7
175 15 8
3 110 15
164 61 99
49 141 28
139 164 86
197 17 47
21 64 65
186 190 51
93 146 97
82 187 21
180 130 91
55 26 66
26 76 3
129 132 23
158 65 49
192 28 99
176 150 34
196 139 12
58 198 51
20 163 42
31 47 98
190 14 64
46 129 15
194 97 97
112 45 19
73 97 32
184 61 62
161 67 94
51 55 54
77 146 96
32 87 76
149 2 73
11 116 65
172 76 63
8 60 16
163 145 39
188 147 62
65 145 51
117 175 15
149 80 77
6 179 22
147 14 34
75 17 84
135 47 86
184 128 6
83 137 3
124 191 45
14 48 62
86 20 88
56 167 19
188 110 31
177 77 64
65 149 41
173 181 42
105 173 57
129 35 14
183 48 56
167 6 75
114 111 5
149 121 28
156 141 3
169 156 54
104 129 38
40 193 74
32 167 55
23 105 32
110 95 9
135 132 33
126 168 77
8 59 80
130 128 14
22 154 81
128 60 88
120 195 99
138 63 61
33 81 74
180 55 30
192 1 99
39 185 11
123 165 70
100 168 52
192 72 22
63 96 10
139 131 83
37 34 12
121 135 16
168 170 98
194 41 67
115 184 1
26 142 98
82 6 20
105 150 30
158 58 55
128 116 30
159 49 53
105 176 69
52 24 13
129 163 56
82 76 35
66 196 19
185 29 98
87 65 61
2 188 40
124 21 38
107 26 82
119 70 73
184 51 5
113 52 57
19 117 42
118 128 77
125 97 44
87 68 3
42 33 61
139 71 42
176 12 15
138 187 65
70 143 38
119 92 17
143 12 72
163 95 22
104 108 4
184 69 56
141 191 72
0 154 56
3 72 72
6 20 44
105 100 44
127 138 64
7 134 23
74 169 1
76 30 26
190 103 85
84 80 88
4 90 62
139 186 22
100 63 65
176 31 79
192 39 26
186 76 32
101 138 98
163 137 75
104 172 71
198 132 19
180 60 55
127 84 74
33 168 24
44 103 2
62 47 49
139 148 92
96 18 32
110 19 70
185 55 88
167 103 46
179 149 80
71 141 4
23 113 72
63 29 42
62 1 80
28 18 13
116 191 92
75 31 53
64 146 44
9 55 25
75 172 66
74 44 38
43 151 18
23 106 26
2 77 84
95 31 75
13 102 7
14 51 45
172 11 91
74 65 20
61 186 99
116 136 29
60 140 33
10 16 28
139 165 32
143 137 65
126 11 64
33 55 42
127 74 39
41 57 15
136 8 91
58 5 25
4 64 14
144 22 82
130 62 5
186 46 64
55 5 20
163 148 18
56 97 83
37 180 70
164 109 15
6 199 65
134 126 52
28 190 35
163 117 70
170 77 3
136 20 20
124 162 41
81 57 76
161 77 7
118 56 78
7 23 2
71 70 55
53 61 83
45 156 85
109 5 45
157 25 54
113 87 89
136 15 45
166 71 87
144 105 50
20 39 14
83 162 23
39 49 2
41 66 1
6 156 83
15 98 45
128 83 42
36 69 97
44 120 78
162 139 50
64 193 1
69 12 51
124 102 52
198 86 24
165 135 51
171 115 90
183 86 61
37 146 39
11 198 57
11 118 47
179 11 20
95 19 3
138 122 83
117 170 80
166 185 71
156 17 14
152 53 18
5 47 39
78 101 32
189 64 53
33 156 30
33 83 86
146 154 29
170 135 34
123 54 16
89 170 88
125 17 81
183 154 93
59 145 8
120 91 63
174 38 72
104 4 12
68 192 69
83 70 31
29 193 70
52 4 70
30 18 71
182 142 60
134 121 78
14 193 43
114 165 13
198 87 57
5 22 33
176 84 15
97 31 93
38 21 66
103 21 37
11 172 12
87 86 100
197 33 97
45 189 64
147 54 91
59 36 7
39 57 41
18 33 50
129 150 82
11 60 34
76 72 82
126 195 89
132 90 38
149 13 15
147 178 98
30 13 20
1 21 84
110 16 99
182 158 8
76 22 58
113 124 76
113 126 67
101 149 2
26 22 21
152 81 75
195 154 22
8 83 90
75 177 94
106 57 25
94 118 19
111 104 23
60 159 82
161 182 6
14 39 76
133 51 86
120 141 71
4 78 61
7 192 91
132 146 93
54 113 50
168 5 13
67 24 53
24 103 49
155 143 30
42 85 94
41 105 64
197 5 51
117 97 41
107 130 49
190 84 53
144 157 25
150 123 93
66 181 87
78 189 32
129 190 78
125 81 39
190 158 68
60 62 18
80 108 62
91 44 82
139 115 86
41 146 39
159 171 92
43 119 82
169 56 24
6 162 11
186 52 33
130 34 70
29 69 19
94 89 41
104 189 92
63 76 19
26 139 90
184 81 89
122 57 19
149 159 92
197 88 53
96 56 91
135 64 75
70 95 92
32 199 62
154 179 49
149 139 27
77 174 64
177 121 37
96 36 95
20 81 97
142 106 68
198 2 45
57 106 19
179 145 45
47 162 48
1 66 23
164 150 10
95 142 16
64 51 13
3 45 43
8 103 10
65 117 19
145 161 26
102 152 88
104 138 7
171 65 33
17 142 99
110 130 85
157 22 12
113 179 92
168 26 68
82 13 9
24 89 16
27 54 3
44 178 58
198 106 50
124 113 44
59 46 73
6 75 85
143 65 15
136 182 95
175 112 16
53 111 94
168 133 9
169 58 72
69 119 51
86 37 1
72 101 18
67 145 35
15 199 79
10 75 3
98 85 66
156 21 13
195 183 100
5 51 97
190 61 22
56 23 73
129 97 76
26 171 11
146 145 93
47 104 14
135 99 37
55 151 28
34 29 3
191 179 85
59 189 72
46 62 67
177 46 86
37 65 2
198 179 69
25 68 21
129 81 68
156 174 62
67 95 82
198 150 9
178 103 35
107 4 58
51 115 37
170 189 39
98 103 56
2 176 79
177 51 53
163 22 27
150 197 72
63 128 11
160 62 99
102 39 22
82 28 62
85 128 60
171 79 33
120 2 59
32 126 11
31 8 29
142 41 20
66 6 79
93 194 60
23 67 78
9 73 38
173 103 8
114 67 90
197 185 19
19 125 83
107 168 16
191 197 42
90 28 13
118 42 100
53 179 52
55 67 58
91 23 17
104 14 32
177 96 20
194 139 10
57 157 25
162 136 20
127 124 10
131 102 38
22 70 65
7 43 84
70 97 50
112 18 38
191 27 67
89 20 23
55 105 74
125 144 95
50 125 39
128 67 68
136 145 84
161 66 41
82 58 3
80 138 81
156 127 2
61 119 23
117 191 38
17 149 1
49 146 61
155 76 24
197 128 63
107 189 16
26 83 84
133 176 62
37 113 13
42 117 55
101 159 70
151 61 36
80 22 3
159 122 27
84 10 92
89 128 74
52 196 91
37 3 30
130 46 54
81 166 78
49 193 20
102 31 29
190 56 61
3 127 70
119 156 51
75 95 44
12 72 46
63 57 50
66 188 36
5 61 17
114 54 99
188 71 19
89 184 96
134 42 73
41 19 34
116 176 49
59 157 9
195 17 96
111 158 100
75 29 7
87 0 57
0 58 94
60 185 43
133 62 73
183 102 5
47 46 92
161 55 84
147 22 25
194 174 70
130 54 65
91 19 30
83 30 53
93 160 65
39 150 8
117 7 39
97 143 26
32 138 26
130 85 55
177 70 58
170 193 71
20 54 47
31 120 33
162 199 85
44 134 70
128 47 95
187 76 32
166 69 93
118 98 59
75 114 16
62 117 44
39 118 46
184 121 76
83 93 41
98 179 44
43 1 43
34 101 7
91 88 18
175 92 24
129 116 61
166 12 14
193 6 16
54 58 91
153 25 41
66 36 32
113 84 46
80 56 56
132 12 12
74 78 86
148 138 23
157 30 46
104 155 68
12 183 41
45 28 12
55 40 95
33 169 10
118 159 41
99 52 39
114 190 54
74 156 17
185 54 33
99 80 30
172 155 100
23 198 55
181 39 69
16 33 53
9 151 42
62 161 98
98 151 37
11 21 51
79 139 10
99 20 49
100 54 19
63 83 7
127 171 36
155 189 81
114 164 48
35 187 15
44 114 82
73 166 56
142 120 7
6 133 73
73 38 89
167 4 42
87 35 28
160 92 28
1 164 22
122 166 38
46 177 65
114 119 47
125 129 12
93 80 65
172 61 84
140 180 33
28 166 66
97 49 18
129 15 9
139 188 87
157 161 21
18 41 35
70 192 14
48 113 77
84 114 47
161 158 28
125 179 37
47 5 8
23 31 74
167 73 42
66 159 89
106 96 49
179 161 89
84 16 81
189 20 8
140 90 90
152 44 71
120 103 44
123 76 95
21 185 14
130 167 66
149 49 39
165 124 66
167 37 38
56 168 64
152 75 8
52 118 38
183 2 79
38 165 83
24 192 63
73 169 43
100 30 31
36 40 73
43 4 77
70 60 70
197 66 51
133 103 67
7 161 96
19 34 58
107 12 40
35 83 33
158 51 45
135 33 37
42 113 13
137 75 7
108 110 8
26 198 21
192 176 83
174 53 4
108 115 18
27 166 46
155 145 76
190 163 37
141 136 98
122 8 98
86 16 30
160 96 27
72 88 36
52 151 2
2 107 15
195 42 72
70 16 30
117 133 2
165 111 20
108 101 27
38 197 9
149 78 6
32 75 12
103 81 77
48 69 50
31 96 97
159 89 22
182 180 91
66 174 19
113 9 27
182 196 10
89 21 63
123 144 23
46 160 38
169 191 62
44 74 64
44 85 56
38 183 64
71 86 70
63 129 95
134 64 65
69 44 88
195 21 5
56 93 60
85 76 37
121 156 16
149 52 91
113 79 22
112 84 90
92 28 40
168 181 75
60 127 45
90 143 39
131 46 93
115 55 37
28 112 13
184 23 11
27 44 22
100 174 66
85 161 1
104 146 4
175 56 34
127 143 20
12 165 71
94 117 92
119 78 31
47 15 67
115 68 62
79 178 30
178 130 24
79 131 37
195 56 6
53 105 33
128 79 85
196 110 88
87 123 72
25 89 73
179 120 76
101 33 70
117 104 68
143 88 88
66 157 17
2 75 92
143 177 15
87 176 75
108 128 33
129 142 21
154 0 93
80 148 31
134 129 18
166 22 72
188 95 68
78 157 4
66 71 47
76 177 47
156 54 6
12 34 62
66 89 27
121 167 55
38 159 54
150 114 78
85 99 25
10 145 16
164 122 22
1 135 72
101 111 15
84 186 52
140 21 66
57 68 71
37 117 18
96 117 58
109 111 88
19 163 90
134 139 24
151 144 59
171 17 3
140 155 71
124 183 56
123 131 98
151 191 87
29 52 77
116 163 14
5 104 8
36 118 92
120 23 91
64 13 56
1 88 78
75 199 36
82 89 2
1 192 51
24 110 71
188 16 64
67 10 19
146 98 89
72 68 3
112 194 68
163 174 8
72 127 83
38 193 58
45 106 8
41 85 15
176 151 16
48 198 74
99 55 33
174 78 69
90 69 74
42 66 47
108 130 82
109 136 20
83 106 54
156 195 66
8 85 45
194 127 11
119 68 6
7 6 18
9 58 76
136 73 88
59 6 25
62 89 81
149 91 56
29 121 44
64 78 15
97 70 35
133 187 74
112 93 85
42 132 87
99 173 1
64 122 55
71 121 12
94 88 92
74 104 55
16 170 11
66 59 15
42 56 96
179 81 16
175 65 82
169 43 94
63 186 98
32 175 16
49 189 32
37 55 49
163 165 73
172 137 57
167 121 86
151 9 43
5 70 84
124 35 20
134 29 36
168 142 2
15 77 83
187 53 28
177 43 60
17 32 90
13 195 56
170 23 85
83 165 27
41 157 39
197 94 21
143 192 98
63 30 42
104 53 65
138 175 59
105 63 2
71 185 5
17 92 46
167 189 19
180 29 71
152 157 69
133 57 36
175 160 45
42 49 40
45 26 4
15 168 61
161 179 13
26 24 6
88 23 5
133 159 65
135 28 51
126 165 41
45 92 84
160 55 34
72 29 13
174 20 22
37 141 34
160 69 19
174 70 91
108 18 30
42 137 48
0 57 6
90 86 76
178 39 100
148 9 43
61 49 68
85 27 46
11 199 48
138 18 86
82 133 36
9 158 29
5 73 45
125 117 47
191 121 58
142 31 5
79 34 48
37 39 51
148 164 60
178 15 36
177 136 62
23 63 75
9 33 64
185 6 47
189 96 97
159 5 65
44 168 71
41 20 1
47 196 3
187 8 28
5 127 81
145 59 58
98 168 79
78 2 49
113 88 13
142 134 53
123 67 27
12 172 55
2 17 19
187 71 2
130 78 56
37 124 82
162 171 100
141 5 21
132 54 42
33 1 19
122 7 13
171 75 53
72 57 50
108 71 33
47 42 64
176 170 67
129 11 57
146 5 63
73 6 54
70 4 35
101 108 66
188 121 67
72 133 25
197 114 16
176 6 53
149 132 44
71 85 39
45 57 51
38 88 37
76 170 94
147 196 34
198 14 27
25 81 12
40 132 82
120 16 65
54 137 83
151 149 21
134 116 19
148 188 29
95 114 44
11 90 97
71 21 17
13 168 5
77 85 53
19 3 75
119 52 88
8 32 39
23 58 90
172 180 67
169 142 90
187 1 95
109 99 58
67 93 72
142 47 68
63 139 81
68 19 33
85 10 8
151 82 82
101 94 96
35 195 37
106 181 52
84 199 17
90 110 1
167 148 72
112 52 58
167 162 64
0 33 34
158 181 18
46 138 55
112 107 15
174 137 6
79 36 31
195 33 22
162 187 1
41 106 94
103 130 63
22 47 59
1 63 46
88 178 43
110 184 79
8 5 2
16 118 65
55 160 26
56 135 45
33 160 89
140 135 24
72 78 69
71 93 17
33 103 5
144 67 33
134 50 15
102 4 70
158 63 1
129 68 46
98 114 82
118 167 83
49 52 73
11 49 1
12 30 79
49 120 51
169 66 73
53 115 48
39 66 42
21 57 49
103 146 17
73 29 71
149 30 49
26 94 12
169 4 100
66 158 70
176 171 96
35 115 27
150 188 52
88 57 79
115 29 66
15 146 32
196 176 56
7 187 65
162 95 67
82 128 54
86 193 80
153 140 67
82 164 90
75 71 82
57 98 36
171 42 90
108 119 15
101 163 79
119 3 13
76 153 14
165 48 11
59 53 56
157 50 96
188 180 52
73 55 37
145 24 2
198 104 57
197 124 51
94 189 67
183 191 95
117 162 7
69 198 37
77 195 60
72 21 11
60 124 31
115 193 64
16 128 82
122 68 16
25 115 15
104 28 50
52 50 21
58 71 77
14 151 86
93 172 72
126 134 71
144 66 33
53 79 55
134 72 38
108 39 41
174 167 93
14 125 58
162 115 99
76 122 43
71 56 71
174 11 90
165 154 41
122 127 53
171 193 89
57 54 62
145 37 33
49 148 32
20 11 82
98 157 95
113 127 1
9 179 51
35 128 80
56 114 27
19 104 6
193 159 93
125 71 93
184 12 27
131 53 39
68 199 20
81 101 55
50 117 57
56 115 65
102 53 72
138 182 70
128 26 68
66 52 18
59 154 90
16 124 79
84 21 63
41 80 52
167 92 49
65 132 91
199 62 15
182 167 71
173 131 8
151 27 20
103 72 17
170 25 72
161 160 79
48 3 74
9 36 55
121 198 63
134 97 65
104 93 21
98 109 68
160 163 18
137 52 62
184 170 94
180 88 39
9 34 31
42 82 93
128 154 67
79 132 100
104 45 62
52 162 6
156 188 4
91 6 68
167 137 58
174 191 67
86 112 18
142 94 76
87 37 52
21 161 8
115 66 68
106 91 23
128 123 73
24 99 51
91 10 4
124 75 85
14 146 46
92 32 91
114 150 28
94 190 90
110 180 81
133 192 74
168 148 93
100 74 2
168 64 91
168 175 11
4 36 32
82 25 22
30 172 30
70 48 69
62 135 28
55 48 25
78 3 9
69 133 53
164 55 67
63 81 94
133 79 93
48 190 22
182 60 12
172 36 77
111 91 14
101 40 27
21 66 40
99 152 6
32 73 74
78 154 12
196 45 14
52 141 7
81 140 45
65 64 13
67 167 81
51 142 11
48 141 9
26 168 45
49 126 15
110 71 98
80 157 33
154 195 36
79 199 97
59 32 18
97 159 97
68 50 91
73 157 60
20 138 78
144 48 48
119 99 91
66 115 66
129 36 78
78 51 97
165 17 42
31 49 61
45 88 29
175 133 82
115 177 65
91 25 74
55 21 53
28 64 36
158 13 90
131 35 2
87 34 95
36 78 3
185 130 67
91 1 39
80 90 92
6 37 79
169 9 83
71 16 73
64 199 36
37 147 47
137 100 3
70 182 70
43 36 63
102 12 51
16 164 1
137 58 26
84 156 85
141 71 41
24 61 69
168 48 69
125 170 23
164 147 65
30 71 61
148 93 62
52 165 47
88 155 96
31 110 13
75 149 57
127 20 46
120 192 67
43 34 59
109 140 34
165 15 41
151 60 62
87 143 90
137 189 14
143 30 38
50 164 40
20 134 67
125 85 68
135 52 77
103 95 37
35 120 64
41 18 68
194 31 15
34 8 89
92 191 9
160 102 77
153 151 59
135 182 33
115 92 98
100 145 4
160 126 57
61 27 32
195 12 12
26 73 58
93 185 33
13 112 31
52 130 41
63 66 46
160 4 93
176 87 98
100 166 13
130 119 50
40 180 76
197 136 87
53 109 67
192 183 58
143 167 5
188 174 58
37 23 12
96 150 62
47 96 3
194 79 30
96 174 17
20 8 61
37 129 68
154 16 51
111 39 15
73 39 28
78 83 11
182 149 47
14 17 87
109 61 60
164 133 19
178 24 96
180 149 93
72 173 19
190 88 33
9 143 84
60 170 76
157 14 85
104 150 13
187 58 58
158 149 50
50 46 48
1 191 54
46 30 19
114 134 97
85 172 46
170 31 83
82 61 31
178 122 95
43 99 62
70 75 42
134 123 57
92 48 10
8 159 19
34 68 12
35 124 9
79 89 6
150 154 40
72 151 20
70 126 79
129 176 82
115 143 72
154 159 91
50 124 2
7 90 66
11 169 49
34 33 67
125 164 45
57 34 41
46 103 66
7 59 10
164 20 2
49 123 75
65 13 3
141 108 87
199 9 89
144 11 55
98 101 25
10 50 67
12 54 53
3 98 7
96 69 52
173 121 96
105 178 85
57 17 16
106 127 68
97 112 10
46 135 7
172 129 61
47 88 92
92 13 96
166 89 3
131 59 44
199 57 43
68 46 88
54 48 27
21 92 91
3 81 60
196 6 35
107 167 46
51 48 8
65 6 71
121 1 32
63 88 69
163 30 25
112 61 17
169 30 50
154 165 27
183 106 90
183 196 56
82 18 46
169 35 2
74 58 36
31 199 55
76 103 25
89 124 95
123 28 4
139 105 33
61 194 47
8 185 100
53 155 91
93 128 92
196 157 16
61 59 95
65 83 26
162 128 82
15 125 71
159 91 54
178 44 56
151 102 32
71 97 53
134 44 70
131 28 78
37 198 90
21 23 83
66 42 48
142 2 18
6 3 6
31 107 38
67 21 90
39 111 77
151 153 69
163 104 85
148 84 55
173 77 53
87 94 84
143 112 22
75 157 18
58 18 22
194 184 71
110 189 70
175 123 87
185 164 67
119 20 3
171 73 9
67 46 62
120 13 58
87 41 80
152 6 94
23 128 57
158 108 72
163 43 80
21 14 62
140 192 84
159 97 71
63 12 68
21 98 79
179 39 98
182 198 90
69 43 90
156 65 5
23 57 63
2 98 33
185 42 8
199 166 68
143 15 36
163 143 29
110 196 16
87 12 30
73 69 94
187 160 74
191 32 37
100 156 73
141 150 53
45 65 11
37 76 49
183 133 55
146 193 2
136 199 76
118 14 47
165 192 48
84 24 31
88 188 55
26 154 24
68 88 75
166 88 74
192 156 78
57 191 36
15 150 31
6 124 73
123 164 28
13 89 7
42 57 6
41 103 59
69 135 55
126 189 36
28 99 1
23 92 23
141 178 59
68 98 81
61 8 38
100 122 90
33 163 78
50 115 91
53 95 51
9 192 3
4 97 20
15 127 93
65 77 83
195 50 65
182 68 10
161 107 47
151 88 1
149 99 15
147 93 79
7 31 68
83 11 42
168 88 45
60 118 44
103 192 42
6 181 60
149 148 16
152 114 72
181 106 47
156 178 10
33 2 21
162 70 72
119 153 56
193 120 93
146 96 90
150 82 67
160 162 50
30 174 24
109 163 99
99 172 59
37 165 61
62 174 6
97 182 9
12 168 64
165 85 74
24 140 92
153 55 51
44 91 82
31 196 85
124 53 32
103 4 98
38 157 59
73 30 72
176 186 19
110 120 32
65 181 88
159 88 71
140 117 64
193 23 30
124 56 56
48 179 75
16 130 30
50 134 59
121 162 65
155 43 18
86 170 10
112 79 37
58 40 32
119 41 37
82 33 21
140 139 84
189 37 9
15 188 53
136 50 92
32 35 41
50 3 25
182 62 68
5 176 39
15 121 95
197 61 52
150 14 11
83 29 32
138 194 51
187 141 65
152 3 81
77 82 16
143 148 84
187 23 20
74 13 81
128 17 85
108 190 86
39 187 98
153 111 13
88 96 99
157 105 21
155 163 25
123 190 79
85 104 78
115 164 68
48 33 67
48 19 76
109 83 23
50 15 55
145 197 50
170 159 27
145 183 31
179 52 17
104 1 23
199 125 77
16 136 11
58 168 9
69 17 47
103 113 52
182 48 77
4 196 33
191 186 1
19 152 20
48 171 23
148 98 2
34 136 68
164 73 53
92 0 55
130 176 70
55 61 19
178 123 12
47 76 18
146 196 80
100 110 8
13 145 79
89 190 76
88 142 17
5 99 18
74 186 63
68 34 63
173 142 73
29 191 27
186 31 84
136 171 23
30 43 18
133 44 19
119 132 32
77 39 31
5 191 73
21 49 85
162 67 32
162 37 86
138 54 26
81 97 73
144 151 41
182 148 28
114 23 61
53 186 41
30 97 66
154 46 48
137 41 46
121 8 54
16 13 45
68 1 14
43 135 77
148 62 59
0 101 28
50 43 91
56 19 22
108 11 87
147 173 51
120 22 40
44 130 100
152 161 42
83 175 4
158 155 3
143 24 41
170 169 84
106 77 7
116 51 91
92 182 11
41 24 74
40 20 90
178 199 15
110 132 62
122 159 78
82 141 54
76 71 33
35 198 74
118 39 72
52 105 29
153 32 76
169 131 62
141 103 80
123 75 38
91 99 97
109 6 96
67 176 49
136 57 5
51 12 83
31 55 36
131 86 83
103 158 100
17 48 8
43 7 95
100 51 40
83 59 82
97 129 34
186 39 63
134 130 83
157 174 90
137 40 6
13 71 54
155 116 27
37 89 97
135 153 73
17 72 15
156 179 24
73 145 64
193 91 24
13 18 73
52 152 13
87 180 32
39 82 98
182 162 17
185 121 76
23 157 90
87 9 52
151 186 38
152 128 58
1 162 27
15 70 63
64 49 50
180 105 11
66 17 51
26 35 44
14 40 59
8 106 36
197 126 54
182 144 87
128 62 70
182 6 41
23 84 47
158 54 64
88 137 19
132 184 20
181 150 37
105 45 56
104 37 12
69 77 95
15 57 29
136 94 24
89 110 19
192 144 44
29 116 76
197 39 11
129 166 40
118 99 38
144 109 13
37 144 55
119 96 36
183 40 58
163 27 57
153 137 97
101 123 35
12 87 84
147 123 7
15 62 35
60 115 85
90 106 57
98 153 10
161 142 51
179 54 10
190 172 77
159 197 36
72 137 65
37 122 82
137 131 4
87 58 87
84 169 97
150 199 58
155 82 40
172 181 32
136 60 10
154 126 50
35 166 74
166 5 17
185 109 99
25 70 87
54 80 48
79 3 7
112 175 24
165 129 59
55 64 84
120 132 2
75 135 51
177 146 86
57 33 99
182 136 70
74 143 10
60 36 72
97 141 50
118 153 36
145 162 21
187 118 87
152 68 40
166 195 22
29 135 38
119 125 17
174 122 66
74 57 95
197 102 96
14 114 64
83 89 19
148 104 3
134 145 12
79 76 39
51 128 34
65 32 35
136 30 15
67 187 39
85 30 70
84 28 29
187 140 35
25 18 13
125 93 1
46 131 4
143 184 18
138 30 4
49 105 17
130 134 76
84 94 54
48 172 7
34 66 37
147 27 74
138 177 68
56 110 21
190 122 51
101 49 41
19 46 55
76 167 74
199 33 33
125 168 68
199 169 35
31 151 14
124 151 71
54 148 53
41 154 85
153 84 66
43 15 55
77 193 3
149 180 1
4 26 3
67 131 12
178 176 46
159 152 38
154 122 38
98 94 84
164 180 10
189 12 74
24 149 75
15 40 7
9 30 10
73 7 7
179 118 96
23 83 75
82 160 88
108 85 15
50 184 27
181 185 6
39 16 93
139 132 20
198 63 74
27 133 34
35 147 95
140 33 96
5 144 70
138 36 70
47 60 9
155 52 32
69 192 15
196 75 67
128 170 27
101 77 89
179 138 59
161 82 79
151 196 31
197 21 61
164 89 30
27 140 67
196 19 39
191 165 50
145 20 45
199 198 4
52 168 64
47 75 40
109 74 88
9 89 9
18 137 28
105 143 88
82 99 58
44 16 81
24 58 2
187 134 26
193 98 31
7 93 50
175 59 2
95 130 40
74 142 20
78 89 14
184 188 77
59 184 90
70 35 5
107 82 72
146 79 45
7 151 23
101 180 30
188 84 91
13 96 88
63 115 61
134 66 13
137 47 25
12 189 78
144 76 60
99 103 34
199 52 27
100 25 99
96 54 15
150 50 78
44 182 96
130 72 48
9 75 98
83 158 86
50 196 41
116 71 53
106 170 41
115 127 32
162 86 12
22 115 63
82 127 74
172 165 42
179 194 4
163 112 79
157 103 25
66 104 2
81 8 20
6 122 99
198 22 37
28 110 49
65 96 88
14 35 96
179 43 16
194 19 55
77 63 54
2 58 4
92 197 27
91 9 94
30 195 25
38 190 69
59 18 86
173 101 10
27 18 98
20 88 53
91 157 54
111 123 93
83 77 80
50 189 52
1 59 59
155 130 90
160 100 90
98 163 12
17 146 24
127 141 17
60 14 10
7 154 84
175 140 92
177 74 12
133 12 36
26 4 96
120 188 100
43 183 62
56 159 41
158 129 70
170 39 8
159 189 33
161 148 15
26 40 68
183 93 2
51 38 17
140 144 65
107 133 99
104 103 73
29 127 15
89 121 2
149 23 66
35 20 78
153 174 90
102 158 96
39 107 25
199 44 15
38 99 38
4 81 98
61 193 52
190 194 15
161 136 94
38 111 25
135 155 17
82 29 23
8 136 48
38 57 85
81 165 55
33 117 9
72 77 43
154 180 26
119 76 62
60 136 10
173 22 78
164 185 14
136 148 13
34 191 99
51 35 86
74 76 96
96 165 11
194 100 46
164 19 100
153 39 39
41 38 82
34 153 85
147 83 11
27 7 85
43 58 72
60 90 40
162 2 48
44 108 71
168 81 44
174 104 92
102 54 26
182 44 74
33 122 67
5 122 71
126 146 23
157 49 18
138 35 88
189 80 68
147 37 98
132 197 48
199 147 90
56 127 66
1 35 70
197 131 16
73 143 52
35 118 86
78 93 11
176 83 49
54 87 53
73 20 53
73 115 50
36 1 63
144 104 18
37 52 33
60 100 7
103 13 69
193 54 80
130 96 66
61 98 43
176 19 74
0 133 98
178 60 18
30 55 3
137 98 8
25 132 99
180 2 97
10 43 84
149 47 93
182 18 32
19 116 45
66 65 40
56 52 55
105 96 24
96 26 9
178 160 40
96 15 83
61 63 77
182 95 77
81 21 97
140 36 3
40 105 55
19 111 97
15 178 46
12 63 33
44 96 1
187 136 57
105 128 92
44 145 91
25 139 67
37 138 58
152 186 27
37 123 95
128 178 61
169 42 41
174 89 22
36 15 15
120 78 48
19 85 96
152 9 97
80 95 17
119 15 66
109 165 78
39 190 53
139 89 10
132 17 7
43 102 45
68 163 66
172 188 62
188 148 5
199 12 28
61 118 18
56 124 12
156 113 52
70 159 59
2 111 83
108 35 13
92 88 45
162 174 32
51 98 7
131 100 11
113 173 5
166 155 76
46 93 34
95 189 74
49 90 43
171 199 11
176 109 95
130 139 16
1 94 83
18 176 61
196 171 84
147 89 38
137 198 49
133 153 99
35 73 38
136 62 60
88 68 95
111 57 84
70 152 62
23 70 25
107 5 28
1 69 23
141 159 59
190 140 92
141 11 2
142 139 31
37 170 16
199 126 1
94 149 70
10 20 26
163 190 51
82 181 97
17 125 32
83 71 81
84 59 99
131 103 40
107 27 78
13 103 79
20 179 97
168 152 52
6 51 12
86 155 21
116 172 75
39 84 47
167 34 35
11 26 52
122 163 58
7 94 35
171 132 28
47 64 54
1 190 55
57 75 49
162 79 80
179 86 8
43 113 43
197 38 70
154 75 34
70 102 61
110 83 69
184 159 71
38 127 28
106 45 19
159 24 9
31 77 58
15 129 43
105 60 4
118 11 48
22 59 16
172 197 41
68 94 30
77 130 41
35 99 92
21 160 11
97 6 46
97 21 2
93 141 87
180 51 11
5 136 97
132 162 61
55 106 75
117 4 1
156 140 20
5 194 13
102 98 65
157 113 27
104 41 96
18 151 67
18 100 9
105 131 78
77 111 88
25 144 69
124 0 80
65 128 22
33 77 68
62 78 71
184 112 36
91 122 81
72 85 10
172 90 1
164 46 3
76 162 85
184 20 42
133 177 99
39 4 23
193 169 2
180 168 23
24 101 43
178 140 10
17 138 100
139 153 2
7 46 52
135 46 27
80 73 6
41 193 21
59 21 42
146 81 67
88 95 26
10 0 96
22 33 71
133 136 92
64 139 48
43 59 32
168 122 90
2 192 82
70 28 64
69 137 64
79 99 11
17 160 79
199 31 23
34 140 84
71 113 8
120 124 97
67 44 74
42 97 6
69 109 9
66 14 96
10 1 52
50 192 2
61 142 73
93 149 100
80 146 60
103 94 81
56 140 76
106 180 56
123 90 39
35 142 23
169 183 92
137 36 69
86 142 42
170 124 86
134 1 97
26 28 46
4 99 38
144 98 27
8 109 30
169 34 96
152 170 73
93 65 22
37 182 3
68 33 69
18 95 53
28 181 75
120 101 91
153 9 76
103 33 46
148 69 15
142 74 59
188 157 46
133 15 1
51 173 24
79 47 65
98 79 59
176 24 66
177 115 62
196 119 29
197 13 63
103 185 43
57 90 25
124 103 62
101 78 23
130 5 89
91 33 69
63 195 84
12 187 69
136 90 95
157 173 81
133 18 56
42 126 3
133 43 26
148 130 22
168 22 36
129 66 99
153 138 34
112 65 79
137 195 26
83 107 87
15 25 34
115 76 80
146 106 22
131 182 28
22 69 75
198 140 64
26 174 69
161 113 66
57 168 32
57 166 64
102 124 69
55 186 29
63 194 67
190 15 23
125 60 92
7 49 40
72 166 24
70 80 81
13 129 95
45 173 1
196 14 15
9 115 11
74 88 80
95 146 82
37 135 57
45 87 29
142 24 42
57 23 73
170 167 90
93 68 33
195 141 55
1 148 93
178 5 3
154 134 54
110 101 96
47 171 78
61 178 43
105 42 36
171 55 46
11 167 67
52 97 14
2 110 12
132 173 10
62 124 9
42 151 13
104 181 31
91 81 77
132 11 37
0 130 19
23 135 78
3 152 82
117 9 48
81 3 86
128 181 9
173 91 7
143 182 55
153 8 91
191 154 93
148 136 85
41 84 19
12 103 79
3 80 75
2 164 63
71 181 34
193 122 93
19 76 70
141 56 32
21 3 28
144 50 86
194 16 6
59 153 15
3 96 1
103 40 83
117 168 78
11 32 87
160 181 34
75 57 53
27 25 51
173 43 85
39 193 89
164 24 70
163 79 58
29 34 21
141 22 38
104 65 54
34 190 13
60 168 14
133 69 16
178 48 14
182 69 29
119 182 33
8 174 78
88 43 54
115 132 33
12 115 6
34 173 3
116 103 63
137 32 65
175 126 9
135 160 53
128 137 59
64 46 15
182 49 47
95 93 60
77 5 90
197 182 72
118 38 97
45 58 38
116 118 73
172 55 22
76 127 34
20 167 55
5 43 98
78 196 83
129 186 65
165 37 21
112 151 72
150 177 7
111 64 16
84 90 93
191 199 56
133 88 40
27 114 72
72 125 36
99 137 43
92 64 76
17 79 30
92 156 96
110 78 30
24 123 26
97 52 76
114 82 42
197 15 40
125 66 10
14 86 15
119 57 61
42 3 81
25 189 24
142 151 82
148 199 86
26 166 34
47 8 47
42 38 51
182 32 41
177 42 72
138 5 25
175 188 98
73 100 67
62 69 27
161 17 90
95 124 42
40 94 61
166 18 67
30 151 98
15 180 16
157 63 70
100 21 86
176 85 75
189 110 25
124 77 52
176 60 41
181 74 1
56 26 78
23 41 93
37 116 38
92 79 80
37 59 62
36 66 35
85 12 59
111 84 62
88 173 28
163 57 29
139 27 1
31 19 97
37 8 42
27 169 49
0 41 93
114 34 62
188 117 84
143 127 38
37 100 87
167 150 15
139 3 11
134 196 11
15 12 66
106 35 71
109 64 94
7 180 24
75 67 27
188 96 81
166 187 74
86 76 23
38 176 11
11 126 98
30 189 17
140 149 19
93 25 27
60 65 17
169 22 35
135 173 22
61 133 34
172 112 66
20 23 93
148 171 14
31 195 44
195 133 32
32 70 45
119 2 48
95 42 90
132 119 34
88 130 17
140 15 67
148 101 8
140 76 47
142 36 58
49 114 7
34 73 54
18 69 82
3 136 80
49 65 16
69 37 26
113 144 97
65 127 14
164 169 60
169 174 43
166 170 96
91 100 32
121 140 61
194 164 30
146 99 79
189 115 97
3 164 73
93 153 74
198 44 78
109 186 75
181 139 82
162 112 32
105 43 33
161 50 37
102 57 58
13 184 78
11 74 89
172 128 43
104 194 79
93 86 17
40 151 9
177 132 53
84 5 13
73 134 25
41 127 51
103 61 36
45 116 42
181 191 60
63 101 65
164 63 21
125 156 92
88 90 41
125 177 61
122 83 81
122 161 26
24 75 66
69 146 64
113 42 21
50 39 65
86 152 49
182 20 14
76 144 52
138 192 70
100 187 78
60 113 36
26 78 22
6 48 92
7 14 38
139 122 74
141 145 17
149 195 35
2 180 33
32 6 32
9 149 62
85 91 67
199 189 66
52 170 63
129 122 88
82 121 37
183 95 3
77 20 18
186 89 57
84 198 14
175 23 73
10 94 54
150 124 70
80 182 80
72 11 98
54 1 2
191 60 6
49 153 16
15 64 96
123 121 98
107 7 18
33 199 46
175 198 40
61 50 27
16 153 96
186 67 11
88 19 10
162 102 54
145 174 24
126 163 1
29 47 8
154 40 74
100 137 51
109 71 60
87 186 26
37 153 14
118 183 56
65 160 33
168 71 5
75 162 50
169 106 84
112 198 24
34 187 4
4 69 83
152 118 6
2 124 79
92 3 11
159 108 3
109 96 13
198 70 58
128 44 94
24 144 77
154 66 63
74 123 99
144 190 41
181 42 1
177 141 87
109 35 69
73 140 96
183 185 37
36 8 97
72 58 68
31 145 60
149 144 44
61 108 51
69 107 35
62 26 55
118 21 59
149 40 19
19 57 30
74 85 33
192 74 66
27 156 17
65 47 15
80 51 34
51 158 59
115 171 57
68 196 71
7 131 22
38 56 92
176 39 92
147 169 35
83 73 92
28 187 6
150 80 28
11 143 69
22 170 72
149 110 94
124 38 6
198 176 69
23 175 59
6 190 88
102 139 14
34 78 3
28 89 38
32 83 1
81 177 73
106 150 64
144 184 30
167 67 33
20 132 21
116 160 100
10 111 91
109 174 5
41 27 8
68 63 55
59 110 54
137 61 69
76 4 22
188 29 8
126 95 33
183 37 49
125 115 18
84 60 33
130 22 55
136 132 41
52 12 96
120 42 60
147 68 88
193 31 56
169 25 54
122 107 82
199 49 11
177 72 32
70 32 100
39 79 19
133 17 13
170 184 58
51 144 100
179 113 28
187 69 63
83 112 38
107 113 36
194 108 94
27 175 99
44 186 5
43 19 66
64 60 51
108 87 15
139 64 19
177 186 77
55 10 94
115 125 100
116 24 75
135 30 75
191 15 57
51 74 38
198 159 69
137 84 97
159 0 57
24 159 62
30 135 54
87 153 5
176 17 87
102 167 35
33 92 20
4 49 63
114 92 89
140 83 79
26 112 41
4 118 87
169 126 99
28 157 14
38 14 36
84 183 47
8 104 2
126 63 2
62 189 38
142 1 4
191 72 14
154 57 35
25 86 50
181 186 7
20 105 45
192 154 80
139 185 48
42 181 9
81 108 52
147 139 72
86 139 61
39 23 82
126 149 90
92 21 74
114 139 62
103 159 26
64 26 71
141 198 4
77 180 80
103 49 65
56 50 94
36 5 25
38 146 8
105 104 27
49 39 77
100 17 30
55 36 50
32 65 39
101 72 35
173 198 57
71 170 63
30 113 13
99 132 81
130 10 24
177 45 59
23 2 93
24 174 73
42 83 2
136 187 63
62 102 27
112 146 74
181 16 79
123 57 30
109 190 24
104 22 19
24 21 61
6 29 57
153 28 96
177 57 81
71 31 78
88 51 62
171 170 23
46 72 48
58 89 77
45 177 99
192 95 86
102 43 26
118 40 96
77 197 90
71 8 23
177 157 13
28 0 27
35 59 83
74 160 43
68 111 67
189 101 25
180 155 6
23 34 82
78 18 20
147 140 72
135 137 55
55 139 58
155 127 24
160 85 69
140 126 70
151 141 15
61 34 67
106 188 55
68 100 61
63 150 43
181 153 44
36 72 21
86 133 33
68 186 94
25 11 57
23 179 46
20 144 50
74 173 56
180 5 52
92 4 25
117 105 13
150 29 54
150 105 85
151 166 63
197 156 87
7 62 70
127 180 34
120 18 32
99 58 87
32 103 76
31 160 90
190 166 55
186 106 88
184 147 81
36 152 31
157 99 50
117 8 79
79 96 61
138 87 58
46 148 72
12 181 97
153 0 13
65 107 68
56 116 34
3 146 3
92 20 69
199 192 17
69 134 30
189 89 37
192 70 54
40 92 83
7 51 90
65 199 43
27 73 32
73 102 83
17 62 36
46 133 43
183 140 40
74 127 35
68 130 69
121 71 51
110 11 56
33 198 62
140 196 52
14 28 50
114 9 100
195 158 9
161 75 77
98 0 8
21 145 30
91 115 20
108 72 99
36 2 74
97 39 51
123 58 28
134 108 68
134 160 42
83 108 52
175 26 83
100 106 21
13 187 57
89 71 100
108 9 65
25 128 45
135 111 11
8 81 65
24 14 20
34 111 48
100 89 27
132 7 71
18 129 58
161 52 66
6 166 71
31 27 31
21 138 65
119 193 59
135 95 99
108 86 1
179 19 21
52 140 11
156 158 32
59 158 94
38 73 22
90 54 24
138 183 89
108 83 86
118 166 59
190 12 94
113 69 65
79 31 25
66 167 33
71 38 1
109 118 79
147 59 39
148 191 71
144 166 43
60 47 68
93 142 32
73 122 4
15 139 21
62 160 84
110 131 57
137 135 93
157 146 29
192 189 45
113 11 33
71 133 30
196 183 19
170 34 53
50 89 10
84 45 26
56 37 70
124 52 39
28 142 98
75 22 47
39 32 41
78 108 73
83 163 1
124 10 96
96 104 49
103 119 14
157 24 16
189 187 12
115 42 10
17 44 88
145 191 3
52 145 31
37 136 1
190 123 10
85 66 51
141 94 93
57 155 68
150 22 33
46 151 100
151 20 82
6 67 13
162 198 24
118 143 13
114 143 91
197 101 20
175 58 77
66 168 55
35 76 31
57 48 92
148 25 16
80 36 1
175 161 71
33 175 78
1 54 29
62 75 67
113 190 39
149 140 81
145 74 84
31 97 17
182 145 56
51 0 2
112 191 94
150 198 16
170 158 96
185 159 63
157 184 22
47 152 98
116 174 11
21 100 42
186 185 51
90 5 73
67 49 65
115 183 55
35 174 41
135 31 43
99 130 55
74 64 90
134 158 76
15 66 70
32 107 51
20 71 57
53 38 98
55 171 16
187 98 80
39 161 86
77 0 49
168 118 53
169 40 8
141 118 38
163 81 55
46 163 35
162 101 9
140 121 97
189 135 30
46 41 23
60 153 57
105 26 30
81 90 10
1 68 12
20 162 15
179 33 25
125 157 1
112 184 64
164 12 97
98 33 23
163 122 17
29 65 13
98 37 60
145 84 6
184 118 88
46 114 20
22 57 21
139 50 26
97 100 74
124 87 8
150 187 17
38 96 76
138 62 23
169 150 77
65 39 49
155 94 40
31 188 71
191 182 12
58 178 13
145 169 11
182 159 25
65 147 37
54 117 3
156 14 93
160 168 56
7 136 53
28 179 80
28 165 50
87 5 22
56 34 82
148 195 58
182 80 5
98 185 55
97 77 22
34 4 40
128 77 34
14 195 65
25 34 45
167 88 92
1 80 67
49 99 15
172 79 87
74 165 42
32 49 48
97 10 45
93 26 12
101 188 24
162 4 93
197 28 64
64 70 84
41 143 65
130 116 44
53 73 7
17 151 36
168 179 26
6 23 14
64 140 80
73 135 37
175 162 51
54 129 71
99 127 46
103 169 61
58 3 4
0 175 56
165 104 37
98 135 76
15 108 43
103 17 72
125 29 68
24 20 8
93 117 65
37 0 28
142 140 72
51 196 60
181 180 9
109 82 57
93 177 45
125 34 42
180 34 1
56 125 28
82 20 51
114 40 67
140 12 53
124 46 92
96 90 46
17 0 29
117 150 61
52 149 82
177 163 45
91 68 31
20 119 34
190 161 65
83 79 26
101 23 39
170 82 88
12 124 18
45 81 3
74 115 73
29 51 2
11 20 6
40 171 89
139 57 100
43 169 26
128 58 36
175 142 11
134 91 4
45 36 73
192 194 46
163 156 4
152 5 12
15 93 28
118 60 33
80 143 41
99 154 93
31 13 63
5 65 94
84 152 33
115 77 40
51 96 91
155 61 77
139 121 35
163 47 65
150 44 74
65 184 12
177 4 51
171 27 16
130 172 48
31 168 40
135 17 89
170 27 19
126 55 88
37 5 68
135 14 69
148 120 11
171 117 9
34 172 27
100 179 28
125 147 50
137 59 80
171 56 75
172 186 62
115 46 52
104 195 69
32 8 99
60 130 68
61 29 25
44 11 88
181 99 75
42 188 35
120 31 49
95 186 11
12 192 62
195 19 43
27 157 20
131 72 12
118 59 34
115 123 93
110 43 51
114 10 69
147 77 52
192 136 57
139 91 22
168 159 3
36 169 66
146 119 42
34 177 88
70 170 64
164 56 85
36 191 18
157 160 38
117 49 39
125 13 80
197 95 70
185 147 21
7 37 100
163 66 2
58 53 15
29 74 70
149 113 87
90 149 19
153 71 74
197 67 19
2 168 80
62 186 15
117 124 25
171 181 62
120 74 77
30 23 60
23 117 37
174 54 86
39 109 14
130 122 78
106 33 96
167 191 24
175 81 77
125 21 98
136 49 14
34 185 76
134 157 32
123 137 45
87 69 86
65 93 84
162 189 96
109 95 58
141 130 90
0 98 85
21 53 37
94 110 85
83 199 19
73 198 25
183 192 69
188 51 94
124 167 7
19 141 1
193 158 87
168 106 97
157 43 95
146 43 52
53 121 88
58 35 27
144 97 18
94 31 31
111 52 84
190 53 87
168 163 81
161 8 19
52 44 16
178 145 100
119 188 92
11 106 61
157 170 51
146 72 68
16 148 51
72 155 95
19 179 24
121 62 79
24 125 64
165 160 55
192 106 1
179 82 51
146 94 83
121 12 52
14 79 49
56 31 41
147 118 75
121 168 24
75 16 2
148 51 53
76 82 54
18 124 34
87 195 81
108 138 29
140 145 9
112 100 24
114 185 43
11 1 72
26 66 58
186 98 99
72 67 93
118 66 78
113 141 53
181 95 18
181 23 46
113 105 34
131 94 7
60 156 27
102 148 66
81 174 28
78 47 82
125 51 5
132 157 11
109 4 83
147 152 5
183 81 77
26 47 100
88 56 30
144 43 23
79 175 3
77 80 91
44 68 27
1 16 52
23 7 28
7 21 59
86 0 44
53 194 50
93 182 68
33 53 67
21 74 86
124 30 100
19 197 22
180 127 10
48 90 34
75 167 30
154 198 50
146 122 39
17 165 77
97 103 88
114 53 67
49 104 54
85 180 1
178 190 94
91 176 65
73 176 45
1 187 19
131 84 88
169 151 84
143 28 20
166 81 55
161 125 62
161 165 22
149 171 21
17 86 28
27 48 37
156 102 5
186 103 37
199 70 95
110 22 10
189 46 16
44 148 64
165 172 9
11 89 11
24 55 9
174 48 99
193 163 48
117 141 77
136 189 51
30 66 17
124 122 40
1 97 50
54 86 30
76 126 98
140 39 47
162 190 17
174 91 87
93 83 63
177 123 25
58 160 84
102 110 25
97 105 99
39 56 11
105 167 69
40 70 95
126 28 68
36 145 82
78 173 71
127 146 73
193 84 87
194 135 3
138 125 66
102 44 2
61 2 48
56 147 14
148 50 50
135 58 33
92 33 68
90 199 41
143 146 75
73 89 8
92 193 66
55 174 27
72 60 99
36 35 4
79 97 30
134 92 49
39 101 77
132 62 82
68 66 26
96 92 67
122 179 9
158 78 47
167 170 95
174 83 36
92 75 60
101 39 5
185 199 44
94 152 76
28 40 57
105 113 1
131 141 12
92 95 54
9 139 30
156 196 21
15 128 57
75 11 89
39 33 49
67 31 15
138 120 83
144 175 87
27 155 27
48 97 33
19 40 40
72 188 24
181 199 47
156 28 87
35 184 38
133 42 18
134 3 59
22 58 3
155 27 78
150 98 89
183 23 67
54 49 65
81 192 64
198 97 2
61 175 44
27 55 59
130 6 20
29 154 98
130 70 97
60 38 66
118 93 6
45 95 50
144 72 81
145 28 15
173 115 13
45 76 46
66 110 87
42 147 47
170 198 10
72 50 66
27 127 47
142 33 2
122 174 24
107 95 11
10 55 69
174 129 56
160 12 72
20 171 27
153 148 60
89 33 83
192 60 32
176 3 66
146 159 1
57 174 100
11 28 66
180 40 56
179 117 75
155 68 31
56 105 74
180 167 7
127 145 23
153 170 7
149 37 52
185 102 13
165 156 75
46 171 70
101 13 63
129 88 89
3 84 22
96 65 89
177 147 64
123 48 100
126 162 22
182 157 57
160 82 31
89 154 31
52 1 22
59 26 48
48 34 16
107 119 80
117 25 65
164 162 96
117 129 8
127 24 12
130 185 49
152 85 36
16 54 19
198 55 66
199 160 42
15 153 17
127 185 85
112 97 64
159 162 41
103 76 83
185 198 69
129 124 53
3 129 44
54 32 95
12 122 84
100 161 57
66 50 38
180 31 9
101 64 56
5 131 2
29 124 96
146 138 19
86 29 9
122 151 37
100 42 26
173 14 84
14 85 57
129 183 30
116 60 85
180 172 14
40 64 8
48 9 40
7 42 74
80 142 64
15 5 91
59 180 63
100 158 93
103 41 8
137 111 99
43 13 2
117 63 18
87 157 96
146 44 2
179 5 68
43 134 38
161 121 67
197 151 36
173 11 1
38 177 90
43 139 92
158 53 13
91 26 94
22 21 86
149 41 40
103 187 55
126 10 94
64 19 84
134 94 32
3 109 8
128 121 74
38 37 70
20 170 30
91 107 95
87 154 90
184 9 45
49 9 50
39 144 90
38 130 48
147 23 63
107 185 47
96 199 100
124 76 76
170 38 87
1 18 4
195 64 43
93 0 58
123 154 78
59 188 75
188 155 4
82 142 10
83 32 92
131 8 48
160 75 14
142 79 9
97 69 95
68 58 65
34 103 43
111 53 52
19 89 57
166 41 89
165 153 62
116 129 57
99 94 91
197 47 15
14 108 17
109 85 74
183 30 95
127 169 45
44 153 74
186 105 42
52 46 58
189 41 92
117 134 62
145 31 49
117 176 34
157 69 71
152 149 86
60 105 83
40 166 73
186 84 42
21 63 18
198 51 66
185 103 66
30 22 18
150 30 28
196 174 17
21 110 21
133 194 82
14 50 49
131 186 51
22 0 64
189 15 77
53 13 15
70 139 84
21 55 10
145 9 1
131 55 59
31 109 54
183 39 49
127 158 14
21 99 57
93 150 5
118 68 45
12 52 12
6 125 24
101 69 74
8 73 18
155 40 60
153 101 42
181 59 58
116 193 25
105 1 76
118 55 80
97 7 84
15 81 94
11 71 31
188 62 65
41 5 44
25 69 47
21 190 76
97 127 39
34 38 18
162 122 79
86 91 54
145 89 39
185 20 5
31 62 40
111 59 66
102 186 92
107 18 13
137 164 68
85 61 34
34 80 27
4 31 51
54 22 11
16 61 37
0 56 61
143 0 58
43 195 93
188 3 10
46 190 60
75 30 93
1 57 34
94 98 75
141 51 79
36 132 1
13 11 30
101 81 39
143 18 48
49 76 81
105 151 1
39 62 91
108 36 8
187 106 97
60 102 39
93 158 91
89 53 58
187 60 29
2 145 18
49 109 66
147 80 36
155 93 31
12 9 60
36 71 61
86 3 43
180 114 50
196 185 14
183 107 97
80 85 29
87 190 90
47 143 13
126 25 8
161 35 72
195 43 34
57 5 33
81 153 32
76 1 4
142 165 49
49 89 58
179 162 22
162 111 47
132 20 36
169 103 55
45 120 14
174 28 29
9 100 10
40 58 30
162 137 33
85 37 63
24 68 48
113 135 78
90 76 77
81 15 44
14 69 32
139 83 13
43 193 3
192 86 26
131 183 100
51 155 73
108 12 78
25 62 70
52 106 40
7 35 30
25 13 97
97 99 40
148 63 36
154 38 7
169 129 6
181 20 75
95 120 100
28 77 12
191 127 41
13 128 11
148 43 21
53 198 89
75 170 22
53 171 27
198 113 70
15 191 94
69 54 63
67 102 24
96 0 64
161 134 5
146 66 32
182 90 11
104 71 11
52 58 33
73 146 43
186 18 98
147 175 34
75 61 95
196 152 32
33 121 5
103 155 58
126 36 23
194 28 90
158 172 98
19 30 73
68 107 42
152 93 4
119 87 93
123 64 44
195 23 73
14 150 4
3 60 55
12 125 65
8 82 52
78 122 39
46 43 75
52 43 67
98 14 1
102 2 97
39 113 63
71 164 38
72 113 44
7 113 79
46 195 45
50 9 20
99 68 93
2 167 22
26 60 5
164 128 69
110 167 23
119 147 52
150 57 25
141 135 53
138 0 24
74 145 31
12 31 17
194 8 17
172 120 1
104 23 74
111 169 98
199 132 47
74 198 15
146 30 66
142 182 4
189 170 18
188 98 89
76 3 24
73 119 87
140 37 20
8 48 95
24 162 84
152 47 49
140 94 31
181 52 91
72 198 40
110 41 35
22 6 57
46 116 61
65 183 79
161 109 86
54 88 60
71 66 46
189 73 32
192 116 63
156 175 28
20 168 26
153 64 49
34 194 87
124 83 52
192 177 59
78 113 78
0 51 94
140 46 52
65 91 29
142 185 61
182 170 52
77 51 85
31 73 53
14 61 92
8 95 46
63 149 50
178 106 59
86 99 97
145 193 73
7 84 71
184 135 64
66 156 99
23 71 53
162 72 15
58 60 61
156 111 81
31 51 58
0 120 43
66 60 50
94 49 2
53 125 10
43 0 43
42 166 2
18 171 37
28 184 8
132 191 31
60 15 46
73 78 41
199 127 45
155 160 31
34 58 76
80 83 69
182 187 65
161 112 27
137 35 65
92 53 57
64 69 16
29 197 10
149 22 42
190 18 97
17 60 69
15 61 76
8 181 55
17 187 89
171 0 36
104 36 34
102 86 60
37 33 61
159 156 20
53 98 5
100 195 52
166 103 20
197 189 87
22 164 5
7 100 50
153 79 97
75 24 99
128 49 17
111 172 74
71 90 43
104 83 70
165 195 56
163 19 78
190 169 87
112 89 47
23 169 94
5 188 21
78 70 31
150 77 57
113 99 79
76 27 36
114 179 79
101 66 61
30 163 3
177 135 63
184 96 60
142 8 88
173 8 97
183 155 13
75 107 55
151 198 39
118 67 86
70 129 65
69 177 98
111 199 69
160 110 77
62 51 38
190 165 88
182 11 89
174 185 62
44 60 72
112 121 23
81 37 84
112 42 33
36 95 72
138 111 36
170 69 24
156 165 73
57 21 11
198 46 17
92 49 42
111 10 84
117 15 58
124 22 77
176 72 13
94 33 79
95 67 95
90 65 63
131 124 59
103 29 33
186 167 19
30 139 35
192 133 12
151 79 79
44 95 12
27 149 21
135 185 93
144 63 33
46 137 15
103 97 75
190 51 13
158 164 94
77 143 12
73 131 6
196 127 49
114 49 98
196 80 26
149 126 57
4 119 59
132 24 29
62 4 17
22 42 5
124 100 74
16 90 24
38 45 16
140 132 58
35 38 4
85 84 19
197 35 88
21 126 60
38 140 42
151 165 4
25 76 13
75 110 1
50 67 51
112 55 31
98 47 75
33 140 50
47 44 52
181 136 17
16 155 2
42 65 30
30 10 91
113 95 6
36 90 28
86 83 15
182 1 3
21 88 92
29 170 97
142 136 62
82 45 88
182 110 36
117 169 4
87 42 6
3 69 43
119 35 12
171 167 76
40 114 99
51 120 48
70 141 90
148 115 56
61 100 10
92 176 12
23 52 16
147 13 82
30 65 86
61 117 85
105 58 27
142 116 35
180 198 25
186 131 33
31 156 12
125 166 77
47 21 43
84 67 57
18 45 74
82 92 34
162 131 70
162 100 20
61 13 50
67 140 68
56 42 92
65 86 24
153 198 15
23 173 86
76 192 55
49 73 62
6 153 2
100 16 79
11 23 43
12 188 16
131 151 39
137 103 86
111 40 42
105 195 32
106 182 34
89 58 14
89 51 74
33 5 39
113 19 69
3 197 90
197 184 61
146 136 47
80 31 69
93 11 32
102 71 41
81 105 96
133 95 21
37 96 98
189 35 95
88 182 31
177 86 4
50 80 97
154 164 21
195 106 43
52 131 76
155 129 8
139 116 43
18 24 72
136 63 13
109 45 99
107 177 35
52 158 27
107 89 71
32 145 79
63 102 72
62 110 89
49 84 67
171 176 79
62 163 82
6 10 21
22 37 88
12 106 51
118 5 85
94 10 90
6 106 66
98 3 56
34 7 22
113 150 28
161 81 80
19 139 96
145 151 7
84 58 65
12 28 27
135 108 46
16 47 98
27 82 59
63 145 53
56 12 74
170 36 47
67 35 75
32 132 37
167 141 8
80 47 72
89 28 79
102 49 8
108 48 10
116 92 75
35 19 22
41 73 100
56 101 51
126 193 53
127 112 36
198 138 3
48 83 27
43 162 58
17 28 50
130 104 95
160 117 27
130 196 74
179 8 40
19 175 79
6 87 32
81 145 93
44 198 20
152 172 80
123 41 99
38 26 99
62 137 89
57 51 89
47 142 7
168 19 98
190 37 9
195 163 6
75 148 30
123 135 69
166 68 27
85 26 81
122 91 17
17 15 94
38 16 43
31 177 87
34 186 11
66 62 87
85 188 52
63 6 40
16 138 70
107 128 34
153 5 29
110 137 9
39 162 76
17 182 43
88 86 25
111 79 4
50 40 1
119 8 27
42 28 73
3 133 85
14 194 67
140 186 42
14 24 42
95 145 46
133 83 23
99 156 8
191 7 77
33 138 26
32 30 82
58 39 40
103 191 32
95 196 47
78 169 26
20 121 95
94 57 39
119 33 16
88 160 9
161 9 41
76 115 11
151 22 36
106 117 92
25 181 17
49 106 72
111 26 56
99 148 23
180 159 39
0 178 24
92 87 45
112 153 92
175 178 74
51 92 79
128 81 88
137 62 79
81 118 23
50 66 89
176 162 14
165 62 98
19 56 79
68 148 68
154 185 16
42 84 73
45 54 84
113 40 43
69 194 18
98 59 66
23 3 9
107 46 91
145 97 59
113 10 39
199 63 71
193 110 12
59 8 72
109 114 59
193 150 49
123 92 12
120 17 81
155 90 66
34 32 19
50 179 76
145 117 27
42 144 63
15 154 21
177 81 74
103 115 36
97 65 23
86 198 88
197 76 59
61 6 56
57 159 100
117 16 89
113 123 52
174 189 84
123 9 24
82 175 98
28 135 11
164 199 20
18 106 22
109 159 40
68 13 24
158 87 56
42 55 61
52 176 24
73 23 61
175 21 87
17 25 17
21 173 61
71 111 77
109 2 8
187 77 80
109 40 24
63 13 32
49 21 61
155 16 91
49 152 68
165 161 60
103 99 90
20 16 81
36 116 5
145 82 85
24 172 98
52 129 73
16 111 82
22 181 78
125 151 69
65 14 22
170 10 100
9 91 19
102 20 8
111 76 36
132 131 79
3 87 90
99 163 11
182 112 22
192 172 4
52 95 98
42 46 67
23 125 10
94 64 69
127 137 72
12 78 50
181 17 97
115 60 51
105 158 64
53 32 38
10 137 87
198 107 91
110 135 76
86 122 61
103 141 95
57 193 71
70 124 38
187 154 36
116 151 41
160 146 76
17 199 10
28 46 39
160 118 36
9 96 71
153 20 87
13 50 61
136 173 61
42 86 35
114 90 96
134 48 34
63 132 77
9 47 92
9 90 18
189 81 25
69 98 11
44 72 59
32 133 7
195 70 46
151 167 69
26 21 74
47 146 81
181 33 39
25 10 54
97 133 84
175 127 17
91 178 17
168 66 52
20 172 57
193 75 81
93 183 73
190 6 75
83 69 43
128 64 60
113 108 49
185 172 60
130 169 16
168 28 92
111 13 5
98 39 46
60 167 33
92 161 21
178 8 37
25 96 87
186 169 46
187 167 3
49 157 8
190 171 36
58 87 5
134 173 97
101 178 84
133 110 86
62 17 13
75 87 2
5 35 61
126 85 89
28 126 54
132 105 46
71 29 97
79 107 38
3 147 48
181 147 64
113 62 11
99 107 20
22 149 17
26 164 18
71 151 83
173 128 73
169 21 70
110 105 56
157 23 92
43 150 77
145 54 20
0 166 100
8 42 76
131 42 93
97 119 70
159 151 98
177 172 29
111 44 37
41 168 67
95 127 32
69 152 15
65 18 85
121 10 60
185 66 1
27 187 80
20 145 68
38 48 69
164 9 30
7 85 4
1 74 31
135 89 56
127 167 59
79 189 79
110 181 75
69 55 82
164 5 51
31 186 74
68 8 8
163 118 42
93 138 40
59 82 73
29 46 92
169 158 32
73 19 45
29 180 28
184 75 51
16 0 32
111 149 25
102 126 95
17 41 51
56 112 2
90 188 46
96 105 16
39 138 15
175 105 91
85 9 80
23 65 3
148 168 70
111 151 80
168 74 35
187 73 34
173 167 33
80 30 77
8 93 38
10 186 66
191 23 82
70 197 35
113 133 84
34 98 78
131 68 76
86 149 9
96 67 14
132 6 77
134 98 97
128 11 4
