400 79800
0 1 38
1 2 80
2 3 96
3 4 19
4 5 74
5 6 78
6 7 60
7 8 60
8 9 16
9 10 45
10 11 16
11 12 10
12 13 6
13 14 46
14 15 87
15 16 34
16 17 61
17 18 15
18 19 71
19 20 66
20 21 3
21 22 6
22 23 97
23 24 73
24 25 84
25 26 94
26 27 22
27 28 1
28 29 19
29 30 100
30 31 19
31 32 62
32 33 31
33 34 62
34 35 53
35 36 1
36 37 44
37 38 3
38 39 30
39 40 53
40 41 62
41 42 40
42 43 14
43 44 5
44 45 30
45 46 98
46 47 37
47 48 24
48 49 46
49 50 10
50 51 79
51 52 62
52 53 20
53 54 39
54 55 52
55 56 99
56 57 60
57 58 47
58 59 5
59 60 86
60 61 61
61 62 69
62 63 18
63 64 46
64 65 7
65 66 2
66 67 95
67 68 95
68 69 97
69 70 57
70 71 81
71 72 39
72 73 31
73 74 2
74 75 10
75 76 24
76 77 69
77 78 25
78 79 45
79 80 69
80 81 13
81 82 61
82 83 50
83 84 84
84 85 4
85 86 18
86 87 91
87 88 40
88 89 26
89 90 19
90 91 67
91 92 76
92 93 32
93 94 43
94 95 53
95 96 21
96 97 55
97 98 57
98 99 19
99 100 4
100 101 97
101 102 85
102 103 78
103 104 45
104 105 94
105 106 40
106 107 90
107 108 93
108 109 60
109 110 73
110 111 93
111 112 33
112 113 9
113 114 58
114 115 20
115 116 53
116 117 5
117 118 97
118 119 33
119 120 85
120 121 39
121 122 75
122 123 28
123 124 54
124 125 83
125 126 59
126 127 36
127 128 97
128 129 29
129 130 61
130 131 55
131 132 28
132 133 15
133 134 30
134 135 81
135 136 17
136 137 8
137 138 2
138 139 99
139 140 43
140 141 78
141 142 40
142 143 20
143 144 30
144 145 1
145 146 2
146 147 82
147 148 20
148 149 71
149 150 72
150 151 73
151 152 80
152 153 78
153 154 61
154 155 8
155 156 93
156 157 36
157 158 66
158 159 12
159 160 92
160 161 87
161 162 86
162 163 63
163 164 45
164 165 34
165 166 10
166 167 7
167 168 38
168 169 32
169 170 67
170 171 33
171 172 67
172 173 73
173 174 60
174 175 64
175 176 28
176 177 89
177 178 57
178 179 48
179 180 39
180 181 12
181 182 98
182 183 72
183 184 85
184 185 77
185 186 73
186 187 57
187 188 24
188 189 78
189 190 26
190 191 50
191 192 5
192 193 53
193 194 72
194 195 43
195 196 12
196 197 3
197 198 44
198 199 11
199 200 21
200 201 4
201 202 90
202 203 64
203 204 48
204 205 32
205 206 57
206 207 51
207 208 70
208 209 91
209 210 14
210 211 25
211 212 61
212 213 42
213 214 54
214 215 76
215 216 21
216 217 23
217 218 95
218 219 8
219 220 60
220 221 29
221 222 70
222 223 17
223 224 89
224 225 93
225 226 63
226 227 81
227 228 30
228 229 64
229 230 11
230 231 88
231 232 46
232 233 81
233 234 22
234 235 19
235 236 42
236 237 90
237 238 89
238 239 54
239 240 33
240 241 81
241 242 13
242 243 90
243 244 36
244 245 32
245 246 91
246 247 12
247 248 28
248 249 23
249 250 65
250 251 43
251 252 1
252 253 82
253 254 36
254 255 87
255 256 31
256 257 1
257 258 17
258 259 52
259 260 54
260 261 42
261 262 49
262 263 23
263 264 70
264 265 12
265 266 27
266 267 34
267 268 25
268 269 95
269 270 17
270 271 33
271 272 22
272 273 52
273 274 56
274 275 71
275 276 41
276 277 37
277 278 7
278 279 98
279 280 26
280 281 97
281 282 25
282 283 26
283 284 70
284 285 50
285 286 72
286 287 31
287 288 15
288 289 29
289 290 100
290 291 4
291 292 27
292 293 61
293 294 98
294 295 51
295 296 42
296 297 6
297 298 4
298 299 28
299 300 35
300 301 91
301 302 64
302 303 24
303 304 69
304 305 15
305 306 54
306 307 49
307 308 45
308 309 99
309 310 56
310 311 25
311 312 60
312 313 68
313 314 9
314 315 77
315 316 37
316 317 24
317 318 25
318 319 73
319 320 81
320 321 37
321 322 48
322 323 64
323 324 99
324 325 64
325 326 40
326 327 54
327 328 82
328 329 10
329 330 80
330 331 84
331 332 16
332 333 33
333 334 51
334 335 19
335 336 70
336 337 5
337 338 86
338 339 60
339 340 33
340 341 68
341 342 23
342 343 2
343 344 72
344 345 52
345 346 81
346 347 23
347 348 35
348 349 65
349 350 10
350 351 18
351 352 95
352 353 70
353 354 40
354 355 39
355 356 52
356 357 94
357 358 84
358 359 14
359 360 68
360 361 35
361 362 74
362 363 12
363 364 21
364 365 93
365 366 55
366 367 88
367 368 70
368 369 26
369 370 23
370 371 66
371 372 18
372 373 82
373 374 99
374 375 56
375 376 52
376 377 53
377 378 27
378 379 25
379 380 100
380 381 10
381 382 97
382 383 90
383 384 56
384 385 91
385 386 89
386 387 64
387 388 19
388 389 34
389 390 28
390 391 35
391 392 71
392 393 73
393 394 85
394 395 90
395 396 86
396 397 89
397 398 41
398 399 78
355 256 86
33 374 17
314 359 67
242 232 1
148 40 95
265 389 1
113 64 31
219 194 70
179 260 100
89 70 72
7 94 50
130 71 75
146 259 75
339 288 66
123 227 55
37 203 37
254 106 26
97 235 98
391 157 49
356 362 64
173 317 36
201 258 58
267 197 87
78 92 73
199 112 58
9 307 65
17 70 100
376 187 96
111 365 89
148 299 2
381 371 34
171 221 97
228 385 99
341 30 30
122 154 20
340 107 32
194 67 38
222 157 94
337 278 94
228 28 10
83 246 68
396 143 15
101 207 30
350 129 75
339 278 14
280 283 36
221 117 30
323 167 82
102 346 62
365 32 52
2 200 63
319 77 65
28 280 40
318 20 90
354 135 3
150 231 10
175 231 68
14 131 47
62 217 99
114 335 60
344 12 26
329 121 37
214 50 33
208 331 77
108 86 97
249 182 9
336 20 20
212 164 55
279 254 14
290 53 98
387 206 72
129 16 80
159 108 44
175 297 8
100 10 19
385 32 84
171 278 69
163 23 18
366 62 45
100 95 55
37 285 19
264 373 28
255 381 52
295 262 56
174 244 74
167 19 25
226 142 16
303 48 2
136 46 10
18 37 5
124 342 98
281 70 48
6 39 77
196 322 48
138 69 47
173 259 40
19 246 95
254 354 5
104 149 2
250 373 51
200 342 54
263 273 17
246 28 95
256 377 3
346 234 64
376 320 58
270 155 58
257 51 46
324 218 83
376 250 39
328 384 66
362 82 20
109 27 22
40 150 2
15 37 62
273 134 8
262 127 39
337 272 3
136 325 27
112 198 12
139 251 94
350 15 74
167 321 97
112 219 18
169 300 57
322 230 100
292 165 13
148 100 78
232 136 87
372 224 86
95 171 68
300 295 76
95 41 38
361 213 51
198 330 39
128 119 90
39 155 6
4 383 91
338 36 36
127 382 96
270 380 49
229 197 64
33 179 10
117 240 33
221 269 22
300 378 80
312 315 12
36 372 50
389 23 100
219 22 45
294 355 55
140 282 12
387 57 69
304 334 62
346 40 84
33 170 71
89 29 40
328 356 71
58 32 52
33 93 99
232 149 87
148 352 82
94 378 91
394 236 76
140 150 71
33 192 78
151 223 71
169 99 91
132 44 44
197 101 2
162 187 58
22 296 12
306 47 83
259 297 75
272 233 24
384 160 38
191 114 9
347 211 23
174 385 81
4 391 97
222 17 33
356 17 53
369 397 92
29 101 56
278 387 8
209 66 63
86 278 30
181 398 63
278 233 39
360 294 5
366 112 96
380 23 90
157 182 11
248 134 28
67 75 65
185 155 36
91 233 27
31 144 98
103 394 46
279 12 54
111 123 42
325 241 69
108 65 14
364 30 83
376 379 42
290 232 62
367 167 9
373 350 87
220 18 17
10 164 38
311 324 49
60 150 60
299 152 40
387 331 85
227 335 7
187 14 42
53 109 2
22 30 87
276 325 54
399 299 100
365 222 59
307 290 95
302 339 38
98 96 46
82 51 26
381 109 61
82 91 88
268 302 62
18 143 27
45 8 68
199 208 48
308 332 53
123 340 82
220 387 57
35 350 80
161 235 14
192 11 43
302 313 63
255 281 81
85 361 14
246 5 99
140 243 59
254 156 56
174 36 91
290 139 55
205 180 79
364 158 30
248 209 87
279 379 80
58 183 93
336 196 77
103 26 46
18 392 63
197 138 33
83 253 58
96 136 8
214 51 47
51 233 16
160 55 70
256 72 19
278 138 42
358 349 48
206 267 98
68 240 20
89 16 83
67 138 28
139 70 4
35 219 13
213 184 36
82 357 37
51 201 34
276 128 4
36 319 49
251 275 9
204 349 16
368 150 7
1 110 87
322 33 75
238 73 99
83 214 38
369 193 24
247 303 37
212 185 73
298 24 4
59 100 14
285 274 90
337 204 75
212 12 11
346 178 36
213 158 25
41 107 74
150 72 3
225 128 85
84 35 33
214 47 24
356 137 60
189 271 36
315 259 50
191 34 59
214 294 59
223 298 59
172 225 13
151 113 34
145 359 65
243 228 25
142 199 99
132 242 94
94 3 11
90 61 37
98 195 17
340 74 9
114 322 18
22 358 85
32 20 53
7 164 70
392 398 12
358 159 58
387 366 87
2 326 98
103 196 18
289 267 83
371 287 56
214 228 48
111 335 77
82 74 97
129 284 43
79 203 74
96 211 12
282 244 77
115 34 59
202 61 94
192 128 54
237 20 37
134 181 14
219 25 55
395 80 33
273 323 9
101 55 69
1 304 12
238 189 48
242 164 80
139 42 93
340 332 75
386 163 13
373 292 100
375 82 19
151 26 93
296 288 58
19 336 79
55 331 80
300 80 80
65 330 17
74 325 24
266 253 53
363 143 32
350 235 40
273 326 46
175 285 38
359 185 63
120 215 75
175 201 58
92 142 90
156 153 54
217 26 91
91 249 55
46 172 94
133 251 74
133 277 14
66 317 88
248 198 54
296 357 58
315 399 16
300 124 71
99 311 75
57 13 21
227 285 77
197 350 76
136 41 83
214 44 38
338 182 13
241 158 51
318 215 15
194 91 41
288 308 73
4 256 60
277 226 55
286 100 60
138 330 19
383 363 35
233 90 41
169 184 29
378 245 16
364 234 14
202 40 62
102 7 73
348 237 94
40 226 92
278 316 93
9 282 66
61 308 58
149 242 7
169 30 74
41 373 85
370 364 46
49 45 24
393 66 84
74 49 84
368 132 87
124 207 23
236 243 40
151 21 75
134 82 81
315 1 61
133 45 40
165 214 87
367 369 35
186 138 49
295 367 46
234 89 4
180 365 15
99 70 58
199 66 42
13 365 32
144 312 59
111 252 23
5 85 67
206 71 98
384 183 15
222 165 87
34 214 100
73 200 30
238 123 7
158 299 43
83 319 90
139 82 47
76 249 4
151 188 84
225 234 7
117 310 72
181 211 53
213 176 49
160 198 56
306 62 11
72 133 87
30 378 76
149 108 28
358 257 53
163 320 3
391 62 84
286 346 66
163 10 56
88 101 24
78 268 51
7 238 11
135 319 57
71 354 66
222 95 73
39 322 25
395 288 61
342 322 84
385 158 95
267 56 21
162 117 33
358 34 2
253 34 74
83 339 3
49 72 88
233 257 43
281 357 92
326 249 35
134 103 83
151 145 60
13 107 84
249 138 41
309 220 37
174 344 30
87 379 98
305 311 15
45 347 57
194 394 90
188 319 19
170 193 3
204 107 75
216 279 64
161 103 22
55 258 84
168 393 14
210 360 18
276 108 69
7 329 92
211 47 82
230 199 28
26 221 41
260 198 83
288 82 11
4 56 14
105 360 27
349 292 60
100 240 64
266 197 18
229 365 84
167 161 39
308 207 43
18 141 17
383 295 19
33 36 61
308 98 7
155 334 29
174 142 92
118 244 57
379 190 40
265 381 94
54 293 49
85 107 4
215 104 17
238 336 6
338 198 96
238 61 34
249 308 48
42 137 8
140 291 42
198 281 69
239 173 46
98 30 82
31 319 1
277 387 28
2 236 11
144 125 10
322 366 97
54 316 96
276 178 53
74 34 55
383 349 76
292 255 81
303 263 73
276 254 85
392 99 91
195 258 23
277 395 6
377 267 4
17 282 59
370 399 19
222 227 48
366 125 4
48 278 74
118 77 93
46 388 43
377 318 48
298 344 6
337 182 32
257 14 66
238 145 24
224 48 49
30 353 70
212 135 45
289 161 7
228 126 81
316 264 32
295 250 53
354 170 62
350 93 42
9 184 88
396 8 1
349 74 53
153 375 94
319 28 100
3 140 6
306 35 41
15 191 48
251 232 88
108 393 40
307 36 42
134 168 53
295 292 24
1 44 47
141 118 29
341 118 72
93 235 5
110 7 92
395 18 43
43 153 40
271 49 22
382 379 80
314 103 9
235 167 99
351 353 95
240 186 91
245 395 17
297 396 7
92 160 95
335 259 24
243 332 52
48 92 5
70 153 23
14 74 96
311 330 36
320 23 63
387 86 89
207 371 60
397 210 18
104 158 52
303 196 70
398 61 90
326 185 23
249 89 75
214 13 60
357 232 87
36 182 88
156 106 28
51 190 89
17 382 86
344 14 81
131 262 94
220 294 9
112 163 26
149 2 26
278 289 5
198 213 9
384 88 11
273 357 8
396 340 7
198 353 49
206 236 91
329 228 35
264 271 55
226 345 27
293 351 53
318 347 66
98 340 16
346 64 71
133 334 24
278 372 69
42 247 70
301 75 16
384 348 47
11 351 83
2 51 82
134 91 75
363 64 1
327 222 84
302 202 26
2 77 29
33 246 33
392 223 64
46 103 38
253 3 54
327 311 13
42 113 77
7 216 44
385 336 35
156 253 18
372 301 11
315 374 18
275 308 7
378 120 17
283 308 7
283 232 48
138 23 63
29 18 86
348 396 98
270 387 45
299 259 14
237 303 39
9 26 3
328 129 38
195 327 78
101 273 1
178 63 28
187 398 95
170 40 46
341 65 53
317 330 70
119 88 84
32 309 69
92 261 14
109 347 96
385 60 4
172 292 95
363 167 86
255 385 40
304 109 45
393 124 41
128 357 73
91 298 22
80 12 87
260 285 37
225 345 48
189 217 97
63 74 21
347 36 78
181 337 54
304 7 63
318 52 30
13 364 93
387 246 19
318 184 49
0 46 60
50 242 69
99 172 56
80 90 50
64 25 66
232 130 27
236 319 44
124 393 46
59 4 47
28 272 40
158 191 98
240 288 30
262 277 76
344 381 78
363 15 73
192 299 11
58 96 11
394 228 15
7 199 49
247 84 71
138 223 78
3 376 33
28 207 54
35 353 36
33 13 83
31 143 40
128 53 98
227 80 69
277 320 83
80 16 17
268 41 96
254 49 71
358 12 60
374 246 6
245 216 30
283 374 88
378 285 63
320 313 34
244 325 49
32 264 90
221 219 60
326 313 46
192 257 5
210 65 74
175 32 73
24 237 25
260 63 48
348 246 22
131 390 48
134 297 19
348 315 44
263 17 50
64 222 3
287 261 23
132 398 55
389 197 66
32 79 41
272 88 8
167 12 21
103 336 47
69 347 97
290 166 75
338 170 63
138 294 38
307 395 51
16 217 87
205 231 59
175 11 73
158 194 61
349 239 91
317 168 66
110 396 60
113 364 36
84 153 63
186 252 84
293 94 14
310 286 41
363 240 18
253 95 38
388 205 19
165 341 7
196 174 25
38 348 41
178 237 52
231 143 67
237 38 17
260 156 32
387 159 26
343 262 1
130 235 78
239 52 40
387 94 46
353 29 45
67 132 52
179 134 67
331 58 44
179 99 59
246 379 71
101 66 36
67 151 4
242 294 36
265 213 48
312 337 71
322 178 59
345 347 56
82 215 12
394 22 13
212 92 94
20 15 65
48 89 46
72 373 9
126 41 51
233 16 69
59 158 99
191 386 69
1 6 96
129 255 98
347 232 46
101 206 53
195 137 67
212 55 13
11 53 31
57 281 94
80 293 68
64 387 19
37 292 68
62 177 24
347 385 18
102 277 67
335 391 95
149 273 2
198 97 62
332 347 87
228 307 4
45 372 80
275 367 68
240 86 95
263 330 40
266 260 58
42 139 66
63 399 61
19 127 98
346 162 100
348 300 79
36 226 29
295 43 88
260 161 77
130 370 67
175 323 91
304 351 80
126 174 87
327 150 13
118 217 65
2 131 33
252 146 61
158 225 70
152 155 55
179 238 24
218 149 45
90 5 8
234 241 17
267 257 62
303 185 51
151 216 87
380 207 85
191 365 3
325 136 11
152 59 40
210 232 25
213 190 61
157 305 55
325 298 72
286 382 53
7 328 20
172 3 90
258 28 90
381 97 66
370 152 7
78 373 48
140 77 11
66 194 62
102 209 29
268 122 93
321 212 54
232 124 9
244 287 72
159 109 98
165 329 13
208 72 13
272 343 19
319 210 19
283 118 11
317 226 19
102 367 97
169 193 9
322 326 56
149 17 53
253 44 96
1 240 64
327 206 89
237 91 80
84 258 62
69 164 37
335 362 91
307 141 56
94 102 79
120 109 74
329 340 43
268 267 81
38 306 63
59 180 43
234 61 17
94 294 87
345 189 22
214 38 18
9 124 65
92 242 21
218 255 24
102 156 64
237 23 50
56 395 28
54 238 70
270 161 45
171 178 72
289 276 2
396 136 13
327 41 61
289 134 58
362 109 78
31 105 9
258 357 60
76 160 33
146 90 35
141 246 7
176 207 84
27 267 81
27 93 65
216 108 89
237 260 69
213 92 33
182 133 20
267 20 100
151 264 37
223 398 74
178 186 34
24 232 57
35 383 97
70 253 70
301 80 18
214 163 10
169 180 83
302 0 35
120 265 99
318 189 93
153 93 12
159 389 16
8 396 74
370 307 54
97 336 68
208 37 63
102 35 79
302 345 13
243 330 51
312 63 71
25 14 12
121 90 27
136 144 39
35 138 94
95 221 51
122 330 40
111 178 95
240 349 52
64 367 79
198 229 100
226 340 40
83 200 94
158 46 54
326 251 39
269 351 54
347 288 81
56 316 22
121 327 9
129 161 3
69 61 70
89 138 96
390 229 65
373 328 58
53 191 87
125 369 61
194 55 61
359 305 83
69 127 51
381 159 83
58 266 37
48 27 48
10 202 14
93 385 8
219 310 97
48 172 60
124 374 51
350 175 28
42 340 65
0 86 2
247 241 66
145 60 39
24 225 79
76 183 22
23 193 100
301 23 62
278 118 99
172 95 18
56 29 13
313 121 27
40 71 70
276 24 62
203 253 100
91 325 24
246 88 31
69 249 66
210 339 43
289 52 80
354 161 45
261 77 36
147 210 42
192 331 18
293 154 77
385 4 25
166 53 49
167 7 80
103 232 77
272 54 19
214 247 22
129 4 84
96 251 98
79 320 7
383 17 49
148 43 27
219 258 46
199 337 27
39 59 49
50 60 87
129 97 74
260 190 82
150 245 40
343 183 40
314 382 90
53 382 11
314 263 32
377 275 81
175 30 26
111 336 94
15 101 91
312 184 83
254 198 66
154 358 46
254 90 62
355 26 46
207 352 16
42 294 99
204 177 69
19 16 4
33 298 72
263 28 81
28 42 2
14 382 51
295 155 36
184 118 100
139 388 78
376 264 79
74 141 18
164 39 55
264 332 77
27 106 43
8 33 9
205 387 90
118 312 77
390 152 67
82 4 13
102 246 27
309 27 65
383 212 48
16 358 97
128 319 13
117 189 98
45 240 49
232 368 75
208 324 62
262 62 13
17 135 12
371 239 23
38 148 38
172 220 44
155 245 17
377 109 25
371 48 68
78 198 89
5 258 100
114 268 82
126 344 88
338 103 92
217 100 64
302 88 47
391 336 75
291 223 78
72 262 6
70 128 55
301 393 27
374 215 5
291 65 11
52 274 73
36 327 97
85 195 51
60 336 35
293 165 55
303 236 75
203 244 30
42 226 16
275 37 88
230 254 88
304 173 17
64 184 56
3 324 25
296 290 89
396 111 10
77 160 88
320 263 21
124 222 75
293 326 62
245 75 69
142 150 79
215 221 53
2 339 77
335 14 84
298 4 21
299 383 76
147 271 33
302 59 85
122 188 88
200 398 13
147 154 45
257 288 79
354 86 60
55 156 67
165 0 70
71 1 3
247 66 36
72 317 39
37 160 59
349 192 52
256 289 7
41 231 23
224 281 57
21 241 49
270 239 81
240 107 3
330 128 50
254 30 15
23 278 34
298 313 99
283 83 79
330 206 53
176 149 15
48 131 74
173 94 9
148 88 7
239 320 74
306 399 74
373 119 65
69 168 64
314 71 12
274 163 100
335 298 39
295 228 96
235 81 19
226 144 98
133 66 3
280 9 59
332 234 28
279 207 93
119 313 95
22 103 86
171 90 88
150 336 47
74 192 81
174 183 94
193 282 14
252 32 5
291 361 50
363 174 79
291 2 77
22 63 23
244 52 14
159 300 93
262 188 96
5 27 29
22 17 29
14 104 28
98 110 91
314 99 98
108 148 76
171 179 85
310 107 7
62 195 86
13 18 7
247 362 57
55 138 54
126 164 78
138 34 90
94 8 74
265 219 97
51 224 89
374 157 6
331 167 79
104 249 74
197 392 98
102 57 66
290 79 20
226 135 47
123 388 95
243 386 35
73 45 3
60 288 23
167 100 9
340 273 57
218 209 99
45 90 87
161 289 55
27 316 71
219 217 62
32 90 46
338 193 43
66 56 95
265 339 22
267 39 47
344 164 47
260 299 55
116 24 79
205 44 81
142 183 98
20 317 79
198 80 34
103 348 17
217 132 76
302 301 52
7 81 13
351 263 88
64 348 26
95 378 46
224 393 76
308 223 3
221 26 10
185 137 91
112 215 40
199 319 11
148 262 46
328 158 39
37 310 45
385 78 21
74 209 10
114 142 80
302 231 28
253 124 80
257 158 20
366 358 54
208 63 45
278 223 80
66 126 62
342 145 91
358 110 17
393 202 15
239 80 4
73 145 90
293 261 83
60 125 45
319 246 97
33 342 89
47 321 74
202 127 97
395 167 49
393 48 67
290 253 33
66 398 89
391 170 66
64 51 2
274 223 10
210 11 72
329 356 21
31 151 74
389 74 34
343 118 82
367 216 12
284 303 32
395 188 91
328 260 46
125 143 26
197 327 83
351 134 53
69 97 72
45 330 9
40 287 24
168 56 91
139 295 46
76 299 62
260 174 63
230 140 74
336 322 48
337 391 26
253 12 13
295 270 11
130 125 69
1 27 69
69 66 86
262 90 100
334 29 28
30 257 35
277 346 52
86 122 37
85 27 4
305 121 41
261 303 94
361 348 24
306 322 79
23 265 90
104 260 91
349 268 1
224 67 12
155 178 38
184 90 87
152 218 13
152 165 98
320 44 48
169 7 5
168 295 3
367 386 29
50 343 71
116 389 92
330 301 70
321 335 2
392 385 63
290 223 31
251 331 54
112 254 88
179 45 22
281 48 55
27 38 27
96 18 2
226 187 29
120 329 60
29 118 23
119 292 75
239 19 7
361 350 86
350 267 34
237 136 90
395 74 63
31 212 24
335 317 29
13 171 59
107 398 79
342 229 53
263 25 26
332 88 60
195 45 74
37 210 91
13 267 87
331 25 88
382 228 3
206 277 44
32 126 92
173 185 78
55 240 35
357 65 45
68 242 95
252 178 60
315 281 64
94 270 52
52 41 24
153 314 49
388 260 27
380 108 61
189 297 99
202 107 64
162 28 90
101 1 37
15 188 61
18 362 15
95 110 47
388 180 34
189 192 63
78 187 62
178 112 48
82 236 52
214 2 86
3 19 22
333 14 85
43 113 34
185 321 44
228 87 52
158 117 5
372 111 40
326 34 29
246 327 12
212 138 88
202 229 88
11 197 68
280 17 100
180 52 93
109 66 40
155 168 73
164 352 91
268 285 26
243 269 31
118 329 72
382 381 83
288 0 87
254 0 6
287 103 83
23 16 61
348 274 26
45 266 39
320 182 67
147 36 13
238 167 55
300 360 8
161 32 33
141 299 95
165 267 65
271 258 37
355 237 60
4 200 64
55 365 12
245 61 88
68 289 64
48 296 91
211 26 83
213 396 15
328 4 70
168 212 30
179 194 9
230 159 5
364 49 81
223 86 35
186 291 82
260 26 85
154 276 86
171 161 68
31 110 55
122 344 79
236 178 23
319 153 83
180 343 58
366 303 44
39 127 89
232 4 38
148 240 3
282 157 69
210 149 52
172 258 15
17 356 77
138 378 16
135 10 52
258 151 64
2 136 39
28 316 41
238 124 11
270 338 61
212 145 85
87 232 99
223 181 11
275 66 15
388 194 23
11 390 51
212 385 14
153 39 4
83 12 93
155 165 17
158 9 32
302 58 46
195 115 14
360 334 12
148 382 38
125 189 89
177 241 100
330 218 99
35 115 61
384 60 39
12 154 98
136 309 55
392 61 48
221 212 55
67 304 25
333 335 45
142 120 83
103 283 20
70 23 51
136 270 28
94 386 84
223 217 35
66 232 59
55 399 45
60 250 82
195 82 41
312 397 74
352 120 63
130 227 80
248 184 21
292 158 15
15 341 48
284 217 91
91 52 97
237 363 60
288 141 54
183 347 4
52 298 80
219 49 6
317 272 28
186 350 4
377 387 15
379 185 52
392 37 49
301 345 50
235 120 38
196 114 53
81 225 77
176 154 61
204 367 50
144 230 73
346 357 99
182 163 45
331 240 77
236 229 81
382 190 21
398 43 6
341 1 44
256 338 30
357 96 7
124 353 26
179 12 52
388 250 23
370 293 2
305 190 93
275 12 73
348 277 53
53 253 30
257 143 82
321 133 28
293 84 53
382 317 1
396 399 21
270 397 83
35 117 1
5 17 74
136 333 64
296 27 15
2 301 94
307 328 66
323 306 89
338 280 62
41 35 40
195 289 8
274 162 3
26 122 35
219 44 64
323 230 95
279 28 1
382 40 53
347 119 69
30 45 51
336 317 25
282 191 6
58 29 72
161 266 30
84 92 87
112 160 81
117 371 16
162 106 91
8 128 59
190 336 23
219 256 22
391 13 61
85 143 42
259 303 13
75 355 72
201 346 45
181 234 83
249 221 8
254 273 53
96 185 72
93 329 31
321 115 56
225 208 12
57 366 78
288 108 41
198 63 29
352 53 83
251 288 6
108 299 41
127 41 1
75 204 79
18 286 28
237 282 90
25 233 84
186 1 35
98 376 75
33 126 94
40 330 37
51 108 57
337 346 32
228 315 91
356 377 44
168 363 38
150 374 97
270 35 12
274 16 50
225 155 94
253 337 71
270 1 14
66 101 72
350 266 19
386 111 77
51 380 68
281 377 30
107 42 48
312 253 65
399 19 11
144 199 96
154 200 87
173 190 46
44 83 64
147 308 37
1 20 86
307 74 42
220 328 42
340 287 22
347 188 74
352 259 22
318 271 76
243 14 30
157 54 94
260 50 74
294 126 98
257 20 40
272 285 47
79 231 90
34 114 5
147 266 6
329 44 79
206 217 27
39 334 69
5 96 38
364 134 84
7 283 13
379 165 4
197 294 41
132 212 91
238 106 1
289 185 88
385 16 52
159 271 77
124 181 78
106 309 22
208 52 98
342 50 58
6 30 78
153 322 37
48 72 27
174 7 34
117 136 78
295 207 23
139 256 38
228 0 57
119 265 65
219 389 88
338 270 3
218 359 83
313 242 79
116 183 21
159 60 31
359 26 72
91 374 25
241 193 48
298 23 48
268 23 59
383 396 95
95 314 54
396 260 55
257 385 57
30 310 37
81 90 73
78 247 15
358 248 85
312 126 58
110 58 99
324 210 64
362 155 17
269 257 26
323 138 95
366 134 30
289 187 54
356 24 71
275 24 70
58 372 1
198 252 24
179 17 14
166 383 31
211 304 25
141 200 95
271 384 8
248 109 93
322 304 46
72 173 46
17 224 17
345 178 49
83 359 5
269 337 14
392 397 80
210 341 40
96 263 97
43 78 64
380 199 100
162 284 96
392 209 57
87 103 46
174 367 60
70 29 22
248 5 99
5 76 83
317 292 91
142 377 70
384 158 53
381 390 97
302 157 17
341 190 78
287 123 25
92 256 46
266 312 17
384 226 77
308 342 50
241 4 84
3 313 36
150 370 56
91 321 64
18 88 81
128 71 85
205 291 81
38 101 43
98 11 41
192 357 67
0 47 91
115 61 40
396 367 96
397 197 5
205 304 49
148 254 40
36 301 4
367 23 96
177 230 28
142 248 79
396 100 39
225 229 36
166 262 85
96 360 20
350 367 98
40 11 51
335 88 76
15 91 4
382 70 15
346 271 29
89 380 44
232 287 44
225 232 43
206 130 76
335 112 15
141 172 90
361 378 85
357 160 42
305 312 83
190 355 50
217 81 21
236 102 19
118 132 60
342 13 21
254 28 37
27 118 95
351 202 47
163 38 82
330 334 5
132 290 70
309 308 36
261 329 16
206 350 47
215 18 29
116 170 94
15 156 13
218 306 54
0 236 42
24 209 37
21 289 98
81 121 2
121 174 24
353 0 6
291 76 97
124 89 74
265 256 75
166 339 76
169 243 31
358 130 82
285 101 82
108 72 13
148 134 91
399 322 41
393 88 76
304 157 55
236 59 67
152 31 42
217 301 71
8 66 27
312 207 59
107 380 63
16 192 27
144 240 95
118 252 72
51 303 57
41 312 52
283 203 18
147 388 94
179 331 16
278 72 72
39 184 81
368 48 70
50 291 86
344 137 28
12 322 6
78 56 35
85 134 67
342 47 71
305 290 68
224 174 95
219 198 32
152 193 17
202 314 39
293 362 39
6 10 79
335 49 2
319 281 62
388 337 44
39 93 56
281 200 82
282 218 54
386 216 6
171 201 31
287 192 87
47 71 97
320 285 56
380 158 23
52 351 87
323 62 68
123 250 30
126 348 82
269 200 80
28 100 32
249 374 58
340 333 99
362 251 2
99 269 17
20 74 55
7 115 40
122 76 36
164 248 94
133 172 74
351 161 61
27 98 79
142 114 9
173 133 69
271 132 8
22 82 38
152 377 99
256 313 68
293 252 12
79 312 42
314 300 61
40 396 28
130 110 95
172 365 99
4 27 46
207 390 18
41 388 55
45 391 41
222 295 19
281 232 43
81 138 52
159 29 27
242 82 52
193 296 27
252 114 55
262 275 97
57 241 60
30 68 8
370 380 7
118 172 10
278 239 46
249 36 65
221 106 65
6 281 97
149 100 57
270 180 71
268 244 59
125 210 28
99 239 1
346 69 95
46 42 45
61 244 95
85 294 94
353 2 21
308 235 63
280 149 69
20 163 63
6 154 59
374 101 55
180 375 96
88 159 73
335 246 19
295 268 22
390 265 11
199 3 75
173 130 10
356 299 9
365 322 44
344 103 82
173 205 73
175 3 100
235 91 62
268 96 71
285 81 10
261 79 82
350 20 74
364 5 3
99 142 22
6 108 8
99 364 7
141 183 43
293 86 61
238 269 60
32 148 96
133 335 89
322 153 83
197 373 29
217 314 21
158 246 52
297 101 74
395 208 30
27 308 38
170 368 21
233 319 54
133 107 87
147 366 90
343 266 4
181 164 64
349 99 64
282 333 43
199 177 54
259 57 94
313 25 42
329 200 30
314 177 60
8 80 31
236 201 41
22 187 50
11 370 22
42 112 77
285 163 2
262 163 27
369 63 12
64 206 8
314 74 95
265 298 89
288 325 83
274 178 12
322 115 1
123 369 25
177 206 56
214 101 36
297 141 8
331 349 79
331 123 22
365 323 96
314 130 64
141 149 51
108 376 24
350 127 11
361 157 8
221 331 51
139 77 53
343 317 68
353 335 35
343 184 75
165 175 2
244 118 17
183 269 42
71 288 70
153 91 49
47 171 17
296 0 87
287 212 74
315 205 30
64 216 9
138 7 42
66 292 90
352 96 13
141 253 11
232 88 12
207 84 61
124 98 17
23 97 40
107 93 34
87 299 96
228 246 99
166 301 43
348 216 68
278 164 71
301 68 21
200 131 42
218 348 58
252 8 54
378 46 70
242 198 12
373 134 44
57 392 70
204 82 12
156 305 90
271 81 78
203 380 42
310 7 62
317 342 7
269 189 41
224 354 63
88 275 72
101 352 1
292 289 70
214 301 84
186 328 88
337 81 49
50 133 29
316 212 46
204 73 83
341 161 89
193 186 2
30 163 39
259 321 2
360 112 21
83 26 5
350 191 39
72 216 75
387 339 7
218 259 99
29 180 38
205 321 99
173 92 100
377 223 5
128 178 23
28 140 73
149 243 7
282 147 38
185 147 73
18 262 35
283 371 1
151 87 84
264 336 49
252 321 10
309 41 55
19 26 59
306 170 59
219 312 53
300 140 81
270 207 76
56 5 68
82 248 72
296 154 17
264 77 35
356 156 75
63 363 26
303 242 60
173 261 78
355 341 58
216 252 76
62 122 48
165 286 72
108 154 21
235 125 19
96 239 22
344 169 87
363 289 51
298 75 56
30 233 70
53 153 45
328 180 66
383 318 44
108 219 70
213 105 64
375 299 64
90 129 53
107 330 20
185 277 28
87 261 60
329 105 7
264 310 82
328 311 47
304 393 19
314 35 78
279 299 37
60 172 22
12 185 26
105 13 42
351 355 25
329 222 64
15 343 67
313 129 43
359 80 89
205 130 74
360 174 100
266 330 10
337 299 25
325 230 71
26 386 10
330 399 91
130 373 75
320 322 68
343 2 100
186 96 58
16 121 42
127 52 97
8 356 37
339 313 41
226 5 32
32 261 32
92 6 2
6 305 92
249 282 77
123 15 14
334 204 62
2 225 94
249 165 87
160 234 40
232 27 100
255 302 74
176 270 71
55 155 58
91 227 60
347 371 38
371 148 35
247 211 64
84 187 100
177 392 50
259 344 81
184 286 94
237 201 6
379 181 84
269 144 68
345 149 12
376 370 17
252 200 6
276 257 70
389 259 7
110 221 16
299 254 82
239 165 18
81 282 5
182 231 67
181 334 95
67 24 2
274 311 3
243 68 70
181 335 46
321 274 97
364 214 64
195 381 41
352 61 59
229 333 28
257 368 8
233 296 60
37 141 60
20 281 4
26 169 24
33 366 61
246 352 25
353 276 66
238 84 51
345 390 89
273 78 38
294 320 29
353 321 13
398 80 4
86 358 70
249 241 98
247 186 95
338 310 7
51 134 35
26 174 98
158 326 67
341 356 94
122 34 56
154 315 8
166 84 17
91 189 47
22 107 95
40 29 17
175 58 53
389 394 76
66 387 12
111 62 80
82 130 64
119 87 24
8 51 83
102 146 36
141 269 31
25 390 22
68 323 90
58 310 35
30 345 99
61 108 9
39 193 83
120 282 57
246 321 16
54 191 59
312 202 31
57 124 63
1 109 18
195 350 9
176 183 99
122 158 83
286 22 29
167 145 46
76 290 35
229 218 67
396 310 67
344 79 32
17 215 13
336 225 99
306 355 95
148 6 20
209 195 48
296 262 50
223 193 69
335 263 37
46 343 80
162 49 33
279 181 42
304 205 13
361 78 89
380 327 18
204 227 74
231 205 49
347 257 41
91 388 56
372 148 75
264 111 15
52 228 86
74 66 28
341 87 50
73 162 83
361 114 61
370 230 97
223 228 38
57 314 38
101 319 94
146 357 9
134 222 73
338 229 80
135 70 99
269 10 23
101 87 53
349 208 25
235 105 76
0 249 88
240 317 6
250 150 76
92 60 27
183 221 36
79 37 30
194 94 93
379 16 95
116 243 21
369 95 79
363 235 47
2 186 78
304 280 16
246 194 77
171 205 60
281 399 94
307 150 40
283 331 48
68 269 4
305 81 5
136 258 52
90 246 68
364 187 51
309 200 13
20 250 4
111 220 86
175 371 84
398 64 80
9 301 45
86 94 34
19 186 73
309 44 92
243 75 29
368 69 70
151 244 81
79 156 6
300 227 13
260 309 22
94 222 68
342 226 84
371 370 39
146 26 32
7 299 83
172 209 9
310 113 24
167 138 30
12 132 97
117 267 5
373 254 27
238 244 66
271 76 32
118 339 62
378 239 89
202 295 36
110 365 29
135 385 46
4 271 72
217 282 35
249 174 100
317 124 28
135 56 8
125 177 85
104 35 35
396 333 55
374 393 19
375 149 46
371 79 7
65 36 24
65 284 60
109 60 35
387 179 45
365 200 19
98 2 48
24 264 91
300 259 76
109 231 18
361 117 82
45 302 95
22 313 1
184 84 87
265 99 42
286 160 86
353 142 90
302 363 30
125 119 70
42 108 45
76 291 19
376 136 61
171 345 84
328 47 18
293 194 54
46 115 69
197 379 30
293 173 64
65 233 12
156 218 36
360 18 35
87 293 2
263 232 94
42 328 88
226 209 66
279 359 42
159 224 33
377 4 9
330 101 81
311 41 10
230 30 47
144 47 10
392 234 22
90 26 90
237 313 74
246 263 87
212 89 11
349 69 79
227 299 30
224 375 25
327 169 99
317 103 4
387 312 44
96 139 15
20 46 6
10 276 53
183 87 23
395 245 58
231 275 36
359 329 75
328 30 48
358 140 80
145 63 81
20 131 56
83 62 9
333 186 36
192 365 85
226 88 19
152 55 81
230 329 77
153 312 46
110 121 21
373 6 12
271 373 8
273 168 54
240 13 94
190 124 41
99 64 66
262 247 98
132 224 93
285 337 7
89 167 24
46 204 62
309 375 5
264 277 8
259 141 24
220 272 41
376 333 5
325 127 62
175 149 90
102 384 11
177 141 76
165 212 68
215 263 28
28 86 40
115 72 56
62 11 83
362 16 16
167 88 17
207 351 72
222 38 24
127 200 97
292 104 96
125 88 84
354 20 94
185 366 38
254 126 63
114 161 10
300 125 54
17 270 79
171 159 74
177 329 90
58 263 84
3 216 95
337 94 44
43 151 77
366 200 26
173 337 25
193 218 52
109 123 91
229 86 33
353 15 56
108 331 1
285 391 70
386 129 40
93 291 22
138 342 68
328 322 45
378 52 41
152 313 62
106 181 100
312 10 100
241 76 66
183 275 44
48 121 94
79 72 7
249 354 23
167 122 50
218 366 42
310 64 14
68 226 42
176 302 80
359 289 9
276 157 35
40 321 2
20 264 16
240 134 17
30 93 24
9 332 84
379 389 31
54 105 24
111 347 28
370 14 42
370 20 22
15 168 58
3 157 86
11 292 59
378 4 79
314 125 31
99 16 70
235 145 40
226 389 1
217 24 28
214 283 57
108 300 91
52 149 52
219 77 6
37 170 42
332 65 81
127 90 26
326 35 94
35 38 20
180 20 34
250 348 29
33 111 22
132 300 67
20 348 50
303 176 73
133 193 40
277 211 56
64 86 58
83 322 30
304 364 16
218 59 74
107 138 37
50 271 18
22 330 4
233 156 34
278 321 20
98 256 98
103 137 89
134 358 32
118 48 23
44 164 65
96 350 68
316 330 15
269 218 83
42 158 5
62 262 74
214 144 9
268 13 28
395 32 4
397 177 16
201 395 12
390 67 80
140 263 77
231 202 87
255 115 99
187 307 62
173 164 45
170 247 34
266 225 51
340 257 21
9 373 43
275 111 83
51 222 10
311 241 2
209 327 26
16 188 89
196 396 20
117 260 22
312 306 80
101 240 87
204 41 7
50 115 98
37 269 97
338 54 33
60 270 89
237 377 61
306 273 1
230 0 43
151 110 15
307 7 23
185 276 95
93 129 63
264 298 66
87 100 6
260 52 22
242 48 85
45 293 100
136 73 48
237 371 42
132 50 47
11 5 63
32 322 26
336 11 49
252 310 43
269 219 73
69 197 30
253 265 81
386 159 6
322 356 60
230 66 57
9 200 37
27 218 9
335 240 13
136 320 92
345 162 16
57 340 72
396 117 73
210 313 70
397 360 61
316 123 68
335 271 62
378 232 30
101 0 76
108 32 22
369 264 33
253 51 60
176 6 5
291 273 33
361 266 84
222 50 35
50 53 82
37 369 84
184 367 50
259 127 11
257 291 29
311 119 12
356 0 2
284 129 36
221 101 15
5 36 55
326 340 90
383 329 57
359 205 56
34 324 55
153 151 67
242 395 39
90 96 39
37 192 32
55 38 9
70 331 99
390 177 41
212 35 88
26 398 90
233 185 82
128 130 48
122 127 41
195 269 86
272 236 32
277 53 37
252 295 13
266 231 12
277 229 71
102 301 81
349 170 50
397 292 10
247 312 19
306 113 31
177 196 62
318 339 24
78 90 13
220 385 53
43 112 48
119 234 28
216 308 9
260 22 84
42 390 59
26 93 5
255 118 83
373 16 53
199 108 69
159 100 60
123 261 62
61 359 98
323 217 59
54 292 90
145 29 65
363 186 100
75 280 71
308 222 34
143 376 92
211 8 74
126 369 6
390 306 84
280 121 34
386 270 63
158 372 76
270 181 31
164 148 94
220 100 80
48 127 59
231 387 35
151 326 7
186 135 8
202 66 17
24 263 50
399 42 46
45 141 95
160 349 12
180 353 99
154 245 66
246 176 46
259 158 7
182 325 42
376 292 65
54 381 20
60 72 48
104 240 53
232 44 41
347 135 30
50 65 40
270 65 4
293 247 21
279 23 22
220 16 60
145 348 10
230 46 35
101 321 30
216 211 8
271 226 60
363 59 40
68 118 88
57 223 16
347 173 38
238 245 9
209 375 32
302 187 59
200 331 21
190 316 64
366 331 36
313 122 28
78 376 68
49 129 88
395 388 33
70 157 73
241 16 81
206 169 59
398 374 2
268 358 49
59 323 79
380 247 3
136 393 88
34 5 82
90 112 57
52 140 44
244 257 3
152 46 6
50 239 19
360 183 39
300 86 91
177 334 5
78 328 45
330 79 59
105 141 51
319 27 56
87 330 94
252 186 79
178 239 2
165 98 96
346 216 17
242 166 23
5 250 48
228 8 19
327 23 83
241 315 77
113 209 84
90 217 67
149 32 63
176 4 17
57 73 75
80 97 39
239 20 39
159 341 52
380 193 89
153 108 84
77 58 48
202 2 7
10 28 56
229 208 57
397 351 21
223 103 96
45 19 92
39 311 5
328 74 91
216 209 65
180 18 34
378 235 85
181 118 46
30 374 17
393 50 80
49 302 52
272 98 17
143 23 99
276 273 73
379 18 15
371 152 10
221 114 8
268 1 17
268 22 65
132 164 77
195 165 42
261 9 58
134 8 18
395 39 5
382 387 60
219 291 97
126 45 40
196 94 17
38 20 18
247 319 21
271 235 55
44 190 34
368 312 8
174 112 63
139 258 79
337 397 33
96 274 88
384 332 74
89 195 40
252 163 74
391 244 19
6 319 20
133 324 74
109 168 74
231 148 84
208 321 7
346 72 6
382 276 90
55 260 42
183 219 68
161 247 52
227 398 6
54 253 68
307 158 100
53 4 16
292 379 58
351 173 91
51 396 41
83 141 36
121 267 74
193 280 42
235 143 94
237 139 58
97 64 66
188 79 56
126 228 23
84 27 75
330 10 26
141 189 79
17 225 70
104 132 70
297 226 42
318 78 74
205 244 14
195 176 14
126 104 92
167 24 60
277 205 19
115 127 1
166 198 91
114 97 74
36 9 32
233 41 95
51 69 58
188 24 10
12 250 72
220 144 41
50 208 26
358 256 20
110 9 50
344 48 58
235 356 32
238 250 82
323 171 62
299 118 92
102 228 33
72 65 27
72 79 80
98 153 31
174 222 60
170 26 62
332 32 18
35 289 18
309 207 72
85 231 29
5 160 37
324 241 2
154 259 87
267 123 80
117 373 27
8 133 16
222 354 71
183 265 57
323 265 89
271 326 94
7 398 74
288 83 29
53 351 64
92 22 90
55 102 1
88 361 14
9 343 21
200 166 68
142 95 92
303 16 77
204 125 69
164 372 21
248 390 81
258 33 94
154 121 38
312 354 77
60 276 16
386 131 40
21 52 19
268 386 73
171 230 64
82 290 51
146 124 15
170 82 65
125 298 64
92 159 41
2 107 53
79 368 79
324 363 83
148 318 76
129 358 77
338 57 19
263 382 65
150 10 34
315 24 91
194 106 11
324 99 9
126 239 81
194 350 55
120 370 86
348 342 79
305 109 15
364 276 10
378 341 69
21 200 67
258 92 52
97 47 31
124 25 81
70 344 1
54 178 96
33 131 69
264 94 76
377 324 88
378 115 32
313 343 81
52 394 71
239 296 9
100 249 88
255 67 31
21 343 72
383 190 22
339 35 39
77 67 83
334 270 55
254 75 41
288 231 52
123 241 48
184 317 83
392 331 94
283 373 11
160 335 47
268 282 70
368 145 15
351 121 73
55 45 62
163 122 89
130 18 8
384 139 68
344 252 24
108 278 25
251 376 87
119 52 78
233 55 100
4 364 55
88 390 6
147 102 36
211 137 18
208 66 45
185 351 4
202 48 51
166 55 7
393 158 25
189 29 46
265 347 60
212 166 47
168 164 79
327 78 90
328 341 65
269 167 14
183 110 26
18 300 94
205 264 33
298 238 32
398 338 44
103 368 1
138 150 6
228 81 48
167 344 22
42 0 56
366 205 85
112 296 83
67 301 13
293 27 88
371 92 44
282 47 31
204 96 35
29 149 75
248 284 72
93 44 75
14 367 100
43 93 24
21 300 19
109 15 63
156 32 81
180 136 74
177 274 68
326 203 88
344 309 87
268 3 4
311 213 47
15 395 81
193 128 99
224 301 28
99 313 54
354 396 40
343 345 10
106 282 54
138 343 1
130 161 96
93 48 82
7 134 91
331 27 1
396 123 96
96 54 24
215 27 19
74 171 56
24 116 23
166 145 38
175 350 98
362 323 50
294 132 54
42 335 96
135 24 71
119 397 30
125 128 68
65 337 79
366 48 72
253 113 13
130 28 3
363 304 20
17 328 87
217 47 8
68 382 48
98 295 86
55 67 45
341 193 2
84 204 12
307 334 94
200 363 2
327 321 89
392 79 61
113 201 29
351 150 96
157 301 55
236 276 71
67 77 32
178 201 83
318 261 74
164 258 67
62 47 55
160 34 80
150 88 42
74 15 96
109 83 96
104 381 97
140 293 5
279 71 86
156 46 95
282 56 51
305 331 11
203 392 63
152 191 78
191 137 77
76 253 15
212 367 75
354 330 63
278 323 93
27 328 34
224 125 68
254 370 36
247 59 83
238 275 82
220 152 25
52 170 20
263 119 57
257 373 61
234 278 53
145 303 83
77 187 48
320 189 19
151 43 52
353 165 35
79 273 42
276 230 32
341 22 73
243 144 25
34 154 21
32 218 15
82 119 55
35 92 92
339 2 40
193 98 13
324 123 35
370 44 17
228 386 59
82 285 75
96 218 45
353 112 56
32 213 88
78 291 17
120 366 60
131 80 38
356 303 12
135 1 96
200 295 59
238 231 89
21 19 32
102 199 47
86 90 88
297 34 92
194 169 70
136 104 97
249 177 83
195 76 36
366 363 56
227 119 77
172 324 32
136 290 44
333 145 99
317 316 95
240 249 34
296 217 81
16 338 75
158 178 6
8 160 7
269 154 46
233 299 47
142 247 64
192 74 67
299 87 55
45 81 60
116 193 75
10 193 39
86 42 97
212 286 40
382 245 43
322 190 30
359 384 53
214 282 62
100 272 45
266 49 52
82 171 1
21 15 3
390 143 25
133 265 39
335 55 56
295 61 86
291 375 61
196 292 71
307 342 98
167 229 31
136 374 65
206 27 50
358 71 12
43 131 85
326 245 60
130 157 20
189 222 86
233 136 21
347 340 9
33 310 36
339 272 19
109 172 83
66 295 71
315 214 12
254 56 20
114 84 52
16 299 33
334 223 71
343 371 67
295 174 31
381 106 72
77 211 10
103 212 6
328 290 11
48 316 31
324 212 49
225 22 61
282 151 72
246 359 97
233 291 13
369 48 77
288 236 19
76 131 67
194 249 3
240 99 49
163 211 28
133 54 52
291 79 82
322 102 19
309 33 39
174 202 66
342 175 75
110 322 56
54 138 7
373 357 93
155 200 29
131 289 74
334 14 87
189 126 34
340 368 5
4 19 56
249 296 7
194 129 9
269 388 34
207 71 62
112 94 46
193 190 43
313 29 76
42 182 84
338 95 12
77 102 51
331 307 38
24 392 58
186 47 80
14 160 6
169 333 39
47 287 5
219 175 95
337 100 27
40 168 40
15 246 45
344 231 35
228 261 34
140 126 62
42 353 37
92 39 41
306 397 97
347 388 57
346 206 61
113 280 52
114 339 64
274 182 30
192 80 76
106 112 17
127 38 93
167 22 12
194 68 92
218 244 17
218 25 25
126 137 23
340 206 56
40 205 76
39 362 2
297 385 54
150 344 61
277 31 2
273 157 94
340 230 35
50 14 59
298 306 81
162 64 88
214 259 20
359 287 63
108 52 32
123 337 21
190 363 67
304 160 68
250 73 16
302 149 48
83 90 70
246 377 5
398 130 46
187 101 15
177 393 85
83 82 14
380 81 35
307 394 43
335 226 81
8 127 4
3 178 39
326 120 89
14 34 51
215 161 92
253 155 63
331 48 14
390 374 19
300 178 95
195 270 82
145 39 94
171 110 63
132 86 71
250 306 93
371 399 21
12 319 24
295 124 7
159 154 25
113 81 31
381 393 92
257 18 72
135 390 41
150 95 81
251 173 65
72 296 95
217 87 66
130 109 76
237 157 49
243 53 45
97 296 30
91 369 6
92 119 29
189 147 17
265 141 12
159 381 6
346 233 58
353 269 16
6 239 34
265 318 42
30 280 29
164 234 51
102 2 94
276 52 67
318 15 51
147 300 98
124 168 52
286 143 59
214 319 72
345 177 46
375 190 30
154 190 97
302 278 69
33 345 87
398 192 43
27 44 55
12 166 73
351 349 21
88 330 16
223 24 6
329 388 32
205 160 30
201 187 84
343 260 31
246 77 18
51 205 30
286 312 98
188 80 23
3 66 8
133 150 94
328 137 1
395 182 49
131 71 6
356 180 47
101 283 36
393 282 6
208 38 13
288 384 29
254 73 77
15 31 3
18 309 2
53 75 47
165 242 94
171 182 3
116 313 57
4 44 77
243 357 57
173 316 54
394 190 26
155 203 89
363 357 79
134 194 62
378 370 6
384 372 51
20 181 55
111 356 96
105 57 48
231 129 29
380 111 83
161 283 100
235 21 83
231 156 9
179 61 74
175 143 52
25 103 8
126 46 9
347 121 48
386 285 95
157 133 26
228 138 91
317 2 63
324 375 95
271 36 58
64 244 97
376 215 79
5 9 26
213 179 69
277 299 74
85 398 87
115 382 54
94 213 89
162 38 17
22 390 13
341 23 50
338 241 6
90 108 55
41 277 30
206 36 100
267 244 14
148 340 78
326 68 2
153 358 35
11 172 24
312 12 49
134 317 52
230 318 35
135 323 71
95 75 23
300 201 24
104 57 1
74 259 19
178 337 97
31 228 71
345 261 14
349 227 25
347 180 59
370 287 66
148 155 10
52 183 27
157 232 87
287 97 13
386 239 96
220 99 52
139 276 90
334 386 33
177 355 33
64 210 18
275 106 28
47 294 24
20 42 5
328 154 14
141 298 32
19 196 95
128 284 20
2 123 77
389 205 42
311 177 53
230 256 99
314 96 41
272 1 72
339 242 39
35 198 68
3 25 50
238 394 74
111 84 40
336 274 4
325 337 42
184 123 22
375 53 68
381 47 8
27 79 49
139 88 63
101 217 88
50 35 29
286 95 28
85 304 42
288 281 1
86 203 37
346 390 88
381 167 81
177 96 31
27 286 32
143 106 27
202 172 78
36 343 75
337 5 36
257 274 19
125 92 7
254 280 100
3 311 41
90 131 18
306 177 31
54 324 87
117 326 45
393 290 91
277 340 99
21 90 11
264 227 61
212 366 46
62 158 76
172 227 57
109 0 48
104 133 52
231 288 89
69 227 55
252 285 52
177 20 3
93 179 50
118 124 93
72 49 51
260 129 6
103 178 47
221 53 30
371 182 87
65 283 31
42 248 78
120 323 90
307 251 12
175 257 4
333 199 58
305 258 27
183 322 53
100 13 83
255 34 9
346 174 50
218 106 14
172 276 100
318 88 17
234 58 49
350 209 53
266 186 27
42 364 65
174 347 13
331 296 63
257 30 32
44 248 5
87 102 45
54 359 27
53 154 39
377 328 62
387 333 46
284 202 12
228 294 94
110 343 64
68 136 44
399 185 27
315 111 61
372 261 3
399 278 8
290 89 84
163 389 35
390 8 7
36 328 69
258 351 65
205 51 54
260 102 99
307 364 76
175 235 4
85 144 10
330 25 71
237 183 83
22 343 43
185 187 79
371 378 65
110 124 40
210 372 7
135 389 92
144 392 48
264 142 82
273 299 67
279 286 31
107 22 32
137 50 67
262 41 4
4 239 14
347 286 90
389 179 99
183 197 8
347 268 74
328 200 25
229 168 14
335 375 88
140 97 45
220 268 20
133 40 26
364 252 83
9 304 73
19 205 85
242 175 64
136 210 55
233 36 69
232 290 19
347 75 19
73 160 6
379 235 40
336 49 2
210 19 11
229 81 82
399 130 55
139 113 60
397 109 97
10 176 74
104 250 84
232 286 75
274 270 90
82 275 36
113 50 70
51 122 68
303 343 62
385 30 63
205 73 35
42 131 82
240 231 33
247 310 79
28 281 67
333 323 6
269 299 50
340 380 29
119 256 2
125 172 96
381 231 21
66 315 72
309 70 22
94 248 50
19 365 49
84 5 15
368 303 98
200 88 92
83 58 76
258 101 24
358 62 58
273 140 60
333 301 50
123 364 45
371 162 17
393 0 30
393 117 91
141 22 57
333 100 46
366 103 27
351 358 20
41 378 66
82 362 62
67 89 97
218 181 69
378 76 68
208 120 47
75 28 31
327 37 34
57 229 11
205 169 52
318 42 15
169 52 46
257 293 20
336 39 55
66 34 93
94 328 17
141 49 66
146 214 23
270 87 69
21 251 2
106 41 4
68 182 44
356 204 57
56 332 43
65 73 70
2 269 47
391 274 99
90 274 14
97 354 80
110 42 23
312 342 92
326 153 45
252 195 44
87 175 8
124 229 77
39 374 45
69 381 88
95 294 63
101 189 7
350 107 28
364 1 64
65 288 35
102 126 72
316 11 69
150 119 63
183 58 10
329 359 24
374 260 98
162 347 60
69 42 5
6 231 91
365 107 18
327 2 100
322 84 8
106 165 67
271 386 24
366 33 51
308 318 64
54 395 98
137 385 7
65 293 30
208 40 22
108 312 82
81 151 27
35 37 35
159 392 42
251 205 42
283 66 91
394 55 83
21 112 2
28 57 6
263 48 73
232 314 93
97 198 31
337 193 45
25 283 62
292 393 18
301 254 51
28 51 37
232 213 30
398 13 48
253 326 86
172 137 80
156 238 90
354 325 42
285 241 25
252 364 42
61 57 63
37 11 2
257 349 28
94 179 22
69 128 63
202 352 17
76 340 72
345 265 41
137 304 2
57 275 1
378 7 64
234 174 46
210 207 20
2 300 43
298 287 15
177 351 74
392 325 39
235 71 22
140 94 45
251 27 83
231 166 60
103 295 87
11 267 55
179 21 49
280 81 6
250 364 36
280 398 51
192 176 49
52 226 30
366 347 81
361 180 1
287 237 59
287 196 62
76 32 47
87 98 26
365 332 34
185 380 49
213 373 64
254 217 90
51 182 38
59 39 93
249 183 45
72 311 31
88 20 17
187 162 86
370 373 72
373 167 13
206 152 9
11 393 86
266 143 29
252 234 72
43 171 97
122 69 97
259 385 25
115 287 48
310 389 68
1 245 42
356 40 8
203 132 3
99 162 99
88 155 54
293 398 69
320 84 85
95 254 29
16 164 21
93 370 2
146 351 11
386 280 35
119 135 27
2 399 69
343 330 41
58 392 16
260 316 75
246 12 5
48 249 64
123 359 37
249 307 14
324 46 41
337 378 14
162 208 78
14 193 9
359 268 91
275 34 35
374 86 83
325 316 22
80 216 81
387 340 15
115 376 96
73 19 57
59 150 54
385 230 28
258 159 2
393 384 54
17 201 15
103 5 71
372 19 67
239 329 35
5 381 55
361 183 72
199 327 8
266 273 13
201 306 77
84 194 33
59 327 65
214 68 86
348 85 62
243 62 9
384 257 52
305 29 59
250 106 26
12 321 12
327 248 98
373 200 21
181 294 76
346 52 53
218 267 55
104 167 30
341 0 86
385 39 92
36 305 27
31 349 45
51 40 72
6 40 62
249 384 36
361 315 70
93 38 64
109 94 33
285 305 88
320 50 39
346 167 60
17 50 29
171 180 17
46 280 46
303 341 11
232 202 8
325 76 94
189 205 37
380 143 54
211 157 59
339 318 50
136 188 81
196 135 85
22 332 56
133 373 50
290 229 92
95 363 80
241 194 53
133 222 11
391 95 78
379 42 31
311 67 18
184 178 31
84 14 69
129 350 55
116 220 9
142 119 45
131 150 28
103 73 25
199 183 28
303 292 21
30 283 67
8 95 42
195 310 29
135 289 57
378 81 92
296 233 6
185 341 82
349 73 36
328 289 43
127 75 91
112 50 27
71 207 50
93 32 13
78 49 95
233 390 74
150 128 93
13 217 13
107 365 71
197 263 46
395 15 27
291 268 53
20 80 12
44 1 39
399 334 81
346 314 61
203 291 31
46 60 59
113 266 38
80 302 89
215 77 8
125 7 63
40 255 42
279 373 12
254 339 81
213 186 48
43 296 88
47 313 76
67 38 52
10 194 41
250 397 95
69 231 68
216 69 6
289 25 51
74 271 4
81 297 75
289 398 14
266 334 50
61 369 31
6 99 73
148 355 26
24 195 46
162 81 99
226 22 65
56 121 6
183 250 28
21 147 84
63 204 89
210 4 57
352 68 58
79 132 32
289 237 51
84 199 12
44 388 39
8 96 81
6 315 37
118 35 14
102 58 10
278 40 65
79 313 100
374 0 70
255 62 15
97 368 85
37 83 96
29 244 71
0 161 90
368 208 66
105 36 77
379 370 26
193 134 32
160 315 6
272 198 89
49 277 41
97 140 94
321 107 16
208 146 57
149 6 16
312 319 37
282 162 20
323 146 38
42 18 63
70 48 96
394 28 79
141 156 51
231 197 92
1 221 51
69 153 38
63 257 36
260 167 87
156 357 67
367 86 10
88 217 73
296 200 76
166 242 17
66 75 80
4 288 10
34 222 47
356 69 29
134 131 2
46 160 39
219 14 62
367 265 68
334 396 22
353 48 48
340 207 16
76 389 47
337 361 51
20 392 87
38 136 31
359 255 95
140 268 93
265 26 46
219 334 60
384 261 78
102 248 37
242 337 85
77 216 83
321 225 51
304 24 72
153 83 45
227 56 87
40 172 54
386 34 46
121 57 75
155 385 96
287 127 100
347 279 89
117 140 68
33 280 73
148 124 2
313 281 45
8 194 64
311 65 39
226 177 51
150 5 37
145 210 61
323 339 37
355 209 49
268 291 27
126 111 35
373 77 73
224 230 32
259 33 3
274 247 71
203 143 55
30 143 43
32 176 20
267 380 32
163 273 47
348 21 24
15 391 72
154 215 27
203 168 25
37 297 13
67 165 19
304 184 91
114 265 25
42 258 68
260 254 83
322 167 83
29 347 28
165 392 70
238 107 71
399 2 18
207 4 4
59 227 78
368 178 97
179 216 96
183 367 95
124 269 21
25 339 47
362 96 55
187 251 46
102 232 81
142 252 17
24 332 92
265 246 34
77 374 61
364 270 21
210 15 72
296 232 83
379 387 6
355 42 61
69 212 70
11 258 25
356 183 74
251 203 56
396 297 27
111 333 57
170 35 65
165 290 76
253 277 15
396 177 28
224 199 85
131 177 45
367 342 45
273 219 89
318 81 59
349 384 6
264 355 53
131 9 32
165 204 30
376 299 5
83 140 21
342 75 40
50 79 32
169 354 39
309 366 74
304 318 51
107 395 89
186 54 6
134 104 59
174 41 16
154 306 79
107 197 60
72 288 74
376 100 89
196 206 8
309 247 57
266 221 38
45 381 13
349 211 71
107 285 3
100 289 66
12 79 60
57 215 100
387 248 49
172 25 29
220 241 85
19 398 10
172 13 33
199 362 61
76 24 62
288 162 24
16 274 35
392 106 70
274 353 95
379 107 49
324 280 6
340 215 36
28 104 94
378 306 73
263 87 83
179 259 80
387 218 72
259 369 76
206 248 12
299 50 73
236 251 49
143 249 41
4 388 20
44 196 27
380 196 39
334 169 17
285 110 61
26 119 71
164 95 22
155 386 45
52 356 38
164 10 15
88 209 79
385 80 61
32 393 48
336 3 4
33 263 81
114 308 56
366 111 86
139 273 93
20 82 79
349 338 4
319 36 51
341 93 64
338 298 73
83 392 54
62 294 23
250 84 48
317 383 19
270 26 91
399 291 3
294 334 9
146 143 85
343 221 24
360 46 93
130 3 23
30 370 26
347 267 50
355 24 46
285 242 63
75 388 81
223 386 34
107 207 50
391 34 70
223 268 51
96 57 75
176 300 34
126 208 49
234 117 1
103 304 3
285 114 37
221 21 1
301 113 96
237 129 61
73 161 58
270 61 19
142 327 70
46 224 66
154 136 43
299 224 55
2 180 8
67 352 64
31 389 71
330 368 7
108 150 38
370 227 51
352 264 95
365 295 88
34 200 67
175 164 34
188 287 5
114 76 25
316 142 46
70 120 70
153 246 86
193 299 40
108 363 12
11 100 77
368 360 59
178 213 56
238 377 37
84 322 53
209 189 12
103 51 82
214 359 94
312 123 20
347 34 77
242 99 6
14 269 11
212 291 67
79 236 38
169 200 21
290 122 12
209 162 66
194 311 55
306 327 98
68 114 81
28 277 35
222 297 70
327 55 55
266 371 53
379 255 7
135 182 91
243 234 26
34 162 45
271 302 23
317 240 50
278 357 10
107 199 42
105 359 73
358 75 69
356 343 44
35 79 87
175 128 41
71 171 24
234 167 53
100 59 33
26 53 73
118 223 58
143 176 81
138 155 75
318 357 31
302 29 34
373 297 40
60 317 14
111 138 65
323 349 25
16 25 84
343 242 64
209 101 88
211 104 66
300 345 2
123 206 70
211 6 41
149 118 36
272 217 21
29 319 80
321 87 42
270 113 81
113 224 49
296 287 67
143 142 62
323 152 30
121 228 3
298 1 38
90 121 41
183 340 82
319 371 27
218 97 67
90 361 34
39 199 24
175 283 22
329 52 86
5 166 16
35 282 44
97 92 47
116 236 78
354 30 89
331 298 43
14 238 58
35 314 34
6 35 55
384 343 81
189 183 1
89 4 94
166 137 16
64 265 57
283 377 18
1 355 24
176 375 15
68 305 12
315 228 64
344 341 48
294 397 89
271 173 8
299 397 100
163 289 29
45 223 52
121 234 9
69 0 97
179 70 84
71 228 92
399 186 29
25 112 60
63 240 17
25 114 98
317 217 91
223 390 53
92 244 89
105 131 29
45 204 88
322 254 5
65 241 43
322 114 16
294 6 46
125 395 59
21 55 36
170 192 56
201 239 32
109 291 41
349 311 94
376 322 87
340 225 56
164 330 34
121 49 40
42 126 69
186 103 29
101 384 100
125 75 10
59 210 10
22 231 12
251 87 37
185 214 44
315 319 82
295 383 43
329 133 57
126 71 78
39 20 6
5 266 80
323 190 51
52 21 24
214 373 94
343 239 71
323 192 81
208 372 98
308 386 75
86 93 82
23 78 52
85 49 68
384 162 29
372 341 9
155 204 33
367 374 91
145 62 40
146 42 62
268 63 29
387 234 92
236 66 72
48 298 9
205 363 34
77 334 42
123 179 51
239 160 8
342 90 44
372 154 91
275 312 61
7 42 33
203 251 74
363 251 64
148 28 23
363 349 96
325 31 24
212 80 31
286 157 32
71 122 58
60 383 27
201 171 9
293 248 34
136 131 86
113 173 48
77 72 20
194 307 71
106 11 77
3 82 8
128 214 47
341 377 1
372 374 21
42 143 85
59 193 51
263 184 52
360 190 94
333 153 76
196 193 90
44 322 12
1 320 33
211 168 49
91 272 20
343 15 63
257 305 27
306 20 36
92 109 81
320 340 38
193 361 42
27 391 6
80 370 22
259 116 38
69 302 38
268 364 54
246 39 42
324 373 87
19 68 22
340 226 88
246 219 4
262 161 39
259 112 70
288 255 87
128 261 10
204 170 16
51 21 95
178 190 5
126 227 77
153 199 76
124 122 82
237 346 54
269 1 5
28 226 30
305 352 14
58 91 72
352 389 3
316 301 25
189 363 45
37 2 47
327 355 36
256 216 42
270 117 71
150 382 51
212 127 40
387 381 94
256 348 30
168 50 70
144 340 67
165 188 12
79 30 61
230 24 65
165 339 55
117 174 17
299 151 83
141 308 14
15 268 20
203 214 73
373 141 84
130 337 48
121 350 43
321 62 37
12 341 95
320 96 35
95 277 9
63 371 90
231 161 67
182 364 71
138 328 63
94 15 67
74 156 84
147 306 70
140 154 38
138 213 84
0 40 25
270 83 25
100 6 81
66 111 61
76 283 51
8 346 4
96 361 8
29 142 90
299 91 56
296 326 31
383 343 80
280 241 41
197 30 5
293 393 62
153 1 16
3 266 81
113 103 59
254 234 46
178 345 84
366 105 100
215 345 67
106 313 60
157 202 65
7 60 94
373 31 39
275 291 79
8 318 21
54 194 45
351 331 53
121 371 47
193 109 50
185 47 89
321 182 25
222 359 41
364 184 95
6 208 29
270 174 78
253 52 46
240 135 4
155 199 25
73 208 37
5 172 2
249 389 8
88 201 81
73 23 58
368 254 88
222 228 74
3 134 26
306 162 44
184 193 30
259 13 2
236 261 53
247 113 31
15 34 100
36 192 93
302 275 46
50 17 36
123 236 33
17 261 24
110 355 97
3 128 21
399 383 100
245 76 27
125 26 49
11 265 25
211 352 97
166 289 73
84 367 11
163 275 20
63 206 79
363 124 81
130 26 2
277 280 58
45 362 78
48 196 54
313 351 59
164 32 49
306 28 7
111 191 33
68 378 76
184 221 68
210 64 77
194 2 74
367 346 20
250 393 67
294 50 78
378 262 14
188 309 58
105 18 94
249 287 63
301 356 22
202 177 8
247 122 77
95 384 29
356 328 28
233 329 51
207 127 47
292 125 29
232 294 73
28 164 87
251 199 70
175 284 62
20 249 86
302 104 28
193 327 89
138 151 81
299 142 10
40 190 97
396 261 78
182 84 40
200 129 24
392 163 14
312 125 78
191 368 48
237 70 38
57 200 26
242 365 56
45 194 76
201 303 18
323 325 89
216 105 14
89 306 47
372 106 95
293 147 64
54 349 52
33 45 92
373 117 19
196 101 44
162 304 39
168 317 95
182 361 18
348 106 8
203 341 15
312 244 11
226 42 72
40 375 2
364 219 95
389 97 44
52 216 31
387 358 26
388 343 86
218 44 57
378 137 43
224 3 8
176 305 5
113 217 89
135 147 48
57 245 70
347 65 67
301 173 97
362 8 12
239 212 70
113 330 5
22 267 49
345 214 17
67 324 33
341 176 92
333 106 93
361 251 33
157 220 26
17 393 73
369 177 79
102 130 20
326 267 41
0 130 81
297 31 8
76 19 39
179 193 45
141 358 33
50 385 13
256 58 3
28 350 66
120 172 10
305 303 100
242 263 58
41 56 89
249 210 21
329 201 86
217 371 29
221 336 35
31 218 11
25 197 65
64 235 98
358 63 66
194 139 37
386 255 81
51 252 44
117 109 38
355 267 5
28 365 26
333 285 30
192 315 41
12 60 97
176 210 78
121 105 37
2 26 67
395 389 4
242 261 12
177 128 95
347 98 24
212 243 49
161 281 21
27 325 20
297 85 67
295 94 19
39 229 58
86 221 87
75 376 6
207 32 36
397 93 79
19 368 27
78 261 97
213 57 95
203 158 83
277 139 49
169 205 13
107 49 46
247 188 68
282 310 95
222 131 65
16 5 50
64 217 99
67 30 77
271 393 18
378 286 20
282 350 24
281 107 46
261 216 40
339 77 49
292 149 16
197 342 58
205 75 11
360 277 68
207 253 30
39 169 61
119 48 27
31 65 53
145 161 26
235 273 9
273 172 51
69 311 99
336 224 58
130 113 10
357 390 3
114 139 43
288 259 9
9 73 82
235 214 56
111 295 7
325 64 13
358 7 69
275 99 31
26 250 70
60 228 47
161 201 37
234 86 52
267 198 98
133 70 8
238 35 43
173 178 36
330 121 49
275 217 87
121 119 19
77 34 12
285 246 20
177 276 19
156 261 42
59 187 56
40 293 31
22 265 89
266 281 29
86 184 19
77 172 22
327 9 85
358 208 22
344 91 1
111 14 13
364 255 78
30 180 14
301 257 96
135 308 71
336 222 77
102 67 66
333 46 20
214 357 44
183 107 68
241 198 88
37 399 30
243 393 41
384 90 33
102 398 48
338 146 62
365 16 37
360 149 56
153 347 84
333 260 84
245 279 34
116 327 34
15 123 88
8 205 59
159 279 50
341 266 15
5 217 88
38 137 6
55 290 44
32 198 72
161 99 68
351 168 82
384 383 60
353 322 94
43 343 40
277 134 18
227 108 87
85 31 61
29 201 86
346 85 96
267 161 55
202 333 98
50 110 13
316 222 23
378 272 42
101 130 89
242 224 94
74 334 23
398 197 3
384 45 77
243 195 83
135 114 55
95 299 79
313 22 33
147 288 51
263 224 96
291 372 36
315 245 73
234 109 55
338 256 43
103 108 9
153 47 84
89 59 51
182 336 50
280 14 79
78 140 83
161 332 40
116 76 88
24 308 60
167 395 75
66 384 5
183 311 24
101 376 83
241 281 11
378 229 41
200 264 86
185 212 64
102 179 68
75 217 51
93 211 58
324 328 74
252 45 35
288 117 51
157 357 35
367 332 6
109 328 74
146 380 55
248 59 71
298 119 1
164 67 23
232 373 72
195 366 64
282 293 68
148 157 73
0 270 13
282 213 49
270 153 42
88 292 83
208 243 8
177 76 95
335 19 73
340 357 100
47 354 100
324 83 38
4 92 100
293 112 31
267 70 18
314 232 32
361 365 33
336 268 85
75 308 63
352 134 81
84 241 32
118 71 89
360 336 40
189 98 4
179 255 33
20 297 93
388 384 44
75 344 68
226 36 16
291 276 35
205 272 66
149 355 15
176 162 91
45 300 58
195 16 61
210 130 89
393 335 67
353 17 93
130 41 63
51 22 56
9 357 46
389 133 5
175 142 27
85 65 76
275 256 52
47 80 49
127 274 60
311 28 3
58 356 8
227 324 82
300 323 76
75 286 12
267 288 48
62 256 85
15 290 63
336 311 30
200 126 36
268 110 4
257 290 70
334 348 42
136 305 77
69 224 33
353 389 53
394 207 52
231 373 75
209 385 30
29 106 6
371 375 18
211 231 62
222 192 74
37 199 77
108 298 17
124 248 31
287 335 57
28 295 89
56 102 89
237 232 94
184 165 85
275 359 35
105 110 72
398 39 76
13 257 57
142 277 5
318 12 35
221 2 77
191 214 2
336 36 4
130 146 44
94 111 45
232 28 6
381 57 23
278 368 15
170 255 99
21 221 41
372 70 1
43 299 57
361 371 14
21 38 43
169 283 94
185 216 81
210 71 15
383 0 39
324 136 9
349 253 57
365 206 21
290 266 58
241 269 17
53 294 81
120 395 47
150 239 45
68 18 75
5 121 93
264 51 16
178 275 82
51 355 43
207 98 57
299 267 27
384 352 61
356 223 20
5 245 9
35 230 40
374 285 87
263 393 63
211 113 79
151 336 11
259 287 34
283 343 25
119 129 93
133 91 3
299 136 64
321 299 90
174 207 94
182 252 4
115 351 64
5 114 95
117 195 40
136 340 93
200 9 68
232 156 55
105 87 96
171 241 66
373 290 21
0 58 94
342 65 69
93 74 27
107 15 81
49 181 99
268 126 32
46 152 11
396 287 25
341 202 26
337 8 24
89 166 6
246 41 49
172 183 23
145 206 59
101 249 95
261 362 8
226 252 36
381 152 55
164 286 73
222 180 86
342 371 95
73 134 44
224 156 10
162 80 13
165 325 21
14 350 53
63 264 46
82 242 91
276 335 39
188 347 42
227 94 44
291 26 14
185 272 83
336 245 23
332 346 50
13 47 92
5 47 31
258 279 26
316 334 30
204 198 14
168 228 42
163 92 67
54 352 20
163 22 29
79 5 1
229 250 41
126 149 98
73 77 44
138 393 36
119 3 60
335 310 4
299 376 33
356 244 54
348 217 2
261 174 39
89 258 39
17 166 6
298 182 10
219 205 89
225 41 50
329 292 22
153 157 95
126 192 41
228 60 83
201 110 81
30 176 71
339 358 71
393 196 40
103 166 89
163 230 33
88 312 27
303 321 48
52 116 80
324 157 9
352 267 42
292 214 44
19 271 1
243 97 77
272 178 13
189 45 65
164 43 65
174 284 98
71 15 8
126 376 32
104 253 86
42 345 63
309 38 17
37 328 73
307 129 60
390 134 4
105 178 13
45 203 36
234 399 36
355 190 5
145 225 65
259 360 21
65 58 39
361 56 97
249 396 73
315 372 67
380 68 7
31 241 70
357 330 53
365 267 88
332 399 16
97 15 77
351 234 32
104 51 99
187 359 60
51 12 3
109 275 4
241 168 94
358 93 99
33 254 26
64 7 91
14 206 92
61 140 93
164 302 2
292 108 71
321 80 62
84 301 69
178 87 31
175 193 79
129 313 84
181 119 80
263 335 14
261 274 23
365 109 61
125 223 12
384 109 63
83 103 46
116 363 71
41 294 73
121 274 35
38 396 93
40 227 41
145 24 76
328 102 10
277 269 4
22 335 68
179 337 64
159 88 53
270 160 78
120 189 81
247 108 46
289 357 21
199 99 85
134 320 59
164 181 24
298 162 22
330 4 23
310 209 83
322 23 36
244 256 38
98 317 11
349 317 86
39 310 28
107 342 82
389 21 98
182 107 95
16 355 71
40 180 75
40 322 71
108 12 48
348 284 14
175 50 12
70 282 97
364 277 66
320 309 40
143 134 19
93 257 49
131 220 87
252 49 26
173 379 40
67 375 97
61 5 1
192 95 34
328 179 21
228 96 44
51 165 72
274 132 84
112 99 56
243 292 59
213 147 94
194 380 32
144 56 78
85 295 11
357 273 45
264 212 96
166 291 86
20 91 89
95 345 38
177 92 59
224 390 14
212 128 91
365 33 41
176 45 59
99 326 81
395 305 39
154 18 96
320 364 61
384 79 43
197 78 75
250 308 69
199 50 31
314 389 2
265 193 41
132 112 75
96 330 18
237 211 80
115 395 63
271 47 99
261 11 29
135 0 11
50 104 94
335 346 4
93 208 78
226 243 57
388 190 38
316 272 14
25 124 40
246 385 70
115 350 13
166 281 41
149 220 96
283 8 12
128 146 26
96 213 68
329 78 11
358 377 11
318 282 19
199 284 87
153 50 41
271 313 58
385 192 13
196 168 73
192 375 38
36 145 2
20 322 69
43 174 99
77 247 82
260 321 20
194 96 30
263 255 91
115 392 24
79 292 14
16 22 10
347 2 30
61 0 7
89 398 35
115 396 15
209 96 21
374 133 53
132 145 2
349 54 40
278 134 13
82 92 38
303 270 59
115 275 58
226 26 69
76 1 41
44 150 41
265 308 26
174 50 95
23 187 31
349 63 82
69 392 77
370 6 90
223 292 38
146 202 11
225 275 32
391 118 73
293 371 88
321 77 17
39 99 90
136 139 17
220 232 36
390 50 77
235 169 53
1 81 32
180 210 80
129 236 12
38 177 55
101 281 91
317 40 63
19 61 1
284 131 68
264 9 74
133 273 67
143 86 67
236 16 92
156 319 80
368 321 98
286 4 21
249 98 42
398 343 11
100 72 99
52 245 33
317 84 9
199 73 48
303 360 3
13 326 32
5 238 66
241 146 49
244 326 70
25 136 82
43 197 7
53 235 89
208 259 75
65 203 4
159 243 3
71 134 23
390 10 88
289 131 82
235 318 85
51 176 91
7 268 8
359 204 45
387 174 70
313 28 10
75 208 78
334 336 84
247 382 65
279 11 21
331 8 79
191 103 52
283 96 22
49 16 59
80 305 18
397 135 76
167 317 51
246 190 99
108 255 3
344 242 95
158 371 30
152 346 8
298 68 86
23 197 11
52 73 70
136 82 55
176 284 7
84 330 68
50 281 91
223 345 91
185 44 75
70 247 43
321 50 44
226 314 40
184 113 95
67 194 34
185 243 79
230 328 17
221 49 18
10 187 2
387 351 76
18 324 74
13 348 47
39 258 44
332 384 5
333 340 49
219 305 20
333 126 35
112 356 54
188 20 53
53 144 24
4 181 63
206 281 77
260 178 97
315 345 62
25 62 48
174 275 40
243 297 54
232 187 39
117 68 28
90 200 58
64 169 35
205 129 18
234 265 7
341 331 26
224 196 68
390 281 34
116 238 48
36 382 61
387 383 75
286 70 79
25 281 58
179 110 86
322 382 37
199 126 94
339 233 85
215 142 46
332 83 86
1 169 25
26 203 1
151 209 45
137 392 100
140 308 46
304 53 96
19 355 78
127 228 17
304 298 15
151 228 48
101 252 23
363 4 42
52 313 31
107 46 70
394 0 31
348 52 4
79 285 59
18 25 27
344 198 97
167 98 20
180 133 3
291 256 67
165 28 28
298 82 6
261 217 42
104 71 59
275 104 57
393 343 31
46 96 79
111 269 90
46 254 70
292 176 92
377 364 15
295 257 20
152 337 96
81 131 75
384 274 91
303 108 54
321 255 100
381 101 11
174 123 53
244 117 97
6 38 23
9 112 6
68 363 88
270 34 53
260 312 66
62 382 40
1 196 25
44 371 42
372 126 73
14 306 14
205 7 24
373 72 9
324 319 14
359 187 95
375 346 19
115 391 34
397 170 56
55 68 3
126 347 43
221 123 61
112 370 98
266 61 70
293 314 1
46 238 37
366 387 29
369 74 89
260 180 72
342 275 5
127 59 26
165 382 49
369 105 46
142 338 17
180 195 43
317 62 67
170 43 54
195 9 70
177 211 79
156 272 63
254 387 91
37 7 40
222 162 79
230 216 16
129 70 14
114 355 96
188 293 88
264 234 82
269 51 81
343 263 60
159 134 52
326 321 81
149 338 39
46 38 97
365 383 10
142 259 7
165 66 41
397 271 57
26 142 60
115 308 26
331 265 18
167 358 97
262 273 89
316 194 30
216 31 92
195 359 32
179 80 28
381 157 45
155 69 29
79 107 29
344 399 7
107 271 33
69 263 35
117 24 22
107 63 77
125 354 11
88 7 47
321 188 14
349 310 77
319 205 54
268 123 85
58 3 74
161 240 91
262 296 1
139 146 53
161 262 1
167 198 72
301 344 83
61 351 46
195 163 64
274 31 25
195 256 16
350 147 42
131 364 43
397 228 11
361 93 40
380 392 96
303 39 52
5 257 17
40 398 85
71 232 51
394 339 64
8 333 61
319 110 35
113 172 69
186 269 25
88 357 4
217 163 98
115 324 81
222 320 95
182 201 61
354 241 36
330 151 43
167 110 55
106 221 54
198 179 31
176 370 10
235 287 41
85 260 20
307 165 97
91 199 59
44 148 45
179 191 54
358 81 40
62 381 89
194 173 98
164 3 4
359 199 94
221 384 56
5 282 18
70 261 26
10 324 7
378 88 14
204 199 55
85 13 7
68 130 50
57 237 71
59 213 40
57 361 1
399 323 99
70 352 61
157 134 69
234 166 32
259 34 31
89 242 19
209 171 3
263 316 27
117 207 1
242 150 97
25 235 92
188 166 58
183 371 35
331 251 33
313 94 65
105 299 51
362 297 87
201 269 7
85 289 64
322 202 29
286 265 84
170 297 89
25 210 4
276 103 89
360 198 83
125 273 76
280 88 73
155 377 87
332 289 63
142 262 29
169 70 16
297 322 26
204 181 98
154 112 99
192 156 45
31 48 9
170 236 29
239 64 42
112 172 24
21 293 52
12 201 62
59 304 11
192 49 94
40 283 61
299 78 20
100 310 18
332 383 37
341 85 24
154 131 74
83 167 50
294 7 12
268 322 53
101 359 25
65 236 81
10 50 27
159 215 18
363 101 85
105 196 56
14 164 54
379 281 13
44 92 28
135 140 15
324 343 32
123 65 66
174 226 46
188 6 50
46 292 19
35 45 67
136 358 97
23 203 15
251 286 36
174 129 41
9 54 51
202 193 13
63 190 77
305 197 26
135 192 15
396 220 69
301 336 29
165 87 77
208 16 16
49 266 21
242 160 9
338 14 35
248 261 30
283 34 59
303 142 32
230 183 35
94 33 63
397 120 13
387 28 71
351 54 31
166 260 39
131 213 40
336 104 59
137 24 42
262 288 1
204 311 95
266 16 31
201 116 59
319 368 79
19 140 58
119 341 56
96 3 88
33 7 13
292 74 94
204 262 100
175 261 5
24 368 53
188 198 3
368 192 45
49 397 22
168 25 61
229 41 63
181 202 24
326 334 87
313 246 83
5 289 70
333 167 21
226 180 65
276 140 64
366 286 14
89 268 10
1 366 93
224 45 16
37 317 34
365 149 17
85 326 59
373 177 94
127 218 82
142 275 1
289 24 70
171 124 40
39 73 28
158 332 18
392 339 50
239 56 51
128 20 58
376 30 53
377 130 37
63 365 34
312 8 76
145 242 54
255 274 63
44 221 15
394 171 74
78 310 3
348 322 22
7 33 84
193 57 52
389 331 61
177 293 58
44 210 87
15 335 62
261 331 51
63 288 60
2 237 60
65 338 13
142 392 11
157 168 23
290 68 11
267 82 61
59 257 80
35 25 90
274 155 37
125 302 47
385 156 12
345 125 93
324 121 27
345 86 79
330 372 99
98 222 58
111 109 40
329 68 1
304 225 78
135 350 33
10 257 57
340 85 61
136 341 79
105 76 52
255 180 66
4 381 56
310 264 81
236 212 74
74 228 43
26 219 12
271 238 61
109 157 8
106 171 17
221 277 33
258 288 69
257 149 34
104 301 76
259 309 64
182 221 62
4 149 70
280 150 84
327 205 59
183 100 65
81 271 35
223 190 63
118 38 52
380 66 80
391 149 11
225 372 5
210 100 73
275 174 86
252 223 35
212 120 41
231 64 50
47 231 77
114 371 37
183 33 66
20 365 26
36 29 78
41 246 82
239 15 30
109 317 88
45 193 54
122 40 52
349 152 51
225 323 12
147 398 13
170 16 35
112 284 25
145 224 84
8 181 53
287 156 11
230 338 71
294 253 22
393 58 14
126 171 98
169 102 42
182 265 4
195 158 52
228 172 96
396 206 93
327 123 55
44 16 84
126 398 58
117 380 36
343 376 23
284 88 30
80 232 93
377 341 82
309 296 40
294 201 18
185 329 26
110 202 94
12 145 14
343 354 27
300 205 43
42 206 67
147 334 75
287 313 53
305 18 73
373 81 71
135 298 47
317 132 75
301 176 33
293 55 63
391 320 23
16 244 38
173 13 8
40 195 61
280 349 52
47 348 46
115 364 9
325 374 52
151 308 58
209 316 16
129 49 72
75 54 36
116 372 15
319 324 44
89 197 72
106 377 71
211 321 55
95 184 5
130 249 48
225 241 41
394 257 94
220 344 26
355 159 47
171 262 89
358 384 40
357 384 72
166 233 61
275 283 94
380 99 25
214 298 69
208 271 27
234 220 80
264 190 33
317 192 36
246 375 41
213 79 60
384 12 52
68 293 64
164 167 36
203 162 7
163 333 55
313 217 19
198 253 14
327 198 65
67 124 13
262 373 22
241 127 66
96 160 56
363 43 64
373 307 34
147 87 97
198 328 28
341 213 18
139 108 14
114 106 28
175 342 4
12 308 8
240 79 55
92 236 80
373 225 1
2 19 43
76 163 17
45 72 68
268 280 46
288 396 73
90 0 32
325 332 91
187 6 56
373 337 81
192 334 21
37 331 74
215 383 16
271 202 58
165 378 88
177 50 60
350 190 52
373 161 8
64 200 71
274 370 80
150 233 25
363 221 95
318 25 1
160 252 3
238 131 32
214 180 92
98 338 79
50 253 10
213 235 40
212 116 27
180 370 51
161 208 90
179 153 26
294 48 48
39 49 76
371 89 46
22 293 80
146 61 2
250 40 34
198 50 69
165 133 2
278 336 70
205 281 14
197 94 92
179 195 19
180 107 20
213 123 84
16 160 64
286 99 88
121 86 78
322 130 76
96 142 17
395 309 27
51 101 46
308 202 44
253 71 82
306 17 79
118 226 29
382 58 32
115 87 31
270 208 76
265 89 39
30 287 82
134 390 30
257 216 28
9 398 8
357 167 52
377 330 73
373 338 85
292 257 62
243 328 47
161 250 23
318 204 97
219 186 54
229 226 45
379 267 91
251 350 2
320 216 95
35 39 3
106 316 50
103 338 35
202 25 75
71 55 77
100 197 74
352 65 40
140 107 27
285 283 56
147 361 56
240 39 50
322 314 37
379 259 36
290 99 21
246 353 50
246 395 43
184 72 8
376 390 76
337 83 18
135 361 81
136 278 38
306 362 45
55 154 37
84 288 64
69 390 60
124 278 47
137 269 70
216 353 85
188 304 39
23 100 100
241 300 88
345 129 66
158 342 41
44 224 35
91 350 83
80 118 8
282 315 52
334 234 17
71 341 74
274 75 53
45 332 55
167 283 20
20 113 7
202 321 54
323 322 25
316 246 59
177 312 64
76 345 6
311 30 50
98 225 70
261 163 93
350 22 30
11 4 18
120 394 58
286 150 62
213 18 88
351 364 82
106 265 47
135 219 8
379 232 100
287 94 10
151 114 1
305 3 54
184 51 49
210 9 40
274 72 30
336 223 2
120 124 17
5 162 10
92 118 54
21 79 60
203 34 16
280 268 6
44 122 47
358 28 65
239 308 27
56 211 84
206 3 93
85 219 62
233 150 41
393 379 4
310 399 29
249 337 56
172 23 83
109 329 93
75 141 71
264 116 100
118 105 30
230 290 70
91 65 1
59 286 46
68 154 11
285 95 7
151 388 48
240 388 57
286 53 33
60 127 80
179 355 63
113 58 44
343 29 26
269 152 83
348 121 67
30 273 67
7 179 74
178 194 46
325 103 96
286 370 73
363 112 52
334 144 32
186 290 69
48 353 17
82 126 92
237 326 65
391 158 89
31 111 38
42 275 12
268 116 17
245 3 81
301 359 11
249 32 1
1 74 44
39 201 37
255 200 30
17 284 35
67 71 84
258 228 47
233 198 21
171 29 96
185 85 62
206 38 74
380 222 99
371 218 38
380 185 18
35 10 61
15 115 59
64 24 55
56 30 31
279 329 63
87 75 25
187 256 73
110 211 22
158 101 33
196 244 97
375 332 68
113 29 37
356 391 10
68 395 36
379 291 8
385 373 16
145 90 85
90 167 3
176 241 64
268 309 61
13 28 60
27 74 22
138 116 35
314 187 16
133 17 11
157 58 42
13 180 48
330 381 10
46 281 95
135 293 31
254 373 65
99 330 65
42 110 51
202 278 79
234 352 84
335 28 59
276 99 54
264 151 71
136 4 63
175 356 85
198 195 83
124 160 88
40 62 7
82 20 69
152 140 34
285 287 16
297 100 6
62 88 96
109 162 55
134 57 2
53 61 95
168 321 7
72 204 41
182 142 77
316 263 52
178 51 23
295 290 40
283 105 16
150 365 50
25 137 6
96 74 40
363 7 52
308 315 18
91 17 50
261 143 78
331 325 3
197 97 21
61 294 86
279 187 25
161 361 45
393 340 87
282 275 30
375 66 73
368 76 43
176 111 8
188 155 92
154 225 34
321 238 43
348 93 5
397 154 96
63 337 70
275 42 30
265 365 29
110 79 81
374 367 2
241 175 81
8 316 49
77 200 67
128 37 14
203 150 17
268 166 79
333 212 99
235 127 21
212 114 52
64 381 25
191 89 70
207 368 57
149 377 91
78 366 65
372 326 28
224 160 26
348 105 36
15 240 31
47 297 6
19 164 22
231 282 40
313 231 46
206 279 69
155 259 16
169 159 43
231 56 95
205 27 59
202 190 33
130 203 73
9 29 32
365 327 3
180 184 29
165 119 26
153 4 84
109 386 11
175 263 40
127 338 77
220 360 24
209 297 12
212 160 81
82 312 20
86 202 72
268 320 92
138 200 18
386 1 95
180 346 36
199 221 15
75 87 86
259 103 43
90 58 49
191 199 2
86 293 28
29 67 63
287 317 78
53 184 52
285 311 74
104 55 17
386 134 83
221 81 58
74 52 13
183 55 27
299 336 47
125 313 84
298 171 61
290 274 52
7 248 32
158 255 77
3 170 4
182 340 52
273 332 27
263 275 35
316 268 31
256 14 94
373 336 35
258 42 35
196 311 77
230 88 99
107 99 25
31 396 7
78 256 58
375 370 1
58 290 98
262 378 74
85 328 64
17 304 76
394 106 19
190 306 83
135 108 18
74 168 69
317 213 47
205 215 26
159 164 62
42 146 91
157 16 70
172 375 6
216 38 77
263 35 65
84 13 51
0 8 8
101 305 52
233 5 4
105 195 52
284 229 87
258 130 42
54 372 24
313 310 21
388 52 47
270 122 56
171 315 31
295 102 63
237 394 2
213 103 12
264 331 4
100 33 78
117 382 88
278 305 60
8 184 51
145 109 36
259 254 73
271 190 20
391 316 89
190 229 54
159 308 37
264 4 41
99 358 72
398 366 12
20 5 16
356 315 25
143 291 12
324 398 86
314 396 41
117 329 72
272 46 79
162 326 85
33 147 63
236 2 51
17 258 91
389 211 6
294 229 84
345 379 49
347 31 49
224 134 34
160 339 37
208 223 94
266 322 98
277 291 1
257 171 34
78 13 92
115 69 77
114 82 52
284 105 58
83 68 60
198 23 42
148 311 73
293 221 58
169 328 57
225 146 97
21 285 68
147 356 28
321 72 19
221 118 22
286 80 9
396 324 81
287 299 73
387 287 58
271 88 84
344 16 75
9 165 38
189 59 42
223 371 92
137 156 97
337 364 1
252 67 58
12 148 33
7 363 13
38 301 61
188 180 15
375 105 13
379 84 37
11 363 44
121 111 55
347 8 61
208 245 64
212 93 10
231 178 65
399 274 84
310 357 32
329 227 11
392 90 90
1 381 31
154 43 79
189 247 68
33 349 83
299 270 94
79 21 8
4 334 67
31 115 10
101 170 34
53 107 92
204 188 45
227 204 93
269 212 39
141 100 80
66 177 35
127 296 73
302 320 67
316 93 98
235 314 58
307 193 86
219 0 50
144 226 74
286 239 11
71 299 31
54 134 7
227 390 84
382 372 7
300 177 85
74 188 49
155 332 40
380 246 64
49 141 58
241 266 32
175 363 96
348 243 56
87 129 48
117 270 4
129 326 8
180 233 33
379 188 49
327 362 13
334 343 15
359 283 95
174 158 26
86 274 38
297 133 18
70 365 61
300 190 94
346 126 4
375 257 37
305 21 76
305 354 71
291 239 93
195 133 4
201 249 2
166 2 57
96 171 11
386 104 61
70 299 3
374 363 60
294 13 16
280 364 28
357 231 66
80 268 28
2 201 99
390 351 62
358 374 66
383 137 21
357 124 30
307 225 87
39 207 93
397 56 2
89 119 56
249 305 47
247 46 24
147 0 3
302 257 99
357 323 89
184 279 91
186 163 52
209 54 48
136 179 19
310 328 53
365 126 54
103 291 4
48 233 61
91 281 15
181 261 25
272 350 76
297 201 90
357 327 94
396 322 20
254 34 31
134 393 13
109 209 21
253 176 58
391 363 59
8 222 35
262 287 50
306 12 42
244 6 72
247 166 7
302 43 23
260 88 32
64 139 38
194 338 98
331 386 39
166 235 27
288 121 25
107 67 54
388 242 62
195 392 41
135 84 71
193 89 35
104 216 52
270 127 64
67 184 27
222 14 29
281 9 50
250 37 26
68 267 11
298 245 92
37 383 76
4 8 100
99 273 90
257 287 2
29 344 83
58 197 84
338 6 61
258 272 44
397 80 24
43 249 45
184 49 4
194 5 63
47 330 65
122 12 29
187 366 93
347 159 38
249 28 78
357 313 89
207 341 86
338 156 49
355 70 25
190 112 50
21 195 80
215 166 26
91 146 24
173 360 14
333 182 56
324 246 83
189 164 40
207 366 4
50 269 42
161 137 45
199 349 46
184 207 3
55 90 52
190 96 43
73 344 7
216 305 69
170 187 63
175 291 45
271 164 48
215 155 26
150 356 65
133 197 15
339 38 88
5 68 43
54 75 64
8 120 53
7 271 89
34 90 47
371 297 72
394 305 67
93 286 53
239 68 22
122 340 33
170 63 97
82 289 79
257 66 73
11 191 63
202 390 86
132 272 12
358 228 90
362 390 79
280 249 51
126 66 55
282 36 30
271 113 73
95 386 88
104 347 2
252 218 48
282 268 80
242 77 42
104 151 52
153 132 59
344 259 48
180 319 97
232 33 78
138 133 42
332 6 28
145 218 28
85 202 48
134 127 73
106 203 97
51 64 76
314 39 99
335 7 94
279 128 26
370 16 80
161 368 94
266 4 24
235 357 51
73 349 22
33 108 69
121 272 52
267 285 95
370 329 9
16 381 48
368 159 6
124 144 46
325 153 62
172 311 98
287 35 50
368 16 49
233 249 5
332 241 37
320 172 59
163 398 38
182 370 75
331 266 11
396 43 72
171 65 10
382 247 67
57 23 53
263 2 89
126 230 68
141 193 83
391 313 88
217 143 16
18 100 85
295 364 81
328 111 13
147 399 8
103 285 73
1 363 5
94 1 91
258 123 42
390 119 29
365 381 20
21 155 71
376 212 43
191 221 23
32 282 80
76 169 56
320 101 26
382 168 3
314 79 98
96 23 42
324 93 31
196 220 88
116 284 62
231 141 9
15 66 15
314 366 26
399 166 79
140 114 86
160 50 74
226 387 15
182 281 83
173 349 49
90 370 1
208 196 49
212 231 21
275 113 11
306 328 48
174 126 8
249 314 66
150 307 11
62 253 75
352 239 89
23 383 78
347 153 1
132 152 45
327 138 37
135 240 81
242 49 37
388 361 56
201 73 47
52 399 60
197 253 18
21 205 25
325 318 78
19 315 86
283 263 26
173 344 35
357 7 20
330 52 15
390 123 87
227 357 25
354 198 55
323 258 48
218 379 6
339 298 34
202 159 65
169 201 63
68 387 28
243 63 40
78 258 98
158 61 82
107 227 60
70 61 87
317 225 79
380 94 8
115 118 94
77 330 56
279 153 9
62 167 65
223 214 19
109 179 48
240 298 33
117 336 35
129 298 84
338 41 38
335 118 16
355 33 100
256 268 48
395 363 66
145 293 29
173 182 15
137 329 70
372 303 63
341 137 98
61 106 27
286 102 40
245 270 95
190 19 100
0 291 61
380 113 84
352 361 33
325 115 46
107 100 15
148 232 3
67 209 43
202 184 53
8 389 2
364 208 17
278 147 95
169 71 37
41 319 6
209 174 58
249 341 85
322 273 14
83 285 47
174 364 30
130 20 50
194 383 36
293 100 75
277 100 77
165 97 9
19 242 85
41 3 84
374 325 63
213 128 15
98 10 1
318 94 61
55 284 62
121 66 51
211 298 60
185 119 61
14 315 4
86 10 7
295 212 32
24 318 77
172 287 46
352 205 64
285 26 28
101 48 81
222 66 33
279 176 79
258 132 50
128 248 56
217 344 74
89 282 95
213 239 68
396 349 9
172 50 42
330 305 87
233 178 8
285 356 87
12 17 75
229 303 86
21 120 60
318 171 34
132 1 10
383 225 60
191 327 11
330 244 7
295 68 77
124 362 33
163 263 96
249 346 50
118 84 16
152 174 55
160 187 58
50 233 65
299 29 51
151 41 72
343 8 31
227 388 34
47 3 96
76 36 95
92 208 5
398 282 53
340 217 44
156 371 32
236 100 64
137 338 46
118 76 36
89 362 28
360 179 98
261 360 86
50 114 83
73 163 38
396 357 48
3 221 68
211 190 33
64 30 33
358 89 81
351 55 49
310 225 63
237 163 64
101 198 86
7 280 34
219 73 61
272 36 6
189 225 20
84 83 95
264 134 92
369 83 42
348 9 75
122 347 67
214 356 76
102 56 94
139 237 39
320 204 40
371 84 88
364 53 94
69 199 36
2 116 11
245 229 91
9 384 40
261 121 84
285 210 6
83 195 53
231 222 62
296 162 22
121 147 69
145 339 96
277 177 94
302 286 76
305 106 17
228 167 90
194 190 26
378 211 22
116 29 69
356 188 85
183 397 99
271 156 94
144 330 32
337 357 57
198 152 61
172 216 54
109 178 74
225 333 48
285 19 74
352 204 45
284 235 43
1 103 25
27 281 42
363 102 22
291 81 8
72 89 2
299 308 44
350 282 62
226 75 96
114 239 48
141 98 15
292 369 44
41 119 39
182 90 8
338 319 31
97 396 73
15 27 13
382 89 20
324 353 88
323 28 97
12 191 75
148 53 19
8 177 5
66 105 99
26 38 37
235 333 63
130 215 73
264 37 12
263 222 32
114 299 95
54 304 90
15 141 29
380 78 58
4 146 25
379 271 33
92 37 51
398 355 27
157 66 38
292 182 53
70 392 64
221 145 3
340 241 76
58 244 80
145 342 21
192 310 79
194 58 23
196 78 40
66 244 78
17 91 76
210 31 46
262 231 2
350 332 87
69 180 52
6 104 43
289 242 33
223 289 66
113 61 76
258 12 19
113 300 50
135 18 71
74 19 94
163 390 71
295 90 26
318 104 64
258 235 12
141 379 49
89 238 100
279 308 44
0 80 89
85 108 1
267 120 81
299 65 80
177 80 50
383 124 51
192 366 32
282 144 73
267 34 64
87 92 1
358 286 87
137 203 79
173 135 38
327 282 14
268 69 20
136 268 41
100 139 2
305 279 10
257 140 42
334 210 7
378 376 60
394 263 9
25 116 17
148 120 78
215 238 78
257 128 76
142 47 26
333 101 71
379 230 64
355 62 71
288 80 73
171 266 50
53 22 41
381 42 13
326 278 66
10 137 93
73 340 11
209 387 23
79 48 6
145 384 26
219 202 80
386 17 58
226 355 40
260 308 48
160 188 80
347 209 30
220 51 10
342 52 59
270 355 68
375 391 6
284 200 50
149 342 63
41 317 45
112 114 56
41 283 77
53 204 82
222 242 42
379 184 34
46 43 68
34 326 97
78 15 21
301 258 53
338 147 48
26 290 63
399 234 100
112 297 92
295 121 25
179 333 55
162 40 97
372 32 38
174 32 56
154 162 61
84 205 60
277 302 6
257 113 24
327 292 8
102 342 18
36 276 84
337 144 49
244 212 16
121 26 50
86 52 13
382 124 81
205 267 59
215 315 80
262 197 61
119 164 17
189 259 42
371 336 16
92 72 1
173 260 81
80 117 90
101 343 62
30 214 11
24 198 9
243 257 28
186 286 98
237 271 33
4 10 49
300 165 22
42 333 93
168 322 58
92 349 26
345 12 38
118 83 59
310 168 44
387 76 6
361 236 20
343 10 49
8 1 63
97 264 33
124 386 33
364 135 95
272 330 6
140 371 91
89 392 100
140 68 27
308 218 23
74 32 4
349 378 86
370 161 17
280 163 56
332 341 67
126 157 53
297 194 90
141 370 90
151 66 18
59 365 58
37 262 73
77 56 40
155 378 42
98 63 67
369 296 1
179 357 94
353 294 32
183 281 57
101 277 76
236 224 88
120 142 41
119 275 22
362 15 14
17 228 88
101 271 81
264 28 62
275 339 18
192 238 88
334 143 76
370 301 70
207 102 90
225 235 54
367 55 55
236 202 32
217 379 15
256 347 88
397 142 10
205 96 68
350 384 40
101 186 88
344 369 53
268 77 94
356 159 4
381 358 71
20 16 67
362 28 49
282 184 4
226 336 15
37 332 71
6 195 28
76 0 2
291 34 80
37 378 27
243 252 26
211 369 7
310 387 58
354 278 26
284 376 37
184 285 32
16 196 39
309 162 17
66 306 3
299 53 54
261 346 81
52 395 60
138 179 60
168 374 26
66 148 72
43 301 26
35 108 87
19 13 66
36 88 5
32 133 31
203 89 54
220 107 36
364 386 37
385 18 45
120 318 54
5 163 55
109 297 14
86 327 7
398 62 33
176 152 51
247 152 72
175 156 48
361 307 57
42 180 77
258 275 96
296 317 74
132 84 48
214 125 96
280 235 83
4 292 6
395 397 28
28 349 5
306 141 37
387 293 32
41 163 79
253 212 3
116 359 66
207 256 47
83 344 4
381 173 43
227 68 88
326 371 41
211 374 76
379 175 12
298 382 21
258 253 4
7 355 73
256 334 65
159 360 45
203 340 42
310 346 29
296 129 95
271 376 57
152 64 45
123 102 90
264 275 37
394 314 77
48 376 12
86 81 78
33 8 63
268 58 47
63 138 2
344 312 86
324 8 17
243 295 37
173 166 24
332 248 31
71 377 76
71 19 67
383 268 8
100 231 33
360 333 2
304 199 33
140 213 59
24 90 21
25 194 63
34 166 85
248 287 22
377 135 70
224 376 60
221 148 61
112 390 28
256 69 4
130 289 20
362 253 80
227 233 39
268 130 100
95 36 54
266 367 29
274 256 75
243 333 16
140 82 7
51 75 27
227 334 74
130 313 49
120 376 52
90 248 39
327 242 77
302 395 91
3 366 44
310 102 23
47 9 92
153 399 15
72 284 4
264 110 5
117 99 6
172 20 67
372 176 29
26 170 41
40 305 50
366 278 42
108 169 30
281 336 95
4 106 64
176 157 80
119 243 66
44 333 63
223 74 4
204 184 53
185 350 55
184 268 28
7 92 51
349 235 18
137 170 67
74 91 78
126 189 97
140 139 37
138 340 60
221 388 72
393 358 58
360 0 33
360 380 58
9 146 38
331 358 40
109 13 28
328 121 55
244 135 44
100 290 60
357 83 68
129 81 64
373 352 27
213 59 76
35 305 57
265 45 25
55 346 31
17 241 25
326 306 77
27 104 15
98 277 97
357 3 64
351 88 20
21 378 62
136 18 45
245 282 23
235 361 32
190 221 23
292 341 5
101 4 31
183 333 14
123 265 42
85 139 44
46 79 4
219 289 12
258 9 29
20 118 96
378 56 99
283 189 7
320 43 74
203 118 47
23 380 15
377 335 78
292 240 67
181 52 36
255 378 78
241 344 58
5 92 69
18 7 95
282 125 64
177 59 12
306 334 7
11 330 84
104 56 69
354 369 73
135 65 51
226 185 32
63 71 60
343 297 41
366 159 86
67 204 39
287 348 81
145 197 96
46 378 44
57 336 18
238 345 73
157 74 1
385 109 41
239 261 80
7 53 13
44 312 93
387 300 33
235 14 77
144 171 2
303 76 38
300 97 94
167 223 99
101 139 14
368 87 94
231 96 7
319 173 44
54 367 28
180 76 75
353 186 71
91 347 20
153 170 32
302 152 61
7 275 73
112 139 49
125 17 60
327 174 99
392 162 36
4 245 17
124 261 100
244 178 79
253 101 13
305 293 69
107 129 45
218 353 15
388 181 43
352 333 43
21 335 85
76 195 59
355 202 85
159 118 12
316 166 10
29 329 10
270 166 9
122 273 93
232 150 60
303 116 54
106 281 77
104 102 95
178 212 70
332 31 37
237 40 59
269 273 1
147 190 45
77 131 63
323 391 14
185 385 82
253 203 89
198 170 94
132 355 91
118 46 55
119 89 96
177 253 49
221 332 71
358 166 42
303 7 40
344 330 18
106 248 28
9 208 40
172 394 65
40 145 43
92 122 47
362 224 87
57 95 56
32 127 63
156 134 28
268 372 4
273 53 27
274 258 22
339 343 41
23 331 22
61 399 83
173 216 71
89 73 41
243 395 73
313 125 58
331 46 61
167 155 27
223 28 58
216 66 89
161 270 35
99 160 58
304 377 49
289 376 69
117 387 42
319 314 14
218 139 55
386 21 49
159 44 28
183 399 70
123 399 89
129 270 52
136 351 55
142 336 11
353 379 17
195 135 51
134 248 5
1 239 94
341 144 39
158 296 18
251 151 38
321 56 80
274 283 2
202 86 81
27 285 58
147 302 34
44 100 84
230 222 97
275 80 98
38 33 12
360 313 13
140 157 23
340 141 91
258 202 55
237 297 71
135 333 46
48 40 82
29 192 47
180 120 43
245 203 5
378 48 55
346 381 57
289 336 82
185 271 77
242 209 57
89 344 34
328 196 13
126 339 34
165 134 26
49 347 9
172 18 81
44 105 35
1 237 50
75 40 89
301 323 28
208 177 73
34 146 29
14 312 91
60 51 65
379 366 58
271 122 82
198 43 51
100 9 90
142 286 74
255 204 67
97 165 34
17 345 79
210 271 53
189 384 90
128 134 48
117 324 88
303 318 27
205 60 14
280 86 26
262 369 39
51 334 32
379 21 81
281 151 90
315 254 36
51 13 9
154 335 91
342 95 84
82 319 97
144 10 22
314 371 33
122 14 40
367 279 14
117 220 82
109 28 7
316 19 61
46 229 8
183 304 28
194 185 35
180 167 59
371 112 92
31 286 15
353 279 32
8 152 86
245 277 63
307 192 84
160 49 99
201 173 89
290 354 27
9 40 39
140 210 41
271 6 29
325 100 36
152 232 51
29 380 18
304 355 43
243 21 96
67 399 46
148 325 30
152 343 54
399 356 63
365 318 22
312 17 36
122 229 70
333 380 69
30 8 3
134 353 15
299 93 100
362 158 4
166 87 18
123 46 62
231 213 37
87 32 17
354 94 20
201 299 28
112 379 82
23 302 73
39 131 45
261 293 28
69 228 29
308 345 93
354 104 5
133 67 47
46 370 18
360 388 9
220 52 47
198 393 11
222 138 67
59 133 64
152 379 60
398 27 38
102 239 20
342 6 12
214 275 57
163 153 21
107 161 66
30 53 70
207 101 77
124 65 13
304 197 6
228 7 57
389 164 20
77 328 75
224 50 27
41 51 72
198 83 41
122 279 48
361 179 81
283 109 63
351 257 84
285 371 30
183 128 77
175 236 31
397 325 4
65 64 1
357 17 7
45 286 54
14 343 43
294 301 22
233 159 94
203 347 82
33 363 95
203 206 70
29 44 82
226 347 25
255 172 45
253 264 26
282 20 90
4 382 3
205 3 80
44 385 24
60 88 2
394 347 31
78 50 5
218 64 86
153 271 22
118 122 57
390 285 71
291 284 67
37 348 74
348 295 58
263 171 23
256 169 82
338 2 68
396 293 19
234 188 45
348 303 23
27 190 68
53 398 40
312 70 30
145 111 38
266 397 90
397 231 12
210 290 17
20 286 4
280 42 97
386 120 95
302 77 44
64 223 25
326 206 23
227 137 23
309 302 58
123 36 93
172 262 59
174 363 79
75 327 81
116 52 34
96 374 25
65 350 5
79 181 79
320 184 78
399 367 84
213 295 11
348 235 64
311 337 10
104 69 10
4 246 60
173 354 43
268 210 99
144 25 63
361 12 82
387 125 93
389 374 29
146 355 54
352 381 76
360 225 80
48 162 54
225 142 80
316 109 76
331 5 71
323 191 94
233 315 99
52 240 9
314 8 73
251 280 63
286 394 46
159 189 34
187 249 4
330 96 94
61 321 89
170 109 64
55 342 12
196 279 22
2 67 48
287 339 12
383 97 96
119 176 57
257 159 60
269 140 6
177 49 7
199 318 34
96 118 47
26 192 90
224 276 82
48 276 7
210 272 10
166 160 71
382 302 100
311 292 48
91 171 11
4 165 93
342 241 73
81 353 92
246 365 14
395 45 88
19 399 57
336 293 83
274 92 32
39 70 98
40 118 74
348 180 1
129 8 86
186 237 24
207 275 75
226 326 8
274 65 45
155 151 19
308 316 52
37 356 49
366 36 28
95 104 86
300 369 38
330 69 34
39 108 33
219 54 73
62 397 69
52 7 5
47 277 85
332 337 85
131 271 9
381 281 52
144 365 5
387 63 85
54 123 59
78 359 55
317 181 55
40 247 26
177 300 25
37 271 33
349 154 38
249 336 16
172 344 41
179 11 92
278 187 81
110 265 15
60 1 11
212 229 11
160 156 43
235 387 28
289 70 42
309 7 95
13 40 69
62 335 97
283 15 41
391 12 1
386 349 99
122 219 94
28 126 55
261 356 9
271 96 72
211 42 93
50 171 91
347 210 45
316 391 12
383 371 33
328 354 23
339 349 22
105 249 21
29 105 84
363 69 92
28 131 41
282 230 68
341 322 98
118 175 52
24 267 75
10 226 38
179 278 31
101 200 96
135 12 76
383 217 22
350 19 55
116 95 79
340 300 56
78 249 65
143 183 85
316 181 3
290 244 10
397 393 68
323 92 16
43 111 65
131 209 66
359 302 73
299 203 51
161 324 41
174 90 13
6 225 58
380 84 80
83 231 13
258 75 94
12 171 68
132 160 98
224 345 64
129 388 47
27 166 42
59 98 96
190 161 93
350 289 19
264 219 45
9 268 77
12 232 59
250 221 6
138 84 21
29 323 29
21 250 7
226 176 62
101 219 75
109 253 25
309 54 33
339 296 62
344 74 35
70 135 88
359 297 5
263 140 41
47 104 3
391 45 80
172 120 69
339 115 76
339 118 44
170 387 19
381 44 78
289 372 27
282 328 90
398 94 8
138 189 76
320 169 79
334 303 88
139 119 46
329 237 16
131 207 93
90 107 58
395 231 68
82 185 80
245 252 28
127 109 24
45 351 12
334 139 23
305 14 61
321 41 62
340 40 61
234 384 46
70 83 48
181 259 16
11 383 2
311 51 74
100 276 43
169 194 93
55 29 68
86 117 33
5 207 8
313 156 84
61 233 38
161 251 95
218 98 24
321 137 62
245 150 87
0 301 45
221 110 37
41 146 8
351 139 4
335 265 19
272 169 4
156 242 52
193 323 11
221 111 85
356 207 55
241 165 44
285 369 71
255 245 83
204 23 44
362 237 19
93 102 95
21 235 97
124 340 45
338 64 48
117 369 68
387 126 51
317 70 14
263 305 98
27 348 2
344 359 94
232 357 36
310 93 72
246 105 51
248 396 53
393 344 64
196 177 13
196 1 69
271 40 55
30 67 8
186 78 11
194 134 79
151 194 47
134 186 9
102 220 86
108 142 62
91 390 18
44 129 22
27 189 4
387 242 78
247 359 53
133 304 100
15 41 94
342 269 93
53 36 88
13 32 11
246 83 1
388 310 67
260 311 22
310 149 54
3 318 70
238 129 32
228 224 96
213 119 83
396 392 64
164 96 77
174 39 75
310 178 38
27 15 17
145 316 62
259 47 57
369 67 8
335 372 97
282 16 33
31 156 89
240 247 68
377 155 65
195 86 99
291 85 65
167 394 30
85 306 60
116 135 9
151 4 89
170 161 42
249 395 89
187 83 26
392 356 71
196 198 60
172 38 96
153 82 95
124 235 31
137 115 63
187 364 99
109 355 51
131 383 43
287 6 62
328 271 88
140 342 32
150 273 47
86 4 42
159 75 47
3 362 98
357 172 97
387 354 15
3 234 65
80 27 80
109 313 58
45 280 92
19 245 11
394 51 89
71 137 69
42 332 19
163 200 70
317 80 16
389 263 35
129 338 35
378 264 87
186 26 82
260 62 13
315 2 7
20 77 92
262 363 86
90 101 55
130 382 54
198 84 40
324 193 78
316 58 48
185 313 78
172 134 26
253 130 6
31 243 50
61 59 84
324 142 43
112 306 85
381 20 85
158 380 38
227 113 17
364 374 76
347 25 87
285 277 53
249 360 2
125 299 58
36 200 26
195 220 46
180 82 2
302 329 46
351 383 69
273 384 95
47 265 74
348 51 83
152 144 59
240 294 16
1 214 27
92 215 75
213 211 64
164 121 27
216 399 19
28 74 5
230 86 69
388 48 98
49 261 57
352 108 22
156 388 41
57 71 11
0 44 86
229 286 79
276 146 55
391 280 44
374 60 67
186 106 68
228 332 45
183 222 60
207 106 86
258 260 99
75 19 7
354 169 57
6 100 32
381 147 49
150 132 98
72 121 25
106 333 13
245 204 92
61 92 62
48 62 1
230 203 83
399 17 70
167 123 47
350 316 79
227 326 80
120 223 15
143 90 9
187 291 43
348 115 98
68 370 77
318 396 65
97 237 22
139 54 33
220 302 61
181 282 22
272 80 30
343 132 68
272 218 35
160 85 44
149 22 28
181 35 80
332 155 86
153 87 2
25 183 74
10 84 58
25 336 23
232 317 33
321 206 21
279 134 10
53 248 8
366 396 30
262 250 55
328 306 52
336 287 81
124 6 31
74 267 66
282 150 94
392 89 67
187 382 26
80 32 87
161 128 38
395 108 16
118 206 37
317 395 44
313 187 8
394 348 43
253 241 90
21 136 85
185 259 90
161 109 2
366 236 83
5 392 1
129 246 24
75 132 20
381 261 34
21 226 32
161 59 40
232 77 67
214 288 85
102 19 9
355 31 67
170 246 95
250 87 30
102 166 11
319 242 31
271 188 65
7 344 74
194 167 14
210 115 12
264 396 62
120 212 64
273 232 64
314 352 30
234 302 78
153 99 42
271 269 91
313 154 67
311 359 73
114 23 91
232 52 14
263 386 55
324 197 11
124 48 51
237 64 35
147 13 10
216 228 39
38 40 17
320 34 92
152 302 85
328 362 22
28 105 64
83 273 77
213 379 67
286 93 89
195 255 40
155 35 43
250 30 50
12 110 70
189 175 78
220 320 56
259 110 47
190 230 48
50 328 39
180 212 61
239 358 94
346 310 90
60 108 18
104 295 28
282 363 99
259 208 9
330 54 58
62 349 64
288 294 65
343 226 95
289 80 42
123 38 25
15 143 48
365 239 58
31 295 29
196 128 3
225 25 28
215 38 72
65 86 18
288 337 82
113 164 72
298 227 41
390 271 28
305 63 100
20 138 25
164 273 17
34 81 25
277 342 92
233 157 7
114 24 46
376 116 85
93 337 74
369 3 51
215 98 80
160 106 72
241 350 67
174 262 54
178 372 35
42 334 87
303 63 33
193 41 22
28 241 10
223 233 39
20 345 34
263 301 73
117 60 77
353 298 17
98 89 73
51 299 45
158 355 22
100 208 38
368 338 64
247 69 76
273 85 43
286 236 23
293 394 52
223 325 70
288 47 62
100 60 14
334 156 94
113 54 74
195 43 26
18 288 21
350 297 19
190 318 5
182 243 33
162 63 32
67 256 67
174 220 10
48 366 12
22 297 53
284 33 6
334 224 62
33 68 91
8 362 4
279 202 93
293 324 13
331 88 57
130 122 22
87 156 33
223 251 69
69 385 26
372 187 58
93 293 59
380 369 9
299 2 67
11 233 57
195 305 19
218 99 52
300 128 18
7 148 12
11 324 14
331 69 81
21 290 66
317 334 68
149 267 88
266 85 52
130 145 16
292 248 30
167 217 62
173 304 28
218 389 63
103 374 31
119 64 36
329 287 59
71 328 38
137 187 20
167 79 18
293 369 62
304 82 49
58 272 13
358 251 14
0 100 2
217 155 80
276 14 70
393 172 46
276 143 53
117 390 18
64 316 61
382 196 42
77 380 75
329 110 49
152 269 38
173 97 56
189 278 75
21 306 82
63 329 60
94 358 33
43 192 48
238 300 29
244 236 11
119 158 6
202 1 100
316 392 97
150 170 21
205 165 15
245 220 22
57 116 62
341 373 100
78 127 77
59 9 80
150 240 12
40 140 95
69 31 38
250 167 43
120 222 66
85 367 69
160 383 20
183 108 53
341 95 58
356 182 98
59 314 45
217 111 96
377 61 89
191 33 54
206 196 23
320 164 68
350 50 53
135 83 57
320 116 63
46 187 66
86 340 34
372 383 98
208 312 41
55 208 86
311 159 35
291 71 54
233 331 67
170 285 7
352 222 38
68 30 97
383 210 44
221 249 91
266 249 55
121 82 30
302 200 81
346 221 80
195 385 12
28 33 27
135 32 32
300 381 15
313 39 66
224 207 42
66 286 98
194 150 43
42 170 50
158 354 34
4 135 89
78 108 87
15 58 85
363 345 29
238 359 58
316 325 59
314 267 90
130 221 58
387 116 100
160 46 77
339 97 50
335 155 38
245 212 6
376 202 69
348 258 22
284 170 92
375 99 43
245 143 41
207 50 64
129 320 57
180 352 82
316 213 56
135 29 66
114 287 37
223 248 6
25 67 54
114 360 29
282 269 80
7 272 76
82 106 12
124 331 53
278 86 58
353 75 9
241 177 4
339 47 62
124 116 45
168 48 71
47 389 73
357 227 35
213 399 46
1 390 3
19 329 19
79 259 7
54 94 59
170 227 74
388 249 89
201 45 93
347 326 13
129 253 99
288 283 17
24 253 4
20 67 30
291 368 19
68 204 7
37 177 93
340 137 8
363 142 95
359 2 12
185 124 3
311 363 55
207 332 8
368 153 94
376 62 70
13 347 99
146 192 5
228 389 62
379 324 37
77 4 24
275 350 99
327 386 62
64 397 19
294 226 22
254 338 74
165 72 4
383 128 64
305 338 97
216 110 42
98 390 57
232 324 87
298 381 56
270 252 55
96 1 44
16 102 21
353 74 12
121 104 37
190 168 30
39 129 5
104 269 76
214 146 45
182 331 55
171 217 65
390 381 37
335 83 43
364 257 18
70 333 57
60 392 66
207 60 93
369 162 57
399 131 58
56 16 38
234 282 28
153 12 25
328 230 28
167 318 17
77 282 98
389 144 24
240 309 61
35 224 39
365 202 68
211 344 89
72 377 55
40 380 28
250 391 82
108 261 70
335 101 95
142 109 20
67 342 49
353 280 30
90 329 1
143 137 10
387 303 70
238 160 28
77 101 36
345 42 81
362 51 100
302 65 22
21 390 33
20 184 36
81 171 31
329 80 77
309 149 72
226 253 84
154 7 91
320 387 95
69 12 23
18 210 35
36 35 44
191 232 73
208 226 34
78 216 66
383 273 21
58 17 70
26 364 56
200 41 37
8 68 18
346 225 40
281 369 21
339 267 38
72 229 62
105 261 72
398 271 94
141 1 81
26 184 96
189 112 35
152 381 10
278 44 54
290 204 95
63 244 38
286 269 77
326 18 31
0 173 36
33 96 11
24 188 18
212 49 27
365 257 15
281 215 30
217 82 10
217 127 81
20 214 40
363 75 6
224 235 70
224 212 67
173 333 39
290 336 80
87 115 74
154 302 63
167 221 30
384 188 19
37 140 5
229 44 87
74 371 51
134 339 7
94 168 94
157 381 99
383 172 84
122 145 37
29 158 57
328 223 9
339 126 100
386 203 16
138 297 19
142 1 59
203 39 56
122 329 51
201 92 92
216 251 22
336 260 15
361 342 9
270 86 18
337 75 64
370 31 4
83 125 20
266 376 84
304 144 70
170 95 99
348 358 1
175 155 24
111 164 58
43 124 28
340 18 61
172 58 83
290 9 21
270 173 94
258 94 28
277 153 98
293 384 94
40 3 15
135 280 40
290 135 68
174 134 64
67 48 59
109 193 51
291 126 45
396 135 44
117 347 22
358 106 84
37 18 35
379 14 13
74 13 75
165 130 20
267 73 72
115 232 25
8 74 74
217 383 99
344 172 17
256 130 97
68 55 61
167 284 86
126 372 54
240 276 15
168 360 86
69 308 36
25 150 63
178 94 80
223 320 96
287 351 3
161 225 30
298 93 45
213 377 12
329 219 64
0 24 33
260 87 92
388 151 73
335 139 32
37 228 52
259 85 68
214 353 84
93 246 27
253 281 55
70 370 47
372 8 52
56 122 68
183 298 19
91 200 10
41 173 20
50 191 44
355 292 57
273 272 29
135 269 58
371 178 35
263 131 6
228 197 25
118 260 33
183 73 68
124 260 51
15 345 19
166 357 75
375 342 79
124 368 40
122 142 25
17 22 31
323 271 99
226 329 44
221 215 30
172 145 51
266 360 45
104 373 87
341 257 11
8 52 73
270 14 24
398 316 88
236 118 23
102 191 39
162 142 88
148 12 32
260 65 74
338 1 82
251 190 59
341 214 25
314 7 56
247 342 46
93 226 81
359 71 97
325 253 95
305 134 9
211 64 66
293 31 44
197 178 37
123 348 61
350 74 71
250 262 18
293 25 37
132 161 24
221 355 94
70 220 55
308 192 38
18 292 1
164 395 28
263 243 37
274 188 46
106 226 35
277 259 77
353 358 19
141 336 96
48 254 22
315 14 70
56 82 92
28 183 73
31 204 96
280 351 48
301 124 94
114 88 74
334 110 69
285 347 39
318 308 35
57 309 21
104 274 33
224 43 21
374 361 30
110 208 43
156 80 96
155 134 50
311 118 86
307 174 40
151 291 75
82 365 38
301 3 23
303 355 63
155 327 58
182 332 80
75 259 79
1 238 26
357 197 18
247 168 7
333 282 2
217 44 53
396 116 29
237 390 3
73 25 37
293 301 33
263 138 59
83 211 45
337 20 24
120 176 53
62 186 60
399 100 39
133 154 48
201 10 20
36 350 69
228 171 20
345 317 70
13 3 99
246 346 10
231 312 12
396 86 54
111 273 25
94 199 44
377 342 45
66 264 27
275 178 88
284 13 38
161 371 79
37 325 38
370 283 71
90 98 66
202 65 4
22 258 13
221 371 67
220 372 80
274 133 33
237 79 50
341 378 20
299 64 74
82 18 51
186 375 93
386 102 98
164 378 25
398 51 95
342 268 56
280 344 13
332 349 29
23 219 32
33 396 92
168 161 14
157 387 31
393 184 19
100 345 38
152 333 27
121 17 47
107 349 6
21 369 89
264 87 89
271 286 59
52 221 95
343 359 11
139 138 12
215 281 82
291 86 90
321 21 40
56 75 60
303 247 10
13 205 40
142 295 61
126 222 49
161 325 43
381 90 24
182 101 96
375 340 40
58 287 3
244 373 29
210 261 54
262 312 60
125 39 49
398 387 41
268 255 16
354 53 43
81 309 77
388 118 36
8 162 95
362 67 16
3 11 24
363 94 83
168 389 93
23 351 16
182 42 42
273 222 61
97 143 6
22 375 64
79 45 48
363 196 20
7 297 15
354 151 58
273 98 23
123 169 89
222 119 89
298 130 100
53 399 49
213 298 83
43 396 43
149 7 26
13 45 49
56 119 86
338 235 61
349 181 79
163 269 50
243 16 5
357 348 100
167 72 56
48 8 15
374 264 91
264 217 85
230 300 71
179 105 62
269 205 11
190 181 65
197 222 39
257 74 62
142 287 34
257 199 52
269 272 97
179 57 25
349 0 29
223 236 60
218 388 56
144 289 40
152 80 32
28 341 78
88 99 19
243 6 69
84 188 52
350 215 45
101 113 8
358 297 87
303 65 100
10 360 9
370 114 80
388 246 56
51 149 63
355 22 46
354 126 49
376 278 85
20 337 54
204 120 79
113 71 39
229 0 99
186 116 49
317 345 50
179 15 37
305 397 17
228 252 48
34 198 95
323 116 35
90 155 13
302 378 8
284 346 75
172 199 59
189 302 12
106 223 90
98 391 98
197 318 94
60 357 79
124 75 23
84 126 56
85 314 91
125 359 9
40 185 15
299 344 23
159 87 17
378 204 96
166 396 22
323 288 19
252 84 10
136 370 32
223 382 26
315 82 73
54 74 43
363 54 83
166 65 15
348 262 28
314 32 55
262 272 66
375 37 64
127 145 100
179 271 87
292 52 22
130 31 58
110 270 25
305 93 32
229 381 33
30 328 10
73 197 47
327 5 78
22 56 98
150 316 29
196 344 9
195 236 3
303 283 20
155 227 54
325 357 77
102 321 25
351 105 94
135 162 11
227 278 80
82 278 93
398 86 2
102 142 30
112 307 27
171 89 82
283 313 9
371 296 76
277 20 26
334 101 94
251 397 77
50 350 62
340 79 97
105 232 75
363 391 81
237 357 86
4 3 97
14 189 60
319 155 13
355 158 31
108 172 30
211 49 28
322 363 1
185 125 43
69 339 59
124 101 82
103 48 49
73 261 96
48 336 18
155 98 64
389 377 40
84 239 6
96 214 50
57 29 19
13 356 47
2 159 82
54 206 69
223 397 68
158 172 63
46 385 11
332 301 47
88 294 3
51 391 52
392 111 38
64 10 43
290 52 84
279 50 46
54 212 83
58 368 14
316 233 21
394 164 10
240 114 17
347 84 8
113 350 51
209 204 41
325 123 76
118 365 31
333 353 26
289 132 67
200 319 2
102 361 62
17 184 33
312 227 31
207 257 66
352 211 41
91 26 21
206 362 35
105 268 29
380 165 49
55 186 51
261 266 11
314 101 72
367 59 67
182 5 4
81 7 69
101 335 69
116 289 94
358 221 77
278 19 60
148 49 28
385 154 13
64 101 10
325 208 62
288 335 71
206 180 38
208 368 52
14 276 86
19 92 71
339 232 14
79 232 5
355 43 48
209 298 76
294 151 93
373 178 22
69 41 5
137 98 75
57 250 56
166 73 97
15 293 4
297 236 3
143 260 90
84 28 70
392 123 62
134 271 62
305 114 43
366 344 79
60 97 28
379 37 36
84 260 24
297 367 3
31 383 43
137 212 19
359 340 100
281 301 9
388 46 79
286 385 8
282 366 8
296 160 34
258 145 36
202 109 37
230 313 94
389 13 59
307 178 73
89 385 66
372 274 77
274 208 3
81 359 55
135 306 75
358 303 79
260 78 40
239 243 34
16 3 77
80 39 12
158 337 11
103 334 29
220 383 70
151 273 1
336 113 14
47 263 11
12 237 21
75 107 37
141 169 3
366 221 50
84 159 29
300 364 8
201 35 27
260 239 49
80 316 8
366 8 39
380 238 73
332 372 92
294 101 70
309 134 27
41 83 58
377 230 2
380 386 45
59 276 82
229 110 18
140 236 22
216 234 50
139 205 66
65 6 47
25 242 10
195 167 49
355 76 25
128 229 42
307 237 29
345 163 16
209 6 14
179 10 44
61 220 63
333 29 81
135 373 8
44 76 64
364 268 2
271 261 27
235 79 23
8 338 57
196 186 83
262 162 15
393 336 78
58 386 90
205 179 48
219 302 90
352 119 97
72 129 45
319 97 22
211 218 28
71 345 35
242 372 1
58 322 64
132 237 33
48 153 33
252 225 45
74 251 81
58 388 98
85 291 19
100 181 73
299 230 29
43 7 18
216 16 96
323 156 56
168 126 97
50 277 49
287 210 57
280 389 97
275 173 90
162 279 37
294 330 30
62 121 35
313 289 30
115 99 65
326 74 12
121 331 49
74 42 55
375 112 5
129 299 36
28 25 47
394 70 4
56 264 13
148 181 65
206 142 14
269 391 73
103 276 46
45 86 66
197 111 76
11 208 42
114 173 25
186 303 71
47 123 37
126 60 7
103 274 16
227 354 35
292 282 57
214 89 47
208 254 60
264 24 29
389 56 47
62 370 64
3 349 25
163 41 17
307 302 33
332 336 89
332 242 67
344 266 2
269 37 39
285 273 7
358 198 34
189 377 32
5 348 35
68 52 36
50 309 82
12 367 68
311 326 98
372 86 88
56 127 53
234 331 8
15 103 100
37 240 32
391 350 37
138 183 57
300 173 80
183 93 97
371 118 87
250 7 43
51 24 50
195 184 82
283 39 9
27 257 16
246 305 24
289 216 57
88 187 15
355 229 77
390 324 24
325 142 65
102 183 27
345 161 93
15 20 96
383 18 28
352 349 90
155 209 12
54 32 57
62 251 25
343 195 56
280 164 99
335 176 99
207 258 53
349 215 60
3 275 1
281 39 33
40 230 71
237 81 32
357 139 93
304 390 59
375 59 28
335 203 89
70 186 81
83 355 95
340 352 44
97 303 10
39 176 5
270 301 18
170 205 100
170 38 90
342 171 48
213 330 96
326 119 92
115 119 80
379 111 16
38 172 12
331 360 48
216 331 72
291 90 21
66 379 84
24 143 90
182 121 3
200 154 43
308 68 83
143 279 20
276 81 51
74 215 49
297 319 25
227 92 90
379 254 3
275 55 67
228 179 74
275 215 7
142 343 98
311 281 25
332 307 5
5 94 22
149 26 19
312 29 76
90 325 54
1 278 51
309 281 5
62 171 65
48 33 44
190 199 66
357 58 81
74 254 21
354 95 68
90 327 40
225 261 53
175 289 78
7 287 70
50 373 5
285 351 4
8 383 63
336 394 87
354 49 42
338 148 33
118 237 16
215 55 67
52 296 12
176 96 89
122 323 97
314 231 46
148 196 46
359 129 20
73 393 15
323 378 71
394 270 5
234 60 73
169 168 19
338 145 70
51 308 46
316 108 10
140 22 10
320 171 26
393 232 33
177 350 3
337 16 96
330 316 61
263 209 86
377 30 18
185 103 99
302 307 78
384 161 78
380 349 94
282 4 77
68 209 83
369 134 83
38 337 79
269 181 31
196 14 19
119 82 15
136 331 60
334 369 82
368 258 29
146 294 31
310 3 81
333 228 9
4 252 77
201 42 53
242 12 99
309 97 6
258 15 31
171 359 7
237 315 21
16 48 62
31 322 69
175 162 56
290 319 12
244 243 23
177 245 6
251 217 74
33 248 83
387 252 20
222 380 14
215 114 68
197 39 64
152 73 77
3 282 35
16 193 55
73 35 50
398 135 90
182 8 35
343 251 92
17 141 18
287 173 45
156 136 81
129 354 43
99 58 84
332 183 35
109 160 99
357 329 50
397 217 17
382 57 89
201 67 64
189 68 98
344 148 54
148 164 20
240 45 64
296 17 78
399 387 37
309 24 25
340 16 100
394 326 35
340 124 63
362 368 59
14 85 77
355 268 100
19 34 55
344 206 40
276 209 8
389 55 27
167 85 89
32 224 57
151 5 5
164 268 8
394 162 92
15 286 84
42 83 24
131 74 88
142 298 24
87 97 8
246 286 32
156 270 77
379 178 64
138 300 46
300 299 34
360 5 5
22 209 29
13 275 47
362 354 96
372 396 64
128 373 85
302 72 11
25 92 38
157 343 18
88 197 16
188 363 96
375 173 2
314 290 95
123 350 38
83 187 50
170 139 52
159 232 37
186 330 71
180 287 53
176 392 15
23 256 49
255 60 59
244 91 24
258 346 34
130 367 33
261 239 28
73 189 29
338 166 34
141 210 53
271 239 76
226 69 66
226 123 92
50 387 77
262 340 99
162 177 50
220 213 12
263 160 5
183 288 85
24 303 47
240 331 35
180 74 15
139 394 68
355 105 78
170 164 39
73 306 95
353 212 70
340 136 35
173 134 15
394 67 53
65 56 14
87 71 49
81 16 12
185 256 42
396 311 88
141 18 99
169 72 86
236 53 9
339 293 60
397 372 82
350 222 68
193 263 84
85 374 12
395 166 40
74 396 11
62 120 26
344 35 2
108 117 77
169 341 52
311 72 64
385 205 58
283 208 40
3 336 49
270 335 70
87 214 36
354 8 26
26 311 90
197 125 89
235 138 68
147 56 89
177 185 33
206 22 34
333 110 5
262 261 12
125 351 20
311 266 20
229 277 32
241 205 19
98 109 87
163 125 70
98 255 76
212 7 77
107 303 38
247 352 79
380 133 72
352 197 62
256 328 42
218 119 22
380 216 12
148 138 70
359 190 73
334 11 68
9 273 52
86 193 99
177 336 31
315 394 34
108 214 50
54 161 54
68 58 21
221 367 65
343 156 20
199 350 88
83 43 63
316 32 18
352 14 6
74 221 77
311 162 12
349 161 53
16 8 69
286 122 12
223 315 94
67 122 35
19 304 68
381 314 38
383 331 16
76 156 81
337 262 81
77 249 31
107 52 29
153 49 21
368 257 18
397 229 2
233 216 37
229 141 92
267 202 39
217 102 48
159 107 81
22 386 41
254 21 79
122 249 54
395 53 44
373 26 90
382 75 80
137 159 62
392 38 35
141 148 26
243 366 28
341 279 58
61 208 11
372 213 94
222 387 11
64 229 68
60 216 32
7 320 7
209 355 19
347 41 36
172 356 34
237 262 81
370 170 25
45 342 44
368 182 91
220 380 11
336 396 60
97 163 20
196 210 88
214 120 44
63 308 15
206 330 61
304 289 50
10 109 58
271 353 4
6 227 41
159 370 98
141 203 46
220 392 72
79 193 7
89 343 54
347 377 48
163 205 68
334 391 74
331 106 66
6 294 48
374 343 96
358 387 96
250 351 39
232 53 45
154 309 95
295 355 54
209 34 54
370 123 46
181 145 72
251 160 68
75 84 55
334 90 29
156 162 91
292 90 97
75 323 62
376 311 15
226 28 23
223 15 30
247 331 14
268 137 98
270 101 10
194 50 51
24 95 100
236 154 45
362 178 30
145 301 2
87 208 50
134 329 1
326 123 80
111 329 40
84 52 49
203 193 70
356 252 30
321 372 46
180 207 67
324 107 43
164 280 71
167 372 77
294 69 57
135 354 23
98 231 40
319 273 79
356 145 32
395 86 60
237 159 7
334 285 73
281 299 36
78 357 47
200 344 65
201 83 69
344 336 22
113 156 58
127 49 16
276 115 74
93 17 93
270 296 42
126 49 77
167 8 20
210 166 26
153 45 74
353 309 20
242 328 3
165 372 2
274 293 4
238 327 35
80 112 58
29 186 95
167 197 89
34 174 87
30 111 95
81 368 29
273 225 47
29 37 49
316 358 8
75 27 34
214 158 17
234 3 92
169 157 14
27 64 35
30 76 21
260 286 3
181 218 51
110 13 56
27 45 26
377 217 30
295 369 61
130 156 79
47 98 79
267 145 33
294 203 52
269 295 59
362 230 93
26 214 25
204 228 27
7 374 26
183 91 13
99 173 54
50 232 51
363 224 39
135 370 8
260 377 92
309 333 84
275 146 36
304 96 49
88 80 96
49 383 35
289 55 89
19 204 45
251 180 42
120 167 58
15 59 44
313 269 34
168 236 88
286 133 89
53 334 82
155 96 51
214 307 41
351 375 11
242 153 16
310 200 44
345 132 68
164 336 61
100 399 89
197 302 21
138 16 89
223 255 55
340 82 37
278 58 75
132 103 46
137 213 100
204 149 55
304 336 46
68 317 32
307 355 67
224 341 59
375 191 58
219 94 20
159 218 76
398 260 57
71 17 6
318 273 40
100 61 50
345 298 20
225 368 9
176 74 75
87 218 26
102 226 68
201 383 21
307 27 61
68 396 99
106 187 7
346 12 85
284 204 84
282 254 20
362 275 70
332 72 9
369 309 11
39 217 89
125 121 28
261 258 49
92 146 92
258 162 95
270 16 73
367 273 61
361 322 24
153 34 48
22 347 88
165 389 54
121 8 70
63 3 65
275 233 7
57 187 45
265 142 77
198 181 88
215 33 6
356 297 48
68 297 4
56 180 68
346 94 16
175 5 2
43 60 37
36 232 24
77 40 81
276 301 3
278 247 49
56 146 95
150 373 51
90 30 62
272 11 36
372 89 53
111 17 19
136 360 8
67 157 89
267 228 47
346 153 48
47 371 25
84 40 56
322 50 14
178 238 57
137 242 23
146 255 8
182 262 41
195 237 14
196 374 31
382 223 86
267 337 3
39 186 100
23 160 19
65 224 82
346 90 89
210 27 13
167 189 59
223 58 45
306 27 75
187 3 27
86 368 83
167 268 87
357 43 6
127 238 18
227 163 4
44 205 45
243 141 20
89 109 65
256 380 47
82 343 72
136 296 27
199 393 90
11 144 78
260 44 67
10 161 28
126 107 94
327 315 72
45 392 12
284 369 42
32 279 69
399 90 72
14 304 6
45 31 71
238 340 65
381 149 22
196 272 44
98 162 61
172 103 97
133 272 45
126 211 74
179 132 50
50 119 48
63 300 5
151 78 87
232 154 79
139 67 100
299 322 31
321 380 93
285 33 33
108 115 77
209 225 8
223 47 17
70 112 78
208 205 28
4 84 68
35 169 16
204 307 22
287 220 5
391 81 8
224 113 33
97 329 25
313 151 90
327 225 92
140 80 61
217 35 64
3 208 2
173 163 20
91 195 16
160 246 80
398 305 18
53 218 9
47 363 94
214 116 86
351 23 29
210 322 54
117 39 20
96 105 41
333 346 64
375 162 100
388 383 47
2 387 5
78 59 91
139 5 83
218 357 43
74 210 62
221 366 39
185 399 11
390 183 97
150 391 58
317 175 99
6 356 100
166 217 79
189 364 96
285 62 43
75 26 81
323 104 96
319 144 28
60 13 33
206 233 20
126 303 62
256 386 93
268 313 37
72 374 81
226 256 13
267 199 84
261 229 84
186 374 64
126 119 16
73 29 62
295 93 80
31 163 1
158 243 96
144 366 76
93 150 79
162 61 66
70 385 30
339 150 93
157 179 54
214 34 75
295 278 41
356 192 72
389 399 35
139 259 84
157 279 90
276 338 33
96 314 70
360 26 22
385 250 35
156 332 99
127 191 64
91 393 39
350 261 17
30 218 61
139 372 44
340 134 7
134 397 55
279 76 17
214 4 28
68 115 84
295 8 3
93 152 76
163 234 49
313 267 75
147 20 22
357 353 23
392 221 3
257 218 17
136 390 28
195 134 6
255 374 20
234 365 70
186 210 33
333 306 4
6 107 44
187 142 8
135 282 34
157 12 28
56 287 99
333 8 40
66 225 98
91 251 63
180 4 8
195 267 65
55 367 68
152 391 77
212 239 22
370 250 40
205 127 54
354 191 5
269 54 58
32 394 85
105 344 73
180 85 1
312 160 15
74 189 63
316 271 29
195 334 5
257 262 40
336 169 73
370 331 22
80 277 89
282 128 93
5 285 85
233 376 91
262 331 24
13 186 38
359 252 15
208 330 32
116 57 81
221 368 29
170 93 37
159 320 79
211 195 69
86 249 12
61 199 85
317 78 66
372 92 26
174 293 86
127 212 32
142 299 13
222 19 89
222 122 3
276 41 76
139 60 5
193 52 36
139 128 80
274 250 22
178 283 10
374 247 57
65 244 8
27 265 87
364 114 47
246 16 98
352 238 7
289 347 45
156 24 37
319 217 4
382 280 90
9 188 87
278 63 59
205 277 60
331 183 4
136 130 47
4 143 21
226 397 24
197 395 58
200 66 20
357 190 24
346 75 3
91 271 92
219 281 17
307 326 38
147 363 30
315 331 76
255 388 90
146 251 62
296 363 84
316 21 57
310 30 62
261 27 53
203 73 9
352 294 35
218 154 96
268 73 49
242 35 22
37 289 20
288 2 82
72 341 34
30 215 35
367 274 55
199 282 20
143 221 76
162 248 40
183 323 20
163 121 3
248 23 43
342 355 97
93 275 8
145 235 94
354 265 37
337 259 77
92 151 56
191 314 19
346 116 11
311 142 90
255 289 4
186 276 9
211 22 29
149 325 47
396 2 82
395 283 37
24 339 91
213 316 14
91 319 40
283 107 53
393 205 86
34 372 66
315 364 46
37 82 27
83 360 16
113 218 66
367 213 100
238 114 42
278 119 60
19 195 75
266 298 38
268 377 65
282 97 76
323 67 50
157 122 77
25 170 35
309 321 48
367 118 90
295 368 80
363 81 53
122 87 50
319 74 22
371 106 60
128 381 16
295 181 74
349 28 58
358 351 45
78 263 17
383 230 11
185 192 67
19 317 50
300 100 95
364 159 40
82 253 56
344 44 99
115 201 21
182 158 8
44 5 4
243 262 7
244 152 71
1 264 62
45 170 30
118 337 57
298 262 21
184 136 81
386 44 60
33 320 5
105 214 22
282 313 14
274 255 69
394 225 72
294 262 28
228 141 100
348 392 31
215 218 46
281 184 100
171 174 54
171 109 85
370 322 50
292 336 47
190 129 72
243 134 88
249 353 50
43 146 43
352 185 12
391 194 68
77 162 87
10 101 57
253 38 17
333 161 76
359 184 17
171 265 90
81 115 42
99 216 94
230 323 61
328 256 20
108 57 41
10 14 24
307 309 84
96 79 73
80 100 5
158 388 99
322 97 37
150 192 31
116 43 60
195 286 38
178 277 88
217 57 4
248 247 47
22 374 62
156 274 41
79 260 82
210 364 38
325 395 31
120 234 28
365 345 33
1 328 21
3 236 1
64 303 99
304 185 79
238 372 17
47 115 24
245 361 55
70 313 69
107 212 66
33 116 29
234 208 61
340 48 71
219 248 2
198 200 30
279 47 8
163 375 3
183 84 94
172 42 42
379 17 11
235 184 55
375 31 24
377 13 10
317 341 60
0 205 89
13 7 66
303 68 37
372 295 69
160 282 8
93 307 89
28 215 93
342 20 28
191 302 73
229 157 5
86 162 76
73 313 36
369 153 38
189 202 61
145 228 26
15 300 76
135 379 43
139 161 18
285 216 92
281 266 68
188 244 78
58 256 84
24 170 10
88 15 9
182 166 83
247 125 67
153 385 91
61 334 99
266 261 27
181 46 89
6 277 11
139 117 89
220 266 7
279 54 90
72 179 64
262 246 75
220 181 26
33 148 78
38 19 23
287 359 92
391 138 65
40 366 24
257 224 4
377 398 52
39 45 69
251 101 74
100 315 34
102 383 88
319 219 46
114 79 94
324 276 16
88 84 62
146 348 89
278 52 25
48 259 50
247 110 83
227 71 46
279 173 3
44 278 15
384 328 18
354 124 24
233 45 74
21 137 61
265 286 90
149 290 68
152 374 92
25 110 20
82 27 37
347 260 80
344 229 14
33 325 28
325 119 59
224 304 26
72 29 17
292 345 30
199 180 25
51 275 81
356 226 64
360 138 50
193 376 76
356 27 58
86 373 47
129 241 37
119 235 5
288 13 78
111 59 54
177 222 18
197 264 41
63 100 91
160 92 14
116 46 86
119 183 100
9 130 50
374 33 40
394 175 59
318 102 10
225 72 8
389 319 51
370 17 88
18 136 91
130 349 4
183 260 17
213 332 46
129 363 42
67 272 1
141 29 63
89 354 4
318 201 39
125 115 19
114 300 35
81 197 69
166 139 14
204 65 94
137 14 57
200 237 86
194 235 74
110 294 40
171 272 13
356 212 5
152 28 14
130 392 24
147 105 63
88 196 20
57 52 6
373 250 15
98 81 25
98 382 94
184 302 3
315 135 11
233 334 33
105 177 58
247 311 62
355 15 93
165 169 56
5 118 88
16 131 99
147 19 4
115 130 50
355 57 3
53 162 26
12 389 38
152 69 57
100 281 88
296 174 69
109 134 59
44 56 29
103 84 55
54 95 3
271 374 50
368 308 6
379 69 12
55 133 29
127 81 16
378 324 9
303 84 49
32 215 99
23 367 56
286 316 43
229 76 27
88 267 45
144 307 55
124 152 60
287 95 89
233 2 39
373 13 52
161 280 92
342 117 47
129 333 7
71 246 16
339 262 36
348 96 90
382 257 75
210 226 34
122 392 23
127 286 75
208 212 53
243 29 40
204 385 83
228 378 94
42 3 64
229 227 72
356 298 76
361 386 1
384 0 23
188 290 3
212 389 22
88 77 48
32 24 80
208 129 38
342 17 61
134 269 40
116 395 46
83 164 55
94 394 84
316 248 100
14 387 82
195 42 70
161 44 58
176 3 81
261 202 66
281 261 75
65 101 26
350 98 46
384 84 7
346 171 42
307 219 83
152 388 81
154 233 31
156 12 11
60 358 57
14 63 87
294 143 4
255 103 93
278 60 26
226 291 77
398 303 80
210 136 63
360 303 6
336 290 77
9 141 18
398 395 44
144 9 83
145 150 13
336 48 97
112 174 6
223 275 63
29 373 21
102 37 62
25 129 27
86 228 9
385 248 88
352 350 36
70 221 27
256 30 42
311 361 7
145 222 13
99 57 25
356 396 99
302 115 84
57 228 49
348 283 65
244 378 96
112 327 60
347 276 55
157 130 88
280 391 44
197 115 40
60 188 53
341 237 65
227 17 12
216 227 2
67 311 67
131 171 48
339 319 78
18 289 16
280 159 57
91 24 34
262 399 47
330 187 89
151 374 93
136 99 30
126 93 97
332 324 68
362 150 23
202 282 53
214 152 72
363 82 45
63 298 66
372 116 91
389 22 46
82 44 48
274 172 31
256 59 95
169 44 97
180 164 20
138 357 45
191 53 11
339 314 98
141 214 89
386 390 16
226 370 30
282 233 16
175 157 31
22 26 44
101 311 20
221 216 65
240 130 61
64 155 2
168 328 84
254 190 23
175 320 65
215 20 31
261 106 86
87 376 83
398 232 29
283 230 87
180 394 57
99 62 19
342 184 91
14 179 80
112 353 15
274 273 27
124 49 91
152 268 84
258 139 56
109 372 99
251 270 100
360 214 78
284 215 6
59 252 35
305 233 78
348 308 27
90 48 98
70 30 62
374 105 29
92 275 40
135 237 97
218 40 25
199 356 43
43 130 4
258 241 14
49 286 51
392 380 81
279 344 62
143 229 33
71 206 44
18 137 95
188 33 94
329 315 16
385 15 61
287 133 29
330 285 30
222 65 11
282 372 64
180 351 74
384 200 86
241 24 31
265 80 79
217 392 45
149 156 17
269 341 70
126 18 60
135 155 42
160 38 74
94 144 6
277 398 2
294 129 9
127 8 75
287 125 44
253 314 69
369 263 60
241 74 42
312 149 96
25 272 88
134 330 39
138 293 57
251 108 79
296 68 9
84 209 54
353 70 56
253 246 30
363 316 72
323 278 47
234 72 64
258 321 100
391 249 80
14 283 2
54 128 82
78 294 82
308 337 24
103 361 33
38 94 26
363 265 51
269 262 32
166 280 64
155 154 1
253 353 60
89 117 12
59 272 37
176 166 80
251 344 92
125 97 51
77 260 51
128 171 5
291 198 25
5 237 96
353 318 92
76 383 29
309 393 91
149 93 79
79 178 1
345 282 71
374 9 19
117 254 56
298 370 93
40 258 61
388 120 35
355 139 77
217 147 39
66 0 2
300 162 75
125 138 99
208 186 36
299 6 18
224 5 13
167 32 67
3 356 96
173 206 32
393 366 6
162 233 27
139 39 85
317 144 83
104 13 86
143 149 75
6 378 40
151 261 88
101 157 44
71 22 1
235 132 76
151 165 95
168 82 9
10 61 77
211 95 95
48 239 46
210 53 52
209 349 74
82 221 5
98 268 36
138 255 2
235 100 14
69 64 42
49 192 97
183 112 98
363 18 42
380 154 59
280 318 1
172 135 46
121 351 87
358 211 24
145 79 27
198 236 91
60 128 25
260 117 71
243 311 38
225 202 41
260 386 96
244 305 73
162 137 75
267 379 26
199 98 42
285 31 53
356 273 25
107 25 60
214 177 85
238 162 30
313 286 84
322 181 26
236 120 54
264 375 70
290 281 93
273 88 40
124 157 8
101 199 16
349 277 33
37 51 94
27 330 45
343 65 91
138 163 82
338 153 16
243 8 51
313 287 8
62 395 93
301 108 25
49 269 15
17 313 84
235 67 39
278 133 23
342 27 88
192 232 17
209 291 82
136 160 57
33 113 77
151 67 82
6 71 85
32 231 33
356 169 49
217 370 38
141 315 73
15 120 44
0 152 38
259 295 97
60 204 51
394 84 31
29 12 62
66 380 40
124 126 59
38 381 44
260 135 68
49 71 30
197 354 37
120 188 72
320 244 47
170 25 24
362 147 55
236 369 36
228 85 7
46 221 88
230 176 22
250 188 50
183 349 63
218 103 49
232 369 25
287 178 12
14 314 33
334 109 55
162 221 97
252 208 44
221 272 95
43 368 97
353 300 10
126 323 17
334 163 58
264 6 64
389 153 48
245 157 82
157 10 43
180 96 76
130 218 99
260 147 52
210 396 85
21 210 50
129 36 53
63 45 39
52 62 70
385 366 95
290 134 8
255 161 54
1 326 52
250 77 1
347 305 11
298 0 51
180 361 16
363 295 53
367 243 5
398 158 30
398 129 74
73 381 90
65 297 23
42 61 99
120 292 73
340 65 5
209 201 27
279 331 55
2 266 23
149 38 85
186 65 44
108 341 5
250 145 64
151 380 81
392 261 66
174 208 66
152 72 99
250 282 65
116 309 6
161 17 73
81 273 24
385 166 22
85 220 64
240 84 100
75 80 48
138 187 53
165 92 58
19 102 58
141 134 22
72 228 33
269 380 26
232 311 82
102 169 16
361 139 49
239 229 15
196 259 74
345 226 30
108 180 15
91 242 37
195 8 10
381 158 42
205 315 83
57 30 82
139 344 83
286 259 91
115 66 85
190 197 63
199 238 98
344 378 22
143 70 15
356 12 95
8 227 40
200 376 61
204 68 57
274 2 46
86 206 3
12 301 77
58 334 87
247 257 75
91 209 16
247 251 40
360 316 72
187 139 69
234 248 32
280 399 79
299 205 62
325 169 50
136 301 3
68 158 83
372 220 63
393 33 72
353 33 27
157 97 52
118 335 58
291 217 37
196 261 72
230 126 13
312 93 18
136 313 20
265 60 69
23 192 88
266 115 8
116 340 21
22 190 15
205 230 21
295 243 8
289 368 38
389 234 61
200 192 20
296 292 33
320 197 65
366 129 96
182 104 27
92 163 30
276 176 85
125 142 38
93 248 63
305 368 74
73 325 81
12 190 5
319 315 51
213 150 58
278 21 91
102 128 64
184 343 23
366 73 51
311 218 21
333 317 54
171 206 100
362 78 79
37 363 8
87 334 53
175 336 1
44 349 80
350 73 81
323 99 62
149 77 75
189 195 69
61 253 25
170 389 90
60 207 73
202 191 7
299 368 67
70 175 53
141 321 76
86 129 53
315 96 68
303 231 57
147 342 21
357 284 65
36 290 98
219 391 39
52 259 11
363 165 42
385 125 41
155 145 44
281 29 18
199 145 50
116 235 61
145 65 62
219 351 86
382 205 59
273 17 8
282 37 34
239 58 29
57 114 17
30 18 32
360 202 55
233 279 7
331 260 80
195 353 54
386 333 44
136 380 18
289 220 8
207 274 84
362 302 38
207 233 65
4 162 34
212 24 51
208 283 82
163 82 10
210 315 21
273 48 96
204 171 8
31 234 13
12 309 11
27 219 91
236 112 3
359 229 78
335 348 73
85 52 60
236 37 68
80 14 31
342 296 91
9 340 91
329 28 75
150 253 9
271 307 81
353 131 54
150 379 90
116 6 46
279 277 96
332 282 43
397 356 69
47 13 71
330 139 29
40 178 39
124 352 27
392 172 40
151 354 64
203 325 72
118 18 22
222 266 8
268 107 91
226 6 81
341 224 53
374 248 82
36 62 44
155 90 67
101 375 51
395 324 77
297 229 60
302 215 28
170 113 98
261 224 88
101 387 24
136 244 80
209 340 1
249 332 35
281 247 67
233 27 61
144 247 94
338 345 18
114 146 16
234 179 29
142 391 69
105 386 47
145 350 7
32 359 83
15 228 96
12 265 91
376 15 20
206 16 5
195 28 46
354 132 77
383 78 83
248 264 80
65 355 74
187 290 90
170 203 93
391 106 24
318 136 63
65 125 29
16 191 17
150 181 37
98 77 26
178 350 63
206 55 73
389 14 45
146 379 48
53 74 77
48 247 88
328 375 61
31 385 35
250 383 79
33 351 65
285 388 53
391 109 48
248 355 8
364 198 61
279 306 59
295 179 67
89 330 31
274 280 54
89 94 63
297 235 48
388 117 7
278 202 94
210 66 4
259 330 25
197 361 35
262 344 80
78 141 17
381 85 86
250 117 82
3 132 30
69 112 21
355 247 97
98 28 88
188 41 55
12 37 9
150 338 32
260 214 96
281 85 14
224 325 54
271 236 89
139 179 1
357 14 87
265 175 53
152 328 94
120 286 82
371 170 80
38 243 98
116 251 97
268 127 37
37 299 71
348 293 39
114 262 30
76 8 34
315 43 32
240 341 81
321 244 67
71 129 55
206 333 45
121 135 84
193 8 84
95 42 55
390 352 59
256 203 39
209 73 22
304 287 21
33 278 58
36 365 26
210 113 14
258 229 17
81 221 4
196 205 44
33 226 47
8 373 100
287 223 8
14 89 59
269 174 90
9 13 93
324 4 57
231 218 97
383 95 75
101 340 1
141 26 56
17 246 83
128 334 58
290 94 36
57 328 38
215 295 31
366 174 46
26 257 95
41 247 91
292 227 68
312 267 80
6 102 53
211 328 97
17 35 96
273 169 97
115 120 54
344 320 94
189 298 65
92 199 34
252 14 14
332 15 85
114 141 26
30 246 76
182 290 4
365 13 74
36 331 36
298 2 64
197 170 37
360 222 66
288 159 26
33 62 30
111 217 1
110 48 23
300 210 23
67 397 81
67 193 79
229 282 15
340 308 39
89 24 62
149 97 21
395 375 96
278 225 6
279 117 81
20 288 84
279 362 96
44 238 45
254 372 85
58 267 30
293 121 24
14 58 96
202 228 46
122 398 38
244 285 79
146 133 23
332 40 62
291 278 19
117 27 55
170 253 4
235 385 92
250 359 16
388 68 67
142 332 78
108 218 43
173 95 97
1 156 19
160 1 67
287 323 43
250 125 70
304 149 84
191 390 20
256 272 47
88 122 1
88 373 22
122 163 20
396 107 1
132 78 48
286 21 36
117 182 30
59 47 41
161 41 29
213 10 10
354 316 89
226 83 73
65 167 55
152 252 10
383 209 38
205 247 47
351 296 45
333 48 76
150 57 14
248 6 9
300 277 24
152 0 14
348 344 45
245 95 36
105 12 25
214 77 93
336 238 18
388 224 14
30 227 95
319 241 53
361 36 40
233 324 62
341 291 71
304 37 78
6 265 17
86 47 41
290 310 56
381 210 8
101 214 16
125 82 23
160 202 75
242 101 1
279 312 50
327 354 97
93 72 46
170 134 34
202 226 74
312 79 3
87 387 64
300 192 77
334 155 50
300 260 39
262 359 81
70 255 30
25 220 35
127 395 43
78 196 59
342 337 53
234 144 38
99 32 41
144 206 19
298 384 13
286 88 75
151 174 37
43 156 27
129 194 51
184 249 44
92 198 72
394 218 30
178 246 81
95 97 47
353 80 57
223 243 27
350 14 82
326 240 13
301 147 44
190 218 44
24 290 9
238 331 30
23 20 17
307 318 36
0 355 29
158 233 72
238 375 78
260 202 42
203 226 73
217 199 59
243 58 90
279 160 15
154 5 1
249 245 12
11 308 51
346 321 95
219 265 27
192 314 36
107 196 74
76 244 35
67 287 91
86 80 27
395 299 1
71 105 25
79 7 2
288 292 62
316 85 26
274 177 60
263 146 44
175 278 57
253 197 12
256 312 19
288 216 66
180 62 47
107 187 40
352 111 82
322 286 64
17 226 75
90 194 92
127 76 14
317 30 97
17 290 17
397 12 66
99 81 37
129 329 1
45 272 84
107 255 82
136 143 12
191 36 97
134 96 15
288 107 76
21 88 60
200 58 36
302 308 22
248 319 48
75 311 73
94 133 76
233 346 4
351 198 79
59 163 49
392 56 38
174 255 12
64 87 99
238 281 98
301 179 7
274 305 54
309 199 68
57 195 89
188 245 25
211 139 38
65 155 24
222 30 15
367 154 54
178 158 99
214 140 63
54 71 7
118 348 98
292 148 32
9 201 15
54 10 71
395 28 28
302 369 55
398 111 60
345 13 99
32 101 49
322 162 76
242 298 44
382 373 49
213 269 70
329 358 48
58 192 23
127 42 79
55 274 52
180 128 42
169 29 99
2 62 53
216 166 10
318 127 55
378 78 40
396 25 30
155 256 15
200 91 36
247 55 7
53 185 72
243 151 43
384 7 33
394 393 37
82 311 11
190 354 39
208 137 14
144 124 89
132 58 75
236 246 90
349 280 51
59 132 87
398 120 36
181 171 53
323 340 9
371 34 1
55 368 1
21 3 27
152 205 81
191 234 61
253 191 52
373 327 25
352 109 85
368 324 8
73 243 60
272 232 51
211 277 49
69 35 86
40 56 91
30 104 55
111 267 62
376 162 74
176 216 7
373 55 48
157 224 70
238 19 41
278 74 80
221 76 73
292 361 96
353 362 51
315 257 72
157 94 47
253 362 65
372 162 90
197 55 70
379 118 37
98 207 61
311 52 57
233 397 9
182 196 72
248 317 8
197 82 86
134 218 37
164 270 11
152 293 46
368 5 26
308 142 5
61 331 70
216 384 53
256 281 62
377 35 55
291 60 61
351 264 5
359 322 79
272 312 91
370 358 99
21 232 61
43 49 46
31 315 45
11 39 6
387 292 57
200 94 37
337 42 86
128 246 27
65 223 94
144 378 65
348 108 26
317 343 23
199 63 60
312 336 71
11 73 37
46 326 84
325 310 85
130 67 66
282 49 15
7 98 40
295 29 46
190 394 43
231 177 64
18 147 37
293 302 50
147 7 72
243 147 84
169 94 57
88 380 61
43 327 4
99 243 94
193 105 47
280 257 96
222 283 64
177 349 17
298 184 50
242 184 34
182 52 46
180 6 10
69 19 49
342 329 21
111 230 53
59 137 27
41 144 96
57 341 5
31 350 72
4 139 7
397 322 31
112 95 73
227 58 84
94 77 58
283 395 7
29 367 41
32 17 92
79 196 91
179 38 98
342 396 18
260 344 13
215 202 88
211 60 52
304 227 69
7 217 72
324 284 65
46 350 58
152 227 59
272 348 9
85 250 49
112 384 51
189 309 26
282 140 12
354 236 96
387 380 16
279 341 51
281 73 78
49 112 6
115 7 91
351 143 81
25 227 61
399 49 96
318 262 65
185 349 16
313 206 12
63 152 40
309 377 42
136 388 16
294 232 2
240 351 20
40 78 15
395 293 25
345 335 54
188 115 44
140 117 35
309 130 89
97 104 61
38 360 14
122 317 19
174 335 14
296 136 94
205 66 86
57 256 55
70 245 16
192 164 60
30 72 76
191 160 66
137 173 51
271 283 46
227 133 81
121 251 42
315 9 70
267 77 85
20 141 91
18 378 99
290 105 73
50 108 37
216 295 100
117 342 58
121 166 31
47 193 34
148 244 63
47 4 17
305 256 75
139 336 60
226 68 79
124 196 3
380 307 20
160 366 82
41 331 44
114 245 19
92 388 56
286 323 84
102 5 59
141 135 75
211 31 67
226 140 43
397 7 57
94 329 29
290 44 86
252 69 25
89 111 49
186 79 40
388 289 13
363 70 3
66 179 59
244 367 32
102 308 56
388 70 95
252 106 13
90 196 96
262 183 58
83 56 71
64 113 68
106 323 88
325 25 98
107 163 61
132 49 3
188 179 63
260 339 82
91 106 82
205 93 67
270 220 44
109 45 80
285 69 22
361 70 96
143 146 66
150 93 75
73 182 1
11 188 92
93 81 6
222 171 22
286 218 87
156 3 58
386 398 35
343 396 1
101 20 48
244 141 63
142 351 85
251 298 23
396 187 62
323 185 93
36 94 100
215 220 16
280 198 41
36 219 95
377 255 17
341 116 100
60 73 80
277 24 89
32 230 30
255 205 41
162 269 5
158 382 48
381 41 28
3 292 6
231 77 24
8 196 16
167 312 30
304 323 79
192 368 66
47 75 17
213 133 32
366 210 78
312 129 77
35 141 62
277 102 95
212 250 95
59 229 68
369 41 40
348 253 52
357 154 59
22 245 39
286 361 89
8 35 48
134 372 40
157 363 43
382 231 13
67 373 2
118 243 25
368 14 11
110 84 70
148 170 81
206 107 92
352 45 6
28 376 86
224 309 66
105 147 33
312 124 17
259 19 7
158 195 86
53 301 82
228 211 13
11 336 6
314 270 66
306 186 72
385 294 88
41 257 70
148 72 62
39 230 76
157 355 31
286 162 81
229 396 43
53 105 97
304 240 54
325 27 66
147 228 89
281 302 33
129 369 94
46 30 32
98 108 1
87 173 5
143 196 54
187 318 8
160 381 43
44 59 31
19 14 65
59 25 70
293 146 54
180 79 16
215 272 19
300 175 19
319 17 47
32 59 66
289 54 19
197 295 16
191 68 46
1 340 33
283 35 4
157 118 60
348 147 2
296 291 70
248 374 77
94 290 19
276 243 83
237 258 52
188 222 72
133 108 97
136 142 94
55 231 40
71 197 67
251 396 51
329 214 75
9 83 26
350 124 53
394 355 30
131 358 7
121 190 10
286 109 96
391 276 68
354 372 46
333 308 58
337 270 72
249 203 67
250 105 71
163 101 60
323 14 96
343 280 50
294 220 67
80 218 80
352 143 45
382 24 100
337 366 68
33 339 34
55 378 4
321 373 92
329 42 71
335 52 75
266 23 89
83 170 56
165 273 45
55 32 25
356 77 87
87 399 93
234 286 76
294 81 80
267 142 65
306 360 98
332 279 94
166 347 72
347 360 7
51 338 27
242 367 39
378 22 49
271 149 33
113 187 50
272 373 92
59 330 42
180 364 39
139 95 77
44 321 98
392 229 39
141 395 55
393 213 44
14 194 96
121 110 32
6 196 8
284 55 54
16 359 38
324 249 33
44 202 32
300 167 20
63 12 51
340 34 14
18 355 52
365 99 47
38 322 43
145 366 86
289 329 82
31 348 59
389 255 77
0 243 98
146 162 19
206 274 20
397 244 47
324 289 59
198 315 44
292 164 24
201 174 37
59 299 5
349 25 89
376 91 99
358 37 35
134 123 12
290 333 31
198 21 63
149 215 73
284 130 32
251 54 67
7 293 45
358 363 44
122 66 20
127 370 44
42 285 6
5 351 32
280 311 43
268 300 74
296 324 5
313 270 69
256 175 97
393 386 57
151 81 59
117 56 70
26 369 44
71 275 9
227 352 43
366 327 28
317 150 74
264 30 33
318 350 92
43 23 4
160 83 99
45 205 7
70 302 57
65 175 92
50 147 47
268 65 23
292 96 98
229 187 57
252 307 44
303 55 68
388 179 13
356 44 63
183 396 66
327 141 5
77 128 82
228 145 73
77 220 37
314 85 29
207 73 67
21 319 58
91 275 17
130 7 62
91 20 3
39 138 71
58 147 58
268 153 84
37 341 40
68 83 49
272 293 37
309 58 79
139 91 23
77 318 60
393 296 3
127 276 11
105 286 7
119 5 17
352 59 36
125 397 60
176 143 19
8 310 10
370 116 82
263 298 10
133 224 7
84 178 18
382 26 73
268 331 47
110 332 69
39 344 15
191 122 43
306 287 31
223 163 100
120 170 9
70 375 48
315 224 66
50 205 95
35 343 65
68 165 52
251 309 79
87 274 7
268 218 15
276 138 25
17 295 72
204 35 6
190 82 86
35 220 41
18 328 98
230 331 23
52 16 93
221 180 14
148 137 47
204 333 91
263 32 6
267 383 2
59 251 75
220 254 82
75 212 18
141 348 25
167 34 66
213 201 89
290 205 48
295 114 30
145 179 86
129 187 11
85 166 94
305 318 40
22 260 100
303 277 33
64 319 24
135 276 26
311 88 24
79 102 74
122 355 60
92 68 9
41 125 68
263 311 37
200 219 37
297 172 41
155 399 96
119 307 98
83 81 39
44 217 76
245 280 47
137 307 94
202 47 86
12 300 31
311 318 96
269 106 44
107 102 89
23 308 34
370 184 7
274 251 65
57 378 51
134 51 49
4 268 64
198 143 92
42 243 33
15 67 12
376 301 33
61 335 6
259 231 72
54 378 48
82 122 99
372 332 22
235 293 67
207 259 2
23 206 22
39 384 66
213 226 38
4 304 21
209 310 2
199 292 32
66 368 96
278 183 9
45 16 61
103 150 31
141 275 83
227 3 38
319 261 58
65 394 7
235 341 6
225 20 65
353 122 85
32 247 86
386 33 95
321 393 45
346 306 91
5 86 3
332 68 71
84 385 77
228 282 9
246 238 89
274 98 23
363 239 44
149 37 38
134 376 80
300 65 1
215 306 51
295 40 1
145 147 9
242 185 46
337 311 28
170 305 16
73 390 68
96 366 72
129 57 91
131 202 45
126 76 90
223 239 67
318 24 76
348 31 19
380 90 71
264 379 47
131 199 70
51 343 81
152 246 97
149 126 82
368 227 97
43 114 38
54 97 76
206 371 85
240 174 64
173 305 91
61 230 98
226 145 27
251 243 47
230 187 40
281 396 100
352 263 75
317 214 3
184 324 19
119 122 13
309 45 46
271 352 100
59 266 51
104 258 21
206 210 89
26 395 40
46 266 13
387 52 43
149 326 74
297 162 86
251 85 77
161 219 99
215 63 9
268 164 24
218 200 47
320 360 49
362 322 83
170 150 100
286 174 40
59 93 41
137 297 8
339 132 47
184 237 96
337 125 82
360 263 23
326 76 58
207 1 68
391 88 15
182 161 34
373 285 20
204 337 17
327 357 99
117 112 74
126 311 91
385 93 50
219 246 71
271 375 47
266 175 5
342 54 6
76 352 25
340 292 51
35 196 36
144 364 100
222 44 27
236 382 69
97 373 91
312 290 65
296 46 77
149 202 14
325 352 84
299 144 76
160 260 89
202 209 15
346 131 63
54 237 73
12 64 28
280 200 70
234 183 64
54 286 32
262 128 85
280 118 12
256 331 6
304 192 19
107 287 39
267 141 75
24 75 47
63 397 24
119 146 74
317 219 74
35 23 22
4 312 70
57 133 34
218 233 11
281 257 39
130 199 64
181 333 1
372 234 54
227 369 75
83 268 61
110 161 26
309 185 61
293 197 10
365 379 38
122 243 70
249 17 44
64 293 84
44 318 22
61 390 37
290 40 92
339 121 33
296 175 72
129 117 32
220 298 63
299 192 52
330 263 84
204 340 3
321 26 49
153 152 75
332 365 50
11 98 37
202 89 15
326 276 85
104 284 96
292 310 18
314 173 63
248 335 3
303 161 60
61 384 55
76 337 95
209 160 4
211 11 13
242 216 33
244 229 100
65 390 78
386 344 35
355 396 31
182 264 86
111 86 77
386 305 95
175 273 86
319 295 18
150 288 91
36 386 12
306 43 100
289 21 15
109 187 75
142 368 56
11 282 1
273 102 52
341 185 77
159 136 87
0 132 56
103 95 75
298 143 45
338 271 33
340 280 54
18 134 39
307 137 27
326 356 97
28 184 84
329 36 70
145 324 96
30 393 72
80 214 15
6 141 26
134 368 76
370 177 80
311 392 75
322 231 2
333 115 20
37 300 22
97 201 1
339 364 87
249 246 45
371 290 51
133 355 96
181 27 28
256 366 78
155 187 51
301 131 93
265 297 100
123 10 57
359 364 1
179 145 69
67 186 76
48 20 6
221 380 30
245 53 11
86 209 23
308 110 13
234 362 66
236 7 74
96 12 44
126 132 27
315 74 63
282 135 5
280 79 85
317 313 79
299 381 58
366 124 9
298 331 21
180 311 87
321 35 83
329 189 16
76 133 10
11 297 13
354 178 66
327 57 78
373 94 99
60 173 39
237 353 78
36 294 55
387 35 12
188 232 13
276 32 90
76 349 26
391 110 52
258 332 6
170 32 43
75 101 88
327 251 99
292 102 38
22 85 82
15 248 49
383 229 26
352 196 43
34 169 27
64 50 26
89 370 11
56 381 97
111 201 45
182 359 18
270 264 62
183 282 38
331 105 88
207 356 32
110 289 89
132 216 67
362 103 5
290 159 2
379 60 25
309 381 7
352 75 57
143 258 1
347 304 78
224 252 91
392 12 69
108 390 74
22 270 14
97 180 60
153 317 79
13 64 72
390 100 32
379 171 54
23 386 15
292 298 31
74 230 24
239 317 3
37 71 44
220 9 41
138 76 70
309 36 49
355 123 91
64 41 62
396 266 30
267 33 23
2 238 41
141 132 22
334 308 72
70 140 26
293 40 95
107 37 42
122 25 47
348 199 52
216 235 31
148 266 67
258 172 58
304 45 83
190 268 36
312 368 50
192 44 2
46 175 95
328 85 79
326 205 25
186 261 57
294 257 69
277 217 50
226 141 11
325 174 50
34 397 31
182 360 7
229 273 75
18 229 26
77 141 60
295 302 50
55 11 82
246 222 42
1 368 52
199 158 71
118 87 78
304 359 73
305 361 85
13 363 45
365 271 12
38 182 42
0 376 51
174 369 99
79 22 64
287 257 59
95 388 47
358 233 70
193 103 52
360 53 43
206 325 5
155 352 86
137 254 86
56 280 65
306 76 32
164 91 18
162 8 3
214 154 49
395 200 77
274 264 71
108 143 25
352 102 65
366 285 50
110 267 1
112 346 53
328 140 13
128 149 25
264 163 66
264 344 23
56 386 43
49 38 49
155 34 2
9 359 93
210 324 85
277 23 87
90 321 26
258 154 85
321 156 39
310 25 9
31 343 77
345 290 32
272 130 14
29 57 89
302 69 73
252 151 65
30 112 2
394 115 7
3 243 24
191 167 25
48 65 11
294 358 92
234 43 94
77 138 99
270 6 21
203 247 52
51 105 1
265 372 95
370 299 34
258 131 48
160 19 71
296 226 37
370 89 3
379 283 78
132 384 19
102 204 84
202 243 14
392 80 95
163 380 32
3 59 75
1 108 98
282 377 99
193 15 100
226 269 74
27 101 12
90 366 7
252 37 85
202 179 4
19 387 19
262 26 52
75 109 42
263 47 37
66 280 45
273 136 10
187 363 43
194 257 40
374 382 11
175 39 73
341 262 51
185 331 40
369 367 64
282 358 85
316 94 76
67 14 7
319 358 14
80 88 31
230 114 27
121 264 67
243 381 11
163 369 78
64 172 60
370 136 51
183 139 29
388 141 43
11 92 99
71 249 100
200 301 39
163 215 83
143 126 47
297 110 75
72 200 56
18 337 8
61 315 4
329 98 68
391 335 83
287 238 90
371 60 45
155 393 47
96 290 64
364 151 42
250 376 31
206 247 53
110 240 6
107 364 39
353 221 98
376 286 65
273 133 56
4 50 99
75 197 29
375 356 55
69 242 93
284 209 33
286 279 12
210 107 68
383 334 27
73 118 62
79 20 13
40 93 68
256 28 46
238 221 23
320 51 79
99 8 83
153 255 7
379 316 5
294 316 91
279 94 27
182 291 19
286 148 46
208 275 6
177 285 34
217 186 83
358 108 39
361 161 100
243 367 76
311 293 82
7 229 69
76 180 68
209 285 57
394 292 55
332 108 65
70 55 33
383 216 47
8 300 34
27 346 86
17 318 43
309 304 3
394 21 43
287 14 13
298 277 65
324 202 54
348 132 36
358 250 46
63 162 21
15 396 37
301 339 97
304 118 23
65 165 51
78 197 96
69 239 74
301 144 72
74 349 34
379 225 4
290 390 49
348 210 39
55 334 92
294 371 80
7 259 54
10 251 85
397 380 100
264 343 52
25 290 96
130 245 63
320 287 41
57 127 15
185 286 15
172 142 89
343 124 4
16 60 65
50 273 41
221 398 69
69 209 15
277 366 5
352 147 4
84 300 10
262 93 77
76 197 98
396 114 5
333 158 42
179 168 93
177 224 42
18 130 41
114 166 89
386 64 60
72 254 58
285 137 78
168 254 81
94 361 88
316 292 24
296 391 100
145 321 17
331 199 96
290 60 9
199 253 59
343 131 27
335 277 77
159 288 42
398 112 26
249 294 37
220 332 32
385 64 94
358 65 60
5 329 44
218 291 22
390 135 79
389 10 1
330 394 18
392 22 100
340 190 57
385 51 40
154 10 9
89 255 95
112 5 87
218 143 8
197 114 7
35 110 86
270 236 74
360 97 69
201 388 82
203 151 64
53 230 44
193 240 85
2 257 35
320 242 79
380 76 41
79 213 59
114 270 22
398 236 4
334 30 19
159 306 83
91 337 30
294 368 90
364 129 17
23 117 86
232 292 88
135 165 38
108 383 2
25 315 78
60 297 15
132 185 73
98 283 52
213 153 78
84 232 76
114 60 74
319 235 57
5 332 91
1 218 75
347 20 89
380 177 71
203 128 42
127 179 87
358 361 79
356 50 81
244 327 100
229 238 3
314 34 77
259 140 41
148 226 73
259 228 25
285 184 78
191 108 18
58 350 30
210 203 87
136 105 57
68 21 2
203 37 37
58 213 8
169 358 29
364 361 94
73 383 69
196 369 54
215 52 88
54 49 78
182 313 1
333 177 28
147 186 67
183 375 100
34 379 33
239 177 14
182 103 78
145 177 88
10 68 72
87 353 35
205 370 59
201 65 65
88 154 24
75 172 23
371 321 53
357 76 50
106 142 39
323 249 68
176 16 40
140 225 69
96 229 8
391 9 87
100 23 10
134 309 69
286 246 62
201 341 86
112 283 89
139 162 63
39 386 98
148 55 4
136 178 32
217 29 81
60 291 5
385 116 79
346 119 34
256 49 68
258 399 100
55 92 20
388 235 18
54 204 66
95 321 94
173 392 57
325 365 32
227 161 21
96 137 90
211 365 16
167 245 66
399 66 66
173 148 64
132 154 94
143 348 1
188 321 36
355 284 97
125 287 12
219 124 27
173 399 26
235 86 69
2 272 64
338 245 1
75 88 95
266 163 90
10 274 22
165 276 37
80 295 6
296 247 61
207 116 77
370 309 56
383 316 6
85 15 35
394 349 65
204 38 49
27 300 17
112 170 22
44 370 45
41 0 20
45 399 38
78 21 62
53 168 24
354 171 76
285 238 14
4 295 88
342 177 66
372 17 50
176 277 67
298 380 34
158 140 62
47 356 15
332 74 48
131 104 90
54 147 49
33 387 60
344 192 21
391 287 85
115 181 69
310 266 20
108 224 24
29 41 35
20 90 86
287 19 50
35 300 24
206 355 9
133 294 20
333 286 91
133 301 74
62 358 17
224 28 54
127 105 48
334 399 58
172 62 73
82 277 47
81 311 6
375 218 67
280 202 100
100 143 68
358 392 39
190 275 17
239 41 6
107 31 57
8 378 38
119 298 31
69 192 61
367 115 42
318 89 80
65 310 46
209 320 29
116 323 52
74 241 29
180 73 20
269 368 69
226 261 73
166 254 11
399 364 46
203 169 41
144 235 37
77 110 14
348 90 32
97 122 90
41 212 88
193 148 69
229 380 91
44 163 84
322 233 44
58 280 30
172 192 40
276 396 25
244 213 37
273 103 45
282 347 38
188 328 98
145 30 38
1 311 39
195 240 89
251 236 48
96 49 57
68 1 86
124 347 21
269 261 67
54 239 30
81 132 43
18 214 32
7 88 96
46 337 16
104 334 62
273 369 49
38 363 51
11 182 35
164 329 84
251 152 99
25 377 7
67 17 98
163 378 72
149 81 99
258 14 69
264 102 27
240 51 69
231 186 31
134 266 62
215 391 40
170 72 40
240 185 83
30 240 56
244 131 52
48 155 47
182 1 99
160 299 11
172 9 46
329 199 92
263 83 47
215 274 28
131 197 42
174 345 27
131 280 97
50 69 6
96 307 47
266 318 50
292 187 18
198 94 44
230 157 30
199 168 53
194 276 60
284 100 38
159 149 9
214 210 46
335 355 12
278 45 90
32 283 85
388 32 64
393 385 36
63 131 6
36 231 59
393 234 42
197 84 32
208 147 65
128 126 43
285 136 98
270 358 30
116 140 33
174 148 1
157 196 11
102 304 6
146 364 88
128 370 43
9 330 99
66 284 86
208 96 39
235 207 69
129 362 63
243 37 46
248 228 28
80 7 69
221 74 58
222 170 65
28 359 90
180 244 78
46 67 52
62 198 53
24 238 61
252 323 75
299 117 21
249 344 19
137 87 95
26 28 75
194 202 60
95 99 56
308 141 63
334 7 53
243 11 50
394 78 8
398 278 90
174 117 25
216 270 32
50 310 86
372 100 36
144 322 64
199 0 40
189 375 90
204 272 47
155 268 67
104 374 33
75 372 54
271 93 83
341 108 73
217 320 98
377 127 24
64 19 52
116 155 40
63 250 89
319 396 35
227 189 78
314 343 23
17 235 16
174 28 95
3 142 31
303 156 59
96 21 7
33 211 21
109 57 80
131 3 58
337 240 96
235 286 12
293 240 94
163 83 91
397 364 78
281 144 12
218 33 66
336 248 43
281 180 9
339 142 63
173 71 27
84 69 1
146 194 50
379 25 72
378 41 77
64 292 51
69 369 61
98 211 83
392 124 75
107 230 91
62 264 2
17 276 81
39 331 12
357 297 19
108 49 63
201 366 28
126 242 22
205 42 15
52 295 7
385 172 40
128 135 71
76 348 19
313 128 54
392 40 10
283 103 37
109 336 10
135 203 22
175 348 18
360 69 34
250 141 39
231 22 74
368 25 41
237 236 96
160 363 83
380 365 27
69 301 90
95 47 74
110 318 81
98 360 72
273 324 11
143 209 17
229 36 29
230 396 98
84 174 12
214 151 28
277 65 24
192 307 47
54 208 45
381 280 61
54 242 60
51 319 100
238 309 52
350 335 42
394 200 19
208 276 20
32 275 5
361 112 17
388 34 56
295 107 28
53 249 93
278 144 33
122 326 86
219 241 87
67 305 43
8 360 25
28 36 27
176 61 89
213 187 75
130 303 34
267 358 73
170 379 79
137 379 69
229 323 76
76 35 85
197 23 91
2 350 16
18 391 31
209 177 5
68 398 73
297 73 84
138 85 67
42 192 52
295 308 97
255 46 64
283 302 24
90 165 67
13 156 14
27 127 21
136 317 90
358 296 29
388 76 60
10 96 95
131 273 32
382 130 87
269 136 54
45 154 50
59 10 3
59 87 24
42 266 79
203 44 31
289 225 39
50 29 76
325 284 58
242 357 51
18 24 21
111 300 100
115 202 7
120 125 27
78 356 52
121 364 66
17 296 77
321 297 66
386 358 23
362 57 98
365 310 67
77 175 71
229 30 75
127 309 12
367 379 43
135 117 72
255 228 42
43 237 57
167 264 16
352 187 8
276 118 80
276 197 4
66 81 42
87 314 67
165 114 70
239 202 97
96 317 80
133 33 48
209 80 21
6 26 29
201 147 50
225 282 95
297 379 73
28 163 62
252 16 58
259 168 12
238 378 95
345 77 3
362 312 6
254 123 50
115 241 63
271 52 89
352 306 83
230 260 83
183 394 94
120 332 12
226 46 59
172 132 7
184 310 8
379 142 50
278 163 96
363 385 14
222 356 61
156 74 56
278 211 8
246 113 95
124 332 5
76 332 34
124 195 7
362 29 53
100 390 18
393 309 60
128 350 81
399 69 85
197 262 69
338 260 9
240 253 93
86 91 12
197 357 89
255 31 25
22 154 24
389 253 87
103 6 20
391 183 37
245 278 25
285 120 92
245 354 95
112 269 65
313 157 37
210 108 56
181 158 81
185 182 21
338 243 99
303 28 43
59 22 39
235 52 59
348 14 3
89 126 91
73 217 94
174 267 42
364 355 98
146 198 86
93 123 20
57 283 83
16 294 6
10 256 49
266 90 38
165 322 86
213 307 11
96 318 99
381 361 7
211 156 54
195 360 15
254 347 54
113 299 79
94 268 88
76 241 23
35 18 31
96 170 35
165 333 78
146 112 76
72 175 59
390 48 24
0 344 92
248 31 82
359 260 40
169 261 23
74 28 83
214 72 100
154 295 24
130 335 83
343 307 38
112 122 2
309 47 88
350 249 84
370 118 39
317 71 94
267 311 41
242 62 25
116 210 54
323 1 39
366 333 31
152 88 83
279 133 86
176 252 62
101 28 87
379 204 58
152 203 61
335 280 87
237 208 93
370 251 7
351 45 59
141 212 47
34 131 24
161 306 83
264 237 17
398 175 79
56 109 86
105 43 34
261 337 61
10 189 24
111 361 41
255 322 23
304 87 74
345 299 90
57 102 10
168 344 84
272 325 61
207 146 92
89 130 67
62 365 71
174 215 31
32 9 85
208 117 99
261 326 5
358 243 63
286 192 37
178 215 92
333 304 33
132 100 51
111 153 95
54 143 36
312 301 70
111 51 37
393 246 61
166 200 51
152 279 90
186 97 20
114 208 13
142 303 30
243 175 22
354 260 74
306 267 36
188 320 1
139 136 76
325 13 39
220 225 97
81 392 92
112 369 45
58 25 73
349 30 57
239 154 18
45 58 95
1 212 95
113 331 36
30 108 60
240 93 93
105 342 88
184 45 83
240 169 41
100 76 99
180 121 95
129 312 99
339 304 94
374 110 52
133 1 13
150 137 12
269 166 28
316 2 44
135 172 46
222 226 59
273 342 7
123 187 83
379 120 36
118 40 37
16 249 27
92 71 93
259 229 85
368 125 5
231 137 74
9 159 28
26 344 23
14 353 44
329 47 9
166 89 84
307 249 49
294 303 35
84 377 96
168 78 43
223 367 12
230 144 71
263 166 34
89 262 73
97 243 73
200 143 63
316 83 14
128 173 41
177 323 99
238 77 55
307 370 56
214 165 52
253 16 86
27 186 1
345 365 10
163 261 47
133 338 39
243 191 30
123 66 62
21 202 20
129 107 21
112 309 68
319 87 22
270 104 10
95 58 89
203 309 93
29 343 84
387 14 66
101 270 92
250 345 63
312 58 46
217 128 39
352 177 66
209 118 13
185 143 89
25 361 98
293 103 4
356 241 49
275 54 3
153 337 12
371 80 24
20 338 44
232 234 85
242 114 21
316 137 32
338 314 9
46 193 39
334 93 32
40 135 12
300 312 79
352 91 93
389 341 9
332 27 7
238 316 73
313 384 14
161 264 3
181 241 91
115 278 44
380 195 11
25 16 49
389 170 9
285 154 65
259 74 89
82 101 26
11 71 53
397 122 66
349 242 75
163 343 32
64 364 70
387 390 50
244 116 18
308 398 14
211 306 85
327 59 13
266 390 92
394 212 94
115 198 13
98 118 59
141 167 71
82 71 43
42 265 39
299 355 65
115 25 53
385 146 3
0 235 58
310 326 79
14 13 1
362 291 92
273 224 41
192 264 5
381 224 25
163 98 78
74 161 73
273 141 11
285 55 37
18 59 55
236 317 30
244 362 58
176 272 30
135 235 37
54 125 57
284 22 17
242 5 54
238 208 95
273 243 5
313 183 68
177 198 46
287 391 83
55 89 70
134 160 23
204 180 77
354 62 35
305 149 8
344 193 52
296 214 20
344 308 50
66 272 80
34 187 18
273 161 92
197 163 97
93 388 87
340 64 32
252 385 93
275 269 40
78 280 16
58 156 83
63 258 80
145 142 51
374 362 85
252 363 40
117 48 58
117 128 98
102 174 61
188 327 50
37 353 28
241 82 70
373 11 8
372 151 95
137 377 72
326 40 69
177 337 51
240 303 14
115 156 27
388 121 36
222 347 88
133 23 36
351 20 10
47 166 20
306 335 9
119 131 2
208 248 42
257 325 38
306 83 79
288 183 82
7 55 18
194 296 25
301 67 98
293 76 54
49 86 14
124 73 97
211 339 98
351 235 47
209 249 68
150 29 8
326 160 65
237 68 29
252 339 60
60 25 37
106 49 40
161 97 4
97 109 58
191 266 55
382 109 67
209 232 51
252 332 17
218 125 34
293 378 74
338 394 99
250 276 90
112 226 67
367 392 29
250 61 89
140 131 80
162 33 91
240 302 14
392 174 78
386 179 20
212 13 91
170 220 58
102 119 44
216 206 96
38 124 75
123 43 49
161 206 81
0 187 62
336 398 35
116 383 64
83 1 4
241 348 45
300 212 24
217 393 18
200 307 96
222 202 28
188 374 45
5 133 73
213 152 46
209 14 30
104 128 22
6 346 73
239 284 77
261 382 88
257 360 99
222 124 69
74 4 41
338 188 82
358 8 56
217 116 91
297 72 51
141 64 34
230 142 92
16 337 28
150 346 9
140 187 45
300 152 37
48 94 100
372 330 83
216 255 48
54 259 15
20 246 41
46 393 85
72 397 53
146 3 46
48 284 59
374 118 90
362 23 41
67 83 76
218 275 80
53 7 51
202 312 78
87 41 88
361 21 27
312 68 62
235 126 18
288 271 79
196 373 11
147 364 69
269 241 55
356 53 1
283 112 82
215 50 18
197 363 49
259 139 48
315 325 10
223 0 1
149 146 30
275 298 48
33 120 75
187 270 21
6 21 12
346 99 52
326 247 47
121 367 97
315 112 29
235 338 100
46 352 4
214 243 100
136 280 33
83 274 41
340 133 33
137 130 77
213 233 66
15 81 88
365 118 66
398 250 96
361 376 91
324 54 23
304 89 96
103 266 62
164 16 69
387 91 92
399 152 44
206 372 47
172 352 93
275 134 28
304 178 96
171 258 96
271 70 11
35 189 89
354 358 25
204 270 66
89 225 29
27 171 60
50 5 92
129 295 94
145 121 30
375 275 26
169 125 23
251 172 77
348 200 7
16 384 93
5 78 90
353 149 41
75 333 2
268 28 18
68 367 3
98 134 25
17 325 70
42 327 23
354 201 55
332 378 15
2 219 14
284 117 87
354 313 62
261 153 44
266 44 19
283 183 100
203 294 11
6 13 50
300 245 54
275 132 72
174 223 96
89 153 95
41 278 47
94 259 33
4 368 34
354 157 41
185 15 31
19 266 29
377 251 92
233 265 64
202 286 83
7 334 11
331 143 16
61 10 8
393 256 96
326 225 76
397 326 78
266 206 74
155 108 60
397 206 19
397 85 50
115 334 98
28 317 9
251 263 53
103 388 66
278 57 95
158 126 11
133 112 86
35 59 98
378 158 51
360 370 98
134 363 72
181 193 78
201 37 97
350 276 4
100 388 91
268 117 42
148 56 11
289 359 57
114 284 26
167 368 7
322 125 15
126 307 1
365 3 8
132 330 73
218 249 67
95 197 61
279 258 4
209 305 53
13 147 46
49 60 39
329 138 32
236 181 86
171 150 78
283 192 82
315 84 8
360 76 8
378 65 8
134 17 61
62 362 65
102 159 77
330 284 8
63 78 48
120 192 63
311 49 93
377 286 35
389 285 6
89 357 85
359 327 11
158 142 59
334 103 13
123 272 85
392 86 80
5 310 27
137 76 67
203 45 21
396 305 49
96 255 71
350 231 1
394 390 100
143 347 34
303 58 39
343 301 88
382 7 3
22 215 92
87 49 56
248 186 62
230 347 56
229 384 44
220 389 85
91 127 27
175 33 48
390 111 71
239 281 59
161 254 97
140 110 32
284 244 63
101 354 5
265 97 78
7 252 25
38 261 98
24 94 44
251 365 80
316 375 31
241 369 26
131 334 8
65 397 3
348 363 47
230 266 7
268 231 20
58 80 4
187 46 92
241 23 21
191 295 64
163 274 52
23 359 42
183 233 63
26 384 14
180 265 57
208 233 17
294 365 73
6 85 65
5 29 100
2 232 16
72 169 29
320 247 29
55 250 4
164 319 24
286 205 31
318 23 84
110 135 40
317 109 22
70 295 39
379 385 2
106 176 34
259 131 71
192 70 85
388 160 62
322 65 12
8 357 79
74 31 4
56 63 58
203 274 45
157 286 78
20 389 50
108 132 71
252 371 5
274 13 69
170 89 82
214 268 57
6 280 18
398 90 4
169 26 59
31 86 75
153 54 59
248 153 33
57 182 50
346 345 59
310 377 20
229 61 13
139 68 42
395 372 73
120 19 87
281 202 42
354 122 71
61 283 84
207 25 85
115 101 31
362 64 64
203 175 2
392 120 87
373 308 32
109 144 98
224 242 81
55 303 57
289 22 9
265 8 25
237 47 87
163 233 47
85 68 10
16 279 42
288 303 18
349 11 10
163 209 59
105 282 38
323 373 62
140 44 37
273 83 99
384 362 46
348 228 31
181 300 26
340 324 68
276 381 60
180 57 13
66 43 66
259 124 44
106 37 6
296 306 80
353 290 82
80 186 69
213 4 25
159 329 84
319 156 78
4 185 36
345 199 93
379 131 95
89 72 47
74 71 17
353 315 34
2 230 13
237 215 52
36 396 36
69 109 76
204 316 98
58 49 94
149 195 94
256 157 51
279 56 9
300 285 59
389 47 54
280 199 71
74 219 64
36 236 36
260 20 3
191 219 91
237 0 21
106 83 80
110 3 72
4 242 62
338 315 30
310 364 78
297 144 40
353 38 2
102 124 96
134 124 17
131 134 19
234 322 53
110 127 34
299 165 72
173 112 42
129 201 29
325 51 82
301 319 5
40 60 80
42 48 83
49 17 95
265 327 5
220 314 88
365 395 49
244 321 62
282 301 80
92 306 17
82 303 50
137 384 14
137 125 98
143 233 97
263 212 82
387 157 91
13 204 71
362 382 41
249 92 19
93 99 67
363 200 2
263 219 69
63 8 29
21 122 54
87 76 80
253 132 56
138 234 46
120 360 64
275 331 7
399 15 84
226 222 89
77 129 69
99 375 75
84 240 26
226 59 15
294 70 41
112 25 21
349 388 56
7 132 63
137 207 30
129 182 89
134 268 55
399 309 17
269 35 30
55 211 27
336 166 7
345 31 29
222 366 64
185 84 65
298 105 65
62 369 87
67 43 76
232 226 87
220 287 39
112 337 58
1 5 53
190 86 9
297 171 5
43 332 96
335 209 84
365 61 3
252 255 2
122 339 44
289 349 54
392 292 25
37 379 53
275 116 96
389 224 86
384 293 90
373 51 35
124 360 25
130 228 74
321 294 76
7 290 37
150 7 14
398 84 13
59 316 23
80 169 49
28 242 22
64 59 78
380 119 20
84 344 56
45 164 87
368 239 89
339 193 87
143 238 33
367 107 59
217 285 81
166 124 92
76 329 48
66 27 58
280 358 52
317 198 97
120 92 91
146 36 51
347 93 38
157 352 54
41 102 84
49 272 72
12 144 14
88 254 51
265 27 75
369 288 30
263 354 77
199 230 86
104 98 92
70 7 85
146 85 73
298 170 35
9 299 7
363 259 99
385 143 56
147 202 99
127 344 26
18 8 58
109 72 45
397 79 14
34 223 72
266 357 94
374 338 62
98 21 58
296 381 12
294 267 69
311 301 73
129 380 73
277 171 27
355 369 2
71 165 91
106 125 20
52 335 83
278 0 12
332 197 27
186 353 15
276 319 67
304 23 20
332 126 18
57 240 89
192 43 20
38 56 95
49 258 87
40 12 98
390 58 20
306 44 4
230 249 8
218 240 21
157 350 16
204 70 50
367 248 12
291 346 36
217 201 4
234 185 99
326 235 73
235 344 82
48 342 91
320 338 89
283 133 82
203 217 78
270 105 57
148 142 84
227 308 26
388 176 100
112 96 13
360 128 10
340 283 39
88 299 31
70 378 43
105 45 68
55 71 62
37 242 34
85 249 48
99 345 31
69 283 2
41 260 45
21 376 98
173 188 74
171 311 58
399 372 8
250 392 19
380 225 86
53 181 2
348 252 23
259 316 59
74 73 82
241 245 6
39 243 90
221 231 66
262 358 29
340 348 99
218 390 43
308 213 96
281 346 70
291 143 8
154 19 57
335 369 49
298 325 40
125 134 40
209 280 87
366 3 9
284 344 30
317 83 32
4 142 90
18 364 2
24 190 53
38 61 20
303 338 67
228 118 64
46 74 84
331 269 87
2 209 63
365 324 85
236 292 43
293 233 11
256 26 97
3 71 16
249 352 19
95 83 98
267 238 92
94 63 50
384 87 32
393 156 85
238 288 45
32 190 68
249 258 59
87 149 76
353 34 67
3 127 97
315 300 11
64 220 77
112 23 99
336 362 95
371 270 19
85 336 37
214 190 71
241 87 67
284 221 92
140 106 90
41 186 27
310 214 7
111 327 63
264 191 2
204 136 17
93 255 97
46 260 74
296 329 29
137 151 43
79 103 98
306 206 39
358 302 35
54 21 37
392 43 92
240 145 6
309 343 76
304 360 22
122 193 47
180 345 73
311 160 40
13 338 28
18 186 79
389 82 89
114 72 50
289 179 94
208 3 55
288 132 46
70 272 77
242 159 99
202 115 65
314 363 24
283 174 5
390 335 77
395 126 48
247 387 5
183 287 34
228 263 47
91 276 11
159 10 3
116 176 40
360 220 86
117 163 99
8 116 64
176 296 11
117 104 48
19 396 56
140 78 63
147 72 2
79 335 93
311 95 7
124 145 55
382 359 40
312 210 5
238 201 98
190 399 70
309 78 41
392 197 65
142 146 99
240 283 22
179 253 2
299 209 81
72 101 3
215 141 53
367 168 100
91 378 71
291 100 56
364 236 53
215 348 71
116 167 81
267 45 13
306 106 39
334 187 91
66 215 2
12 266 93
235 280 63
165 102 60
332 186 77
354 134 17
255 41 83
125 2 15
325 87 36
4 287 23
148 133 61
12 258 61
161 227 52
38 290 60
5 377 2
318 338 36
314 25 32
118 188 33
93 209 99
264 104 75
166 98 69
123 20 37
120 399 57
311 247 98
265 162 53
155 331 49
88 166 20
331 317 47
281 118 80
309 312 86
41 168 28
267 104 6
373 211 49
17 44 3
115 245 88
121 338 75
360 358 39
55 256 73
111 205 19
44 8 66
89 243 61
206 361 93
53 208 92
396 138 51
170 46 37
188 163 19
103 238 70
277 303 47
329 39 35
187 305 9
255 272 96
316 169 97
396 59 75
212 310 57
10 368 50
250 211 15
16 174 32
280 170 87
74 72 52
380 13 6
206 393 60
343 143 67
54 29 88
16 382 11
0 34 85
218 202 22
184 344 24
278 380 66
84 127 18
97 96 35
220 318 94
234 229 26
97 327 45
21 156 70
18 175 52
292 50 93
336 300 55
176 337 16
382 322 95
184 40 8
377 287 80
116 311 5
36 361 18
193 390 29
85 286 17
354 144 1
365 275 48
306 368 21
133 195 23
298 246 85
156 43 35
326 87 78
110 138 68
276 147 1
31 372 14
220 148 63
369 265 38
224 24 86
167 243 67
363 237 59
111 68 69
365 252 69
68 279 17
30 263 43
384 95 43
252 305 81
46 386 89
181 253 79
251 366 15
273 15 25
280 243 12
387 50 99
75 256 10
354 250 21
168 98 27
381 176 14
337 76 93
168 194 59
226 241 26
116 205 93
299 366 50
156 120 44
232 280 95
265 355 39
110 139 25
94 335 46
72 274 61
311 187 38
181 305 90
2 34 48
313 317 84
252 377 48
181 257 51
362 384 57
183 319 51
392 132 71
12 229 44
14 262 38
275 226 1
318 320 44
196 384 53
108 384 75
113 167 77
194 229 81
167 38 28
208 218 53
149 318 23
387 335 6
190 236 85
272 189 99
222 377 100
284 380 53
108 64 87
153 156 59
28 290 58
254 390 72
389 171 13
291 308 15
321 65 37
65 263 90
195 30 23
320 304 24
105 187 35
366 76 59
287 84 46
113 177 93
241 170 16
234 359 46
186 151 37
89 50 69
368 109 46
315 288 86
32 368 65
64 368 31
119 344 58
79 376 1
24 130 38
165 34 45
344 339 63
135 382 90
7 246 43
210 41 33
64 249 33
178 327 92
64 196 48
204 368 42
399 315 26
169 374 27
104 344 42
238 351 60
314 244 86
287 320 32
94 13 56
324 154 13
61 32 32
150 343 7
359 208 62
261 199 18
285 148 61
372 393 45
76 321 45
370 367 98
365 359 50
126 53 97
325 324 59
334 309 2
185 381 21
311 9 77
223 32 17
384 174 51
176 159 28
34 377 42
52 150 36
139 121 31
346 84 42
69 49 65
4 367 73
203 285 30
167 63 13
332 148 98
235 139 71
116 31 61
222 310 28
182 246 64
259 286 92
384 164 17
215 398 27
156 114 73
18 228 29
194 25 70
249 50 18
195 46 53
148 80 31
374 111 23
187 163 92
61 227 54
208 123 81
195 1 23
198 311 71
256 194 35
65 18 93
67 315 94
356 191 35
136 338 75
284 350 91
162 372 44
26 368 80
277 174 25
71 73 8
92 155 27
155 92 23
263 86 12
164 250 45
116 347 7
244 32 3
50 207 84
304 263 6
25 169 40
180 111 96
231 190 53
121 125 78
55 129 75
172 351 48
377 370 6
21 295 20
290 282 95
231 101 26
296 115 6
146 252 46
140 327 77
5 345 90
145 165 53
92 46 51
166 263 37
17 73 72
357 304 15
66 254 17
356 81 92
318 317 28
70 318 82
221 283 34
314 364 9
286 233 49
328 254 87
246 11 36
375 169 5
127 245 100
277 232 11
36 19 52
313 19 39
115 42 45
305 213 85
390 234 99
64 39 2
215 280 82
220 95 66
300 325 88
173 264 13
131 375 93
373 145 94
316 228 32
119 101 100
206 272 100
163 321 56
291 166 46
355 124 49
227 336 82
329 195 73
301 341 87
154 156 12
5 336 26
199 365 13
275 46 74
63 130 76
280 284 65
81 71 85
387 112 36
317 131 49
147 292 10
152 249 35
95 336 81
14 157 98
183 259 65
172 304 63
92 49 97
205 248 99
2 94 42
288 174 44
323 260 31
188 28 99
113 78 72
254 253 58
32 226 12
246 150 51
297 6 84
330 131 18
169 165 92
308 200 99
156 359 44
63 267 92
16 351 39
150 258 40
113 183 60
262 142 27
303 9 7
56 367 45
68 112 16
305 336 11
347 366 10
363 109 74
247 42 7
175 152 14
180 395 60
133 210 59
184 311 96
368 74 76
63 269 72
186 29 61
193 37 49
353 124 55
372 16 29
195 93 87
58 342 37
326 272 7
296 98 82
350 79 90
14 183 98
176 5 18
384 387 83
85 364 20
154 264 20
97 242 94
296 4 14
2 319 51
196 65 86
197 77 42
96 356 7
3 58 98
58 249 21
60 114 5
325 215 92
93 162 31
51 98 23
260 294 56
270 31 97
210 5 80
300 32 51
355 361 58
230 380 45
397 333 65
43 206 44
9 85 94
171 257 100
36 229 3
271 243 83
245 377 50
263 122 48
206 144 2
129 21 70
360 235 73
80 398 97
120 171 88
281 181 62
89 124 74
319 361 12
94 227 18
109 278 62
390 87 75
308 113 23
167 356 39
344 340 37
308 154 59
280 109 10
375 32 66
54 388 57
232 59 83
111 325 65
134 6 97
72 8 93
307 265 97
122 135 5
259 234 57
89 304 97
346 274 61
389 326 85
124 193 23
267 172 82
271 231 19
24 272 48
157 52 80
285 14 69
267 397 65
107 318 35
361 366 68
302 116 66
347 101 75
279 169 89
284 92 87
282 390 40
380 47 33
305 168 17
43 101 25
313 352 75
144 101 63
376 266 22
73 295 31
52 145 33
393 77 84
248 191 36
351 118 35
302 314 24
89 234 78
77 182 72
42 250 28
319 160 7
299 84 8
61 263 20
286 41 66
237 71 85
244 396 62
212 294 58
133 398 71
397 366 43
4 253 88
192 87 73
182 375 86
123 329 82
356 261 95
112 178 80
262 170 40
48 140 100
172 170 75
216 200 81
325 384 75
349 8 53
182 185 82
378 219 73
354 4 72
369 301 85
15 194 3
246 33 29
175 317 24
241 393 70
216 149 67
172 111 21
128 379 34
378 279 82
189 374 52
266 236 24
307 304 10
130 310 45
225 109 67
169 131 68
163 44 24
42 391 69
398 220 49
72 87 44
202 303 4
274 361 11
327 387 73
88 231 46
111 393 78
30 232 31
390 153 83
197 399 2
235 32 21
103 201 56
284 307 78
274 0 57
202 158 24
183 61 30
266 251 27
276 142 40
376 11 25
338 27 6
201 236 65
73 130 23
276 109 7
15 342 18
326 260 99
199 374 80
142 24 40
355 298 100
53 6 32
387 47 24
181 277 56
116 84 53
10 204 72
144 8 72
389 239 23
203 265 99
173 376 6
382 188 89
206 102 86
139 292 24
31 394 21
61 124 37
182 89 99
98 205 64
296 30 69
229 339 82
86 306 76
60 352 92
68 308 35
2 388 74
312 294 29
198 225 5
161 231 49
306 142 28
111 266 68
141 311 58
349 153 16
121 329 86
101 301 43
138 360 44
181 276 20
324 63 69
189 216 77
381 398 78
314 46 88
223 299 41
358 317 8
17 371 42
158 127 93
151 286 68
294 144 100
232 307 60
153 234 56
211 146 12
78 87 25
320 88 51
219 282 91
227 365 4
21 318 8
25 98 95
102 86 10
204 155 7
231 391 55
58 135 30
282 6 83
314 138 32
34 235 30
15 54 72
186 211 16
315 88 9
295 231 3
259 221 52
67 72 1
398 268 97
265 167 62
134 189 7
167 166 89
62 98 26
159 356 33
387 308 95
366 77 85
360 319 15
394 203 70
257 300 47
393 380 1
133 253 53
295 30 92
340 353 42
336 280 95
272 214 68
2 202 2
250 174 97
180 333 41
43 367 3
143 199 86
310 361 32
199 280 45
372 304 46
283 97 33
367 41 48
105 163 14
141 117 43
255 173 96
129 274 75
370 81 79
80 291 70
165 346 33
96 338 20
362 268 46
248 3 45
317 38 29
36 3 78
321 180 52
343 274 58
365 247 55
373 201 17
116 217 31
23 318 36
179 59 17
75 37 94
189 244 47
177 188 60
57 12 51
187 362 57
63 6 69
315 237 30
299 180 16
214 376 100
248 39 85
222 98 54
295 27 79
253 158 29
153 41 66
71 37 83
294 41 5
186 76 20
265 64 10
82 388 50
347 95 63
38 327 81
355 215 26
62 339 48
77 27 42
232 223 35
285 41 4
73 116 35
243 322 36
69 310 11
260 206 24
36 251 29
180 105 17
74 130 32
121 14 11
260 218 99
305 253 58
267 51 58
174 338 61
248 270 64
278 88 73
137 37 2
278 125 73
194 397 60
277 373 69
95 205 16
398 376 78
195 245 12
31 194 73
43 283 89
310 283 13
96 261 89
118 255 77
381 96 99
273 1 30
48 3 55
253 382 12
397 263 57
370 69 97
65 94 77
323 236 36
219 360 47
162 121 34
88 314 68
164 365 69
139 240 28
390 90 94
101 171 14
289 238 83
112 359 62
27 33 31
46 128 54
173 204 17
108 198 83
265 74 50
144 266 56
26 346 88
167 375 40
247 231 89
126 52 71
318 99 12
329 163 28
129 397 59
126 120 88
254 158 37
98 344 23
253 340 22
123 134 34
338 78 39
384 214 25
259 98 35
377 117 91
190 99 22
345 113 25
24 33 31
328 128 78
384 117 59
36 314 21
18 308 11
385 325 26
249 327 20
91 161 68
337 234 7
107 238 93
286 115 98
159 322 85
110 175 71
95 305 55
291 335 83
173 361 14
39 153 11
381 318 8
100 163 6
259 160 8
327 137 13
376 268 4
1 300 11
336 140 28
33 85 85
305 302 12
96 84 53
248 73 42
112 201 52
380 294 43
37 352 30
264 370 13
171 297 94
208 396 23
115 222 80
240 63 97
100 341 79
82 173 78
80 3 66
51 293 20
50 238 28
77 88 37
151 97 77
134 285 95
265 398 1
274 56 58
89 283 28
308 58 74
30 124 76
137 315 37
229 137 9
314 356 75
281 249 85
48 215 8
129 331 48
181 204 86
160 329 93
19 96 19
234 118 69
54 56 49
143 319 91
380 226 89
86 182 13
254 207 24
219 161 34
11 27 54
58 349 55
48 24 99
352 4 15
354 269 36
156 53 40
62 305 71
199 348 73
256 202 93
237 336 77
3 242 67
246 121 79
181 379 10
150 112 58
87 143 65
164 369 84
1 205 79
292 256 2
18 185 80
360 89 23
106 12 10
173 213 71
199 181 35
183 67 67
350 300 55
61 97 40
38 262 87
331 38 80
5 288 47
143 292 13
183 86 6
345 276 86
272 30 22
214 318 65
191 284 54
308 114 36
100 71 1
81 158 2
194 140 75
36 26 33
369 251 27
357 146 84
19 101 66
53 283 20
371 388 34
219 102 19
282 158 94
359 82 27
26 201 49
357 47 87
240 88 5
161 127 98
99 312 4
179 127 54
317 171 37
281 129 86
306 136 49
70 377 94
157 126 71
320 27 72
371 316 35
374 209 63
55 359 95
67 269 63
21 308 16
108 159 75
86 311 31
332 398 32
263 272 93
295 284 47
183 239 33
166 207 17
170 71 99
31 198 62
324 339 67
8 191 7
189 182 35
295 42 16
304 108 92
92 87 40
92 141 54
291 137 62
45 32 6
255 146 48
18 373 11
115 56 73
0 292 16
88 230 91
327 196 20
271 32 15
291 103 1
234 293 32
52 199 23
149 48 65
98 194 80
1 53 65
397 168 33
136 368 10
76 88 19
89 226 94
20 173 81
16 175 14
279 31 18
235 256 19
237 199 76
148 118 81
373 128 97
288 228 44
23 264 95
164 380 51
7 386 36
264 352 91
32 71 20
193 391 91
338 129 92
387 56 10
84 361 61
178 200 8
119 351 89
100 360 3
116 54 16
263 59 98
193 44 14
184 189 19
184 298 89
47 118 24
224 78 75
221 238 88
381 204 61
23 360 57
98 319 57
52 217 8
395 75 21
298 56 60
244 216 23
99 255 34
388 386 95
96 92 91
68 232 57
49 234 47
296 167 61
345 44 26
31 337 2
368 307 49
219 255 70
1 153 26
4 111 34
37 243 28
90 128 69
387 317 67
181 170 88
395 341 16
351 190 67
258 121 6
192 286 72
39 84 15
295 63 55
371 38 69
222 262 7
222 5 30
355 248 49
164 217 15
111 275 55
51 67 20
298 327 83
264 342 64
42 167 56
158 323 70
51 296 10
204 326 97
318 382 45
328 206 55
157 204 52
21 175 58
227 360 73
312 309 79
259 63 20
143 158 24
180 231 98
145 256 57
61 175 27
114 25 10
72 356 49
4 137 1
81 330 15
398 262 73
223 6 85
90 73 98
339 323 58
226 106 24
109 5 40
244 33 3
336 397 13
73 193 72
153 62 52
216 354 9
395 306 3
34 327 85
259 368 100
366 258 93
44 31 85
48 386 99
285 195 42
95 379 77
387 105 94
290 164 84
315 313 66
109 71 41
299 196 90
66 345 46
61 204 49
212 191 82
359 206 1
92 295 67
247 318 93
127 182 65
263 58 98
136 297 91
67 230 83
280 133 86
282 383 70
195 397 57
187 166 74
28 19 43
185 316 19
321 336 90
335 20 24
210 127 11
280 80 74
198 398 76
130 269 60
53 327 33
190 25 74
260 7 98
370 330 78
389 157 85
153 342 11
230 326 52
307 162 64
327 40 19
104 22 46
379 106 1
173 390 23
291 139 33
260 279 90
327 154 25
276 308 14
321 216 25
11 81 27
80 52 7
213 290 68
151 23 89
347 181 46
255 185 88
377 209 33
149 358 87
389 124 25
31 205 45
213 314 87
12 121 59
319 237 98
114 363 28
283 176 91
142 65 74
284 256 74
303 175 83
31 369 63
393 152 22
157 285 100
326 328 48
21 313 53
372 214 74
251 310 82
26 304 21
304 389 44
277 290 57
196 146 7
199 129 22
365 69 76
203 160 59
132 95 98
234 285 91
151 189 65
342 228 93
209 36 65
38 215 48
261 235 91
170 397 33
283 256 93
0 343 97
118 92 94
366 28 11
131 95 64
93 210 100
216 1 80
255 77 87
392 268 44
145 379 96
153 357 61
173 180 58
160 179 7
338 239 31
385 148 5
83 310 66
85 204 28
92 80 41
118 149 12
394 148 86
147 155 81
365 320 35
318 267 57
386 130 40
164 271 32
118 232 27
375 229 29
181 262 94
337 365 26
101 112 41
354 257 9
207 242 10
344 397 93
301 5 44
147 247 26
35 227 50
253 372 100
358 205 34
220 212 42
278 59 35
121 25 25
202 320 61
218 2 30
38 195 21
87 139 19
216 343 30
377 110 9
58 181 50
155 381 69
286 8 44
85 7 19
258 13 64
128 44 48
184 294 92
130 82 20
184 92 47
356 324 21
329 351 76
178 146 94
139 71 68
235 386 64
252 19 54
250 60 94
184 383 55
238 380 2
392 333 55
331 96 95
76 225 15
345 181 83
8 235 45
313 395 13
303 381 12
64 189 75
114 128 90
326 72 70
183 370 59
284 205 42
332 4 24
163 316 68
160 356 3
174 301 92
388 282 63
231 206 91
92 319 2
167 261 96
197 107 79
150 277 75
395 93 52
206 170 73
114 257 48
251 16 58
391 223 100
330 239 19
20 202 48
158 22 40
287 293 38
199 79 34
217 250 98
334 278 7
196 388 78
38 294 52
356 224 21
55 343 92
376 57 29
284 370 67
58 176 98
107 34 6
177 246 100
389 195 72
220 373 70
396 387 43
313 60 23
78 121 32
39 203 65
120 102 31
355 1 33
141 226 12
159 171 8
78 145 83
163 32 90
346 129 59
151 183 79
219 303 38
319 51 96
306 318 93
328 268 51
164 111 48
121 262 23
329 57 38
73 366 7
129 355 54
372 384 59
375 336 70
73 129 91
87 202 9
26 283 15
201 123 58
17 188 31
193 23 58
94 365 27
11 397 81
94 156 24
297 274 95
343 122 39
92 136 23
78 296 33
24 243 6
146 277 68
222 94 42
280 230 35
294 182 11
223 221 69
329 95 37
334 305 73
338 93 83
389 260 67
286 180 79
63 293 54
180 65 16
171 123 41
82 287 37
328 383 33
383 177 77
308 392 63
399 123 89
154 31 31
170 237 54
133 49 73
323 231 15
58 153 32
27 88 53
206 294 51
135 301 60
75 293 95
304 137 31
120 27 69
15 322 77
151 154 75
53 353 19
13 239 83
200 309 63
267 54 77
127 391 38
172 125 7
345 184 59
18 291 30
94 234 27
123 90 69
275 328 35
168 162 91
283 31 98
336 64 83
25 128 20
119 293 31
77 324 59
332 236 33
117 237 7
55 159 47
74 399 19
63 209 95
269 329 8
388 231 18
98 85 68
6 324 73
322 257 37
71 226 80
317 119 7
53 242 43
334 36 38
105 182 38
279 340 7
317 154 45
118 289 2
227 78 35
158 290 20
273 240 62
179 247 4
273 110 39
7 347 36
64 103 89
275 136 31
50 150 61
290 150 49
326 222 44
336 267 21
123 395 21
360 155 29
262 301 58
372 395 70
276 269 94
1 47 48
24 80 32
129 54 98
210 34 52
288 230 18
388 200 88
64 47 97
135 81 26
76 70 4
217 131 56
9 90 50
293 21 3
96 158 84
356 185 53
173 139 70
101 285 25
304 39 84
326 92 9
26 116 39
18 342 79
31 15 58
123 280 58
192 163 26
112 130 28
28 319 30
389 17 35
290 15 90
14 253 76
262 220 48
313 62 70
3 363 35
354 300 79
384 190 44
123 146 51
171 244 63
74 293 66
313 182 65
248 175 24
380 173 72
84 170 88
178 195 82
89 176 5
206 270 30
85 335 99
208 213 56
115 352 66
368 110 83
328 26 31
177 395 35
242 85 85
363 29 90
139 186 74
53 262 2
142 15 27
243 245 61
137 359 31
76 82 38
78 189 97
23 61 12
365 325 43
297 151 88
92 47 64
304 274 66
187 92 6
389 367 58
392 362 44
343 245 34
180 214 33
172 30 71
182 235 82
313 6 2
232 275 89
127 87 23
73 320 78
35 102 23
76 81 38
167 157 33
349 288 62
279 162 33
213 174 96
83 45 68
83 158 97
50 70 33
58 298 43
10 19 26
261 64 8
382 23 71
194 93 96
82 170 86
142 76 100
398 212 29
150 33 39
276 77 61
204 399 44
320 108 43
64 270 32
327 203 52
23 109 16
84 379 30
217 339 7
152 277 29
24 322 74
12 299 60
260 349 74
164 35 27
290 196 14
286 135 52
377 3 51
31 386 73
35 159 48
313 24 65
252 232 8
360 70 3
103 62 75
249 65 7
338 257 14
393 14 88
158 236 98
357 44 12
40 181 76
134 286 1
80 356 47
311 106 66
180 51 77
151 304 93
206 246 93
241 105 92
96 223 62
239 248 35
18 148 61
274 149 33
298 223 81
181 254 22
299 359 25
121 185 60
386 105 30
103 89 36
84 366 56
156 379 83
243 78 31
19 255 79
249 216 60
201 63 28
253 28 44
193 7 87
215 48 99
371 139 28
386 212 10
26 292 43
45 50 28
19 228 97
237 292 78
287 246 10
180 340 23
5 64 30
159 398 72
171 17 89
51 131 11
210 234 86
66 290 60
91 304 16
132 92 58
320 374 36
134 225 100
321 391 24
311 353 3
381 217 4
34 23 90
36 315 78
388 75 61
290 208 45
207 334 39
323 187 96
254 100 94
91 238 4
342 164 87
183 207 97
138 332 64
66 178 80
151 31 100
334 19 98
278 35 85
325 259 86
227 47 71
113 171 74
36 323 97
63 266 65
212 280 6
201 381 15
317 337 15
258 392 87
294 373 48
322 244 96
42 381 57
247 29 73
217 279 56
248 349 2
290 142 25
40 355 31
229 27 61
368 67 46
343 75 94
233 309 20
376 321 31
125 195 87
267 354 69
137 10 51
79 24 40
61 67 22
77 326 40
77 305 28
127 377 96
34 258 55
182 208 47
104 93 94
154 164 53
114 211 34
304 139 36
79 286 93
231 69 97
353 154 41
360 107 83
79 255 51
261 267 9
359 380 66
42 193 57
13 132 92
171 360 62
151 363 3
183 293 99
316 237 55
64 161 20
340 286 20
20 175 49
9 59 17
299 231 46
194 100 84
147 215 7
1 233 90
243 59 7
180 160 48
165 18 34
21 223 77
138 120 42
163 319 57
64 149 62
310 202 89
122 23 73
254 220 32
190 233 67
193 320 34
389 37 63
223 349 12
0 62 54
392 85 32
37 233 54
346 164 29
268 146 49
243 174 87
116 326 39
105 139 83
258 280 12
395 37 94
264 213 55
299 172 58
60 237 42
40 315 1
355 19 71
386 23 13
268 17 25
123 126 59
78 379 78
279 259 28
244 375 67
14 94 98
177 23 64
18 316 94
114 43 78
20 176 89
268 38 46
319 379 75
71 239 68
151 230 92
69 348 7
170 319 24
62 109 19
88 391 55
286 347 26
309 236 80
337 128 73
302 332 80
84 278 65
12 16 59
27 138 72
78 9 70
231 107 85
365 151 30
17 222 72
331 371 41
286 331 58
289 92 93
6 130 70
42 92 44
343 314 47
11 311 32
257 285 94
59 392 35
378 8 83
288 282 89
265 227 11
10 108 22
2 175 14
235 175 50
58 366 91
375 322 11
28 55 25
143 327 43
321 234 95
309 399 14
390 321 42
244 100 99
303 260 30
286 322 20
317 31 28
262 203 6
225 46 95
43 106 6
374 128 81
139 314 77
242 52 25
181 75 19
346 76 73
39 85 44
246 30 45
363 63 45
212 335 29
391 38 68
186 360 60
54 18 83
160 108 26
189 12 65
50 361 14
364 73 10
321 145 44
317 58 71
40 10 30
179 319 83
145 295 16
164 161 74
222 220 3
365 251 59
158 160 1
345 269 5
284 360 63
278 136 95
211 100 39
323 233 71
32 84 65
110 274 57
148 178 88
294 337 38
70 343 91
172 176 5
289 6 82
216 159 55
366 316 24
150 102 100
343 5 94
358 88 69
345 200 26
233 388 85
2 224 4
72 58 64
75 30 77
254 89 81
387 141 64
276 87 34
357 99 67
275 345 97
382 298 13
196 38 61
346 325 59
386 261 98
122 141 24
395 195 96
86 255 49
133 382 76
335 108 95
251 322 3
141 251 82
311 273 30
84 283 4
279 58 19
386 238 47
343 341 39
186 284 67
269 9 26
99 367 44
225 252 36
68 65 77
189 145 74
39 290 68
316 117 45
318 208 41
394 266 97
373 165 3
274 4 27
308 61 65
307 117 44
197 70 5
366 169 94
333 238 48
56 349 80
123 378 71
355 344 76
81 1 36
163 391 42
393 357 23
212 108 14
159 264 45
316 247 65
359 317 34
242 339 19
37 153 5
382 201 29
23 25 40
146 96 48
282 224 31
396 17 76
163 329 62
358 360 43
315 125 20
335 293 78
200 214 75
47 197 66
51 26 57
40 196 34
207 148 88
184 357 34
181 13 46
62 206 12
207 172 96
84 259 30
110 188 54
94 250 25
255 333 59
219 71 86
135 363 43
101 24 62
325 201 35
367 365 42
61 341 6
225 192 71
75 354 94
398 4 74
165 125 93
119 153 31
37 39 31
21 199 59
74 324 47
14 334 57
349 148 5
356 64 15
110 225 60
388 144 35
337 296 72
352 40 19
249 397 12
323 102 14
71 124 18
353 225 20
70 292 100
108 168 81
38 273 13
209 233 65
228 154 95
307 177 16
174 280 51
300 278 45
147 317 87
222 11 94
175 44 52
52 242 85
110 336 43
188 193 97
274 271 78
393 295 54
136 80 100
177 339 99
104 148 20
382 125 80
180 176 86
216 311 61
340 266 28
30 237 94
113 238 11
372 273 64
57 172 67
226 259 83
324 130 14
382 313 47
399 382 86
352 300 77
264 186 43
234 292 84
289 217 64
295 318 80
179 205 13
214 223 20
106 97 39
361 6 85
323 347 55
10 3 46
187 26 30
387 191 98
161 244 94
156 16 52
273 304 86
89 383 45
71 294 54
158 17 4
199 202 13
294 335 98
45 14 52
215 208 45
388 96 66
65 96 29
51 312 76
184 276 100
243 154 5
185 305 31
256 94 97
368 234 75
121 133 39
280 70 97
289 29 71
105 80 21
63 347 8
71 364 31
93 217 35
248 112 81
165 162 72
213 348 97
274 99 36
284 392 78
119 165 1
85 206 78
60 268 5
350 279 85
292 82 47
332 270 18
251 308 60
227 266 65
79 41 27
15 175 34
178 328 78
186 146 23
65 333 26
91 85 82
292 181 48
185 283 28
166 360 89
35 393 15
267 254 87
340 203 10
373 293 84
232 249 49
311 128 55
140 103 68
357 233 6
111 236 47
148 223 39
354 353 58
341 90 60
31 109 63
163 268 36
183 41 83
217 368 31
16 264 75
127 14 44
178 20 47
397 278 51
140 9 83
216 137 88
137 309 23
280 273 14
145 306 27
228 91 90
24 110 20
96 178 87
201 250 27
0 260 36
134 343 37
10 313 1
220 112 96
365 143 91
331 207 74
221 356 34
382 97 1
42 269 49
4 207 81
231 54 75
116 93 97
117 20 57
139 393 9
86 341 99
281 285 81
330 210 9
143 120 1
23 111 38
205 392 67
42 91 57
55 2 21
285 141 20
59 51 16
42 87 23
328 3 44
236 30 72
233 260 29
57 38 60
363 52 61
160 96 57
280 13 61
319 7 73
79 32 48
50 178 90
206 307 72
398 272 26
351 94 7
249 233 12
379 50 55
28 182 70
53 197 82
247 149 88
280 296 20
184 16 99
122 182 29
397 345 3
213 219 2
123 91 51
255 223 11
96 280 56
4 302 69
106 337 39
187 107 83
328 312 73
268 348 45
68 108 8
344 47 65
213 220 98
68 142 98
383 73 4
364 370 21
72 149 92
176 22 93
379 355 21
150 196 1
152 272 67
164 389 76
242 317 73
175 35 75
251 335 46
371 354 59
155 311 68
197 91 5
150 51 31
68 101 2
19 343 84
224 25 39
354 163 13
185 26 8
200 340 50
225 114 49
265 103 51
188 133 60
291 66 40
325 339 35
368 201 54
243 85 49
366 228 19
44 19 44
130 112 73
34 369 20
254 240 96
78 36 19
24 221 61
315 201 91
20 233 23
163 97 73
135 104 5
31 361 35
206 119 68
220 21 14
234 363 89
183 351 94
324 38 8
315 80 37
263 278 45
207 167 3
178 11 92
132 41 79
111 115 54
133 279 79
252 46 95
338 318 27
222 20 22
46 180 96
277 180 84
208 242 69
62 44 6
219 160 16
214 302 60
111 188 85
111 24 96
381 34 11
375 315 32
206 205 44
28 336 43
79 296 73
107 178 57
399 111 62
155 41 91
167 342 7
206 114 24
137 77 86
381 335 21
4 323 54
147 89 99
128 147 3
140 299 64
380 384 22
390 136 71
82 301 94
225 3 76
233 343 88
194 74 62
20 224 82
356 109 36
395 83 93
182 293 21
306 361 14
246 124 86
10 66 65
360 322 61
378 12 69
253 292 96
358 31 94
232 196 92
43 3 47
252 222 48
252 138 99
251 367 6
158 301 12
1 85 31
69 201 36
150 350 31
175 332 57
373 71 88
197 208 88
368 32 41
344 113 28
39 266 48
58 378 68
224 14 67
258 57 25
185 374 96
18 144 90
350 152 13
260 240 17
343 127 1
211 75 85
87 381 95
8 61 36
14 267 54
377 337 2
215 267 93
87 290 73
105 32 93
180 266 68
165 106 69
29 160 96
45 365 72
391 291 19
91 63 96
13 10 90
19 371 41
51 353 18
395 52 81
151 289 80
314 196 49
399 154 78
210 387 68
49 142 51
228 49 91
196 390 27
77 379 68
115 165 100
9 91 35
217 318 85
197 299 48
289 231 29
87 9 53
64 4 35
190 388 34
367 269 21
255 290 39
231 2 5
100 148 64
194 28 67
43 117 65
373 302 46
128 99 49
126 378 76
378 256 31
296 323 30
237 130 98
75 309 70
307 131 50
130 318 27
104 181 13
308 170 84
377 321 51
248 254 29
249 293 14
319 282 79
388 268 17
39 164 100
38 302 25
293 150 7
92 34 23
144 311 58
385 351 33
113 275 63
103 65 93
378 321 75
19 218 60
100 211 38
117 62 27
141 232 16
282 318 4
75 68 70
56 361 63
385 124 84
176 84 36
114 259 88
188 355 97
256 140 32
296 89 26
264 131 97
188 282 28
103 2 29
86 37 71
274 308 52
112 82 41
91 14 1
94 391 78
331 242 40
82 378 26
270 326 76
83 271 34
302 265 18
184 339 90
7 87 13
63 117 62
73 348 63
183 117 73
63 328 91
54 278 71
98 367 37
230 296 19
316 50 18
41 314 52
57 89 15
175 122 48
25 226 10
282 57 5
284 32 4
169 377 5
257 375 96
194 359 45
176 312 95
285 172 61
267 374 26
323 215 39
242 335 69
103 69 29
120 271 74
91 137 31
266 271 94
355 30 68
206 331 9
217 151 7
70 40 65
221 303 33
98 88 72
186 178 67
113 153 53
321 151 74
91 293 76
394 319 30
320 257 39
342 67 58
336 315 33
165 299 60
326 22 77
394 155 81
375 347 67
277 230 19
156 158 89
105 64 57
165 168 41
260 142 49
224 278 100
341 102 20
281 131 76
174 233 97
38 146 58
261 136 42
255 380 96
357 319 52
275 257 98
23 68 70
309 282 41
366 13 43
125 261 17
13 55 42
134 326 81
155 80 61
212 83 75
166 96 93
369 226 87
360 100 91
395 377 67
358 114 1
266 54 61
15 284 6
107 139 98
248 343 41
298 10 3
176 282 76
341 111 95
87 366 26
358 239 1
188 140 34
45 149 89
148 371 98
102 93 37
327 393 71
226 2 50
397 200 76
278 272 96
162 146 56
69 101 19
14 8 84
222 358 93
64 285 79
397 296 91
71 196 43
251 303 12
335 243 10
185 225 65
304 226 79
124 59 61
210 146 86
77 127 68
170 122 81
355 35 20
343 240 32
79 93 44
35 270 10
127 277 12
85 246 94
89 206 69
184 335 44
175 180 45
51 253 89
133 171 42
29 4 53
48 258 57
110 86 81
57 267 33
168 23 97
113 109 17
231 319 31
25 297 75
19 153 5
270 324 6
173 368 35
306 243 15
280 87 21
368 383 45
235 194 40
95 320 39
210 114 25
8 158 5
343 272 7
272 87 34
357 354 13
106 251 40
85 292 61
297 153 87
232 73 69
135 254 5
200 234 52
157 254 37
276 105 66
2 234 19
62 189 22
110 104 88
367 57 76
350 221 41
100 110 12
121 359 34
357 202 12
141 318 65
178 170 33
268 295 61
245 97 79
325 29 80
127 70 33
339 200 88
113 256 45
202 147 96
294 389 61
256 261 36
84 326 33
35 8 30
43 394 27
325 26 94
241 237 100
163 40 98
328 123 12
302 267 56
257 91 91
6 45 39
126 219 10
165 364 62
312 285 73
21 213 67
353 22 45
11 59 16
335 261 28
8 50 12
243 379 61
362 104 9
290 121 78
378 368 10
233 37 78
34 301 98
103 297 32
85 191 5
118 170 48
239 43 28
50 303 47
78 292 79
333 92 55
39 189 48
153 325 20
153 58 3
316 221 47
272 316 75
281 160 20
38 204 59
177 131 43
378 217 51
392 188 82
123 361 34
11 205 15
122 33 90
105 175 45
116 256 16
200 268 91
10 375 45
65 220 86
299 181 68
313 388 10
203 352 54
268 98 88
154 397 3
37 124 17
216 129 26
41 248 82
179 118 49
390 377 71
282 69 27
190 201 47
186 197 80
214 333 4
113 274 83
194 71 80
305 326 25
19 340 71
168 391 100
178 60 26
185 62 74
114 2 33
60 169 3
262 397 28
304 20 38
149 62 86
36 199 54
385 390 51
269 110 37
277 399 54
207 241 97
302 6 73
288 17 63
213 228 40
59 244 93
166 397 34
271 140 45
36 368 16
317 64 43
149 27 90
347 82 77
166 316 32
297 314 28
20 343 20
0 84 24
397 18 58
44 55 54
108 14 17
93 318 66
198 187 64
183 132 77
221 182 26
139 123 97
260 3 16
122 246 61
340 313 13
326 358 5
31 283 35
288 244 22
223 45 10
299 319 25
389 0 19
89 358 4
222 99 94
134 70 28
316 367 6
93 353 47
269 382 38
351 76 31
326 130 61
237 144 92
177 3 83
157 135 85
35 164 92
288 154 70
81 179 90
226 87 72
254 328 89
303 13 3
331 268 42
198 263 58
278 285 26
269 8 58
379 344 2
40 329 31
67 198 40
383 328 8
82 134 87
370 199 90
146 346 67
123 136 85
138 202 74
247 123 24
80 282 81
131 322 35
199 254 53
95 278 23
203 147 42
311 397 23
237 278 89
271 274 48
352 298 34
5 108 31
340 271 40
394 283 1
59 203 76
369 219 87
107 9 50
211 278 1
4 315 64
123 216 77
88 377 76
390 121 90
110 81 48
77 270 63
371 217 15
3 158 40
26 362 76
359 179 21
282 152 33
224 337 86
213 212 95
387 31 80
205 381 77
351 9 84
388 101 30
91 99 87
194 33 55
163 306 83
157 325 44
55 213 49
157 191 92
129 340 92
0 392 91
26 49 40
97 334 16
104 321 100
231 349 96
218 92 57
390 392 83
322 291 4
75 70 77
328 139 9
212 376 61
399 243 89
290 295 67
194 27 9
182 292 67
158 118 58
125 117 13
96 167 33
394 325 29
170 212 32
297 173 2
12 360 90
154 220 87
41 15 29
58 393 33
237 138 30
339 170 2
103 256 4
52 336 83
335 199 48
85 73 64
320 62 38
250 334 100
385 356 9
237 3 54
219 399 27
218 187 43
29 363 51
93 49 10
335 253 76
38 29 38
129 219 36
396 71 23
334 150 41
52 19 61
386 291 26
192 374 25
120 248 84
215 265 18
344 162 98
174 348 99
161 339 82
293 284 89
24 294 93
361 186 6
53 182 43
298 241 59
229 70 58
136 102 32
253 104 91
137 155 52
252 341 25
296 19 84
234 353 5
138 268 6
147 372 42
26 367 75
5 151 57
379 369 42
365 326 59
113 152 30
39 238 18
399 271 52
6 374 89
314 235 80
18 174 24
154 237 20
14 385 78
383 367 75
384 118 74
98 342 99
244 26 46
337 285 36
304 36 96
141 230 96
193 279 54
301 191 76
176 24 95
81 191 50
32 147 77
164 156 79
284 5 58
264 285 1
13 163 38
336 277 15
89 221 44
271 392 23
330 204 90
62 366 63
202 236 69
10 247 10
123 62 28
54 136 26
87 181 76
148 385 90
347 244 22
210 302 9
156 185 83
77 250 10
102 131 11
155 101 31
203 54 98
100 25 69
80 154 63
253 121 54
343 219 14
99 385 53
364 9 89
172 69 58
131 72 81
102 323 22
282 28 45
139 124 98
385 141 14
184 17 66
3 259 78
379 22 86
215 317 37
380 58 24
296 246 6
354 127 63
160 40 26
175 370 98
166 295 40
12 122 70
342 373 57
153 35 3
341 11 54
356 166 73
135 42 10
21 382 81
52 48 52
312 67 53
170 382 65
192 113 68
132 203 13
377 165 40
233 91 12
341 159 50
271 141 32
217 227 14
245 2 70
112 302 61
54 284 97
330 337 93
224 164 90
296 152 8
13 23 73
49 377 45
64 84 65
114 325 65
362 143 28
222 51 42
99 67 58
94 233 6
367 247 78
318 239 34
8 154 34
89 128 12
24 200 17
258 164 60
205 285 22
171 236 24
276 303 74
349 290 29
374 38 24
101 108 11
37 128 60
215 158 98
198 159 17
88 259 17
105 77 47
304 357 7
309 398 23
209 351 55
26 143 42
188 369 33
16 106 16
370 366 30
232 174 80
140 6 9
167 74 99
75 231 70
339 162 97
312 274 71
131 76 31
225 28 75
171 253 92
240 191 74
364 22 82
109 379 58
282 96 88
335 299 49
286 317 73
358 151 74
169 59 30
341 59 62
183 243 90
368 260 25
22 95 82
205 374 76
331 178 73
253 60 46
139 244 57
72 42 70
373 314 71
178 110 33
130 5 39
318 30 33
295 142 18
134 322 50
255 308 77
157 68 67
230 288 68
118 264 10
46 357 35
270 130 65
229 23 77
327 228 57
39 389 88
382 214 86
14 4 65
354 206 8
88 340 77
112 373 62
129 15 50
308 51 12
371 164 32
326 77 70
191 2 5
161 101 5
27 269 13
387 44 66
348 89 94
142 189 98
252 89 70
160 148 77
270 346 38
136 232 67
206 219 53
111 331 28
384 61 80
324 58 7
295 37 67
47 192 48
24 159 96
288 340 96
194 301 16
71 329 94
172 156 40
189 266 43
303 112 7
358 307 34
293 231 59
96 135 80
65 309 11
118 0 69
82 281 42
225 97 61
123 229 40
32 123 68
196 175 2
343 90 3
283 100 31
48 368 4
206 108 67
265 77 12
98 240 51
393 369 30
137 339 41
399 76 59
237 123 75
269 176 85
300 68 31
127 103 29
312 344 84
168 319 34
86 241 70
87 215 23
394 208 37
163 308 30
148 21 40
208 44 82
95 340 17
239 3 86
317 163 47
372 321 91
245 83 84
72 37 20
246 363 68
372 250 6
320 237 74
225 173 40
327 252 70
68 215 13
291 13 56
135 40 44
288 201 83
303 281 40
154 132 39
330 234 85
158 93 89
125 43 83
53 130 55
179 286 19
66 71 71
169 55 76
248 336 51
391 119 8
44 86 74
216 34 33
309 82 24
112 294 43
225 70 20
394 10 85
280 295 54
85 215 34
236 205 57
255 257 55
376 189 39
177 120 50
15 173 15
216 42 89
134 253 61
289 18 60
291 257 40
231 385 3
227 399 78
13 344 40
207 38 40
317 224 43
160 320 25
109 129 26
93 100 27
246 37 82
170 180 24
151 179 98
316 46 45
194 381 41
99 11 94
350 90 61
298 326 7
208 251 60
87 280 68
363 254 10
369 132 63
283 163 96
77 392 66
77 331 12
98 378 53
173 238 20
144 373 67
41 100 73
13 250 96
35 128 34
285 59 51
241 267 48
156 139 46
103 386 23
54 63 76
399 132 30
116 162 28
348 139 65
142 147 28
359 266 75
19 91 34
257 112 93
300 198 15
293 376 98
68 276 38
40 79 25
114 238 77
110 190 96
65 162 5
182 91 71
378 209 85
152 176 8
359 347 60
274 352 39
196 51 21
326 290 95
210 155 67
291 62 42
259 200 39
334 132 9
268 212 60
85 259 34
386 257 71
237 245 29
159 267 84
56 152 74
280 258 30
388 59 92
51 113 64
10 131 66
110 241 60
49 98 59
136 364 71
362 218 16
342 153 34
17 118 47
13 301 96
315 200 50
201 38 93
152 115 94
132 91 66
127 314 75
279 293 79
364 230 39
345 205 56
186 91 93
216 307 72
332 261 14
97 316 5
173 100 3
393 24 19
271 185 38
255 347 88
293 304 3
363 274 61
76 346 43
172 349 85
182 130 81
348 313 37
165 145 51
218 12 13
356 14 77
358 99 93
392 30 18
219 365 54
129 148 77
227 182 46
294 195 16
302 107 53
346 232 30
256 277 67
328 247 91
265 42 32
357 178 20
267 294 76
291 173 1
146 88 72
196 88 43
3 367 48
143 69 94
116 385 78
331 256 11
269 234 46
57 32 30
30 290 10
15 78 54
338 31 68
21 97 77
243 230 85
333 320 22
36 333 70
37 103 41
142 79 49
281 66 3
61 116 22
252 370 67
127 376 18
380 255 66
314 2 76
143 287 52
20 199 79
241 200 97
259 354 96
43 324 27
330 333 19
329 190 28
379 292 59
189 292 21
17 355 75
271 351 17
170 281 42
296 121 89
350 89 55
61 264 61
120 262 44
167 296 48
394 356 4
258 17 50
171 51 66
2 154 13
78 305 1
386 76 4
354 272 15
17 191 79
167 152 67
38 21 57
263 112 36
263 370 66
339 282 40
154 20 47
315 321 44
231 173 4
68 337 52
20 33 18
246 40 25
31 289 3
242 22 75
176 299 26
0 263 37
90 367 2
231 167 73
124 351 32
211 267 55
246 340 94
322 207 70
189 241 22
246 302 37
56 336 50
89 263 24
367 344 95
250 67 40
104 74 82
244 207 19
181 188 72
271 240 57
388 368 59
15 186 28
217 22 81
77 245 13
258 293 98
9 276 66
263 388 2
176 297 71
311 226 46
130 393 73
117 261 10
65 172 97
216 222 35
210 96 85
268 256 38
29 252 51
304 279 38
388 227 3
179 104 88
247 137 28
36 330 17
65 146 1
225 380 66
156 132 96
266 111 94
25 260 78
63 334 58
196 216 8
348 261 36
339 239 28
209 339 72
238 225 79
48 16 32
328 264 14
62 143 31
189 281 90
260 8 10
223 230 65
58 126 26
196 43 19
397 187 17
306 312 85
331 154 100
246 171 1
349 220 96
390 69 32
191 237 7
304 248 61
232 167 21
61 319 47
14 117 81
278 10 45
262 339 8
77 100 42
288 223 29
50 204 59
366 116 5
91 324 15
26 139 13
371 47 4
397 340 19
158 358 57
396 205 39
370 252 78
311 393 40
118 173 97
308 393 79
49 92 91
69 265 93
368 17 92
293 356 5
354 335 12
118 47 8
141 119 69
166 141 67
328 142 67
313 186 65
118 130 13
265 197 77
287 236 55
95 288 1
134 321 7
329 308 70
87 30 62
234 321 83
239 79 69
235 298 83
59 19 83
238 37 65
207 240 45
252 120 14
65 93 43
247 14 2
355 253 17
266 354 24
345 239 46
213 199 27
120 185 100
363 268 43
380 251 42
31 179 9
346 311 14
140 254 23
271 298 66
67 178 25
95 132 60
234 221 34
127 157 78
345 32 89
68 331 48
345 356 57
230 258 85
222 207 79
314 220 33
44 326 81
160 304 56
328 70 20
368 108 71
118 343 51
83 53 7
154 134 19
206 105 81
282 159 86
149 226 71
14 134 9
391 282 18
325 235 48
93 343 76
99 272 14
264 319 12
91 335 16
272 249 79
30 179 5
78 42 33
0 360 70
375 224 49
83 119 24
292 324 77
200 326 70
12 181 1
95 142 98
60 226 81
52 213 41
70 85 63
373 232 89
136 79 52
140 235 77
355 83 6
236 329 70
294 282 22
385 209 35
282 351 61
260 387 11
225 338 80
258 296 3
5 344 8
264 232 4
364 343 61
292 94 38
128 131 63
191 238 87
382 100 53
40 142 87
209 10 79
364 216 31
135 52 76
299 109 93
61 273 95
73 36 31
303 194 64
242 253 93
305 153 41
384 115 16
239 345 93
168 369 74
281 117 91
133 385 3
318 388 41
325 193 10
372 399 68
341 46 7
77 155 35
267 75 11
362 195 22
86 34 31
61 386 25
115 393 22
318 214 68
268 366 73
382 301 46
309 14 91
111 240 36
20 14 40
339 299 26
25 321 19
318 166 34
185 278 41
115 185 8
285 201 37
175 219 14
121 196 36
379 245 74
196 295 73
303 224 75
321 7 45
369 196 84
267 109 23
221 154 62
249 52 3
101 174 3
386 9 88
127 112 8
22 369 25
225 309 14
49 223 26
308 377 72
329 296 79
111 345 8
299 59 13
382 206 62
177 291 32
359 333 86
185 87 7
370 91 99
354 226 65
355 224 24
202 44 66
199 301 82
221 261 94
6 398 32
267 375 94
53 161 73
343 303 91
293 361 99
332 163 41
272 63 20
133 159 77
196 93 22
191 362 57
286 241 29
374 53 67
115 314 63
232 330 84
201 105 11
83 99 93
138 277 64
186 93 38
114 222 60
48 197 46
336 182 70
215 266 64
61 382 6
260 203 89
28 222 37
250 10 7
70 53 12
231 320 40
138 319 8
217 106 89
273 388 75
157 311 67
148 122 68
106 268 82
317 392 70
309 15 53
207 177 17
215 387 47
102 201 43
81 78 91
240 272 50
379 149 29
34 32 74
330 2 100
183 231 64
23 172 79
311 216 33
111 53 92
220 180 2
119 300 39
365 378 60
80 87 58
241 309 41
51 70 44
314 279 21
162 128 6
24 282 71
4 93 62
349 44 52
236 63 73
309 28 21
9 164 47
227 316 59
64 27 84
334 262 48
132 395 52
286 386 100
86 181 50
56 249 73
55 311 5
341 5 31
129 204 8
343 321 87
398 10 7
268 173 61
10 33 14
372 129 45
157 269 94
353 158 14
198 342 25
289 0 84
359 197 9
13 385 68
241 160 100
176 55 50
169 264 79
290 12 78
275 268 9
321 94 13
64 334 91
154 72 53
16 173 59
190 138 29
162 67 12
41 299 46
240 50 37
97 68 14
237 43 78
352 124 68
10 369 22
257 272 85
395 222 2
185 122 53
24 128 32
263 162 90
32 184 78
394 324 50
205 345 4
1 378 7
239 309 88
6 221 15
329 122 99
185 289 7
111 199 70
99 282 28
279 328 86
394 34 47
43 128 65
372 381 51
186 292 97
165 375 21
361 261 91
265 359 47
327 107 70
332 9 28
52 263 14
153 9 48
46 84 92
259 265 23
124 194 80
131 195 97
56 392 89
301 135 99
279 45 30
396 200 11
326 166 16
95 390 96
28 254 54
238 366 100
378 244 24
17 289 86
16 388 49
384 318 23
224 90 19
242 288 81
134 374 19
27 102 28
213 102 29
142 216 43
283 155 74
380 65 44
300 220 68
299 4 73
23 233 65
344 153 63
17 121 16
52 383 82
291 153 53
260 376 74
247 130 73
202 113 90
235 351 15
299 161 77
13 359 22
294 29 34
155 48 85
168 151 9
332 46 66
380 203 68
94 340 93
257 21 42
275 10 63
382 176 8
96 244 44
40 349 29
334 74 95
354 154 64
7 265 95
363 131 75
161 346 91
166 210 87
226 258 18
54 199 4
367 97 56
151 102 84
12 296 34
382 229 56
17 299 61
110 209 68
313 282 3
339 312 54
148 81 97
294 64 84
216 237 33
46 210 32
220 190 9
128 253 85
307 148 10
317 260 65
54 320 68
139 23 2
133 29 85
44 309 81
257 120 88
399 283 76
391 393 70
126 240 17
163 294 91
111 118 97
3 395 20
370 43 95
127 246 83
276 260 10
201 336 52
384 144 22
127 193 10
316 121 78
286 278 66
328 75 18
44 260 67
242 270 16
146 165 85
341 391 98
82 266 58
368 2 14
285 390 42
13 77 53
300 116 82
325 44 22
16 4 34
165 250 7
317 116 55
257 232 30
319 98 53
62 244 14
352 272 24
181 105 13
51 259 82
222 164 39
139 132 99
73 370 15
388 135 15
16 356 44
131 240 2
376 156 63
203 249 11
178 151 60
141 289 34
330 369 26
178 226 27
226 357 22
38 234 42
138 162 64
355 116 22
236 257 77
53 392 96
364 237 51
250 195 44
175 136 3
85 66 61
23 381 70
143 165 89
25 59 70
374 257 36
287 151 60
185 64 72
24 287 82
191 86 53
217 12 49
121 368 35
220 223 59
223 127 71
383 286 62
7 145 72
12 40 44
291 309 53
255 276 64
14 268 23
155 246 38
152 61 26
110 168 41
350 375 53
100 14 54
89 8 46
247 279 94
390 200 32
259 212 57
7 26 89
63 315 97
78 102 94
153 126 51
276 391 82
275 296 63
367 209 87
280 397 67
73 361 31
216 254 43
293 322 54
319 29 17
336 94 97
383 162 45
89 207 2
124 94 49
279 297 92
192 37 32
221 38 70
371 110 88
286 277 84
358 299 80
120 326 22
123 74 43
143 282 4
148 113 50
260 258 65
175 29 80
114 46 57
58 167 94
285 125 1
318 110 53
56 36 13
233 383 92
150 62 53
128 293 44
18 110 25
377 332 38
344 263 38
89 149 22
302 70 30
173 46 54
103 4 39
333 20 52
191 62 75
26 205 7
28 103 45
199 283 87
23 361 6
131 77 31
373 394 59
272 114 31
149 173 14
248 94 90
257 79 6
33 109 41
83 98 21
230 273 70
330 124 72
137 366 64
23 253 17
111 165 64
148 152 42
115 59 35
203 314 93
98 156 69
17 360 71
140 116 3
98 9 33
55 289 12
327 299 59
261 124 5
49 118 94
110 10 20
264 247 45
100 288 29
194 331 19
360 279 83
12 399 65
268 253 52
57 381 35
326 234 70
55 335 86
273 41 20
46 395 53
235 248 82
115 303 81
154 27 60
112 311 4
46 5 36
141 217 20
123 328 29
65 91 79
339 270 93
130 280 55
11 177 79
51 212 91
303 227 44
352 16 83
272 31 45
82 349 15
295 332 36
344 289 53
198 41 20
54 167 82
89 371 1
79 98 2
83 132 1
12 313 83
30 196 45
256 167 42
72 138 97
88 241 78
325 278 50
128 387 1
139 25 51
249 205 52
396 173 24
331 270 51
55 153 93
64 236 83
343 230 90
36 222 65
272 170 70
324 184 92
173 240 19
292 153 6
396 224 27
302 304 50
23 237 47
359 23 20
190 39 3
276 245 83
234 340 80
256 233 84
370 280 79
34 53 77
106 71 3
94 154 40
203 125 95
128 208 17
312 117 27
7 61 48
324 307 25
344 348 83
67 166 86
292 309 29
244 22 86
270 132 65
66 320 16
246 108 16
178 341 88
250 35 81
366 309 93
119 290 8
307 37 53
97 240 46
251 362 13
348 77 72
209 9 12
136 385 69
202 51 39
320 63 92
386 276 27
8 276 16
36 283 92
284 236 65
262 190 79
269 242 78
28 386 43
355 104 80
194 277 41
229 330 13
98 66 21
321 379 62
397 175 57
10 45 33
352 168 15
194 62 93
77 43 66
207 42 37
311 396 6
175 173 100
151 205 99
66 386 56
75 90 95
254 276 94
163 314 74
109 360 30
72 27 20
114 163 10
67 199 37
283 258 76
325 23 31
135 112 29
327 119 100
253 391 89
265 181 38
298 26 15
295 357 98
61 27 20
2 42 84
123 40 56
32 395 92
152 45 58
227 249 76
329 159 74
168 227 64
298 7 14
45 80 59
275 317 86
305 163 75
391 308 22
355 372 54
114 99 48
236 74 56
208 89 86
241 121 80
324 322 92
23 29 20
102 343 18
208 240 71
282 8 40
243 15 97
363 264 74
226 198 85
11 49 34
49 209 13
206 195 21
132 310 72
119 361 59
85 170 94
253 287 43
356 6 99
11 202 48
323 73 57
234 194 41
215 261 49
380 168 53
289 314 25
301 246 93
285 85 90
330 132 91
344 157 95
125 259 96
308 251 41
152 380 80
268 121 32
70 161 55
247 226 24
325 236 32
278 230 86
83 293 39
319 343 92
86 239 82
338 113 24
13 325 11
88 298 94
104 131 66
59 138 19
189 179 41
208 378 92
127 152 19
86 146 75
267 53 70
356 369 41
352 245 29
74 182 15
298 319 92
171 134 99
177 209 90
338 143 98
192 112 91
8 97 68
141 190 92
64 399 62
309 359 49
372 4 75
278 105 39
355 242 37
192 73 95
349 9 89
284 40 41
213 270 100
4 178 29
213 75 27
66 359 73
177 95 82
189 31 25
315 232 50
132 90 61
77 329 76
37 190 72
63 129 26
49 201 55
7 90 43
17 207 10
239 208 33
235 73 73
323 103 91
336 204 96
122 199 52
209 276 7
343 130 33
34 284 99
261 91 58
254 211 29
220 261 85
314 45 12
227 358 92
336 53 68
165 26 9
343 361 13
178 62 69
217 55 28
8 88 90
230 229 38
7 56 100
213 196 39
190 293 63
248 227 44
251 162 30
92 290 4
150 339 72
130 57 69
351 225 16
158 375 27
223 373 71
272 336 67
67 338 30
285 190 29
138 239 51
172 74 1
272 323 6
49 144 51
291 136 89
190 31 100
314 163 90
72 389 62
231 94 33
42 128 6
151 9 62
172 196 43
261 74 4
313 42 13
390 366 100
11 102 97
381 123 22
179 292 29
46 291 65
194 303 14
343 41 74
290 369 24
208 55 68
199 147 81
302 110 87
333 69 15
11 246 17
382 358 85
118 24 24
127 5 15
118 379 72
394 383 24
125 267 25
336 355 24
341 75 33
164 396 90
272 361 93
51 136 21
259 163 68
312 349 62
397 205 11
236 252 10
134 191 82
396 301 9
357 207 35
118 73 54
8 229 26
230 146 86
378 155 50
206 222 2
352 315 89
103 211 82
45 106 28
4 182 16
300 394 72
127 257 11
352 47 81
124 392 4
355 204 20
85 23 52
165 56 62
239 107 7
343 159 33
96 188 61
4 235 17
252 40 16
17 114 72
83 76 55
335 184 27
132 12 79
328 37 47
46 134 78
148 346 52
149 229 34
357 397 22
394 370 19
39 251 83
214 336 16
103 67 96
181 56 13
236 85 100
107 359 52
111 134 58
182 46 17
184 130 53
355 193 20
367 302 51
139 332 48
126 116 98
278 37 85
234 114 79
96 325 69
79 78 41
255 249 10
126 248 66
205 151 12
140 259 11
178 15 22
334 141 49
196 225 10
148 383 14
266 179 11
91 329 84
129 394 60
355 110 53
293 251 73
379 220 54
101 251 39
283 58 65
135 268 69
290 332 81
133 161 24
298 333 11
356 350 42
116 10 41
277 321 79
254 7 31
238 90 59
383 151 9
299 1 43
245 206 74
99 292 61
345 294 93
389 310 39
92 25 47
395 256 63
215 378 16
41 235 35
167 334 67
352 246 51
150 74 57
50 84 59
319 277 76
122 143 41
319 244 27
169 21 92
178 256 74
159 323 27
75 6 30
130 243 95
324 261 24
213 163 21
309 81 25
99 387 20
204 63 29
381 113 61
7 255 70
381 310 24
12 2 59
239 312 51
150 191 44
24 144 46
126 115 50
88 176 34
376 141 3
391 311 94
52 229 28
392 181 100
377 142 19
178 369 96
287 243 68
82 39 34
29 97 99
1 232 89
194 118 79
34 390 9
382 222 80
397 150 15
26 39 10
175 0 57
0 117 94
121 370 43
267 125 73
16 95 24
295 44 25
389 348 70
260 109 65
182 38 30
167 60 53
232 352 83
335 145 50
187 320 65
78 300 8
234 15 39
102 65 70
102 261 43
216 355 36
229 340 97
283 41 28
184 200 42
62 240 33
336 89 68
279 256 24
379 375 39
124 333 35
368 237 50
235 291 58
150 229 16
124 234 44
78 237 46
268 349 26
34 280 4
369 242 76
132 33 42
174 34 34
359 175 22
2 170 24
388 85 83
139 43 18
203 27 74
78 279 86
182 176 18
351 185 24
259 233 61
57 28 84
25 52 97
109 117 91
307 51 41
132 72 32
186 320 57
168 181 62
367 161 29
220 264 7
44 149 40
276 89 99
235 315 16
180 41 68
270 107 12
24 367 41
90 57 12
378 67 85
198 105 39
228 380 54
148 312 17
371 109 33
95 82 50
161 116 44
206 15 67
344 310 100
82 344 12
397 216 91
79 275 9
66 210 16
130 19 76
164 125 81
391 196 76
146 23 11
203 20 57
159 278 10
199 41 49
158 147 51
108 74 95
273 127 42
25 36 17
254 342 36
234 20 78
379 323 58
329 191 56
343 70 94
59 88 58
324 146 84
223 21 50
284 240 7
288 146 20
352 260 81
218 370 99
125 334 3
165 324 62
89 46 47
154 326 74
175 70 28
321 184 28
3 328 22
244 333 38
165 16 64
355 259 82
399 229 60
186 251 65
44 186 41
257 344 31
208 280 91
131 57 84
263 194 25
69 258 8
34 279 95
322 80 66
303 37 21
138 37 86
140 384 14
96 226 77
169 229 47
12 217 55
392 322 80
110 251 90
145 94 3
30 46 16
292 334 37
166 133 80
355 212 49
192 359 81
32 320 95
40 30 64
385 281 46
359 304 23
282 241 52
173 247 39
370 53 66
334 263 75
98 152 83
331 253 9
330 249 66
335 75 38
30 298 59
336 252 54
23 305 38
31 104 60
148 220 6
243 289 70
46 367 2
314 378 22
213 353 53
40 146 85
192 201 16
123 145 41
326 387 19
231 260 9
22 87 3
305 141 31
276 394 34
200 267 52
266 14 81
382 39 18
230 215 7
158 70 42
130 257 71
264 389 16
137 199 53
316 103 45
270 66 37
125 192 22
227 50 69
151 24 55
221 29 44
241 53 100
83 385 89
331 348 27
13 8 69
333 221 6
363 217 58
333 183 78
290 302 96
326 145 22
313 291 69
142 31 67
223 48 19
282 273 98
244 17 98
37 374 13
3 172 9
116 307 81
274 189 81
193 106 72
339 144 45
141 104 76
348 5 54
57 390 22
285 140 9
267 6 83
223 76 36
225 257 37
216 202 27
248 64 90
161 76 99
250 299 40
22 65 38
46 232 56
300 120 53
398 206 41
305 84 32
251 36 25
138 197 16
193 386 46
231 318 45
86 364 91
349 72 7
111 354 34
226 18 27
365 393 10
28 111 45
43 248 26
246 335 74
246 289 23
317 348 24
320 148 76
152 339 96
247 163 51
88 149 64
89 170 56
100 355 72
237 76 92
253 142 44
278 127 65
378 268 33
88 348 15
43 18 29
187 236 43
153 144 61
298 104 91
226 158 22
225 169 90
229 397 98
287 184 15
362 298 38
111 121 64
179 126 35
152 85 92
263 93 93
231 111 37
270 265 15
225 48 93
46 40 14
88 86 77
225 147 77
66 50 51
348 260 85
323 0 53
293 14 88
112 134 64
287 79 7
330 283 68
27 188 59
366 239 40
120 94 8
229 214 34
246 159 90
284 357 66
95 176 8
159 262 37
390 113 6
34 170 27
211 128 26
219 393 78
256 158 85
377 166 83
141 393 56
350 174 62
285 239 27
51 179 73
358 240 76
202 67 70
354 177 59
209 271 40
117 286 45
350 322 85
132 314 17
364 27 28
287 355 15
78 114 44
352 299 55
256 128 42
219 271 22
219 10 28
241 258 72
81 351 70
308 1 93
219 394 41
297 121 87
206 269 65
68 386 19
333 44 72
377 191 68
156 315 4
132 143 47
339 15 39
355 184 86
108 313 28
69 245 34
218 77 80
212 300 58
199 96 36
384 373 42
61 73 42
329 245 22
3 270 72
202 223 15
193 9 43
372 207 13
64 281 11
261 115 35
283 74 59
71 192 59
228 218 56
350 122 65
239 268 70
93 185 26
302 288 59
317 21 38
356 316 31
177 55 86
35 9 73
33 281 78
366 223 35
245 224 94
247 262 98
258 124 76
382 346 15
104 305 62
253 233 82
53 11 53
31 27 7
73 237 92
241 47 91
231 187 33
27 222 21
93 3 45
326 150 100
141 164 45
7 40 24
154 235 1
384 201 11
339 48 56
266 12 26
343 325 39
51 389 93
48 80 95
32 253 34
20 75 98
274 292 50
355 264 18
145 137 3
224 389 68
327 348 8
304 179 37
76 386 58
90 213 8
56 352 76
60 129 89
295 21 74
198 110 33
349 157 69
180 138 74
290 384 22
133 187 55
261 325 54
186 218 69
79 344 42
166 212 54
312 390 66
16 170 45
389 254 11
238 136 6
91 343 63
322 15 4
70 19 30
301 273 37
350 230 80
69 226 30
12 98 32
179 322 75
59 243 44
129 157 15
195 141 35
266 374 74
225 187 85
257 304 22
198 346 1
128 245 55
142 242 12
188 177 92
384 269 38
208 217 9
340 43 34
119 56 22
112 381 90
163 63 88
131 327 47
325 338 22
375 178 43
127 372 98
64 350 16
99 379 32
203 211 19
111 195 83
313 327 83
289 345 69
227 218 87
138 204 84
242 343 76
19 170 40
29 10 36
335 249 18
76 269 15
142 117 82
12 203 75
129 103 33
49 130 70
315 337 72
7 127 24
196 378 8
154 331 94
106 109 89
87 238 22
227 34 17
358 27 98
221 381 47
340 47 85
334 264 42
330 104 21
315 155 92
256 122 88
261 335 99
189 81 72
384 391 32
61 164 93
143 208 27
257 277 88
235 163 31
167 52 53
126 7 39
116 142 93
19 35 47
183 334 95
72 360 15
280 188 59
148 112 57
146 378 10
304 314 69
129 166 67
114 143 55
185 354 56
350 320 45
84 98 40
90 52 4
30 337 61
105 75 36
23 323 90
48 213 47
53 48 6
176 47 5
188 207 67
318 256 68
57 203 64
331 161 23
185 332 81
110 132 37
58 51 88
40 84 94
117 75 71
211 320 35
140 360 13
130 216 10
117 84 69
189 0 29
23 181 44
303 383 43
356 78 100
143 166 75
18 169 31
99 270 43
54 181 30
118 22 100
189 307 21
276 36 86
164 266 36
316 215 42
299 200 12
112 10 37
177 250 59
185 382 61
229 285 16
103 158 18
191 74 20
201 200 74
60 109 75
356 31 36
355 272 62
46 126 75
18 66 64
371 13 47
15 12 95
192 385 80
88 337 71
210 347 21
40 1 24
392 9 94
17 109 3
255 320 73
119 231 50
337 315 8
197 358 43
156 4 49
227 177 13
212 305 60
103 284 68
209 258 69
246 135 27
374 106 7
345 218 2
34 72 45
244 103 82
374 143 2
261 156 56
312 25 19
248 326 82
283 11 21
264 108 42
66 3 19
245 14 13
342 151 53
144 115 50
345 95 22
254 352 86
382 203 2
259 23 57
200 146 92
256 292 3
248 147 4
213 141 3
138 203 55
261 103 76
106 45 63
396 377 61
264 145 67
99 394 58
61 352 4
208 298 67
171 155 23
114 202 71
177 147 39
341 375 74
392 133 84
362 396 8
106 19 85
50 162 12
298 35 21
264 324 61
33 259 28
302 298 21
200 248 68
232 74 95
267 92 1
23 333 66
206 296 95
113 191 58
173 23 46
384 143 11
336 17 39
170 211 10
24 359 60
104 351 63
197 16 17
154 46 30
359 91 71
257 386 14
32 344 91
265 338 72
357 374 1
376 296 56
229 134 47
286 297 54
399 373 72
95 271 32
261 126 70
322 136 10
128 182 79
171 21 8
303 164 82
205 208 7
364 203 48
383 71 98
144 212 91
206 397 29
168 398 17
109 114 46
221 1 58
139 252 8
334 297 72
224 104 58
158 114 84
1 66 34
130 263 80
363 68 24
276 216 57
215 58 88
275 20 15
72 123 3
276 58 79
85 324 94
2 82 54
372 206 66
249 45 24
232 3 32
181 153 8
176 356 43
170 307 44
131 221 93
313 375 48
16 10 2
32 236 65
111 321 26
113 271 45
240 5 17
321 353 71
271 92 37
156 273 70
45 143 47
64 67 52
16 289 34
128 60 13
253 331 68
101 59 52
317 126 1
259 137 46
197 228 82
236 335 83
289 262 25
105 288 6
98 0 22
361 218 95
271 37 6
194 24 16
313 379 86
98 241 51
171 66 85
133 291 27
127 167 20
132 167 11
114 193 34
292 67 73
322 146 15
186 298 16
144 53 48
45 339 3
396 113 64
132 317 70
5 215 89
343 381 18
230 106 76
376 205 45
114 315 86
196 238 48
231 59 66
340 342 8
292 124 22
269 186 51
392 352 56
15 375 65
325 190 67
61 139 75
121 164 65
212 173 97
319 194 77
329 124 77
281 265 50
358 129 26
165 328 90
151 143 82
114 197 36
343 85 90
217 239 15
203 326 79
90 106 60
6 50 41
391 203 46
118 328 39
307 53 72
110 330 25
40 120 68
119 106 56
314 100 96
376 360 52
45 51 37
111 145 73
48 5 10
375 153 45
396 208 57
395 248 51
188 379 67
366 382 95
235 324 7
118 197 35
397 145 39
391 237 37
56 311 88
146 120 63
122 369 39
230 386 64
33 257 82
244 136 16
339 182 100
3 139 63
51 230 15
127 303 53
57 197 27
100 81 30
142 305 8
302 342 47
344 287 42
340 256 34
299 370 53
216 204 54
252 268 71
136 138 73
132 128 27
159 219 68
144 151 55
79 162 88
334 368 8
250 228 82
230 394 39
245 168 91
320 143 29
280 348 6
358 315 66
331 309 41
245 255 53
343 386 89
113 42 16
330 114 28
245 290 19
130 363 6
164 83 85
163 99 75
125 40 6
398 196 79
378 189 39
227 255 1
171 83 5
359 201 3
26 361 89
45 301 14
151 70 65
319 44 48
281 58 83
274 328 95
113 228 27
39 208 6
387 318 93
250 143 93
368 24 27
263 107 39
137 399 20
162 202 55
337 90 53
60 49 65
100 235 57
113 230 65
30 324 76
124 363 65
204 106 72
276 365 70
257 52 68
266 288 34
233 200 85
180 118 78
358 33 63
315 169 11
249 82 41
206 335 47
192 395 91
235 203 33
264 360 100
124 58 28
294 197 14
365 335 71
238 270 94
290 346 66
29 303 14
77 240 18
207 144 17
340 51 72
19 7 88
94 322 81
6 292 5
73 219 61
397 251 35
300 137 44
269 194 65
378 40 53
186 83 67
219 269 81
326 70 69
104 246 93
341 372 91
176 155 5
69 122 82
165 371 32
9 331 93
1 235 65
309 265 40
208 91 62
105 324 6
313 376 4
182 12 68
335 274 58
349 382 67
172 224 18
284 189 76
174 74 52
43 323 8
262 149 19
199 293 62
236 383 58
132 271 77
225 212 46
88 256 62
289 386 23
49 198 51
183 20 4
128 333 63
29 292 46
363 281 31
228 301 28
189 380 90
116 318 56
360 320 22
384 295 85
296 368 51
149 4 55
104 336 33
361 340 95
336 351 11
9 72 32
165 51 22
61 344 30
141 97 69
382 73 32
152 63 38
331 350 32
271 111 28
157 7 9
138 267 53
265 280 43
164 115 32
169 105 67
159 371 39
28 96 96
120 47 87
124 272 56
182 53 51
80 106 91
29 43 34
159 198 77
22 355 9
134 105 17
157 309 12
55 104 71
130 365 8
163 281 45
154 50 33
128 50 41
90 7 24
175 394 34
334 321 2
42 246 77
102 285 11
96 282 9
177 99 64
58 221 36
391 160 79
130 309 98
142 352 1
349 293 40
399 385 41
273 394 84
56 200 30
64 68 89
190 194 80
387 136 26
217 88 47
147 314 60
40 277 78
288 97 48
112 30 60
198 360 34
231 263 65
72 310 40
330 35 42
240 70 10
140 62 25
241 91 45
113 219 19
351 267 82
231 355 65
246 137 49
307 183 13
208 110 11
211 56 33
142 316 7
356 95 75
262 70 2
109 241 92
308 174 18
376 72 40
11 380 52
370 261 67
182 3 39
160 181 92
13 74 79
159 266 84
96 231 53
338 19 83
151 362 18
46 8 15
142 33 73
374 368 48
264 25 41
128 399 36
113 323 19
294 185 69
201 8 36
364 278 22
73 251 52
32 329 1
370 226 67
251 122 6
100 340 97
40 328 22
172 169 79
336 163 26
29 398 71
142 161 39
372 48 31
272 337 25
272 251 86
89 116 39
184 342 83
61 143 61
204 251 100
36 296 47
245 104 83
186 176 78
380 63 56
380 150 75
227 7 71
160 350 26
40 183 61
385 266 22
68 235 55
330 30 41
26 274 76
121 246 44
286 358 69
379 53 72
60 149 26
328 159 3
375 41 68
116 22 96
273 174 63
171 270 68
104 307 52
190 144 22
327 309 7
128 110 18
241 252 21
36 269 98
54 252 3
394 345 34
133 388 16
58 69 5
354 13 66
134 328 64
165 65 83
306 303 59
271 365 33
145 252 99
202 230 47
389 396 3
201 291 4
326 250 6
291 231 89
320 253 57
7 25 12
277 64 7
123 54 32
110 302 64
164 390 7
47 234 15
52 147 58
334 311 47
371 128 7
224 121 27
260 160 32
133 180 81
8 369 70
303 353 44
390 201 84
50 12 75
260 238 50
360 375 21
395 273 87
106 218 67
385 367 58
19 376 88
63 124 16
74 46 12
190 20 49
94 193 3
389 158 30
193 349 17
40 17 61
271 308 9
201 222 20
157 167 11
211 69 63
139 338 33
364 299 47
29 35 87
318 326 48
306 218 31
238 329 67
73 356 13
380 17 95
375 323 31
355 367 5
109 339 91
28 361 75
198 144 87
73 380 45
129 164 42
19 287 84
120 341 76
315 29 85
209 300 13
374 117 58
103 233 84
343 77 35
323 20 80
299 199 26
93 189 23
330 3 96
212 22 96
93 61 19
229 269 97
171 344 46
340 62 83
165 123 31
376 86 50
245 141 38
165 138 34
122 84 68
247 224 57
340 185 25
38 16 80
72 69 35
45 71 63
33 159 45
23 270 36
300 308 40
246 191 37
302 76 36
252 313 89
386 258 89
325 181 53
231 287 72
358 139 78
319 363 44
172 338 91
101 248 2
15 180 66
23 339 49
69 67 67
251 329 45
115 68 41
164 227 24
207 261 4
118 39 83
40 5 27
161 98 62
296 9 58
86 305 33
27 8 49
218 129 64
339 91 71
217 347 100
18 354 73
23 216 13
330 197 51
98 216 9
20 101 67
24 109 53
7 196 7
2 382 49
138 207 87
242 383 98
377 393 89
210 357 85
60 212 64
271 195 57
39 92 68
25 225 39
345 259 61
396 229 24
176 367 47
27 381 94
55 332 45
8 262 30
173 20 29
398 114 43
93 264 35
93 348 94
96 104 39
125 42 47
361 7 41
239 392 4
139 215 84
183 102 25
30 131 4
282 242 1
177 272 82
60 99 57
123 67 85
61 197 78
159 292 17
71 366 54
358 367 99
221 160 5
327 235 42
36 181 29
331 339 18
4 88 8
125 145 79
399 149 30
143 62 100
219 153 52
99 179 63
378 320 29
27 117 62
56 14 70
210 128 26
321 122 98
186 17 93
397 284 26
374 168 66
311 2 67
106 311 91
186 257 92
392 315 16
123 118 95
144 384 33
166 100 66
177 325 65
326 124 2
31 251 71
389 183 24
222 318 46
213 356 23
223 20 93
303 204 32
117 150 36
194 208 51
211 82 69
268 89 70
263 56 78
243 192 19
161 193 11
46 328 34
84 190 72
4 71 4
6 22 16
215 150 34
42 357 20
223 305 76
307 274 82
208 336 75
168 217 87
154 210 44
188 335 72
225 85 38
315 71 43
100 47 96
65 196 90
3 396 10
142 113 30
36 87 90
329 341 21
388 369 71
266 258 90
369 221 95
276 350 62
344 332 68
334 0 59
254 368 55
371 328 67
327 3 60
41 8 86
147 33 23
85 135 24
246 240 7
230 8 29
174 83 80
305 12 94
339 21 39
53 47 65
226 321 96
316 217 72
274 354 82
86 319 11
29 246 75
328 379 59
280 385 84
318 194 71
127 24 68
43 196 79
358 79 98
11 327 92
139 87 90
312 131 5
47 114 63
249 181 77
368 4 50
130 371 22
31 399 84
268 303 41
287 30 36
239 313 65
193 326 72
115 220 99
62 175 7
118 146 35
373 207 53
374 320 74
383 65 37
200 312 73
282 300 53
90 130 11
75 153 49
367 266 55
231 128 44
129 215 14
43 189 70
316 293 97
108 66 10
273 399 76
237 28 47
331 385 48
67 285 45
270 309 2
169 48 31
65 396 76
374 176 95
218 52 78
93 136 45
299 332 45
294 150 85
133 368 97
312 308 27
8 114 96
140 310 31
59 99 8
300 123 4
249 291 62
26 178 7
84 114 6
83 206 59
138 270 55
253 378 36
57 199 1
255 30 12
185 91 71
356 232 35
197 320 36
100 123 5
150 200 62
356 67 82
308 101 58
363 107 48
200 19 97
11 8 49
79 218 45
31 255 93
84 287 94
233 350 67
131 155 83
271 151 98
101 259 92
136 36 29
377 385 46
74 397 81
215 186 76
177 2 75
198 59 74
186 313 4
63 268 42
23 167 9
41 337 45
177 322 21
120 237 44
207 384 42
12 362 60
299 297 16
304 228 72
35 290 25
23 363 54
184 313 90
37 66 2
82 325 36
284 146 42
298 376 60
306 221 97
240 371 74
301 165 67
321 324 50
61 349 24
12 106 55
327 395 82
345 232 19
330 241 32
348 20 44
316 16 37
187 25 85
333 263 67
330 170 74
49 280 92
307 110 51
89 183 82
63 392 85
264 17 63
106 127 52
8 388 20
314 233 37
60 285 89
372 75 54
208 184 52
221 241 32
130 362 88
318 177 71
46 119 63
113 220 25
359 296 89
318 60 60
32 260 30
15 8 26
269 233 61
325 258 78
90 20 44
340 38 8
29 157 9
37 229 57
159 145 30
80 126 60
82 145 42
280 279 84
49 109 95
74 35 8
377 211 84
332 272 26
55 64 18
161 100 2
97 364 32
270 230 34
11 352 39
73 98 8
242 377 99
123 207 94
147 392 79
301 28 11
383 340 42
59 125 70
389 200 94
305 7 81
299 333 34
338 155 42
63 355 53
287 297 84
109 395 94
46 77 38
26 322 65
34 339 55
381 343 77
7 79 94
367 128 17
306 223 13
222 309 45
192 393 87
23 85 63
269 82 79
210 80 78
327 98 96
157 246 96
313 304 54
229 239 23
5 170 53
309 230 83
268 97 17
264 96 10
302 9 17
219 166 23
100 31 55
291 394 50
340 318 27
265 147 73
367 122 90
80 119 82
217 209 1
90 399 63
304 378 25
32 273 11
117 337 9
43 170 4
245 139 9
186 207 57
205 202 63
365 97 77
8 393 33
190 159 9
254 382 94
310 274 4
38 304 20
375 203 39
297 196 2
68 273 68
329 147 53
129 386 47
1 217 82
56 133 71
260 353 70
111 122 19
398 304 11
73 62 5
356 247 12
95 152 18
293 392 80
116 381 91
337 327 95
200 221 8
137 293 77
356 65 17
27 290 79
178 380 76
176 285 17
10 198 18
157 188 38
373 251 35
69 251 39
4 347 72
291 241 6
58 382 27
97 398 94
62 333 73
220 290 34
273 343 23
61 86 18
266 89 19
239 264 32
154 78 31
322 379 10
203 141 57
97 379 98
261 10 96
288 42 25
338 324 34
124 324 19
342 277 28
103 163 49
39 289 76
162 44 15
365 296 28
41 230 58
46 242 27
372 161 16
194 261 1
152 355 41
3 200 78
93 188 47
209 274 21
182 242 5
214 103 17
140 95 36
26 32 7
179 5 70
88 19 68
300 126 96
137 3 14
77 230 55
136 87 68
305 296 32
233 117 28
0 203 28
100 87 91
137 306 15
197 237 97
95 218 84
131 113 10
84 217 6
344 295 87
203 241 12
157 88 66
399 304 81
164 139 48
217 272 42
316 311 3
286 49 41
341 338 84
213 155 7
233 103 91
184 364 11
313 228 21
48 292 21
40 357 90
399 59 56
244 318 78
278 220 19
23 164 71
214 153 36
128 70 100
294 236 20
284 104 53
114 307 17
300 339 66
244 399 84
282 207 80
148 182 50
12 381 34
353 194 13
0 16 90
19 103 7
328 63 28
173 328 52
316 396 79
154 35 25
31 230 31
86 14 95
200 103 40
167 119 82
194 259 34
373 78 63
259 232 68
314 349 90
281 106 69
80 22 4
43 148 82
27 142 54
58 277 20
334 310 59
179 385 16
307 291 9
144 57 79
359 95 76
291 255 97
182 92 7
37 288 27
305 49 89
67 216 34
269 165 44
361 127 20
164 388 92
324 65 89
99 371 61
301 46 79
356 175 5
204 302 94
149 151 6
229 3 82
107 30 36
248 129 25
199 361 53
43 158 85
132 35 51
10 13 24
258 133 61
250 111 14
71 174 8
81 234 86
213 142 99
252 212 92
288 347 12
358 119 7
230 311 34
360 256 32
276 364 4
161 255 64
46 169 47
171 290 55
281 142 30
317 108 64
176 275 19
92 389 97
137 264 93
78 363 76
145 69 26
25 308 53
91 221 53
75 44 35
154 378 8
114 113 16
396 120 26
92 179 56
73 154 62
384 289 44
58 233 76
377 280 99
78 40 65
333 157 39
272 237 50
150 19 41
314 63 56
229 289 55
50 75 73
216 165 98
319 285 60
192 141 92
80 230 82
54 224 55
394 72 38
386 249 37
294 168 14
114 219 80
137 25 44
335 207 19
128 391 30
150 295 62
26 31 32
137 261 81
83 190 58
361 120 58
337 371 35
393 91 46
212 226 14
333 318 23
272 344 78
236 159 73
334 31 50
306 37 32
89 322 72
203 358 28
345 306 80
394 142 37
275 259 19
275 262 4
175 116 87
363 55 43
338 384 3
85 301 100
229 279 70
310 164 40
345 362 32
218 109 69
120 37 78
252 198 88
214 71 84
295 333 3
64 370 55
141 347 11
339 11 71
192 186 28
161 189 40
20 379 2
180 247 94
224 351 24
331 258 59
353 40 28
129 332 61
265 5 4
17 150 68
203 355 74
342 114 17
393 364 69
278 149 72
38 121 19
286 195 71
307 142 73
324 80 94
237 347 3
97 159 45
305 136 40
282 334 84
390 86 61
378 58 68
3 148 61
41 328 60
251 67 79
277 319 74
340 191 27
244 261 38
115 379 99
205 380 8
229 254 85
311 104 17
166 179 19
297 208 3
198 11 22
270 269 73
47 338 7
159 153 39
163 220 32
302 103 65
135 130 17
138 161 77
89 39 69
61 56 86
141 399 33
154 171 16
276 94 61
169 56 29
375 280 35
215 17 83
120 289 34
51 37 13
247 358 35
187 2 14
392 359 18
92 263 4
286 369 18
323 44 70
61 13 25
211 67 66
269 303 43
188 215 96
18 97 87
27 68 34
144 264 8
294 54 74
277 354 68
112 220 21
381 245 51
84 179 51
219 116 32
170 209 35
82 152 84
294 399 17
128 251 85
271 349 81
137 63 76
55 91 62
249 302 71
108 296 53
82 308 85
307 168 66
86 31 55
10 299 91
2 8 14
11 30 17
40 250 39
216 135 66
45 357 89
181 246 5
318 305 38
324 164 5
127 97 44
308 244 38
197 189 84
329 360 10
95 85 95
25 294 67
256 48 75
298 30 21
27 19 16
39 58 85
168 148 16
196 231 64
147 14 7
359 236 96
46 166 75
165 321 88
217 171 15
342 314 3
123 195 23
380 188 26
369 106 30
252 362 93
33 368 70
265 76 100
126 294 14
267 132 82
112 70 74
378 280 17
381 10 73
73 277 76
118 94 31
34 296 51
91 356 92
338 213 12
120 385 78
105 124 35
385 59 99
151 266 64
45 202 27
331 206 65
340 105 19
222 41 7
29 232 51
155 353 10
16 122 22
359 277 59
330 361 81
164 314 98
51 144 40
302 393 31
395 42 61
333 283 77
380 328 45
119 54 71
267 87 97
4 278 87
321 209 43
393 38 39
67 382 99
246 197 52
4 121 96
330 199 83
334 166 55
295 398 100
13 104 85
253 94 38
157 219 38
349 359 35
201 28 45
319 327 56
19 179 9
73 8 10
210 287 88
164 199 58
88 32 81
49 117 2
374 269 26
105 67 97
197 123 6
145 14 47
198 127 22
326 3 88
118 4 48
261 157 69
54 384 58
148 284 20
55 316 50
361 356 9
187 338 20
363 37 93
377 305 75
296 125 2
118 368 90
140 71 5
285 293 40
176 15 76
91 203 91
119 209 21
326 168 56
14 377 43
363 27 49
230 240 65
269 115 50
90 328 71
73 268 34
49 274 24
175 121 97
10 250 7
379 310 73
302 289 39
236 61 15
199 207 34
101 149 100
104 106 7
92 316 63
247 204 84
8 201 13
393 324 97
193 108 15
154 186 76
101 310 23
364 383 66
144 190 5
340 101 99
163 20 87
232 142 53
226 150 54
340 160 58
255 125 48
177 8 36
325 172 12
28 185 12
231 249 71
273 164 64
294 305 14
377 261 87
330 167 89
87 231 32
125 235 17
342 138 71
215 217 20
240 381 53
358 388 4
326 224 79
315 206 25
132 209 2
162 17 20
12 245 99
397 45 37
56 220 49
131 192 88
367 345 8
71 382 90
86 60 98
38 216 66
260 154 32
212 244 66
284 21 2
117 13 47
183 19 94
34 291 81
149 364 16
60 391 25
76 381 69
119 36 86
347 202 10
382 94 14
36 389 11
176 209 96
274 183 79
212 278 81
145 289 56
247 371 42
155 316 26
379 207 1
118 235 27
320 200 90
311 300 19
286 219 97
254 345 50
326 46 9
293 95 84
222 254 71
67 121 8
37 120 32
14 308 84
350 281 92
225 151 89
149 44 41
285 150 15
266 24 36
53 8 96
89 19 3
233 188 20
82 2 46
303 111 16
241 376 100
237 218 9
258 87 92
244 149 34
66 212 29
319 161 80
1 354 86
70 360 80
379 128 100
204 323 75
56 158 71
52 81 68
358 326 32
5 130 57
367 187 2
103 77 17
168 75 71
289 259 54
267 392 89
97 48 96
208 206 73
58 254 15
179 243 2
332 24 75
47 262 35
68 47 11
170 0 18
40 311 77
204 317 96
79 214 25
398 89 15
20 344 20
198 149 3
162 388 31
386 205 39
151 381 98
56 322 69
372 76 56
98 271 78
66 150 76
165 58 23
16 273 48
77 114 85
99 157 87
119 126 65
299 40 66
191 224 34
166 353 68
29 162 83
219 67 59
35 106 21
135 41 2
208 340 99
302 13 19
184 144 39
168 135 34
132 319 90
290 7 77
309 361 26
238 153 62
168 288 31
272 37 87
45 308 30
48 328 93
53 273 75
308 353 36
171 322 18
382 394 26
70 342 57
309 227 68
149 153 96
43 337 49
331 42 98
200 182 83
38 399 77
79 152 21
76 324 49
187 370 92
68 307 85
294 167 11
54 14 85
126 387 22
121 180 40
209 325 82
4 191 23
336 162 44
348 208 92
231 379 52
109 103 92
89 294 37
61 66 62
266 10 62
283 252 74
89 315 25
69 314 63
276 71 88
378 161 68
218 38 74
74 389 67
395 190 100
294 356 29
255 263 1
70 279 55
95 383 6
251 278 5
263 62 37
287 204 54
291 70 51
71 237 86
371 349 40
186 40 11
130 353 42
194 109 44
211 162 31
146 41 53
75 241 92
358 125 32
146 231 50
119 269 76
232 40 94
75 250 81
2 250 90
388 288 53
68 74 27
128 217 83
49 140 79
289 316 78
120 200 7
126 100 52
27 274 33
67 387 28
192 262 31
197 169 80
6 192 72
352 39 74
207 125 57
158 0 67
391 357 31
71 30 52
341 47 16
111 9 69
197 31 13
264 392 91
4 387 6
86 333 75
95 370 92
36 124 42
27 367 2
81 113 94
189 210 1
39 232 45
133 130 40
112 104 55
211 193 24
192 53 9
356 320 40
192 30 83
92 329 31
1 8 92
191 304 41
42 387 71
251 11 21
210 219 10
222 385 8
357 182 65
184 25 32
129 110 38
89 192 1
67 0 58
235 174 30
374 273 57
211 257 92
89 290 91
50 279 67
75 277 58
305 373 27
138 256 19
247 376 39
184 265 42
34 107 65
356 242 85
84 161 82
12 349 45
84 72 8
39 171 96
304 19 97
160 191 17
2 275 60
31 261 55
79 380 53
279 178 10
265 35 7
292 353 22
204 178 88
327 261 85
382 344 95
247 377 75
17 143 41
399 24 28
248 44 79
227 205 36
318 233 2
223 328 55
71 49 47
324 349 32
386 177 26
197 26 87
260 262 51
346 18 84
310 301 24
186 133 76
91 191 95
294 67 89
292 356 25
181 169 86
398 40 11
40 352 55
378 260 70
61 3 48
352 240 99
342 335 74
275 397 49
267 307 99
330 207 18
146 149 69
125 236 20
251 177 35
215 223 29
335 141 77
245 47 36
98 215 3
109 3 35
319 233 91
37 156 98
225 19 71
33 381 71
365 283 6
7 99 65
246 384 72
278 123 19
341 63 46
253 0 84
43 361 31
337 312 55
21 188 75
279 21 11
101 106 85
326 380 51
165 363 97
35 250 32
166 142 81
169 118 99
106 124 66
207 156 54
54 308 7
207 315 61
164 40 90
385 164 85
284 155 91
291 336 77
272 75 42
281 258 4
103 46 44
310 83 82
15 236 59
232 345 75
10 362 20
168 184 12
266 335 18
136 22 14
207 245 82
231 14 48
139 343 67
129 214 1
114 151 49
325 159 80
358 173 8
86 226 43
395 76 70
309 151 34
140 204 61
338 295 62
327 221 42
272 286 82
366 257 93
318 281 20
254 111 54
91 73 80
49 34 49
318 63 39
230 31 65
169 210 31
14 236 6
118 61 87
395 162 35
188 116 85
20 35 64
155 260 41
70 198 92
42 320 11
92 166 49
13 183 26
139 80 82
4 166 68
171 342 47
282 344 82
87 257 11
202 247 22
69 111 8
127 170 4
87 365 37
360 103 11
37 222 57
187 10 69
386 241 35
49 278 67
324 243 28
212 299 41
332 381 25
339 396 59
8 2 22
172 312 71
77 46 70
162 342 20
383 135 48
10 388 13
87 359 52
181 183 79
226 107 42
38 209 21
381 316 50
36 303 67
135 372 82
246 132 38
37 200 9
211 263 78
154 222 88
237 206 34
118 50 73
273 249 1
319 131 65
87 66 39
268 124 40
281 185 27
368 224 36
182 244 81
145 171 10
0 238 61
163 3 40
285 328 24
11 151 30
152 324 85
368 40 42
266 355 99
79 8 23
386 338 2
361 336 23
384 23 100
36 183 27
346 304 13
203 170 46
123 233 40
356 280 10
34 277 100
370 254 22
349 335 83
5 15 24
206 242 33
200 45 53
137 92 65
270 92 27
177 155 41
268 251 10
247 82 97
43 167 21
161 242 92
292 163 67
177 190 26
20 0 96
44 67 71
267 272 92
129 279 48
87 118 32
292 12 85
245 359 62
69 290 70
4 385 82
260 295 36
56 254 35
275 255 40
34 320 79
399 62 23
68 280 84
11 244 97
241 5 48
143 227 8
240 248 97
135 89 74
85 194 6
167 263 35
219 34 12
81 145 64
71 198 34
28 380 55
273 21 1
204 101 97
4 122 72
298 397 41
293 237 52
113 281 76
97 281 54
247 180 39
71 285 23
247 112 62
4 339 92
364 274 19
275 125 58
260 275 56
392 260 39
173 285 42
143 47 86
249 343 18
360 268 1
386 119 26
53 56 46
9 198 38
102 85 73
196 107 53
341 139 18
299 146 91
248 84 61
52 338 23
239 224 87
16 218 30
339 69 96
305 340 73
328 42 47
131 84 19
289 69 29
80 136 17
274 36 48
210 32 33
56 363 75
74 131 61
203 360 77
206 66 46
39 371 60
265 296 35
59 284 38
233 348 35
377 314 46
267 31 1
103 346 24
158 95 65
197 158 59
352 49 66
355 231 62
392 238 29
394 26 63
169 114 46
96 248 52
246 203 40
90 345 70
260 11 89
182 66 69
272 190 32
390 334 34
79 25 94
328 80 79
347 320 67
37 220 83
253 10 67
87 101 48
326 296 66
87 337 12
140 258 34
393 9 61
307 276 34
224 130 79
275 390 26
217 363 42
215 344 97
387 30 13
134 231 39
213 85 41
150 262 92
108 45 35
298 396 71
254 52 88
275 323 57
260 115 85
124 114 84
254 92 60
272 67 13
110 372 29
127 389 67
381 31 23
251 121 92
14 99 40
144 333 24
94 67 27
138 88 61
140 161 81
26 258 95
314 135 59
178 103 17
91 346 1
116 312 2
338 126 77
393 29 15
304 12 5
231 42 38
176 317 48
292 326 19
271 225 16
12 90 44
114 285 13
165 115 12
291 24 25
341 334 90
187 137 33
65 164 98
283 218 52
190 2 75
26 231 94
356 11 3
308 269 54
220 202 96
29 103 24
343 311 31
356 171 53
85 141 87
111 182 6
334 266 27
194 53 2
221 44 51
279 142 7
265 346 10
35 84 76
51 209 91
122 183 41
305 8 9
265 22 37
197 285 32
251 1 66
73 317 22
252 115 42
351 155 43
47 271 78
7 304 82
345 123 59
18 191 41
6 341 39
151 256 91
35 346 46
24 397 31
286 364 55
11 213 77
17 362 96
308 371 75
83 169 19
25 207 79
83 362 70
204 218 54
7 161 75
249 142 91
395 387 62
371 169 47
38 153 70
282 113 32
395 27 96
253 388 21
42 7 28
289 101 86
28 162 98
32 23 65
342 118 77
57 150 52
7 192 1
206 81 83
197 193 46
360 234 85
308 260 38
22 64 87
320 362 34
150 114 53
305 112 94
5 365 48
54 51 51
73 37 49
384 346 22
337 78 97
387 220 70
328 48 70
194 73 82
159 228 93
53 58 18
83 345 41
210 375 71
52 390 53
131 214 68
17 69 96
48 322 79
121 337 14
267 138 16
53 364 35
115 197 82
13 114 27
375 238 92
129 17 88
308 374 17
176 86 54
183 252 58
265 130 7
230 21 18
346 8 22
228 233 52
249 275 17
259 304 90
346 183 29
3 351 64
32 270 81
208 256 69
233 129 24
59 144 67
364 98 47
182 237 50
374 190 47
239 155 3
357 395 92
286 141 43
236 76 97
32 22 68
15 126 52
91 116 38
232 237 73
268 27 65
352 345 28
87 152 64
134 40 84
219 68 59
11 86 98
156 392 83
103 59 1
173 258 94
259 201 95
290 119 83
75 81 62
87 225 76
287 301 89
24 223 33
60 159 60
331 149 43
181 370 96
398 221 79
177 156 23
26 54 58
284 144 63
140 199 69
169 185 33
300 35 40
119 60 84
380 388 81
262 82 56
156 118 93
30 49 62
101 195 27
303 228 42
164 394 8
159 251 34
39 348 61
158 202 88
197 10 7
277 255 8
172 59 42
280 238 29
242 84 2
378 94 24
271 126 58
285 303 82
296 399 86
109 150 56
138 53 84
84 77 51
365 65 41
355 84 72
276 11 25
350 377 98
147 200 67
105 322 9
358 196 79
20 339 51
40 101 93
190 249 42
347 122 69
189 243 84
36 266 70
362 60 76
391 30 91
61 357 9
315 127 70
340 360 2
352 171 75
164 370 95
221 96 45
48 387 15
185 208 65
156 149 76
254 129 73
51 249 39
205 353 31
162 257 84
363 148 1
112 53 78
47 83 93
92 265 5
380 75 59
151 184 40
316 168 17
191 152 58
186 75 30
245 148 34
31 293 20
222 134 56
318 274 19
133 138 43
222 168 62
177 346 28
327 114 29
1 62 10
387 379 68
74 17 42
54 339 49
0 83 93
229 68 62
11 185 52
102 377 59
335 286 64
148 74 51
347 335 76
59 106 55
322 139 88
281 279 2
40 268 99
41 30 7
261 289 12
256 362 90
139 207 52
212 71 71
375 14 91
95 151 34
192 321 84
374 295 100
153 90 66
224 77 89
97 202 13
53 140 43
375 154 13
354 213 6
68 3 16
219 266 71
299 74 93
261 159 89
184 55 47
50 107 31
131 64 85
44 137 68
347 85 31
266 135 87
224 260 11
47 368 58
328 157 68
137 395 32
6 371 42
297 343 14
2 127 16
391 173 98
267 127 17
140 179 60
5 191 48
85 358 67
238 133 45
153 80 71
30 267 75
203 30 71
153 184 75
46 285 19
231 98 58
284 69 37
213 37 35
327 7 69
319 180 66
98 130 16
39 183 60
354 139 19
102 227 73
384 131 64
54 175 49
329 339 60
339 348 43
205 316 84
183 200 32
242 280 61
361 312 98
329 116 3
382 293 50
280 395 72
351 16 70
176 357 82
176 91 95
321 125 76
141 247 39
289 186 77
294 172 86
397 88 78
248 231 55
363 278 82
325 225 32
210 86 33
322 100 37
204 115 58
134 97 7
222 286 53
221 174 72
23 149 89
118 126 87
256 168 61
78 233 75
210 134 19
84 112 3
209 388 79
186 172 17
81 303 9
355 265 53
169 11 13
146 269 25
83 254 51
207 122 36
372 259 23
233 167 91
383 238 32
203 257 83
126 80 12
97 251 79
366 176 46
163 250 89
166 321 62
48 151 66
176 381 87
192 139 74
254 226 22
81 101 20
259 173 77
193 184 51
134 382 92
40 54 39
288 205 70
385 276 51
374 310 73
299 120 57
141 52 40
87 12 25
365 15 8
151 279 62
292 57 85
282 290 17
121 54 75
391 137 2
361 130 17
13 126 84
199 233 78
19 299 62
84 49 15
198 121 67
193 59 54
198 171 46
265 366 43
398 378 66
104 341 63
258 244 88
112 173 42
243 146 85
190 9 39
41 71 94
179 227 43
396 52 80
52 327 65
154 282 26
376 239 9
351 47 73
20 188 54
301 249 70
161 365 80
105 274 12
394 188 14
144 23 98
7 373 94
382 121 6
220 355 32
188 98 77
60 31 33
382 246 61
388 359 56
269 213 54
14 68 85
189 362 88
215 46 17
399 180 88
397 157 31
101 107 93
47 49 60
138 35 9
306 381 92
247 372 34
43 110 56
177 38 10
228 355 82
204 215 73
320 201 28
84 252 82
2 310 40
59 95 8
374 329 41
43 261 55
292 213 78
81 294 60
274 203 55
335 0 9
103 175 94
103 116 85
175 90 19
306 55 62
83 349 56
237 367 56
130 320 33
337 142 5
151 325 50
339 213 84
312 241 57
397 95 19
49 69 94
13 320 99
9 139 83
304 236 6
207 119 2
249 312 53
79 83 73
184 6 11
318 217 3
254 107 16
63 218 49
160 397 36
231 302 57
256 88 94
163 368 13
289 305 78
132 249 76
276 148 62
395 124 18
140 0 58
237 288 96
162 258 15
34 183 55
385 363 22
2 259 17
393 325 38
357 355 71
345 396 34
36 39 55
71 273 37
281 383 80
109 367 93
144 72 5
387 144 30
323 119 22
84 4 1
203 62 73
155 299 73
175 268 18
346 284 82
154 179 92
200 139 54
139 125 14
42 232 24
319 298 21
114 118 38
171 131 97
149 261 14
313 66 33
94 57 41
102 134 26
230 342 57
395 159 35
392 282 4
262 86 20
113 367 89
79 367 74
338 139 42
146 365 46
39 345 66
56 374 6
301 160 28
22 287 69
117 304 12
341 286 75
44 299 56
77 20 50
1 397 89
351 233 4
381 348 52
279 55 18
249 103 77
366 242 67
13 367 15
178 148 94
282 185 59
81 17 16
318 397 61
133 354 17
167 3 50
114 162 89
288 213 76
252 289 93
254 335 34
390 22 8
15 289 11
264 80 20
15 155 8
125 122 10
39 233 81
397 21 56
363 218 88
16 83 14
28 205 11
394 223 88
240 136 32
217 118 56
212 274 31
275 373 79
87 377 15
28 252 48
75 195 28
25 123 23
250 231 18
35 293 43
121 131 49
326 261 12
217 273 67
162 129 59
385 82 46
243 128 68
118 28 5
329 273 87
105 25 96
241 84 60
211 4 74
136 348 97
62 222 99
373 362 68
385 11 86
31 351 73
239 221 85
50 213 62
215 324 57
301 398 25
41 103 81
387 109 89
144 127 9
329 140 17
396 78 40
72 267 9
48 341 93
231 331 26
154 339 35
321 172 11
160 257 26
286 324 73
392 126 2
337 175 90
227 111 4
9 64 86
288 131 94
138 249 42
214 226 36
31 331 98
216 374 24
373 54 88
394 264 2
19 87 10
263 129 31
201 343 100
217 174 15
209 107 70
128 72 89
373 306 53
331 110 6
374 231 63
399 193 79
232 48 75
271 61 75
383 31 57
13 272 94
343 103 38
151 397 80
272 275 43
387 270 10
208 282 12
32 318 1
318 246 16
270 215 44
306 18 99
34 345 15
335 136 17
185 79 64
44 64 86
223 55 3
98 251 58
185 352 71
167 313 55
399 106 55
53 224 41
8 236 87
113 11 85
253 392 10
48 114 2
56 315 14
76 29 36
169 366 47
263 175 5
209 5 86
79 252 32
6 193 18
125 379 38
31 131 72
3 13 96
145 55 78
115 137 13
362 372 7
40 211 45
146 8 97
308 317 65
48 279 93
188 84 91
33 163 55
205 294 70
286 208 54
173 279 61
78 47 82
252 299 90
53 88 72
357 391 70
185 42 74
247 8 57
207 319 26
128 52 71
283 396 4
155 361 80
101 373 19
10 97 22
92 193 87
160 314 63
341 77 74
28 257 37
211 209 27
224 282 61
54 219 52
98 78 77
117 79 6
295 201 28
72 197 17
130 153 51
144 138 87
397 225 36
341 250 15
355 142 64
51 198 67
323 261 6
93 354 23
234 298 85
46 4 93
48 348 73
84 166 2
272 374 63
137 65 32
205 104 28
97 224 74
295 363 9
314 206 68
247 115 30
218 381 24
73 48 11
241 216 4
150 389 20
398 12 15
226 170 60
307 56 96
240 356 96
101 391 9
355 115 81
309 177 26
247 343 86
90 92 37
191 179 65
116 178 77
181 163 23
354 394 97
190 343 54
209 87 51
205 86 26
236 80 96
110 32 1
300 228 87
154 394 90
133 16 36
354 315 13
56 0 27
71 118 83
149 321 43
136 223 67
379 202 25
361 311 6
270 325 12
68 324 40
36 76 74
281 286 68
275 219 28
279 229 64
304 310 64
171 275 16
109 171 16
280 252 70
56 123 18
146 212 95
200 241 32
300 171 91
306 175 19
144 80 44
266 129 87
50 23 57
47 359 46
40 289 50
221 360 3
205 184 3
97 42 52
234 210 13
301 59 54
308 245 76
211 337 100
42 316 20
302 333 63
288 211 81
313 345 19
208 14 32
279 227 15
255 361 34
240 37 32
311 255 4
116 344 95
34 64 52
301 63 81
357 380 84
219 373 54
349 368 74
320 73 77
121 315 50
197 235 5
90 257 13
158 193 61
63 220 70
175 230 24
25 363 97
307 0 13
271 334 5
236 33 44
30 113 59
132 358 25
222 78 61
203 7 74
8 123 89
184 41 69
65 139 68
119 379 45
140 214 31
185 328 4
102 357 29
115 399 14
130 398 43
138 396 14
147 124 37
205 331 9
124 141 24
267 169 92
280 158 5
225 149 64
138 28 25
136 261 69
115 294 61
142 201 1
86 2 27
215 68 56
22 222 62
288 269 93
66 396 62
280 392 52
29 56 50
153 293 58
18 399 78
50 391 80
35 399 83
322 151 77
57 103 50
1 28 23
208 315 2
42 291 30
195 225 46
231 78 55
72 4 74
195 79 51
246 117 28
210 262 68
216 269 43
35 269 81
166 372 83
49 291 42
350 53 83
201 212 21
27 374 57
179 142 100
216 18 65
51 257 45
269 349 68
222 43 74
163 259 77
253 49 8
76 68 56
190 200 45
106 300 41
154 13 67
14 281 10
258 230 60
345 322 27
262 13 84
283 254 86
63 55 31
63 37 11
276 259 60
387 235 68
191 393 55
173 3 90
38 82 69
281 43 38
131 127 26
268 11 34
164 229 3
119 0 79
316 124 32
213 227 3
119 316 94
248 291 20
147 86 22
230 304 55
181 109 24
277 367 89
156 17 55
166 343 60
333 234 64
84 380 7
374 227 35
258 158 16
96 133 84
131 48 82
142 77 1
219 237 79
263 331 25
266 294 30
152 329 32
296 382 71
235 26 26
278 155 95
289 332 43
217 214 31
124 270 55
378 267 37
245 15 78
363 16 17
31 278 21
349 394 32
320 332 93
132 108 80
221 262 57
270 287 50
157 274 68
369 315 74
115 384 95
179 207 53
293 105 73
394 226 6
129 143 67
119 34 39
392 367 19
147 110 92
381 169 19
341 68 53
321 124 26
179 37 43
90 103 89
115 112 19
158 249 27
154 57 72
388 394 53
150 45 47
79 65 41
156 217 73
72 86 28
72 313 38
166 327 1
249 21 96
175 361 7
60 69 5
291 159 49
208 192 52
239 53 79
49 63 5
69 340 13
379 374 12
230 85 10
35 88 88
290 383 3
104 290 31
364 145 6
200 74 69
0 201 11
39 17 80
170 133 51
371 57 72
115 310 68
300 44 33
92 302 100
313 2 54
60 214 85
303 40 82
13 134 13
320 277 82
236 286 13
37 215 58
286 363 67
14 229 83
394 202 20
344 69 85
343 350 30
307 133 85
219 70 39
121 115 25
366 296 13
61 161 19
1 351 81
282 67 88
309 55 15
159 166 29
291 3 28
113 125 38
266 36 19
226 380 39
75 18 75
281 321 73
149 333 16
194 66 97
394 365 73
177 102 1
7 284 68
225 382 94
42 237 76
397 61 86
316 381 38
131 284 15
370 318 63
314 368 22
94 305 98
232 349 11
43 200 42
372 370 51
181 11 73
378 301 50
144 135 25
366 217 18
270 62 43
198 260 55
300 377 94
165 281 57
217 354 38
128 356 68
317 302 8
132 279 17
215 201 11
142 225 27
77 389 71
200 111 86
60 78 9
375 196 80
79 323 86
155 1 49
337 237 53
315 368 85
81 31 11
361 249 94
282 237 38
74 5 82
162 219 24
326 138 82
202 34 71
242 385 49
271 118 24
82 88 90
253 59 78
274 391 31
307 227 16
246 90 42
210 52 30
156 188 44
302 162 46
38 392 95
317 166 1
137 44 45
221 86 35
40 325 15
358 66 25
79 305 42
214 249 40
251 314 1
254 329 7
385 234 36
197 67 23
64 58 33
49 196 19
223 13 11
291 168 6
369 236 88
92 228 20
44 115 21
279 101 26
195 200 74
184 50 63
175 28 17
326 300 94
66 77 49
125 91 68
30 122 57
344 21 35
235 339 76
306 131 20
195 62 93
311 188 40
398 379 16
377 283 70
261 200 88
77 36 89
112 32 14
148 373 32
170 383 92
47 117 90
50 182 30
18 238 73
338 40 39
61 277 33
109 235 3
315 146 24
18 82 91
88 381 39
294 214 73
370 320 85
223 14 69
209 311 82
163 137 15
358 318 89
175 10 22
112 68 82
297 390 58
365 161 5
196 370 55
347 151 92
116 195 39
84 200 3
69 9 40
257 154 34
114 198 100
52 29 98
69 177 84
177 365 1
160 267 83
215 99 50
56 327 32
344 158 87
149 330 42
136 284 17
98 190 2
103 195 6
179 111 7
187 53 12
203 377 24
262 351 14
69 324 3
371 179 27
394 57 64
128 141 84
6 70 49
311 82 72
233 173 27
146 27 9
302 142 59
240 336 90
103 333 66
12 47 14
116 339 66
375 330 6
128 280 80
146 271 37
139 257 88
324 203 28
259 282 50
254 181 52
339 240 30
7 14 1
351 220 83
209 146 8
74 196 68
303 31 55
169 207 9
287 239 18
10 182 63
59 269 53
194 236 18
30 125 17
186 234 65
75 0 28
284 281 72
99 177 40
137 371 85
329 313 26
393 239 38
266 362 91
34 218 42
224 186 89
176 21 63
251 68 42
346 363 56
384 361 18
1 112 63
109 164 11
297 205 23
265 281 7
93 365 49
42 276 9
234 301 61
104 298 82
355 327 45
182 137 31
40 239 34
324 27 7
321 381 81
258 166 40
103 202 12
154 340 42
350 238 27
24 248 18
103 90 23
163 8 38
59 103 2
22 41 6
125 4 67
343 355 70
115 398 34
8 87 85
101 278 8
256 117 36
343 150 69
338 350 72
41 268 46
12 91 19
288 385 98
181 326 79
14 155 32
305 11 12
31 186 28
236 121 33
160 286 41
198 308 93
56 33 16
362 228 67
61 268 86
11 131 94
146 308 43
305 129 92
222 231 39
157 103 49
361 310 31
307 279 61
138 87 44
327 94 65
300 88 74
192 8 100
24 131 93
46 355 3
202 73 50
343 55 16
261 345 48
34 297 91
12 102 60
244 222 16
336 156 68
34 352 58
354 138 41
340 54 19
252 111 88
225 223 12
45 75 3
29 272 75
240 41 86
234 32 100
42 69 87
104 201 90
109 250 74
118 316 86
112 298 29
256 345 94
245 231 24
204 209 98
274 82 22
56 261 17
16 395 31
260 269 31
88 22 88
52 269 91
199 298 22
240 62 49
192 352 41
396 190 94
42 239 11
24 385 62
170 55 79
76 262 37
46 236 30
133 125 46
238 18 58
247 369 66
316 39 86
258 320 49
133 221 22
201 228 6
275 294 39
204 339 18
384 272 57
278 182 22
337 318 3
182 51 19
338 263 74
238 166 18
355 348 36
341 253 84
253 159 19
329 113 85
366 398 19
383 69 39
191 79 10
116 357 50
135 315 81
151 235 25
155 9 99
250 26 80
276 371 74
205 8 22
14 75 100
381 391 82
133 4 30
107 58 21
131 58 38
278 299 57
346 181 75
75 258 28
295 314 48
395 134 19
113 136 68
112 383 5
232 87 92
337 317 17
341 146 64
124 373 15
96 222 22
170 222 86
362 247 8
103 241 38
307 60 12
236 46 59
109 342 20
334 79 55
52 260 62
310 275 10
281 120 54
67 381 52
352 335 96
292 351 41
135 250 11
390 273 25
54 369 30
142 200 63
271 69 93
303 237 98
268 314 32
246 274 45
175 138 86
167 156 33
187 333 44
357 324 95
282 260 90
0 197 85
43 107 37
188 220 85
167 398 19
317 14 3
274 147 100
385 273 27
336 377 26
375 248 84
24 39 71
0 387 80
344 337 54
384 315 22
377 293 22
207 317 33
107 242 88
219 39 30
71 107 73
194 69 48
63 120 56
105 333 96
107 344 85
326 323 22
231 75 65
323 16 19
146 201 27
88 60 38
155 341 36
356 291 100
239 377 92
23 213 61
315 340 51
219 195 74
144 269 38
138 172 76
6 337 9
297 202 78
60 144 78
169 39 90
94 343 36
49 14 97
56 398 33
242 124 79
320 373 85
8 77 93
49 250 64
331 321 55
385 212 1
359 165 51
293 188 83
243 24 52
195 112 16
160 294 60
296 243 85
33 5 75
187 176 70
51 152 42
214 327 53
232 65 10
249 132 44
391 323 55
276 114 12
365 195 34
280 291 9
58 316 16
88 224 51
95 376 5
228 370 43
22 2 72
53 133 58
373 197 99
145 134 93
236 132 78
214 49 57
283 210 91
191 71 34
335 363 12
180 227 53
135 262 48
27 120 79
104 205 75
262 89 78
163 349 28
156 95 82
250 103 5
264 315 11
218 8 83
38 85 32
283 12 43
252 30 32
300 294 77
18 108 22
366 163 77
153 122 14
95 397 45
113 117 73
86 88 40
351 10 39
160 360 23
3 33 52
235 209 48
47 300 24
394 313 12
14 108 49
272 212 24
14 43 59
173 1 44
106 388 50
186 364 68
50 196 17
107 267 11
149 343 63
61 398 10
394 85 36
254 36 25
180 135 38
334 117 78
397 196 74
245 155 9
331 304 49
206 349 58
106 266 23
200 98 53
215 199 30
198 58 76
360 1 64
244 356 96
374 102 68
326 207 46
352 257 57
308 146 89
178 3 94
74 263 43
350 339 76
335 123 19
287 56 20
333 163 55
322 250 62
323 330 22
101 54 75
343 80 12
218 35 44
110 222 32
54 96 37
296 266 98
223 79 55
312 204 5
377 47 94
399 140 95
38 95 31
378 92 16
89 297 64
0 153 64
68 197 89
188 349 83
344 32 40
150 22 45
42 49 28
34 87 18
349 96 99
386 326 48
291 204 59
282 307 69
378 201 61
135 61 34
65 23 59
359 133 77
364 249 62
158 270 59
2 194 50
119 282 88
153 253 98
0 268 33
263 135 92
282 398 71
79 185 82
380 64 88
182 346 11
139 249 44
187 167 63
176 271 89
247 99 30
320 334 52
195 210 99
78 113 11
211 335 69
81 141 95
320 9 24
8 252 15
268 72 73
324 346 100
157 346 71
254 292 73
120 209 97
169 346 70
115 389 68
11 287 32
345 165 70
250 263 52
293 201 62
348 34 40
123 5 48
113 294 14
196 144 12
129 101 89
312 119 18
54 185 17
268 373 97
181 399 41
381 27 72
293 298 70
303 150 87
276 380 37
178 29 42
295 184 97
263 259 78
110 348 27
182 371 37
121 393 77
92 257 23
237 286 19
71 13 40
195 116 99
67 78 58
214 149 68
78 202 77
264 125 82
137 133 26
359 173 49
185 264 53
196 361 2
243 156 4
21 244 90
284 316 40
187 335 86
377 349 42
142 184 38
236 203 20
16 370 100
173 143 17
188 305 76
87 119 15
80 225 13
268 211 57
2 262 71
46 184 48
212 142 27
389 71 5
279 119 22
376 312 99
81 329 62
224 202 41
398 322 38
22 353 20
67 195 34
63 58 70
241 328 64
176 288 88
347 55 78
104 96 49
128 24 39
38 81 40
144 377 24
363 398 47
313 56 87
71 368 38
266 84 18
33 303 68
6 232 12
116 11 78
54 310 76
196 354 10
111 367 12
98 258 62
140 162 97
189 396 49
4 294 46
245 100 8
38 122 88
172 54 28
234 260 4
78 124 71
59 309 98
49 4 66
121 77 66
363 22 61
324 236 47
299 90 48
196 288 37
323 98 53
67 105 73
346 230 13
90 153 46
346 109 48
137 398 22
294 184 86
396 39 37
101 261 14
254 185 79
287 284 17
4 52 31
245 348 24
215 191 11
20 110 69
113 216 88
258 221 28
243 111 37
320 24 72
30 231 43
251 70 10
41 342 27
307 296 60
179 67 83
274 107 97
353 6 66
293 319 1
115 349 100
261 384 38
360 81 56
359 234 75
310 136 31
113 210 74
362 255 73
91 307 86
25 299 19
206 370 52
49 227 64
331 313 75
92 342 70
202 26 63
199 341 34
92 258 45
50 366 46
6 169 22
129 93 49
130 352 29
389 236 1
354 295 64
246 96 100
345 35 64
324 87 94
295 131 58
255 57 31
321 164 31
178 308 31
259 136 27
2 84 30
52 188 25
69 63 81
246 215 60
317 234 13
325 383 92
140 92 29
235 258 8
254 48 12
261 370 49
191 303 77
170 143 13
104 348 12
75 397 28
263 398 81
200 31 77
65 254 93
194 253 98
171 318 82
160 206 39
330 371 100
273 258 63
211 303 37
63 262 32
25 223 96
174 383 76
378 25 62
334 324 62
71 70 51
322 227 66
101 150 91
62 34 84
61 203 33
222 367 89
225 6 38
26 161 17
335 12 3
263 4 64
18 84 47
59 232 15
249 381 74
277 75 59
97 173 15
35 97 100
245 302 37
248 307 59
214 201 22
102 186 23
237 219 87
28 333 8
170 224 65
367 119 92
253 4 92
42 249 59
121 339 65
344 54 68
128 29 25
19 158 62
157 14 22
295 161 72
253 31 3
362 395 53
118 361 63
360 113 20
157 152 55
53 244 78
308 201 80
371 207 21
30 275 56
395 191 67
86 27 2
71 103 4
193 133 77
106 175 79
380 149 23
293 88 2
358 11 68
87 269 38
322 243 67
394 303 36
346 22 1
77 354 90
86 279 92
316 106 13
373 44 11
342 298 21
156 257 3
206 375 55
47 78 78
254 153 5
324 397 76
10 253 6
375 129 10
332 319 26
268 188 32
7 218 8
257 243 74
77 74 70
40 314 11
340 117 14
61 182 54
378 174 78
357 46 72
201 82 93
18 176 71
334 338 50
257 59 25
18 197 20
190 295 12
248 212 39
214 370 47
205 234 49
249 153 76
341 76 87
3 37 4
390 128 43
186 0 58
199 355 62
308 310 30
377 297 92
219 376 78
12 164 72
36 90 62
75 222 81
381 166 17
366 262 5
189 320 38
54 317 18
324 190 72
158 33 49
138 376 5
262 137 30
259 69 52
168 281 46
220 240 56
106 204 77
178 224 12
249 333 21
355 330 77
246 233 65
227 199 48
363 92 70
395 95 15
28 217 17
346 397 46
162 242 90
331 68 55
170 292 97
138 36 74
237 16 92
61 379 64
338 179 86
136 88 77
292 55 98
372 210 42
104 92 58
315 276 95
83 367 72
95 234 68
244 218 31
290 62 49
249 187 59
353 135 88
118 315 35
281 195 68
305 299 86
255 202 31
210 328 21
332 288 94
168 167 75
220 163 91
43 126 18
318 324 100
103 260 27
393 371 52
263 61 12
70 57 74
108 0 60
264 301 16
109 393 88
65 43 56
83 267 98
327 53 46
355 373 71
192 29 26
193 237 52
263 372 51
168 293 45
168 44 1
255 105 22
378 31 77
398 75 27
26 56 36
279 334 83
42 25 55
18 0 66
110 235 68
265 218 51
311 327 16
218 212 92
78 194 64
316 52 41
59 174 33
339 160 11
199 225 59
290 187 76
18 236 35
179 24 27
37 147 16
319 325 4
251 92 51
138 292 68
384 127 42
16 146 18
391 103 78
70 310 21
239 307 51
164 220 41
150 178 79
371 363 30
228 160 39
158 278 55
72 233 97
99 263 80
27 198 53
236 111 80
20 100 49
15 333 81
286 30 41
375 23 36
121 376 32
259 361 90
392 314 21
26 390 53
162 51 35
184 43 96
301 117 45
153 203 63
69 77 18
103 375 86
355 324 62
315 0 78
173 183 54
291 179 39
370 40 5
157 261 16
125 156 56
118 262 60
176 144 15
204 373 92
214 36 13
275 329 68
171 122 34
68 161 27
318 200 23
335 188 29
8 63 51
108 44 11
129 349 9
123 144 25
172 0 29
240 117 92
287 1 58
87 390 93
377 6 10
157 104 79
236 92 96
239 271 27
36 102 75
323 150 16
114 134 48
196 298 71
103 312 19
265 1 63
195 266 93
108 112 39
248 26 6
118 202 41
152 213 48
194 65 72
36 189 75
361 98 39
320 210 76
1 79 32
363 346 17
133 318 26
73 31 94
121 204 39
187 316 91
264 238 45
106 231 43
298 343 19
375 120 29
139 271 19
27 4 73
69 225 81
99 218 66
136 54 61
133 295 41
141 310 47
123 25 5
238 72 36
243 173 2
169 316 64
360 228 50
168 283 2
185 248 31
351 65 77
207 392 93
55 355 23
367 215 97
94 66 4
58 160 43
381 356 24
286 51 64
50 28 81
70 285 43
51 390 22
133 298 63
392 105 55
66 76 55
343 220 32
368 115 3
130 162 77
124 69 58
152 3 4
284 330 49
231 189 71
358 325 22
139 86 82
223 185 67
40 141 85
207 219 23
240 54 94
95 223 92
2 320 88
56 113 5
200 37 21
324 274 33
171 74 63
158 329 13
227 270 78
147 286 18
215 181 39
304 163 8
173 28 35
127 279 42
50 86 97
10 311 22
119 174 5
31 284 72
293 220 97
173 101 52
33 262 92
397 103 78
304 190 13
104 212 40
382 0 4
70 116 13
27 384 88
25 237 51
213 367 14
297 126 36
308 77 7
338 258 6
329 323 91
41 298 63
112 190 61
399 56 39
46 382 64
161 340 69
42 34 57
297 87 21
244 155 22
312 46 95
218 223 87
201 327 82
106 397 89
253 150 38
340 87 48
342 104 100
227 279 8
251 134 52
93 192 1
252 277 32
236 256 81
269 16 84
371 292 34
127 365 46
297 102 58
208 143 11
241 156 3
13 200 44
241 112 74
26 396 30
104 117 33
142 136 37
292 171 94
2 378 74
396 245 38
122 379 99
304 126 17
242 18 22
85 207 78
231 252 19
89 49 75
357 328 67
317 344 98
38 60 73
362 114 35
305 187 4
250 277 100
173 239 44
370 362 26
23 201 62
129 174 98
47 290 86
191 28 76
12 186 20
6 121 55
24 250 65
204 58 10
175 59 40
244 153 24
37 205 27
87 266 50
29 0 39
5 385 1
337 244 92
389 328 86
344 78 57
329 148 37
226 172 81
46 53 16
15 227 79
41 259 21
328 93 98
177 100 5
77 199 35
371 351 3
5 252 2
334 86 32
150 52 31
17 329 65
275 220 84
91 153 84
238 294 52
110 189 76
115 97 71
270 209 12
31 276 1
95 8 58
148 290 31
24 62 17
206 73 98
16 64 75
100 392 47
311 256 87
240 2 53
223 338 98
399 264 47
149 397 15
292 61 66
145 255 72
364 12 95
340 71 95
197 355 95
365 152 2
93 391 11
146 238 87
280 74 20
178 269 5
359 16 25
377 48 82
334 211 92
210 85 75
288 136 60
304 95 49
329 255 48
385 280 48
326 362 27
361 145 100
156 220 21
137 349 25
45 13 57
290 325 24
232 242 33
366 312 96
199 1 17
334 236 54
263 323 55
177 237 36
132 182 23
261 378 37
125 309 34
361 358 29
57 385 59
249 313 88
109 41 85
100 307 33
194 121 12
68 388 87
249 167 52
385 354 59
168 55 57
218 343 100
157 226 78
0 102 94
280 93 52
275 65 52
54 130 46
113 284 93
241 364 86
205 155 26
337 40 4
62 146 53
29 123 92
16 190 46
126 298 50
356 213 59
338 289 55
145 172 50
384 291 97
291 15 43
282 217 38
369 270 64
254 257 34
313 394 12
142 209 64
383 325 37
58 117 31
62 102 58
169 167 69
153 249 25
178 132 31
199 189 25
6 313 8
283 65 27
250 38 22
0 169 60
332 5 55
384 380 69
146 57 93
29 240 2
265 382 31
120 31 46
146 157 41
123 86 54
142 398 64
177 379 56
281 201 78
68 116 76
161 166 69
365 375 65
323 225 27
28 328 74
164 274 18
256 184 27
225 378 77
128 139 16
58 394 10
298 44 42
380 374 96
36 387 9
120 272 20
71 392 92
395 336 8
122 301 89
115 17 91
219 35 94
355 342 1
142 208 19
134 84 43
205 173 60
261 13 3
332 8 45
74 67 61
106 396 80
313 77 71
169 107 50
19 200 98
206 59 23
332 206 20
192 149 21
378 346 2
63 69 57
44 328 5
15 200 50
106 151 13
393 161 73
22 119 34
242 257 25
67 244 64
222 345 74
142 181 43
209 167 70
343 324 100
390 223 82
38 310 96
338 344 29
336 172 40
225 178 47
375 10 95
83 101 89
278 23 21
90 157 36
120 300 39
224 123 96
138 91 80
348 120 29
325 98 57
199 312 8
367 153 14
142 137 17
22 344 41
154 94 99
228 359 79
77 194 51
133 240 16
327 10 89
271 249 4
14 368 49
141 285 5
348 165 68
346 17 97
387 33 92
310 50 26
45 151 54
397 152 21
54 52 52
237 135 86
257 139 89
398 275 78
263 320 56
304 124 26
151 60 32
381 330 88
354 349 93
245 88 31
287 224 61
88 293 95
105 330 70
384 163 19
333 337 80
224 84 33
73 191 72
377 220 70
222 143 76
399 341 35
95 325 56
313 331 73
349 267 29
43 41 100
93 64 95
238 184 25
167 67 2
334 267 38
235 30 58
249 44 77
140 118 82
276 69 8
353 144 13
189 67 79
191 135 95
181 131 63
263 249 59
207 59 33
99 267 94
334 73 16
385 267 12
302 159 79
89 261 23
191 47 65
259 54 75
83 270 93
369 368 15
289 127 33
137 259 24
275 56 52
194 299 84
11 381 26
51 317 83
375 329 88
155 286 12
147 262 6
392 255 49
179 158 58
393 160 26
122 9 16
204 57 38
207 104 75
253 225 37
349 160 32
9 238 59
264 48 29
85 158 72
236 125 3
65 354 58
44 85 5
248 200 74
131 295 45
192 33 46
93 315 10
77 91 16
230 163 34
283 104 26
399 129 77
358 328 43
10 236 6
71 76 4
170 169 19
395 70 88
43 253 60
237 22 37
110 69 66
77 281 42
303 330 4
51 291 23
151 220 1
100 134 51
349 120 96
202 224 28
94 297 17
280 197 50
294 95 23
204 363 69
67 183 56
32 310 2
85 131 30
60 20 91
377 70 49
157 25 72
332 326 57
191 22 19
180 108 44
167 58 37
168 139 29
52 279 92
2 11 11
392 173 66
70 142 80
58 340 97
285 272 62
10 315 73
264 399 96
255 345 42
91 349 92
221 143 75
290 235 85
15 174 22
20 31 95
42 28 2
139 168 60
71 47 86
335 300 21
229 394 49
366 102 61
189 264 65
213 312 40
32 140 71
230 223 83
85 205 54
122 201 10
184 352 12
284 73 79
38 309 25
47 105 16
98 126 22
120 294 7
327 61 33
342 122 59
337 136 63
210 117 27
285 233 35
29 234 91
397 96 31
327 372 66
128 209 55
371 183 16
313 47 7
128 250 84
304 14 48
169 97 72
271 119 90
134 224 10
91 295 42
184 134 82
393 23 82
200 76 100
231 123 7
197 98 66
68 80 34
281 271 66
199 149 94
113 85 92
145 50 33
172 94 77
397 59 39
373 376 53
156 201 21
169 47 87
342 379 4
152 385 55
167 126 25
147 246 3
53 314 8
307 169 52
207 331 18
343 24 55
147 374 51
12 306 2
200 32 79
23 46 43
25 376 16
270 308 66
303 153 15
213 12 31
274 207 86
298 301 56
81 167 59
337 302 29
102 192 53
391 125 97
90 2 97
212 365 34
178 116 14
238 291 45
102 293 17
10 152 93
211 227 10
273 228 61
6 395 90
394 368 61
293 273 47
247 101 32
297 77 94
161 63 69
186 22 32
205 142 41
162 210 96
19 197 77
380 266 48
81 345 74
23 198 96
192 75 49
391 379 18
377 177 92
123 354 44
15 100 41
386 357 31
302 261 46
54 309 83
83 217 60
391 213 43
229 78 73
138 379 74
105 263 76
311 258 8
278 232 43
372 377 11
191 37 13
286 272 32
51 263 33
218 91 99
215 355 35
271 63 27
316 104 47
352 181 59
215 179 71
41 131 34
224 64 73
312 118 71
275 35 57
248 173 88
285 278 32
204 285 32
220 354 25
169 267 86
353 313 32
326 324 99
134 299 83
13 20 21
2 14 12
75 349 7
213 200 60
189 20 90
154 299 65
377 161 23
12 212 66
127 156 50
7 222 18
14 87 24
204 281 19
309 144 57
300 108 81
162 318 10
278 381 55
347 220 7
381 66 88
232 259 24
187 373 73
302 25 28
377 2 55
319 201 43
1 114 7
57 105 68
216 180 9
94 388 14
164 232 32
290 210 29
340 73 47
135 71 75
64 264 37
108 229 13
166 16 60
335 282 8
299 45 41
95 286 45
205 98 8
217 97 10
296 71 10
84 82 37
396 304 34
297 113 42
34 47 70
112 203 51
253 387 53
254 225 36
397 277 3
134 365 63
336 97 42
106 352 8
86 324 58
35 56 50
261 208 95
321 235 27
318 27 17
393 293 90
16 158 10
350 312 4
175 125 41
290 368 23
396 79 77
344 317 62
83 395 20
142 278 32
114 102 89
141 17 15
109 310 19
95 284 7
213 156 1
71 349 14
389 98 33
381 74 9
391 326 6
356 110 38
296 117 62
270 273 71
283 311 69
332 136 27
124 274 43
53 323 52
375 245 46
64 34 8
375 77 9
168 63 89
347 212 56
299 141 18
372 42 97
125 347 55
109 170 95
1 127 4
276 279 4
194 355 20
263 237 28
217 263 9
214 256 34
306 11 29
220 274 9
79 324 76
35 364 43
176 173 25
222 159 4
0 79 66
239 17 27
84 57 73
7 266 85
29 388 67
281 372 42
29 48 42
190 291 46
267 167 23
151 65 50
382 15 77
25 385 20
241 111 93
67 276 26
363 74 17
60 326 30
78 159 3
297 207 96
127 367 5
190 392 47
266 50 91
388 399 77
156 339 26
93 73 41
206 41 61
376 188 29
154 238 17
60 176 81
34 74 87
323 18 41
152 231 11
107 309 89
125 303 12
234 366 13
99 213 72
256 12 56
52 223 50
296 91 91
1 357 24
185 175 45
225 306 92
350 356 74
254 40 26
84 81 32
386 187 1
88 227 52
35 257 41
84 275 32
314 162 60
89 100 34
355 353 82
177 330 32
389 30 64
38 112 79
242 340 35
296 270 54
217 309 93
60 247 79
85 169 73
91 108 84
156 227 2
207 212 32
309 23 26
178 298 32
226 81 43
119 262 12
6 33 31
361 303 83
214 92 91
290 194 59
226 20 39
359 248 100
127 283 39
92 386 56
44 43 11
119 17 72
128 120 40
58 37 1
219 229 59
85 247 47
44 240 9
320 311 46
260 69 17
359 300 24
234 107 22
288 251 8
308 82 89
206 230 36
269 229 49
130 90 68
213 282 60
172 396 88
394 152 59
123 13 56
158 203 94
207 115 80
399 235 9
354 227 62
206 8 26
348 379 84
247 19 24
50 153 56
351 390 17
69 105 21
57 270 11
17 120 83
399 79 10
212 85 25
108 263 62
378 300 45
260 230 64
365 207 30
151 219 80
156 137 7
92 229 32
222 85 28
243 105 89
95 238 98
178 159 80
126 299 42
146 46 61
203 98 80
146 350 11
346 395 95
34 50 17
42 346 61
142 222 77
268 270 38
255 156 85
218 5 8
371 319 83
369 375 39
317 295 88
219 81 24
127 27 32
98 43 61
291 16 14
334 21 98
310 33 91
98 305 68
330 322 60
138 355 52
198 356 99
32 323 100
232 19 73
48 345 98
70 152 20
330 6 18
52 55 27
259 288 91
190 45 76
33 222 82
44 363 78
275 123 6
131 29 22
71 325 28
298 303 61
174 95 8
68 341 6
182 74 52
40 31 56
153 143 38
177 386 60
264 263 79
259 51 27
166 323 20
6 175 90
253 20 49
1 199 82
205 365 57
86 385 87
13 27 93
104 191 98
266 53 52
47 250 10
189 129 69
254 275 72
189 352 40
216 25 40
197 143 25
338 21 73
132 362 9
385 231 31
201 211 80
252 107 17
275 347 100
214 361 58
208 221 68
301 212 15
173 245 61
187 154 90
112 207 71
377 348 36
115 386 71
350 173 59
120 141 63
150 375 78
140 232 76
160 125 64
321 293 76
9 306 9
399 37 15
170 252 81
236 140 79
6 18 49
295 139 7
384 215 11
97 69 81
289 19 51
58 306 11
345 26 26
240 273 87
243 204 87
84 172 35
20 144 58
180 383 43
5 268 25
135 126 67
129 19 24
367 259 18
18 180 18
379 163 25
142 8 35
89 144 59
319 326 42
204 234 65
65 266 7
328 351 69
132 390 36
182 351 6
283 157 76
335 272 14
383 214 91
360 94 74
321 264 41
354 273 91
66 153 54
371 50 6
214 305 25
134 180 49
267 334 88
254 66 46
156 375 85
132 205 11
344 225 67
162 203 60
125 93 97
151 320 98
395 62 28
186 366 73
298 167 35
170 121 7
237 366 92
100 306 57
216 195 93
344 237 66
339 63 85
57 367 56
27 18 59
157 187 40
183 120 84
115 264 12
46 381 19
296 211 90
17 144 13
193 345 94
338 183 35
268 139 71
374 334 3
390 232 34
238 98 79
31 380 86
175 19 68
346 386 51
356 335 67
221 342 32
34 51 38
174 5 3
70 240 64
171 354 15
265 320 11
389 265 53
181 51 66
142 58 97
158 215 38
189 282 1
252 226 32
43 313 82
198 214 20
45 298 17
53 328 18
328 308 7
316 97 30
305 346 65
289 122 84
374 283 22
231 339 11
278 284 13
276 222 32
371 294 62
220 211 56
315 46 92
86 301 77
290 108 20
0 333 100
16 84 76
262 84 93
194 239 70
319 303 98
113 223 23
145 398 49
83 336 67
341 381 85
358 238 45
190 255 32
211 1 35
305 57 28
321 131 10
337 243 6
133 0 14
375 319 46
290 269 2
358 29 44
70 276 12
391 76 25
18 118 4
170 12 29
148 121 68
178 221 64
2 254 84
233 140 30
159 378 79
221 363 75
202 4 35
110 327 83
80 163 16
35 124 62
309 136 5
28 243 22
127 251 19
11 326 60
164 382 58
318 13 35
316 55 29
186 277 40
304 388 12
395 118 42
289 59 24
364 339 80
124 204 41
146 39 45
59 360 28
322 77 2
151 200 20
90 32 1
127 223 75
97 204 64
378 112 14
35 82 51
112 225 2
181 377 46
178 235 49
210 63 14
349 78 70
56 172 70
351 211 91
171 19 80
47 130 3
227 232 8
87 297 85
278 186 81
335 353 56
337 148 35
266 377 60
365 140 55
374 146 34
346 334 33
161 61 77
255 364 5
210 323 34
118 21 94
260 382 12
326 141 99
139 212 16
334 69 50
99 245 29
263 137 76
61 267 44
298 32 68
135 53 34
314 264 4
307 397 36
331 104 68
197 386 79
22 15 56
191 110 100
147 141 46
176 309 29
201 199 48
64 120 25
215 284 25
370 302 31
137 230 6
128 137 48
384 342 75
223 171 67
119 22 13
304 251 13
203 385 68
319 94 50
116 67 80
396 68 72
243 39 6
214 219 72
25 245 18
169 45 25
138 95 35
93 90 97
34 84 61
153 274 2
117 361 61
41 310 36
139 337 53
336 9 92
392 364 30
308 111 59
291 5 59
289 279 23
305 221 7
394 165 22
28 219 42
372 246 27
71 23 31
217 255 53
231 124 87
394 316 7
386 227 60
104 279 1
344 395 84
192 287 86
200 336 28
324 350 46
310 358 84
146 56 41
125 102 43
179 335 99
357 229 29
332 274 27
31 382 41
5 194 94
306 359 90
26 134 61
211 314 65
161 131 10
394 331 88
186 118 27
203 28 24
256 205 5
273 316 9
308 348 33
237 188 99
267 10 96
332 208 80
398 53 33
134 210 89
46 207 56
160 214 91
339 37 100
189 394 66
94 243 34
105 109 57
79 283 16
233 204 69
348 102 59
333 349 45
383 394 39
9 334 39
20 72 49
222 147 25
175 352 45
84 323 17
347 350 66
144 253 44
44 88 58
92 117 67
254 315 59
202 105 26
309 373 80
208 197 18
59 109 6
210 240 34
287 385 48
68 301 80
192 126 9
89 31 97
332 321 63
278 302 100
258 40 99
25 60 67
56 263 47
299 257 11
10 377 50
220 33 65
96 13 72
225 291 57
26 377 79
371 172 23
190 372 42
294 342 2
271 95 51
233 322 71
191 334 5
338 122 64
321 368 95
325 96 23
8 319 41
381 134 14
270 391 50
309 331 80
99 293 6
211 225 66
126 279 72
197 32 60
74 125 36
209 192 1
356 274 73
78 57 49
175 84 55
9 280 49
228 169 46
170 306 21
151 378 99
1 379 90
282 294 89
68 157 48
232 395 28
257 354 13
188 183 54
187 345 81
318 366 33
32 34 32
64 119 34
398 122 56
15 351 44
170 42 73
88 114 79
364 197 46
74 102 87
277 361 41
207 12 93
165 185 56
42 60 2
73 51 47
249 137 33
176 259 47
203 56 34
339 32 17
312 266 82
167 216 97
62 26 27
332 382 50
22 105 56
163 104 32
382 144 58
366 386 37
314 167 73
304 332 80
241 33 2
281 156 49
87 53 44
105 188 5
9 102 14
152 342 59
302 292 80
242 110 68
94 346 4
349 188 87
334 100 69
200 57 36
394 52 78
115 288 98
86 138 91
2 119 72
261 165 22
41 363 97
341 310 47
290 76 96
198 162 15
287 107 21
193 278 3
5 306 13
78 170 87
184 212 53
310 248 24
263 145 3
314 216 63
313 236 7
327 165 25
130 92 92
154 74 8
127 134 90
162 132 50
212 101 4
362 393 29
253 177 7
287 29 12
114 384 63
266 239 83
335 104 29
320 231 36
310 194 50
75 332 49
52 206 74
248 377 87
132 121 37
339 256 41
220 90 5
28 300 24
331 353 91
116 218 14
181 9 88
119 159 22
262 40 62
380 148 27
34 2 3
377 171 58
329 12 42
236 184 7
95 227 10
261 45 15
127 195 2
385 88 84
315 289 24
207 44 40
379 180 63
305 24 56
24 305 62
387 216 65
27 241 23
162 371 20
228 149 45
208 100 4
53 190 41
344 368 98
19 342 100
62 163 40
18 90 59
270 193 9
266 177 55
112 159 60
216 385 12
140 174 86
316 236 15
276 374 86
355 52 42
378 2 55
315 134 89
135 69 76
366 271 92
291 188 26
319 68 45
288 225 30
127 88 16
85 298 15
0 170 58
104 345 90
133 297 59
240 338 51
146 66 59
19 90 69
69 22 5
176 187 74
234 307 5
349 36 20
319 305 63
62 41 85
355 199 92
26 129 14
246 173 50
378 203 22
383 189 20
90 138 56
312 363 79
227 292 52
343 300 71
59 254 91
186 274 41
254 162 65
58 291 11
20 369 39
9 385 11
70 162 33
46 286 14
257 320 42
303 375 11
310 267 27
243 186 72
351 189 3
107 232 67
92 148 7
163 326 77
74 190 84
119 58 84
190 352 73
149 340 62
246 23 44
276 370 79
14 158 49
69 264 3
334 254 55
107 354 47
170 154 32
69 389 51
266 183 43
249 351 26
255 325 73
308 197 13
167 89 91
230 198 86
86 356 53
332 13 5
289 328 13
359 44 6
378 166 78
93 95 52
337 354 97
346 203 94
232 193 25
164 235 67
160 166 85
16 150 72
81 19 10
8 16 94
65 179 100
380 319 47
321 220 27
35 351 10
398 340 29
271 128 51
146 207 100
27 254 35
278 209 24
91 58 67
165 193 1
285 117 43
78 349 61
252 302 96
198 113 19
242 125 75
322 360 42
344 8 55
198 239 69
178 76 15
214 221 43
314 344 75
122 257 91
139 282 17
197 269 95
324 129 27
236 36 96
134 108 30
300 105 70
135 335 91
207 133 32
314 214 63
139 135 18
3 14 7
25 301 68
178 162 41
197 58 35
62 101 80
143 331 20
224 271 30
40 373 52
249 190 80
120 1 11
180 281 88
227 135 81
60 116 78
53 291 23
396 272 96
97 320 61
269 146 73
355 3 51
40 240 60
75 2 14
195 342 26
96 157 63
46 397 78
305 231 8
234 348 78
354 89 56
212 26 32
190 37 22
42 176 14
289 245 67
42 311 58
190 235 52
361 374 63
252 394 75
281 256 3
365 291 36
244 151 31
306 63 87
289 143 91
56 73 50
368 393 15
108 58 93
155 3 76
261 264 31
387 205 19
212 217 60
179 329 92
119 4 26
395 318 48
287 250 23
144 0 86
266 224 16
259 241 37
339 30 81
323 223 29
175 339 50
243 321 36
256 237 21
258 243 71
161 328 7
377 91 42
335 344 11
88 144 3
278 229 90
129 134 99
242 41 38
18 81 5
130 86 64
231 286 51
148 140 16
35 55 24
325 73 66
298 291 78
182 387 22
353 67 50
61 165 100
366 328 62
85 225 34
396 140 85
191 112 43
381 373 99
288 92 9
358 143 89
53 15 28
122 282 68
3 365 33
199 175 42
241 368 50
389 27 7
206 369 14
33 207 34
57 310 29
290 39 4
113 53 87
374 122 9
188 31 52
334 71 65
176 140 86
66 32 89
369 395 88
221 79 27
193 332 62
138 39 72
222 215 85
343 111 48
115 338 28
145 61 18
172 182 79
191 360 81
306 205 90
89 348 13
186 347 91
22 177 12
361 25 78
169 88 54
371 7 25
206 363 40
246 309 67
331 43 69
26 189 97
86 134 85
241 366 69
390 35 90
164 399 61
117 101 96
393 350 65
96 200 49
312 28 61
381 283 58
246 98 18
392 113 62
228 168 13
199 92 10
323 30 41
237 269 52
199 143 35
29 325 95
112 117 43
28 81 17
140 38 89
71 314 42
149 295 14
108 167 44
298 317 68
63 25 18
254 182 30
93 70 91
153 20 21
241 296 7
392 293 54
187 35 73
147 330 84
129 158 49
164 80 24
0 29 97
72 176 37
5 98 1
229 115 62
5 228 38
33 25 67
15 153 67
351 362 53
163 33 84
281 311 41
25 115 84
178 352 8
314 156 83
125 224 81
105 69 65
302 175 51
2 32 48
387 260 74
5 104 63
232 261 90
63 372 44
292 385 73
353 110 42
395 139 25
49 35 4
390 118 16
376 208 96
187 325 85
140 158 15
200 238 5
258 83 43
333 276 48
298 92 79
114 316 56
10 20 69
141 108 93
36 249 20
201 396 20
166 223 93
371 65 57
81 65 56
398 139 50
257 127 43
201 324 27
172 12 58
355 128 43
261 388 40
253 110 70
377 206 14
127 319 93
217 27 53
85 384 35
242 312 84
361 205 46
99 114 70
141 369 66
336 63 20
218 126 59
206 283 58
241 77 10
303 8 74
156 335 42
373 46 31
3 343 8
266 178 96
96 108 7
281 211 93
164 290 62
287 358 81
71 301 48
18 207 66
180 191 98
384 376 61
175 397 76
110 398 66
274 126 7
138 160 90
292 231 85
41 325 32
390 30 49
222 56 18
260 342 8
230 389 6
303 120 99
363 48 36
271 134 50
327 301 32
331 72 66
379 395 94
71 89 6
221 340 14
370 19 45
329 119 33
23 43 45
333 261 77
107 273 72
364 191 49
343 51 17
24 302 32
373 34 75
214 162 2
92 177 10
71 256 37
335 140 97
396 150 72
374 205 48
231 214 63
299 9 22
32 391 65
312 145 17
22 44 30
373 52 69
366 15 21
19 250 98
208 199 58
184 174 96
186 201 78
207 87 99
158 44 96
394 75 17
76 135 3
382 107 49
18 9 16
88 145 44
8 270 76
224 318 85
164 331 99
236 271 58
297 111 20
158 94 67
274 378 75
200 122 90
190 41 10
212 69 32
224 177 63
190 366 7
216 175 27
119 353 13
191 133 74
114 195 15
130 175 4
199 310 84
322 294 45
118 1 76
377 154 26
205 332 51
326 382 17
61 189 94
16 224 36
229 94 66
46 299 51
328 214 48
303 245 70
162 338 83
89 76 57
66 144 74
384 254 45
127 383 64
287 86 50
232 177 83
210 164 30
228 361 8
317 332 81
318 173 46
28 47 69
264 149 58
348 367 79
111 58 4
240 101 70
171 227 16
205 391 23
88 94 68
307 181 2
222 311 94
210 212 94
88 265 90
190 100 21
288 39 51
231 279 81
385 104 28
167 295 56
261 55 41
94 283 92
135 15 49
262 283 64
17 153 33
187 218 86
29 65 71
92 325 52
65 163 74
229 258 93
164 366 17
92 381 31
73 371 72
179 326 81
398 205 5
47 295 44
395 252 54
287 286 65
142 121 70
293 395 89
36 18 43
16 376 65
45 219 66
62 172 55
83 252 18
179 206 83
150 85 50
165 78 53
140 201 100
368 147 30
165 22 2
366 152 22
305 151 52
212 262 98
222 214 11
233 277 98
219 327 68
67 144 81
77 336 83
276 150 66
262 176 39
256 370 74
396 49 65
102 240 20
165 330 4
365 288 8
204 203 95
282 354 21
310 197 31
197 3 44
84 369 30
127 148 57
282 59 8
173 194 91
199 398 62
61 103 32
193 130 66
257 17 50
117 307 79
280 193 26
380 313 87
338 137 60
290 371 28
313 70 60
352 362 36
240 81 53
385 142 4
353 146 13
15 189 51
214 160 56
288 260 96
202 207 26
114 342 88
263 241 86
75 254 5
153 211 82
50 1 6
237 86 62
25 213 6
252 177 17
324 273 67
180 104 34
4 189 46
248 150 84
378 193 8
129 310 49
154 275 83
225 186 30
385 56 37
141 322 5
26 233 7
150 234 27
14 340 70
217 382 67
133 11 27
49 116 10
374 39 49
104 173 54
226 45 94
374 123 86
72 388 60
17 196 86
24 321 53
360 224 53
277 315 100
20 168 8
204 47 8
372 139 11
135 347 33
315 380 5
392 8 98
213 281 100
44 351 39
124 115 39
197 293 62
136 3 15
313 298 96
183 267 8
340 316 48
234 8 49
396 269 6
202 77 65
20 346 63
245 233 66
83 245 96
68 111 34
263 277 86
162 101 76
185 195 72
150 260 35
83 133 13
156 9 44
32 268 26
181 285 80
61 255 53
75 98 28
204 31 76
378 106 89
139 33 73
384 37 75
110 96 39
111 98 74
217 312 71
373 143 85
373 56 62
22 155 54
354 113 58
113 181 9
287 332 8
45 115 88
384 273 16
130 124 88
372 239 34
339 131 47
389 155 28
227 314 95
115 240 28
58 23 1
47 340 53
145 230 32
326 320 7
378 142 75
80 69 36
156 141 76
141 362 31
399 305 52
58 114 52
148 367 98
49 1 76
123 239 94
235 122 94
90 382 74
97 298 81
188 248 95
163 81 67
365 382 76
206 147 95
53 193 14
257 371 61
37 168 1
224 155 71
41 335 87
121 369 2
192 220 43
195 215 6
90 253 30
376 40 41
178 357 62
325 372 17
289 206 31
367 355 19
378 50 94
96 15 6
241 128 65
113 118 42
396 185 30
57 86 62
129 48 93
147 250 15
32 353 76
329 307 7
189 220 96
118 231 20
278 124 93
326 266 6
172 259 3
360 188 91
135 243 52
295 0 92
354 83 55
380 268 42
55 279 51
207 37 12
127 65 84
269 319 59
399 13 26
104 177 75
33 50 18
81 238 91
236 218 5
248 177 46
212 119 27
99 348 59
64 188 26
161 62 70
46 161 88
14 111 84
171 378 64
351 371 24
337 386 7
394 180 68
140 372 68
342 37 62
307 371 21
207 152 74
349 366 55
168 26 3
315 388 53
349 66 49
178 384 93
44 291 61
314 152 10
135 232 74
150 60 14
311 81 36
312 394 17
323 124 65
113 91 5
382 184 4
306 89 3
14 45 97
288 348 60
380 286 72
92 10 81
372 191 43
244 147 10
113 82 29
309 320 23
88 238 70
219 114 61
5 247 94
200 125 50
305 369 47
213 53 62
264 106 24
9 12 56
6 153 52
144 83 72
369 8 9
162 116 84
290 100 89
21 18 50
74 390 39
25 144 8
115 238 25
100 107 42
53 332 17
79 242 72
116 201 40
361 164 98
43 193 82
233 382 75
105 127 30
90 277 97
32 173 91
0 48 84
292 239 30
67 129 4
56 116 65
371 317 94
380 124 34
334 248 45
165 261 56
133 65 52
232 117 85
24 345 14
193 116 24
386 399 83
369 176 99
175 158 39
286 17 59
213 288 8
61 320 37
276 25 36
245 258 93
93 224 27
28 125 94
318 53 22
285 80 64
114 234 24
52 258 51
210 78 73
392 45 37
98 246 31
37 250 81
73 95 60
216 283 100
31 357 67
246 195 4
301 300 20
174 192 62
298 190 57
301 284 50
61 338 73
30 13 61
93 245 3
152 182 33
130 25 99
178 347 34
330 380 51
269 322 47
106 301 57
311 157 49
29 312 56
339 287 34
368 255 17
296 188 4
295 153 29
339 355 72
41 358 3
33 390 8
382 285 43
159 20 49
117 394 94
26 317 11
259 331 29
8 280 46
115 309 4
78 203 19
195 124 77
60 346 68
141 80 45
90 188 58
297 365 53
212 260 30
84 282 17
155 148 78
138 6 41
211 73 34
391 99 15
264 261 66
5 14 41
379 123 37
152 366 50
233 240 66
233 384 64
328 337 15
354 2 74
123 31 49
384 292 95
264 284 32
206 216 26
260 302 52
351 275 67
194 251 53
77 376 36
155 289 76
6 133 65
132 306 93
30 371 82
0 148 99
282 40 82
28 344 77
212 140 48
367 339 55
225 154 58
29 173 47
149 111 49
30 145 68
137 390 100
151 134 30
141 89 60
253 336 12
343 23 93
372 94 80
183 111 39
255 152 60
260 297 41
343 246 36
152 264 32
320 141 70
240 197 98
321 333 91
194 222 25
6 269 82
290 338 47
159 91 23
222 391 26
220 375 52
251 378 30
163 86 85
286 280 71
387 238 43
245 363 61
227 144 48
139 359 14
281 145 83
243 307 3
82 244 26
118 58 32
261 99 54
1 271 3
82 49 21
8 240 86
65 109 40
201 85 18
265 18 62
297 152 13
51 10 22
5 388 44
76 127 23
1 283 97
30 229 75
319 330 61
168 304 1
179 273 38
323 329 91
346 227 14
48 217 37
273 313 9
197 371 70
208 1 65
29 71 69
105 116 13
155 105 65
196 44 84
333 213 15
97 293 5
117 248 26
393 220 78
82 323 1
4 389 78
172 77 40
228 56 14
134 182 43
14 324 5
143 263 54
380 171 78
124 187 95
22 318 5
221 390 80
159 231 85
197 282 8
242 42 95
98 92 52
181 394 87
320 220 12
98 286 21
324 301 42
5 132 92
233 7 52
231 217 48
231 340 54
263 338 79
12 46 34
11 260 15
235 197 64
300 281 20
74 146 76
355 119 94
169 368 2
327 337 69
381 365 7
285 254 96
384 9 61
368 319 56
47 44 25
85 138 86
392 202 79
393 354 12
194 165 72
132 292 52
227 253 88
264 63 1
23 35 31
14 35 87
24 125 42
146 80 46
316 339 58
5 144 12
114 274 57
385 173 65
22 104 67
207 199 98
116 149 46
153 331 97
169 287 84
274 169 24
331 223 94
96 24 90
48 113 46
372 305 20
384 298 42
261 275 93
254 332 40
282 288 32
236 198 76
377 77 3
144 317 68
100 49 19
308 92 14
23 129 100
95 347 7
208 108 72
364 222 3
324 6 85
281 93 37
273 156 90
286 338 12
232 383 90
289 312 29
243 271 43
116 376 2
383 375 51
161 215 18
289 364 46
143 76 47
298 279 74
327 97 11
333 359 62
198 93 86
106 194 85
192 371 62
102 306 93
266 95 63
46 148 6
252 96 11
154 163 93
75 96 54
146 104 74
202 120 78
273 173 44
87 78 23
10 312 30
14 142 95
183 45 68
261 183 56
237 18 60
310 373 31
382 192 59
28 196 84
73 16 49
104 75 77
281 364 9
304 381 23
78 394 67
165 366 38
99 346 94
26 155 56
384 386 98
40 75 55
332 52 20
355 90 59
252 206 45
290 316 49
132 75 97
283 19 12
25 323 71
261 318 35
107 355 2
280 203 68
190 302 35
200 231 23
291 326 71
259 105 32
234 110 15
199 48 21
314 351 70
315 307 31
60 19 92
20 53 30
348 59 36
349 42 43
196 336 95
316 131 39
244 67 90
380 252 32
144 308 100
185 74 79
318 370 1
320 280 27
106 172 17
40 109 91
386 27 90
7 85 50
46 241 37
89 236 58
346 358 97
250 300 46
239 57 15
67 29 49
238 185 54
208 338 51
129 136 4
278 169 22
318 77 4
166 349 22
188 247 37
191 138 38
238 190 54
168 262 86
229 49 15
317 102 66
336 139 67
367 179 18
73 124 1
149 124 65
192 237 83
361 339 47
281 188 13
99 257 61
60 48 66
253 57 90
157 304 57
259 20 84
61 291 33
211 184 53
343 42 19
173 138 53
190 187 30
310 250 17
102 317 78
296 202 91
34 149 63
70 227 76
4 284 21
398 162 20
79 164 58
77 284 87
258 54 69
308 394 63
104 155 27
63 50 33
194 297 10
152 108 47
193 243 96
365 385 26
297 179 39
124 346 47
350 278 92
192 256 84
80 221 10
154 365 79
22 172 30
206 194 100
8 314 91
237 11 35
397 396 32
97 350 88
181 364 67
327 96 12
103 265 96
272 24 79
109 196 90
106 192 58
240 43 66
269 28 49
7 200 94
74 108 5
152 244 69
263 94 50
293 306 46
225 342 85
81 97 84
104 130 4
164 360 80
399 254 82
176 165 25
141 305 78
72 203 93
375 60 28
321 129 43
399 74 98
160 354 23
161 54 84
95 113 87
101 42 55
389 344 1
38 263 57
342 243 94
231 57 22
279 25 11
357 141 58
292 307 35
145 125 5
26 29 12
85 4 64
277 327 77
328 227 94
292 262 66
7 182 38
153 44 95
310 388 12
260 42 20
11 179 96
198 314 76
133 267 38
205 23 69
63 9 32
310 155 22
140 45 96
45 137 4
376 364 73
241 359 37
281 315 57
250 203 63
116 194 30
3 89 26
50 264 39
99 333 46
348 141 65
383 96 94
111 33 51
330 390 49
43 309 51
60 272 14
98 356 97
359 139 47
372 348 60
266 1 19
124 131 3
54 152 78
248 262 54
298 149 23
84 134 7
164 76 60
140 340 52
101 81 48
389 300 8
34 37 52
273 57 76
215 388 77
212 94 17
339 375 34
392 76 93
186 348 88
341 131 96
261 220 36
264 132 29
328 235 97
198 227 60
42 212 69
112 3 65
5 203 78
93 29 90
122 380 96
22 394 63
64 166 57
210 223 38
180 189 93
129 301 12
305 120 27
20 194 39
119 16 10
142 50 9
72 135 21
335 96 62
102 272 46
201 203 93
362 41 56
53 369 100
65 174 43
345 141 10
3 69 82
166 44 68
398 48 78
249 232 79
61 49 52
259 104 96
100 386 83
64 152 76
180 338 85
129 237 28
231 19 43
159 331 13
186 57 46
327 200 11
289 192 67
153 89 61
379 239 27
0 255 13
120 91 64
30 43 22
387 311 6
76 214 2
316 143 13
142 176 74
119 367 32
275 2 64
299 168 82
26 360 48
133 220 43
289 352 79
329 249 91
382 273 71
343 49 90
158 36 92
386 253 34
58 175 73
316 141 67
195 357 42
160 290 38
155 185 75
289 281 31
80 185 36
87 5 78
112 282 2
151 169 5
370 341 93
195 148 60
97 262 7
292 277 77
320 235 89
146 374 25
366 361 3
387 391 36
151 44 89
268 168 18
268 385 94
383 37 75
85 33 22
166 117 71
37 382 24
65 368 13
398 388 30
91 288 32
257 363 7
293 136 98
380 357 6
86 69 76
388 19 4
327 178 61
367 382 95
20 192 17
34 193 78
351 283 82
364 102 69
10 44 23
38 270 41
370 117 33
53 350 62
157 273 31
279 203 18
176 122 92
79 187 61
110 226 85
201 399 30
259 94 26
19 23 66
30 7 92
77 38 29
193 354 70
55 340 94
68 326 44
271 100 42
102 362 31
211 234 38
6 234 41
92 74 28
386 367 59
317 347 52
78 166 82
323 165 58
71 166 77
206 304 24
312 395 15
387 129 43
180 206 13
330 315 73
210 39 95
149 235 26
209 397 8
19 339 91
396 371 42
256 251 69
383 291 24
381 216 52
107 44 50
32 249 2
32 171 75
109 282 90
352 346 43
335 24 87
184 119 14
170 258 32
18 34 38
369 33 62
384 82 100
180 222 6
95 108 92
368 341 93
217 208 8
124 35 93
358 314 88
234 173 84
131 183 65
375 292 54
246 278 24
156 105 14
289 108 81
17 46 9
74 81 69
337 245 9
310 336 81
214 112 67
216 51 13
158 336 89
119 50 17
124 28 23
229 274 10
364 272 74
271 337 62
322 350 2
151 49 91
169 14 12
164 28 60
166 12 40
226 217 31
251 354 95
213 108 59
266 378 4
305 0 44
10 190 45
259 222 21
2 35 40
124 16 78
261 102 64
245 111 69
34 128 74
360 244 46
375 205 99
379 338 98
258 377 10
216 35 31
322 126 24
242 188 44
125 353 59
170 240 28
272 3 58
388 152 83
9 246 91
332 130 82
202 372 56
154 125 56
123 39 27
386 97 99
12 315 96
181 238 50
236 117 24
211 124 6
320 396 89
169 279 93
373 289 91
88 363 100
217 308 11
99 331 7
52 278 32
121 151 23
322 293 9
271 177 49
174 377 59
357 230 20
394 118 8
41 349 31
186 385 75
312 264 56
27 1 53
200 299 60
67 106 77
81 123 28
244 249 66
58 259 73
7 169 16
141 342 81
375 202 57
151 238 88
302 147 41
201 307 21
11 245 89
114 176 15
201 34 64
96 109 74
238 335 70
108 208 67
131 92 56
249 8 89
297 16 17
394 275 83
301 276 82
308 123 100
386 308 3
140 192 62
108 134 74
388 322 91
109 363 68
97 371 58
101 192 92
308 236 38
295 283 44
161 322 12
388 42 18
47 154 4
344 213 18
268 165 13
259 239 24
58 152 41
196 302 30
6 271 15
44 398 88
293 192 47
229 251 63
338 23 85
302 129 95
196 207 64
156 28 79
378 288 44
260 148 97
362 232 12
99 15 3
274 181 39
260 305 18
27 10 39
120 295 47
90 36 46
152 327 43
289 346 43
75 228 56
275 292 88
116 355 40
324 303 15
174 299 54
325 250 88
199 369 42
262 67 1
389 229 10
189 240 97
383 360 38
319 100 6
382 160 81
278 262 3
244 94 37
51 290 6
47 378 32
333 129 98
360 301 69
174 149 95
323 170 33
140 396 45
312 325 81
367 104 36
58 184 39
18 307 79
69 181 53
150 251 45
154 167 21
302 358 93
55 196 31
333 302 74
242 132 74
234 323 67
358 9 31
158 189 100
275 254 80
133 231 26
205 83 70
160 152 20
357 54 22
145 353 61
257 58 61
17 187 4
345 76 6
215 107 46
43 129 11
333 156 51
64 36 59
118 250 98
352 390 30
101 123 17
98 198 79
192 171 42
149 92 16
45 41 58
347 373 27
55 376 71
378 175 48
117 383 86
36 233 25
177 83 9
101 237 46
167 25 9
222 238 31
3 28 21
301 312 66
15 317 65
375 379 59
68 314 42
79 230 42
248 216 41
287 59 80
35 266 75
18 95 36
338 228 75
203 19 5
80 392 30
382 237 78
323 22 7
172 99 41
150 223 19
22 218 43
126 399 52
238 142 95
106 173 55
267 177 22
78 190 2
31 60 3
17 357 44
182 131 50
289 53 48
310 24 35
7 12 22
270 169 83
17 367 33
269 354 20
36 235 95
364 342 36
345 39 9
47 53 80
44 39 33
130 332 78
100 184 25
353 270 41
38 397 37
7 118 70
338 366 52
214 258 99
51 283 93
171 128 52
381 383 51
222 203 31
46 95 40
190 340 30
54 168 92
333 266 48
168 256 55
36 60 77
114 144 39
244 366 11
147 165 53
324 64 27
224 241 44
216 378 40
356 296 66
318 225 34
330 280 41
377 34 28
397 392 17
164 100 4
65 143 34
59 115 31
240 38 100
71 21 13
311 17 13
118 7 95
255 379 88
338 70 2
136 11 17
4 362 37
108 392 45
358 357 26
221 164 94
329 370 76
184 53 59
43 92 55
396 40 28
330 313 26
125 74 11
18 223 65
97 65 15
22 201 21
154 59 8
76 229 64
39 267 83
266 207 84
129 248 64
52 17 6
235 111 73
371 142 54
86 231 22
72 66 96
7 302 27
204 122 38
398 193 100
100 196 45
59 94 51
74 159 77
129 357 83
26 331 21
89 326 89
200 215 70
236 31 90
339 377 84
290 277 35
366 195 5
246 92 83
145 263 16
146 325 42
302 20 78
369 116 9
49 348 11
168 233 81
19 321 94
23 131 42
190 276 82
168 160 55
172 237 35
60 140 42
187 11 95
59 374 52
218 229 46
58 323 76
272 149 89
368 292 39
380 59 89
303 342 57
156 154 39
142 296 16
33 136 33
11 372 51
180 358 27
318 190 3
307 180 86
76 313 76
59 129 34
101 85 17
17 194 74
37 171 79
123 178 14
0 330 82
135 175 1
304 174 7
141 146 72
230 286 47
15 72 12
120 316 100
155 130 17
82 104 83
263 168 95
238 260 60
75 69 15
306 70 59
279 302 59
261 182 11
105 120 91
202 85 31
21 347 28
299 369 35
75 306 21
251 239 1
226 152 18
116 61 22
46 100 87
376 261 49
381 339 17
85 184 18
297 355 22
198 273 90
189 25 44
166 187 16
328 273 94
318 235 5
310 278 18
157 258 23
333 197 96
264 395 44
190 47 32
382 183 28
257 111 51
308 354 99
48 365 50
174 392 17
394 6 97
78 117 1
356 72 1
189 181 40
160 147 91
332 188 68
167 374 64
178 150 28
382 268 21
336 183 19
6 351 85
210 36 15
37 257 89
208 163 3
274 159 86
313 149 56
104 112 17
371 242 24
253 141 32
203 99 69
167 390 17
313 127 18
311 315 22
299 378 24
197 130 11
284 377 24
182 83 56
281 74 89
133 30 71
178 49 61
228 270 70
398 0 69
335 248 6
395 98 7
385 29 9
224 330 36
260 38 60
122 232 68
66 352 67
37 380 55
30 118 34
266 188 55
92 370 75
15 275 48
47 77 57
214 147 86
91 364 85
159 21 82
186 112 48
2 228 86
79 47 88
141 219 38
102 30 88
162 296 49
133 105 24
204 62 77
93 362 23
170 257 100
66 117 49
2 73 77
242 71 35
20 78 93
270 41 41
310 205 85
262 217 47
281 381 77
85 275 29
258 364 55
341 191 14
398 371 34
4 35 83
306 111 22
75 213 45
38 358 62
314 377 97
388 5 31
72 174 50
396 329 7
113 278 72
144 331 8
149 374 70
301 394 25
2 304 42
172 339 58
114 388 55
338 296 45
198 265 42
313 17 3
9 235 96
393 257 95
330 332 49
42 104 100
117 243 5
89 316 68
232 342 49
44 340 92
177 368 95
360 393 95
326 15 36
117 238 38
345 139 49
303 20 36
361 382 52
397 218 32
40 223 78
149 399 17
111 360 18
112 150 8
245 30 75
28 160 63
35 236 3
16 87 47
292 174 23
218 364 74
260 113 87
173 154 80
271 356 36
191 85 53
346 211 32
347 17 84
111 124 18
65 127 38
245 115 51
380 284 27
133 72 12
359 64 9
39 175 80
238 85 33
271 198 63
79 39 58
179 339 71
166 334 45
259 49 11
62 151 80
5 109 33
273 67 10
222 328 52
395 317 38
285 177 10
357 11 1
387 261 43
260 157 39
47 95 95
26 163 57
361 122 59
106 298 51
172 359 44
247 27 79
39 279 77
172 76 93
98 200 92
220 188 53
50 126 91
92 180 8
52 287 40
115 235 39
144 367 93
38 70 80
88 102 9
203 351 24
122 46 26
84 334 10
122 110 48
160 114 87
52 219 11
266 172 16
110 109 17
352 313 5
293 202 26
20 105 46
292 251 56
297 296 14
0 66 9
399 340 36
137 171 96
32 356 78
168 101 57
190 53 62
14 21 43
355 64 25
219 268 46
319 48 55
266 134 3
391 50 28
280 379 53
62 112 39
72 55 65
0 82 27
393 34 87
304 343 1
138 89 49
268 57 40
47 332 87
201 251 66
184 238 4
255 368 24
150 149 42
20 115 59
69 82 51
174 312 19
148 245 66
388 272 78
258 114 16
87 355 45
234 397 39
165 68 20
313 377 51
154 58 70
368 315 11
337 209 83
244 334 100
161 245 67
190 334 26
140 376 30
310 220 90
20 290 78
202 55 40
53 281 20
241 230 55
114 235 37
262 372 97
338 301 86
70 231 47
311 70 96
373 25 8
70 390 93
291 242 68
170 398 52
316 331 98
371 279 73
266 303 77
128 75 47
322 354 98
273 4 7
28 15 24
52 196 59
391 377 95
277 157 30
97 183 94
226 348 11
255 22 63
150 335 37
341 252 56
387 393 86
263 198 38
200 305 68
322 399 84
207 246 91
348 386 41
232 22 11
265 229 77
239 29 79
308 19 64
186 46 93
215 396 11
76 128 88
321 58 11
110 242 96
294 159 14
112 387 24
191 272 37
358 51 76
373 333 59
391 69 76
218 84 11
316 209 33
355 398 11
150 107 30
272 95 8
263 181 11
133 381 84
117 19 30
345 18 71
147 380 28
221 16 35
120 17 78
66 175 60
121 303 56
333 120 40
395 316 5
221 67 98
71 318 45
131 16 43
191 94 93
204 4 72
145 244 77
136 61 83
31 42 64
57 3 41
26 277 53
146 296 70
41 116 18
277 341 19
282 85 20
34 286 37
283 329 100
14 178 100
36 349 18
362 339 52
327 20 31
133 153 21
4 73 3
41 237 83
111 90 15
50 48 86
269 276 90
82 65 72
229 308 51
196 208 13
221 220 95
80 21 68
304 283 24
357 35 66
178 196 81
341 39 90
110 312 38
376 41 98
304 100 79
73 334 45
233 398 51
35 105 72
177 398 98
152 362 17
147 369 86
321 291 95
281 24 28
252 333 28
231 306 45
38 346 26
157 340 66
299 186 100
237 257 5
121 184 55
197 260 85
9 353 37
161 374 70
207 80 35
304 258 2
261 76 100
360 108 52
184 225 3
33 173 37
162 62 57
210 102 56
131 283 61
351 363 47
94 93 68
133 209 85
41 58 57
250 283 2
239 98 11
236 341 46
16 197 24
264 246 24
87 112 11
273 204 54
288 5 42
268 279 63
344 31 96
81 106 56
348 238 90
368 128 75
258 120 89
47 203 86
288 338 81
70 348 7
206 284 95
289 251 18
60 267 62
111 119 27
148 129 81
208 389 81
347 199 33
119 181 89
393 22 93
318 390 79
320 79 88
349 17 56
106 18 89
356 155 35
111 136 28
257 150 67
97 141 1
57 69 56
353 250 8
344 165 49
182 258 78
21 101 90
123 130 2
252 361 92
274 324 27
255 355 71
34 368 37
324 225 61
202 263 66
58 119 48
162 172 13
264 296 15
364 6 37
158 235 33
275 168 84
372 79 71
227 130 75
71 79 62
188 263 47
193 335 22
310 11 24
106 93 46
289 315 74
341 71 42
164 318 83
397 31 72
149 291 65
363 308 34
261 4 40
394 396 50
16 314 50
324 204 40
95 216 56
215 88 23
177 47 44
48 377 35
81 74 100
282 376 88
45 231 92
164 225 100
351 8 95
121 343 28
161 142 64
92 185 27
146 103 26
202 176 40
322 255 85
205 383 19
116 324 66
188 277 16
76 66 37
281 394 51
383 122 83
254 105 88
366 222 27
17 98 18
306 279 16
123 391 67
128 232 92
175 264 90
253 276 92
144 205 81
160 295 22
316 57 65
316 151 13
139 157 66
163 52 67
327 111 38
335 252 21
199 315 52
339 295 20
250 323 26
285 29 88
336 203 89
93 65 92
123 316 29
8 374 94
81 379 17
142 72 2
291 221 89
365 157 13
54 236 59
292 83 14
25 205 89
35 348 56
390 176 48
105 117 86
307 152 19
279 97 80
102 71 96
47 291 1
53 122 10
326 337 78
320 348 68
304 78 3
192 154 61
2 372 4
67 191 52
144 63 56
177 26 21
235 334 7
101 169 42
140 163 23
346 124 76
0 23 33
220 368 43
29 110 96
317 196 13
205 389 79
9 278 12
94 124 3
203 311 22
51 294 60
143 377 4
114 377 18
247 10 81
249 48 56
107 184 33
77 384 24
204 383 1
145 3 4
95 76 46
373 129 15
13 240 12
138 220 64
278 340 41
114 292 8
65 81 13
175 335 52
135 376 44
6 379 76
1 31 94
261 5 91
264 115 33
107 188 62
218 310 41
347 309 25
372 296 9
122 320 55
51 76 9
374 195 55
61 1 57
317 105 70
185 130 63
185 347 45
85 392 10
217 38 90
378 234 94
276 299 3
257 204 85
288 23 13
126 33 84
322 188 98
91 30 65
234 355 75
131 373 62
18 132 78
317 53 48
316 135 89
36 261 87
200 383 88
190 207 23
76 265 95
180 149 26
249 15 20
355 44 80
220 331 56
175 147 76
124 232 38
337 143 100
368 359 12
310 372 75
275 260 35
341 2 50
320 72 97
307 392 92
169 136 8
377 40 69
209 227 61
311 291 82
20 356 28
360 142 6
356 49 91
330 103 95
194 123 43
3 210 33
114 153 47
304 58 5
283 85 37
357 216 16
241 303 84
144 32 67
193 29 90
114 131 43
177 342 9
225 300 5
252 21 38
373 135 22
234 195 57
224 111 50
203 164 27
14 41 88
319 321 71
253 33 58
65 277 11
57 316 94
309 113 41
262 328 61
388 351 99
118 338 75
324 165 31
335 135 32
172 247 21
353 260 18
391 201 50
169 242 30
65 367 17
3 183 13
337 293 91
105 256 73
144 332 76
101 116 20
87 58 80
80 300 27
352 347 58
308 358 1
10 349 26
31 321 66
169 60 24
303 328 47
182 239 47
170 312 7
308 295 87
328 258 5
74 150 55
222 152 61
10 231 20
277 82 97
32 156 46
279 136 60
164 154 55
260 224 59
283 82 88
347 242 76
201 278 92
61 248 46
146 44 72
326 383 30
367 306 99
325 38 90
177 301 44
225 153 60
71 128 84
70 269 14
242 72 45
373 155 17
314 289 53
390 40 37
188 164 14
161 21 82
275 87 28
332 386 66
242 88 65
26 78 78
51 87 53
355 370 13
22 246 51
276 79 66
38 307 62
204 393 61
211 226 29
378 60 90
395 94 57
105 149 99
85 94 96
381 250 65
23 134 94
190 284 84
249 124 42
220 153 51
66 22 26
35 75 39
9 53 5
276 56 55
267 151 75
51 20 25
35 167 57
369 149 21
279 165 56
386 81 20
125 6 74
128 308 15
138 219 9
359 307 69
348 54 97
46 127 92
49 195 94
369 159 74
37 397 50
348 76 42
128 188 99
96 196 40
241 71 88
381 239 58
128 163 58
97 207 20
11 263 59
339 283 40
98 220 11
282 84 6
254 140 47
273 113 6
146 95 53
271 184 28
219 325 32
11 66 20
321 112 4
370 147 80
34 353 74
176 146 83
30 159 20
397 314 86
319 389 100
346 96 78
24 377 29
167 71 79
284 85 97
293 109 79
131 286 36
339 342 42
389 4 63
58 282 65
251 97 53
137 154 72
30 243 14
303 399 27
314 268 80
49 292 100
193 32 9
296 28 55
366 34 1
10 279 37
251 320 51
16 389 71
79 262 79
106 269 8
389 366 94
120 51 12
340 86 23
190 151 6
225 179 65
399 285 39
295 365 100
131 142 44
17 31 35
382 364 9
33 308 65
215 169 7
368 0 93
374 314 75
39 274 3
175 54 24
128 271 25
290 57 37
338 26 49
259 42 33
80 304 99
181 166 3
369 260 21
97 338 12
124 90 74
190 389 5
373 353 84
274 334 81
159 245 74
80 55 12
257 93 44
61 247 100
290 347 21
243 382 84
3 188 71
315 116 65
191 11 57
379 224 87
310 381 83
292 29 42
281 82 40
71 327 15
243 88 2
273 370 32
33 219 50
136 250 70
78 395 66
275 19 6
362 190 77
308 376 55
167 380 4
116 206 23
374 307 89
209 237 14
291 114 96
398 263 37
216 62 48
198 302 32
323 226 22
186 189 69
308 365 68
80 236 83
129 379 61
149 244 12
172 328 97
280 261 22
340 178 13
67 240 72
123 275 14
229 56 62
268 109 31
303 322 67
259 335 32
307 144 64
376 64 95
385 391 41
397 58 8
318 290 79
187 238 50
188 109 92
120 266 9
53 372 52
152 254 17
359 56 28
162 317 64
319 311 13
369 6 64
232 168 79
168 221 58
248 256 66
201 11 6
35 200 73
9 305 19
216 154 60
220 245 19
41 110 67
149 191 20
241 399 57
321 305 82
127 227 38
384 156 74
304 132 44
244 70 55
43 203 68
291 295 26
200 372 65
34 69 100
147 253 17
124 225 41
237 55 51
101 127 13
57 170 26
154 80 65
327 356 73
108 284 39
242 100 5
54 363 44
31 359 51
393 334 20
375 317 57
184 271 36
35 326 49
365 182 27
27 358 21
111 171 29
95 168 40
206 133 42
36 318 89
123 277 52
249 172 61
22 158 75
329 72 94
373 2 40
31 248 68
72 364 55
266 94 37
203 166 58
276 67 15
232 353 46
1 208 98
361 67 49
296 190 4
188 172 63
252 147 8
320 177 29
199 235 51
103 314 9
49 82 9
365 160 2
355 53 86
303 223 98
355 275 81
368 111 86
68 191 31
133 90 64
249 213 59
10 239 96
316 349 44
136 398 91
112 316 40
336 352 28
50 268 74
45 367 87
169 291 29
61 271 3
98 155 39
113 236 98
37 373 33
239 250 32
192 358 67
321 304 9
192 190 99
392 365 46
23 373 27
390 120 39
73 385 32
55 169 17
50 187 10
72 18 35
192 41 34
172 374 83
41 238 93
324 34 14
247 159 25
15 330 37
24 245 96
227 18 7
380 8 43
73 290 95
276 19 4
285 176 49
189 260 88
277 333 77
345 168 13
317 97 6
11 306 99
254 94 57
146 127 28
45 15 65
104 188 10
87 157 5
386 215 70
50 282 93
181 60 82
12 363 27
384 69 10
316 351 29
158 397 35
33 239 31
43 162 79
304 175 96
0 305 42
290 206 100
27 306 16
55 397 47
348 201 14
121 232 17
151 284 55
249 19 33
126 202 13
134 195 42
362 292 100
353 377 51
394 244 2
345 291 15
109 64 87
143 325 31
169 394 48
225 106 53
115 231 99
350 355 25
76 204 28
108 43 79
395 310 91
382 220 45
277 63 75
356 373 24
210 110 10
125 158 46
141 57 70
280 352 36
308 78 65
135 204 54
101 368 46
251 117 61
373 43 91
31 62 13
329 38 71
230 390 46
185 1 73
140 207 13
27 395 5
184 48 43
118 257 26
142 291 72
388 199 32
157 281 6
68 252 76
394 290 86
399 303 92
70 273 75
378 197 97
148 330 91
44 315 84
280 225 30
162 390 35
123 342 24
307 255 53
109 265 19
393 259 40
95 213 54
374 265 36
376 394 81
121 168 11
176 170 14
206 321 38
382 224 99
335 255 84
191 290 17
380 41 60
207 3 73
116 129 33
376 335 21
207 165 66
104 395 36
12 117 47
211 395 56
390 346 34
312 0 31
234 372 87
347 129 63
373 7 34
83 244 79
288 181 35
50 140 41
187 84 84
357 40 89
252 154 68
54 223 36
374 51 61
121 253 78
239 116 73
217 54 12
16 15 65
139 83 88
16 157 14
223 108 98
342 200 7
39 115 83
94 43 100
98 102 54
295 18 42
287 54 23
102 195 68
96 134 49
241 75 21
237 179 92
204 322 42
199 184 43
277 386 97
42 64 17
109 280 8
63 54 96
100 397 20
311 85 3
120 162 13
319 111 29
275 154 24
37 68 35
27 389 50
376 336 76
23 362 55
248 236 50
351 169 87
129 22 87
144 193 68
289 380 71
321 54 18
19 111 84
305 196 48
344 41 84
342 152 87
164 187 36
250 13 66
275 75 28
45 353 3
358 365 73
138 72 9
35 186 82
30 357 9
140 195 36
203 156 59
331 262 71
267 48 44
253 257 1
121 284 45
305 157 82
131 250 24
72 31 80
202 359 54
253 134 28
390 71 56
92 355 2
228 4 19
118 389 93
354 248 48
154 97 2
89 395 81
182 27 100
255 288 65
343 281 54
282 181 36
303 193 78
209 304 62
256 165 68
59 343 100
276 212 11
134 258 72
67 248 2
93 85 88
61 28 11
191 225 32
60 330 28
376 359 35
234 212 23
373 301 9
368 43 66
308 91 49
135 202 34
173 202 44
188 14 35
181 42 48
167 266 99
206 261 87
85 228 58
81 199 40
7 274 9
164 142 91
56 246 96
194 389 77
262 257 41
354 215 75
164 24 58
45 60 65
48 95 53
235 28 80
116 230 93
166 350 65
332 57 51
289 11 70
48 205 92
111 334 80
150 204 73
23 341 92
341 233 25
174 184 96
231 310 64
213 394 66
338 112 6
78 67 28
262 117 25
56 266 78
214 209 81
153 127 31
131 205 16
127 260 43
283 295 14
250 101 75
61 285 75
326 83 21
60 398 7
190 332 72
49 271 3
226 25 100
146 86 60
168 159 13
182 72 92
1 136 89
299 176 58
50 363 93
225 284 7
134 12 8
335 130 70
73 224 79
275 287 54
199 231 89
90 72 46
284 267 7
132 149 66
146 236 49
131 243 21
147 100 11
246 210 45
69 92 89
154 139 31
213 74 16
109 245 63
33 24 32
143 2 59
126 24 34
181 252 6
79 307 4
348 126 97
330 276 40
252 166 70
187 341 76
322 192 44
36 260 21
64 75 70
203 292 3
320 113 82
141 361 71
392 156 98
391 234 97
223 319 46
381 119 21
133 300 22
128 382 73
373 115 39
383 119 21
53 303 31
269 356 31
232 183 46
57 227 93
357 387 20
292 386 85
266 33 86
153 210 34
94 225 57
73 27 57
340 261 65
52 113 14
109 14 91
132 305 23
165 311 88
57 98 43
9 297 44
229 367 56
228 62 23
72 260 59
297 9 56
347 337 36
236 166 10
103 323 88
58 257 89
179 208 59
292 152 98
125 44 8
11 14 61
100 102 90
390 244 66
383 342 34
359 160 13
287 371 58
18 230 98
233 183 77
389 267 83
168 110 4
194 4 11
49 363 8
285 149 81
21 212 63
50 76 54
205 131 11
4 331 62
311 341 39
284 364 23
74 327 82
123 218 22
131 384 9
6 68 17
345 186 61
66 94 17
39 264 91
358 144 93
379 112 40
221 134 49
109 267 57
203 261 10
315 133 62
165 347 54
110 384 20
104 278 54
75 116 10
367 38 99
307 348 3
135 115 28
51 172 76
299 201 1
82 398 76
9 209 39
110 275 59
96 373 15
20 251 27
361 113 96
252 4 66
349 82 57
86 95 93
398 373 28
160 279 13
17 251 83
140 261 43
336 170 24
27 179 20
53 243 91
353 282 92
67 223 25
145 385 92
354 199 35
290 186 27
114 10 75
333 135 100
242 338 88
221 254 61
372 7 72
212 273 96
133 60 76
66 340 36
166 105 53
175 154 61
191 174 52
22 276 98
300 170 98
340 175 8
33 324 69
271 336 67
58 363 65
128 183 11
167 345 57
132 273 24
340 194 24
118 219 39
138 110 57
180 80 39
123 309 33
367 396 11
341 329 84
372 205 69
186 398 8
134 78 84
358 269 53
281 236 51
150 75 28
69 367 72
58 212 28
200 258 19
53 171 10
348 183 86
33 264 40
357 156 15
195 159 19
52 176 47
144 310 80
62 277 89
267 299 13
18 202 10
296 248 85
335 72 88
89 275 87
80 194 20
197 45 18
213 323 43
334 176 4
344 36 87
386 162 49
42 310 100
248 58 96
206 389 27
111 204 49
121 201 90
71 387 91
28 34 67
61 150 52
394 352 9
251 47 22
279 118 76
390 188 6
110 397 31
362 135 68
90 377 86
60 26 95
162 85 75
218 1 49
351 204 71
106 29 79
352 219 89
361 163 92
95 259 26
202 371 39
28 345 2
310 329 25
75 336 35
98 388 77
390 165 34
134 385 18
119 373 86
90 84 28
141 113 20
65 373 36
85 188 100
220 43 16
4 311 88
131 32 87
255 247 97
277 262 88
135 227 33
86 190 99
103 273 38
149 336 97
343 383 63
31 233 2
170 17 64
274 322 72
295 289 4
252 292 29
287 66 10
365 315 25
223 67 83
150 73 5
181 95 53
294 343 91
396 241 8
281 52 50
33 58 54
2 53 58
41 79 47
354 150 94
331 64 84
11 46 1
324 365 57
60 201 44
37 22 74
149 23 79
111 162 10
310 212 69
258 206 90
295 293 88
384 317 77
276 119 71
219 64 46
82 228 35
280 207 9
50 298 60
207 355 59
217 13 45
213 329 6
98 84 100
317 267 32
29 191 81
356 300 81
160 312 13
64 198 5
305 242 8
164 65 91
247 139 56
164 362 53
186 376 79
215 19 85
117 210 65
308 305 6
228 319 49
209 93 45
69 44 88
296 56 14
174 76 89
50 59 1
51 264 70
127 250 50
151 201 80
146 387 50
373 170 55
329 141 3
173 347 34
97 176 73
22 117 78
246 133 77
317 179 48
186 322 6
265 369 21
159 281 77
132 125 20
292 215 52
109 184 60
22 108 97
362 334 35
317 362 31
241 229 14
338 311 94
80 107 87
242 180 73
37 90 37
162 311 19
30 279 63
345 202 88
123 268 76
138 20 67
199 345 51
250 34 42
163 334 54
352 21 91
4 157 20
228 16 4
293 254 16
388 138 6
191 378 35
150 363 42
54 86 14
394 389 75
49 315 35
42 27 48
294 378 60
108 213 15
342 194 58
372 382 49
249 161 36
260 14 94
290 19 38
61 239 14
350 34 1
120 303 23
174 219 13
130 232 41
213 376 85
62 208 39
330 102 55
219 178 74
148 326 18
341 217 79
390 62 42
98 168 68
65 389 60
347 3 20
276 278 4
7 245 46
154 262 27
56 319 77
72 213 39
123 52 76
276 321 72
26 5 20
277 357 30
190 282 17
111 397 19
369 330 1
295 220 84
348 174 44
182 174 35
151 199 3
258 316 82
182 73 54
162 102 47
313 195 80
216 221 81
361 354 12
63 314 72
223 191 24
45 120 7
342 391 79
256 258 46
36 304 96
36 122 61
242 264 81
180 53 26
260 381 4
120 40 13
289 252 16
229 177 76
99 301 43
248 30 21
301 354 8
99 335 10
265 120 42
193 346 21
74 133 27
205 54 33
152 35 99
78 64 80
260 59 2
272 377 91
388 119 93
331 200 91
88 119 40
366 151 34
283 5 80
189 83 12
161 360 96
61 99 31
138 316 4
322 132 91
148 198 10
316 120 37
7 376 86
274 233 8
68 43 87
356 101 81
90 132 90
208 71 86
351 41 81
55 123 72
33 141 11
100 356 77
161 0 4
46 222 10
83 127 24
92 64 23
304 148 1
85 175 11
34 233 56
380 138 61
11 302 47
388 228 16
99 183 77
232 148 33
299 245 58
249 347 85
218 333 19
57 329 17
313 88 98
104 37 57
236 130 50
381 268 12
392 98 54
347 274 59
138 218 30
237 134 26
15 304 29
198 69 5
182 70 47
265 92 31
340 50 10
322 392 65
190 120 19
209 141 62
6 0 17
268 134 66
221 33 13
315 270 83
337 116 58
64 118 69
6 343 74
192 251 91
190 256 11
187 326 53
191 326 97
273 320 30
92 52 26
92 394 31
134 29 71
353 383 13
327 278 60
332 69 75
196 303 96
167 361 84
66 37 29
177 235 100
190 379 12
126 380 73
223 294 64
0 88 85
20 386 23
362 2 20
154 254 86
118 393 11
267 349 75
72 105 43
208 369 74
30 198 56
35 228 75
305 87 83
191 297 8
364 251 89
256 200 26
327 43 51
299 44 36
154 300 73
320 249 16
301 264 50
345 69 33
46 32 49
10 82 12
392 1 20
130 226 30
101 260 26
396 295 91
198 101 2
307 151 94
257 362 64
353 21 79
371 117 25
33 356 49
85 21 57
399 162 36
199 309 1
164 140 12
4 94 69
331 153 98
209 52 7
62 154 5
25 328 18
79 348 55
392 178 88
130 387 62
292 200 16
133 225 69
292 111 52
257 221 96
234 291 47
167 116 75
254 323 6
130 68 71
370 173 49
118 290 94
321 141 10
167 349 35
272 58 93
128 152 46
342 144 57
5 62 58
331 57 91
84 33 13
372 208 61
38 10 26
318 67 54
178 282 35
351 344 87
211 44 58
72 222 41
218 300 9
28 313 43
26 181 81
251 96 71
79 265 70
207 17 14
0 373 56
376 184 60
366 196 73
133 50 11
141 353 94
54 290 29
237 296 56
281 159 69
234 296 78
61 387 100
95 356 45
212 220 40
152 255 25
292 394 24
171 173 42
256 185 99
46 129 40
298 134 35
186 36 86
259 243 52
15 270 32
343 217 30
124 320 100
144 252 3
97 17 11
292 16 28
36 123 69
296 62 56
141 376 65
341 73 25
381 362 73
118 382 67
110 349 59
249 292 81
8 386 100
164 371 100
47 108 55
184 125 77
351 388 70
21 89 95
13 399 30
43 56 85
298 3 47
393 240 16
126 12 72
227 139 94
77 396 60
169 323 43
187 64 12
199 335 95
28 66 48
106 104 90
374 250 74
132 226 82
267 43 54
343 59 52
197 207 64
98 18 65
56 61 59
91 183 55
96 298 64
233 23 39
209 365 31
16 328 70
22 156 87
150 289 66
178 340 93
289 280 68
372 198 48
187 181 47
212 58 7
223 363 32
267 247 62
213 370 94
397 173 17
265 299 60
231 273 47
106 391 26
340 223 70
339 153 73
266 195 54
102 99 76
288 68 4
360 306 65
7 72 52
277 304 61
304 244 42
192 26 62
277 349 52
137 93 49
47 109 30
164 183 80
191 169 59
156 144 86
367 0 50
340 169 19
19 109 60
144 241 89
233 363 89
264 305 44
23 232 32
381 127 97
262 338 45
233 310 40
153 92 23
213 116 35
79 190 22
228 6 62
286 29 40
262 148 97
362 10 52
270 394 7
385 69 21
131 115 84
279 342 99
172 221 22
34 173 37
109 34 18
124 63 26
46 334 62
60 66 31
109 118 5
144 180 25
399 377 82
187 47 19
335 86 79
114 184 13
299 316 54
157 161 69
100 155 13
65 237 40
330 222 75
16 278 66
54 41 11
0 382 8
235 369 82
306 214 84
159 206 21
210 342 30
25 337 91
331 82 40
3 131 11
295 353 3
142 178 26
176 14 67
212 258 100
106 341 95
67 394 89
210 180 57
109 221 65
194 86 95
351 97 63
43 54 93
204 299 48
384 189 80
234 367 74
380 367 9
17 173 57
259 300 81
97 88 84
346 264 52
223 206 87
149 387 11
398 138 69
170 135 48
349 295 66
140 129 41
372 362 75
301 181 3
181 324 100
395 149 94
37 334 54
251 353 28
233 261 80
102 31 40
222 256 50
117 378 56
52 359 1
118 54 97
68 189 26
40 326 6
150 135 85
337 344 74
3 353 94
174 165 28
230 233 94
247 233 40
229 255 88
334 394 63
233 126 16
294 308 24
398 238 48
160 153 15
221 165 17
124 388 12
335 329 12
199 378 35
377 201 32
301 247 2
44 218 9
191 200 90
19 222 88
54 371 39
26 248 5
353 371 7
307 12 68
0 310 69
79 182 26
41 127 86
242 81 61
130 83 18
174 370 70
303 123 73
30 17 20
209 65 58
252 153 7
128 353 86
33 9 60
250 371 40
24 266 39
79 131 24
137 234 61
391 104 98
10 99 97
40 299 60
182 304 7
204 19 65
302 50 45
270 337 49
122 328 78
55 31 31
254 380 37
371 326 69
20 370 95
36 142 81
396 321 21
247 160 58
353 365 100
70 95 62
297 19 31
56 306 44
134 293 8
389 196 5
280 152 38
63 245 4
227 105 30
97 194 43
27 56 46
195 183 93
11 299 52
336 295 81
180 155 65
283 212 76
314 82 52
344 132 46
331 6 7
257 115 68
236 220 86
192 38 41
112 389 35
329 337 77
383 72 2
132 6 38
345 197 14
12 135 60
110 143 29
224 131 1
134 128 63
200 209 79
343 279 85
341 86 1
217 104 79
219 346 95
102 271 50
182 210 14
279 197 34
176 117 78
282 165 40
127 1 9
375 18 15
138 327 56
134 284 33
16 248 50
23 344 24
182 21 53
347 155 91
44 123 13
75 71 14
317 157 28
330 379 86
324 18 69
83 288 21
19 331 57
182 376 37
15 382 30
176 227 13
46 68 48
44 287 69
65 221 76
222 24 10
59 317 29
36 340 75
88 392 10
176 339 12
259 40 16
10 223 78
27 233 9
306 109 100
71 282 82
150 300 36
224 340 12
229 395 13
196 161 46
318 398 94
345 245 46
100 38 43
337 1 32
107 301 68
305 269 23
261 245 95
315 107 16
324 267 39
130 95 4
222 49 29
261 158 24
277 252 100
165 257 70
110 197 10
58 7 35
185 253 66
296 204 17
346 265 50
71 184 23
123 212 84
115 361 67
391 382 99
228 284 93
68 146 77
49 293 65
356 216 72
14 82 96
325 88 43
48 99 95
169 332 17
305 356 11
28 323 36
243 222 74
349 391 79
77 8 51
53 21 62
44 327 61
399 55 51
80 28 3
325 60 63
353 224 2
283 309 57
301 306 57
233 83 53
190 188 18
215 171 63
150 58 50
60 143 73
262 264 94
103 139 45
142 122 74
72 212 33
171 105 82
285 186 63
201 137 44
198 104 54
188 367 45
392 83 82
361 224 89
371 303 18
160 278 38
57 243 8
240 192 13
95 247 26
34 287 34
287 274 79
35 237 88
163 11 85
61 40 81
297 344 47
46 142 53
281 30 75
62 79 18
37 357 71
50 219 63
34 250 31
79 56 100
37 138 30
362 38 95
104 379 56
301 224 26
76 227 86
144 66 84
18 297 25
110 230 2
393 226 24
31 95 66
158 238 55
242 8 48
334 381 52
43 125 41
159 353 6
154 287 43
365 266 47
182 75 34
22 251 95
222 102 66
102 101 16
98 293 38
311 96 85
273 345 61
193 86 41
184 227 13
386 85 38
197 137 92
225 40 93
267 106 89
151 117 90
54 358 46
93 384 71
253 166 65
374 268 74
15 197 45
326 31 100
126 178 83
149 262 61
398 273 18
281 158 48
323 132 22
328 61 96
153 272 99
144 182 63
344 40 89
213 63 79
111 200 10
29 349 84
138 232 33
151 80 60
173 297 43
130 163 52
366 317 34
22 71 57
288 150 60
283 380 2
277 132 20
34 48 93
208 350 67
387 66 65
240 322 87
244 291 50
265 333 79
310 41 74
81 357 4
178 365 29
88 204 67
37 276 94
258 393 56
261 194 75
167 129 92
346 3 91
21 30 50
52 132 27
399 73 78
88 350 39
147 244 24
390 307 79
219 19 90
206 386 21
188 120 23
100 206 35
395 24 30
230 247 5
277 264 22
292 235 49
125 312 86
136 330 62
79 129 4
177 340 3
154 29 18
55 206 70
60 283 57
398 290 70
361 250 16
209 197 92
65 276 88
207 372 63
159 177 31
203 111 73
343 31 69
35 47 86
190 376 68
312 358 72
125 87 92
91 19 49
183 386 15
12 157 60
289 141 37
41 123 3
312 104 99
376 338 25
320 307 99
165 298 85
264 335 70
396 360 81
304 234 22
210 365 51
178 118 17
84 319 72
142 40 19
152 13 75
36 347 60
216 346 84
250 182 81
53 142 59
261 368 36
297 30 2
202 69 29
34 171 74
122 169 26
289 72 37
313 46 23
287 309 63
194 45 8
369 66 31
357 261 61
12 73 45
281 385 83
88 222 88
32 340 40
291 300 36
183 364 41
194 146 32
127 375 62
303 25 35
322 101 18
84 253 25
179 44 78
193 330 5
81 4 68
247 75 9
49 338 94
42 65 55
91 270 14
91 188 89
367 192 27
126 216 91
164 343 34
283 228 30
223 156 36
275 340 19
21 198 9
295 396 66
299 287 81
387 167 46
251 23 10
333 303 12
216 87 96
261 254 75
60 277 48
175 23 92
298 332 51
176 387 47
376 70 96
346 291 83
378 218 58
335 85 80
327 332 88
392 281 82
117 108 20
328 249 38
193 206 67
318 44 32
145 287 26
360 247 93
147 319 69
134 250 22
363 319 27
208 168 84
34 240 46
315 25 69
167 397 19
185 303 32
267 275 33
89 18 84
72 272 70
131 130 86
346 23 5
77 366 22
186 307 97
81 215 57
94 261 98
287 69 22
269 217 42
116 388 78
73 299 41
91 255 65
391 23 31
138 101 81
326 343 10
76 281 36
213 104 25
149 197 45
331 203 45
14 48 6
16 262 78
177 132 9
174 254 57
47 182 100
362 189 46
272 41 91
238 12 63
240 306 55
373 22 45
277 140 23
196 280 91
145 391 78
388 376 23
90 147 100
12 263 17
192 145 13
111 202 24
69 299 37
117 196 71
379 147 63
66 45 16
298 271 47
365 27 15
262 29 36
46 335 26
136 321 37
137 1 96
338 227 84
28 264 71
359 214 28
229 88 100
27 61 60
262 198 46
324 108 49
277 81 67
323 342 46
351 382 57
213 130 12
211 340 36
351 110 45
220 10 66
11 236 36
381 286 30
132 148 1
267 339 61
387 0 35
124 29 26
116 335 80
40 133 21
46 70 34
94 188 24
269 191 27
127 358 56
193 137 41
325 237 96
67 161 11
19 138 24
15 40 38
137 268 65
324 207 58
97 276 77
333 52 78
270 229 20
105 271 58
390 170 84
149 64 19
208 224 43
291 396 58
385 27 13
369 363 1
127 306 36
38 114 24
326 391 100
34 336 40
138 59 72
111 213 99
314 393 16
188 255 19
309 218 77
128 385 93
23 327 35
123 190 2
123 273 18
170 325 29
363 1 9
2 91 60
316 306 8
38 59 66
359 350 95
213 42 45
66 312 61
7 93 92
308 285 65
354 228 96
330 90 51
194 248 54
382 18 61
274 206 26
398 314 16
229 85 18
181 80 18
235 89 13
84 289 33
85 53 92
323 359 23
117 166 9
6 244 11
179 358 15
334 212 85
397 164 7
56 105 11
215 242 80
331 7 91
293 115 14
128 332 11
276 309 46
110 328 49
303 300 30
21 247 1
56 314 83
221 210 73
329 62 22
309 275 90
23 136 25
110 363 16
150 70 95
47 8 20
314 355 91
324 294 57
355 397 4
27 39 87
295 171 76
51 292 4
343 126 55
69 378 49
277 58 48
55 168 88
300 368 64
385 326 69
209 334 95
263 281 34
80 62 62
94 80 85
223 278 79
204 220 44
351 125 50
242 140 97
318 360 6
12 383 49
251 204 69
242 54 21
329 312 58
190 131 100
340 10 63
75 314 69
396 278 14
232 299 98
303 166 88
166 163 92
347 215 64
141 27 72
12 247 49
122 314 30
153 158 86
377 10 19
389 77 49
289 79 74
118 150 49
349 342 55
40 175 79
324 231 25
199 344 88
215 47 91
396 80 86
374 130 69
10 168 53
382 219 45
155 312 58
113 296 30
243 310 16
51 68 83
131 91 74
314 24 81
328 193 27
98 221 76
118 317 63
23 398 78
38 341 94
386 83 10
222 209 95
202 72 61
174 132 21
370 70 28
346 259 27
198 99 27
154 382 1
224 288 61
206 313 78
32 228 72
140 66 7
296 346 15
82 332 98
154 330 36
315 59 47
361 160 12
211 94 64
398 188 59
222 59 19
267 22 100
186 182 91
117 165 10
173 91 68
221 82 76
348 351 43
317 372 13
108 309 47
187 222 58
264 3 29
27 131 53
203 69 21
218 50 36
337 362 78
379 372 98
168 394 11
282 340 97
182 256 57
323 125 14
209 273 79
372 284 55
198 210 53
282 21 77
368 86 36
370 306 78
391 108 13
324 133 35
189 124 24
345 4 88
187 159 54
3 250 19
330 363 26
359 24 46
35 121 50
129 82 52
60 292 36
83 185 26
323 143 78
261 369 82
343 218 44
51 244 9
200 235 25
382 52 84
86 309 26
358 284 76
220 250 3
145 328 11
220 184 63
369 26 59
332 259 89
372 157 17
29 284 20
272 90 99
61 348 89
9 218 13
305 138 28
247 53 45
317 235 30
209 8 10
249 370 44
236 103 27
280 127 25
352 394 100
292 64 61
9 68 22
320 69 74
324 311 41
127 244 33
182 215 91
45 291 47
260 0 65
304 165 75
6 220 69
299 331 63
34 278 45
25 65 89
266 154 32
11 55 91
317 394 33
323 8 92
228 48 25
51 336 88
173 37 26
326 275 56
219 156 80
221 183 88
1 302 22
276 399 98
248 2 91
171 8 10
263 46 29
101 111 39
329 67 38
124 26 28
59 43 90
158 170 56
366 38 82
208 335 76
114 3 28
19 224 47
203 399 6
37 388 2
23 91 18
186 271 58
62 389 11
355 61 57
100 128 28
229 199 73
175 192 48
245 92 56
53 170 88
299 253 29
24 193 97
376 277 73
60 155 97
218 146 41
393 45 11
133 63 87
262 184 3
72 316 36
67 371 92
125 170 26
349 22 42
38 212 59
126 264 66
256 127 54
89 196 9
28 23 85
122 205 74
52 82 14
119 205 91
97 255 93
367 199 92
391 25 74
382 324 6
155 370 14
213 162 72
379 351 20
246 250 43
346 44 41
315 381 13
234 211 78
245 23 78
31 376 32
105 89 95
89 384 46
325 33 89
398 276 70
230 276 75
316 376 20
228 336 80
244 282 83
112 286 16
281 300 16
93 126 25
209 257 12
315 191 59
178 353 24
84 79 26
98 254 61
331 165 54
165 4 19
270 314 82
280 110 43
21 56 52
285 16 90
166 71 2
241 89 43
44 290 12
28 330 71
16 112 69
226 325 17
52 148 20
41 256 47
126 85 48
75 334 11
55 306 62
255 376 16
22 188 7
264 221 88
132 246 10
6 144 25
17 297 39
250 327 26
328 280 23
360 34 53
241 239 53
326 43 25
197 160 16
358 168 73
342 333 2
95 375 64
345 382 76
229 393 80
21 294 65
346 339 97
50 8 59
11 157 60
174 381 92
194 215 84
37 307 94
199 74 52
357 174 98
100 351 86
297 362 70
143 184 3
109 67 29
51 250 74
233 73 66
82 299 34
105 146 54
146 24 4
304 54 11
283 108 30
313 176 6
305 264 45
369 90 62
219 285 81
316 239 23
168 232 13
123 99 25
308 234 9
350 70 43
377 149 59
274 335 79
186 101 83
118 13 54
170 177 38
282 392 51
120 44 42
66 303 91
352 90 88
20 157 74
379 273 66
240 340 51
370 387 24
47 199 52
235 225 81
164 84 79
297 188 60
350 359 65
262 306 2
321 386 69
237 299 60
278 363 56
265 226 48
75 42 83
384 124 8
99 327 70
71 320 29
247 397 57
233 195 41
81 350 35
191 162 31
377 65 43
297 234 60
368 36 52
392 150 26
292 276 89
29 54 99
255 76 37
307 213 14
253 112 41
223 369 42
159 383 31
339 354 93
54 256 13
87 374 52
83 306 15
25 214 87
18 252 63
289 181 70
256 339 29
35 362 38
108 201 64
218 378 95
160 16 17
346 27 56
385 221 77
128 367 65
136 75 13
270 371 27
195 275 40
244 231 72
123 50 64
336 40 39
54 334 52
25 249 77
74 33 4
187 383 94
10 31 1
207 88 90
229 133 90
122 363 35
195 277 65
225 132 16
295 248 71
37 35 96
4 333 37
28 32 94
312 366 34
16 266 21
138 280 80
373 355 83
193 13 9
189 148 10
169 98 97
256 226 50
256 150 79
371 227 20
239 194 25
128 288 71
339 346 42
216 219 79
122 24 46
61 83 47
303 368 50
212 218 44
14 240 63
49 81 66
153 37 42
230 179 72
90 164 86
364 171 16
244 68 62
372 223 40
325 277 42
313 254 94
41 228 10
256 191 58
259 109 67
315 63 72
181 240 41
15 313 78
55 52 54
384 364 9
356 288 86
144 149 74
376 207 81
251 340 8
372 386 94
1 96 95
51 227 70
103 225 64
273 292 7
393 141 62
77 151 72
228 379 18
264 98 66
100 326 74
261 109 23
58 339 11
385 344 28
47 82 9
135 3 7
146 349 95
253 46 77
4 267 76
150 122 64
86 323 50
32 13 47
357 158 18
300 117 51
191 139 28
189 11 26
382 356 33
45 133 2
369 57 84
65 274 54
320 179 17
81 265 14
39 196 13
226 97 31
283 88 90
32 276 3
166 42 52
296 284 35
245 10 53
203 94 54
7 44 57
301 328 69
71 157 12
62 337 76
120 239 21
34 133 38
172 361 83
180 95 33
288 257 93
267 331 86
283 277 15
153 238 77
72 191 23
1 80 89
91 50 27
123 19 38
393 319 25
155 290 5
10 254 79
159 49 9
118 221 36
48 313 2
24 311 66
161 91 53
152 265 1
160 116 6
201 77 16
25 392 12
111 378 32
12 213 92
387 85 34
40 296 78
382 332 75
271 78 12
341 35 92
323 294 66
128 66 51
153 366 77
53 114 50
368 142 92
270 221 64
252 224 66
111 103 16
146 313 14
396 369 17
289 30 5
298 219 35
137 85 82
210 137 68
257 85 17
397 223 33
117 125 17
169 247 75
255 349 99
129 267 12
331 252 55
171 376 96
246 291 72
151 34 11
287 197 27
201 46 56
163 0 44
325 78 83
3 364 35
387 59 16
168 141 84
340 45 94
36 5 91
155 298 12
21 315 8
298 273 76
148 156 73
162 161 27
277 393 5
129 225 79
31 132 53
339 252 82
37 3 67
161 246 29
336 185 95
362 386 19
176 72 49
295 203 92
60 147 68
24 9 16
94 40 21
236 375 29
57 358 90
64 49 94
260 133 32
379 399 99
81 40 59
295 393 90
280 66 57
376 163 62
238 49 61
66 87 7
81 292 49
288 245 90
4 227 14
365 67 30
79 81 78
349 178 8
187 75 65
164 291 37
1 282 86
36 395 48
48 323 66
273 0 64
19 95 29
157 338 19
261 203 45
233 175 64
124 24 88
236 193 58
186 8 94
75 289 85
57 206 44
360 394 8
166 368 7
11 164 57
128 222 60
255 90 3
14 212 10
45 113 16
333 245 28
34 312 29
347 30 50
265 113 56
308 163 1
371 369 52
346 355 55
150 13 54
399 60 77
269 135 99
255 129 99
162 282 49
33 287 41
54 43 31
364 215 34
214 33 44
51 284 68
81 337 29
80 177 42
46 251 79
38 104 55
385 353 97
42 70 48
200 310 80
56 309 98
359 141 91
140 104 22
288 115 66
231 354 43
295 323 43
24 157 84
14 109 97
198 270 39
236 228 26
318 263 99
378 122 17
221 393 47
170 399 98
323 253 40
129 190 38
98 116 76
258 385 2
268 307 45
376 243 72
139 192 74
75 9 52
11 284 72
129 252 52
290 247 83
235 144 6
373 323 94
320 176 51
86 380 90
294 3 52
43 236 99
89 15 54
92 97 36
186 321 69
200 78 28
73 125 27
15 121 5
98 287 48
45 7 48
35 336 73
147 164 35
144 349 2
345 119 89
328 228 35
380 385 82
155 166 47
48 393 56
148 105 12
50 236 36
383 192 42
240 36 31
8 208 43
255 163 28
101 325 97
344 357 16
328 45 46
86 396 40
256 357 16
222 2 34
371 298 69
148 297 61
90 233 81
134 28 94
186 389 94
257 303 25
187 147 39
316 328 51
185 339 15
251 109 63
224 13 41
391 267 48
254 63 32
116 300 41
368 30 33
44 116 22
106 219 15
223 150 61
214 198 70
320 21 94
224 107 26
52 95 43
315 10 16
95 255 55
257 46 5
15 262 77
399 122 99
103 140 45
96 247 10
75 130 81
230 2 37
209 92 12
129 66 36
326 239 48
47 226 78
74 386 15
196 252 56
102 153 39
382 191 14
318 260 94
316 172 96
367 198 89
311 69 85
190 274 53
339 136 74
125 382 44
228 276 39
33 272 72
27 370 50
305 309 20
67 34 41
196 140 96
133 327 66
225 198 15
318 285 6
374 5 62
88 205 78
377 42 63
160 103 78
351 312 57
19 201 57
293 181 67
358 22 74
290 169 41
221 376 43
124 133 69
111 30 81
57 376 87
165 357 8
135 159 46
157 347 15
117 200 79
43 374 10
37 178 81
46 258 57
92 154 76
367 291 42
56 245 51
121 76 52
185 48 13
173 122 38
87 171 51
42 56 40
153 348 28
374 298 25
279 120 10
3 381 12
297 138 62
274 191 30
3 186 70
207 202 33
361 245 39
221 296 59
19 149 6
33 84 43
58 369 1
196 318 63
176 364 28
89 345 89
337 275 63
51 109 38
71 33 5
221 318 26
225 183 25
208 306 85
112 349 3
228 204 62
342 172 21
286 168 21
102 190 2
285 359 78
54 99 77
115 111 93
376 51 66
381 274 100
303 313 35
381 108 30
333 51 60
329 97 18
359 18 59
175 13 50
363 25 96
177 225 61
177 372 36
84 229 39
51 393 92
17 298 27
122 223 23
165 223 78
306 242 73
223 93 33
132 220 87
294 107 40
316 296 36
71 160 66
115 10 13
63 168 90
6 184 46
203 290 91
384 193 8
261 112 23
68 141 12
178 232 17
328 218 100
105 309 95
299 393 54
17 180 2
272 209 2
350 346 14
317 279 30
263 116 55
21 162 6
258 267 56
74 109 93
41 336 39
139 204 39
203 130 43
36 130 4
140 180 27
377 231 92
351 251 100
342 35 52
85 72 74
368 53 2
252 100 41
106 382 10
29 153 9
375 166 87
3 378 10
48 373 3
316 43 68
62 100 58
290 91 62
8 339 9
113 283 77
91 219 38
165 262 95
187 67 95
14 173 18
214 315 46
286 314 42
374 387 84
162 154 17
308 35 99
212 230 77
191 70 70
127 77 64
124 241 17
270 244 39
230 314 77
281 349 69
88 59 78
189 146 58
251 90 86
303 102 13
240 59 49
165 316 14
278 4 77
259 281 50
242 20 46
209 132 74
3 317 17
207 23 65
339 361 87
26 338 10
327 183 23
243 196 1
363 181 76
258 183 27
4 360 29
25 174 81
261 342 37
326 196 24
326 20 30
278 246 21
104 372 48
26 9 33
340 5 5
126 89 55
133 261 63
290 288 84
32 44 5
304 319 28
332 106 68
250 151 60
236 233 81
163 68 42
296 133 54
242 117 8
12 133 3
135 377 52
377 284 22
254 58 58
7 116 24
335 133 79
96 73 80
262 299 91
32 174 70
369 208 3
34 104 18
351 59 32
375 9 70
215 164 98
328 31 22
114 372 47
278 332 56
107 317 35
257 153 89
151 331 21
79 366 24
317 26 98
88 148 35
18 11 12
308 364 85
392 3 83
2 95 15
263 349 60
187 329 99
203 354 32
356 7 13
212 397 54
59 382 58
194 137 32
155 135 90
48 303 5
269 97 53
25 316 34
388 50 97
367 315 94
194 241 17
322 17 68
92 324 35
255 51 44
89 349 9
175 209 40
50 249 75
375 133 45
268 229 89
196 34 91
395 270 65
167 21 61
125 62 89
136 238 74
114 224 95
125 314 37
294 323 89
95 114 30
233 187 85
305 72 100
65 74 16
301 77 62
335 386 82
129 60 18
250 27 28
326 90 59
100 65 74
90 127 16
111 287 3
272 301 13
377 367 30
223 269 97
122 156 32
97 337 18
314 191 30
52 32 88
143 313 77
224 40 73
268 19 89
248 344 48
20 241 67
35 316 66
177 321 21
218 369 36
7 69 56
106 149 53
184 102 54
206 271 50
8 397 48
329 216 39
109 273 56
286 206 66
139 172 66
354 383 78
314 1 25
203 259 90
255 251 90
167 93 5
147 238 9
140 290 54
337 306 41
321 142 87
263 254 8
362 117 70
190 348 21
89 216 76
370 46 3
36 272 50
249 120 93
225 258 68
249 90 77
279 107 100
238 303 52
69 175 64
31 3 30
187 111 54
289 388 93
294 92 71
29 212 100
205 276 100
57 121 81
53 325 32
60 185 17
136 118 97
86 272 98
291 145 75
322 307 39
6 273 27
43 395 40
27 67 47
154 392 80
397 266 44
252 357 86
236 11 51
308 164 89
248 223 34
139 196 6
177 167 46
257 124 92
253 248 6
342 354 13
320 388 73
354 188 24
79 248 57
187 74 87
102 294 100
95 357 32
219 115 70
312 177 50
161 380 45
326 165 22
132 202 18
101 282 37
12 388 72
287 76 48
151 148 12
318 153 85
40 28 49
111 70 51
51 126 58
313 250 12
155 247 8
115 295 35
272 73 5
286 383 38
133 274 14
205 45 15
336 199 46
302 3 30
370 259 60
79 276 14
329 144 82
155 30 77
229 184 70
253 88 47
158 132 89
61 312 92
396 133 25
184 187 93
178 304 68
29 340 58
196 124 50
203 243 75
296 198 21
28 384 53
143 191 71
257 391 51
373 60 69
372 174 66
238 126 97
386 106 89
191 57 70
262 4 57
152 77 57
93 360 57
396 128 56
333 377 10
39 365 71
336 160 74
347 285 6
175 374 64
27 125 76
334 27 5
344 276 21
331 173 65
373 76 80
113 314 52
305 131 57
1 380 5
176 33 75
177 348 76
0 50 74
370 359 4
390 21 41
194 64 79
38 113 54
309 146 91
242 59 40
54 347 13
381 143 60
195 336 47
285 248 20
146 367 11
106 236 25
262 66 76
210 361 68
306 270 24
104 94 10
316 201 79
108 106 19
338 336 15
343 140 28
138 224 57
175 185 15
183 376 56
3 166 19
99 138 67
342 316 79
191 231 65
278 214 35
23 376 43
40 264 93
203 378 13
230 359 91
392 344 96
148 314 84
164 194 41
94 381 4
146 246 10
30 61 13
153 390 20
15 325 27
195 260 57
329 61 61
77 390 13
135 205 48
292 272 27
85 340 50
45 345 85
76 97 18
3 79 10
181 243 19
72 5 3
350 186 78
132 188 81
63 327 81
117 264 47
126 280 44
27 214 34
304 328 84
249 93 10
61 310 35
40 320 87
109 42 5
356 225 37
13 249 89
4 102 27
366 282 88
56 27 68
32 29 60
286 198 33
117 186 98
66 298 63
274 135 19
153 113 66
318 340 94
295 279 58
167 51 70
274 27 2
240 321 90
121 254 12
3 65 70
385 290 78
216 95 82
56 163 74
323 262 61
328 397 39
27 160 25
249 79 40
390 16 87
291 53 65
21 121 64
128 132 75
318 304 41
303 302 26
178 40 22
39 215 99
184 350 28
140 378 53
118 293 71
302 136 8
387 321 99
256 330 5
232 125 55
204 131 19
31 5 47
364 391 6
98 146 42
82 256 75
1 322 40
236 377 41
110 254 93
46 346 69
162 41 1
202 114 54
302 233 58
310 88 48
259 171 77
115 189 13
299 76 41
0 211 50
140 165 45
310 251 41
212 345 77
38 144 37
42 373 51
4 103 40
246 103 53
212 311 28
47 339 13
159 256 99
165 142 54
37 236 67
23 48 59
394 222 33
310 120 1
361 172 12
298 373 53
311 94 40
279 33 79
150 118 71
218 195 37
295 334 68
311 229 32
386 182 73
355 365 15
96 301 72
47 369 12
204 110 28
363 87 31
87 79 48
191 357 16
76 108 29
394 341 56
135 313 97
84 107 53
176 204 10
325 396 3
356 344 82
57 371 54
396 119 41
168 45 55
347 183 48
9 394 87
220 37 3
392 196 86
10 98 42
34 62 68
257 80 96
293 249 84
158 201 57
389 217 15
303 334 86
143 265 37
391 107 83
176 202 99
361 131 95
184 152 23
164 22 13
382 353 51
372 293 51
308 326 54
190 280 8
273 75 54
60 92 69
84 119 88
51 48 92
201 55 80
92 54 60
274 60 61
63 280 34
248 379 57
384 370 85
139 278 19
288 318 47
271 253 55
292 0 10
95 89 50
385 131 34
170 107 61
168 292 30
60 36 29
256 235 23
294 259 65
40 132 5
353 304 19
266 150 4
336 95 37
325 359 59
83 257 75
166 15 30
158 269 91
322 275 5
317 151 94
140 309 56
92 373 50
219 5 93
249 326 66
76 278 14
222 344 46
214 342 2
306 373 62
189 18 31
277 206 56
329 277 12
124 143 78
335 357 78
41 160 49
265 82 40
181 228 36
214 66 99
239 298 41
48 207 80
285 64 36
212 146 62
30 356 56
350 324 94
388 354 18
103 106 9
156 383 18
249 256 56
4 85 58
267 312 5
20 81 58
381 232 49
101 67 67
168 268 88
215 28 93
51 363 90
19 166 29
33 145 14
22 352 53
196 9 17
271 357 1
338 12 3
333 232 26
97 32 54
159 111 6
126 300 61
197 215 56
387 54 18
112 253 18
33 21 69
215 37 25
91 61 65
204 113 64
213 308 13
6 80 53
293 106 4
396 44 16
112 322 10
97 346 8
26 17 87
379 329 22
40 116 3
386 19 66
236 195 68
174 248 5
216 335 18
36 131 36
394 354 39
94 105 62
357 195 57
327 288 4
354 54 92
6 174 60
96 103 65
283 381 47
248 242 96
275 137 93
366 329 12
175 197 66
117 69 93
13 361 46
319 39 12
109 31 59
199 60 77
221 256 47
211 122 73
187 174 69
277 43 16
317 361 68
131 106 99
159 18 12
129 336 100
176 396 65
106 73 75
376 355 85
265 316 87
131 25 57
256 196 71
382 76 24
311 378 95
282 359 42
97 106 33
302 199 83
63 143 96
68 64 50
304 187 35
389 18 54
82 292 45
140 270 60
311 46 4
137 291 9
94 360 23
78 35 37
60 374 1
362 361 57
59 97 76
90 229 53
375 369 80
13 255 57
83 276 92
117 293 15
36 300 87
78 139 12
119 143 63
333 227 9
215 78 26
190 383 29
380 288 1
337 18 21
340 259 89
25 335 4
281 223 50
157 106 4
103 160 57
256 66 71
4 210 62
269 397 45
282 89 79
301 166 49
119 249 37
188 32 82
253 198 18
97 75 14
91 149 96
367 42 86
25 239 10
235 253 30
252 94 20
156 348 79
280 76 31
178 99 49
301 375 74
121 59 2
139 277 22
302 117 71
115 280 98
193 300 2
312 291 28
62 23 7
77 42 5
286 350 7
42 356 77
308 302 60
75 111 82
19 131 65
338 274 5
251 268 95
398 157 42
197 40 70
127 136 90
347 306 85
92 269 96
214 248 99
67 280 58
257 180 88
137 97 88
55 324 48
269 206 26
331 388 14
219 272 91
375 393 48
326 248 95
260 84 10
172 340 10
65 54 40
113 269 96
22 266 59
125 163 96
25 295 73
362 200 93
121 300 9
97 218 100
122 130 95
268 236 85
114 70 53
243 215 38
290 97 91
348 287 14
218 351 23
240 161 63
195 331 13
203 102 36
393 55 76
228 192 56
90 117 58
240 92 44
77 322 10
223 138 94
216 207 16
354 80 53
156 223 49
146 304 41
226 373 62
89 278 13
180 332 35
230 320 29
331 172 16
209 381 60
348 157 43
270 336 84
251 337 21
101 309 36
162 237 30
354 351 80
344 233 87
175 221 85
379 363 13
395 322 50
391 184 64
334 326 34
269 18 15
203 3 48
217 34 25
317 346 29
100 258 67
40 138 87
140 295 19
155 201 63
231 74 59
394 342 80
260 315 75
61 129 2
168 234 2
57 31 79
154 166 21
135 325 8
270 398 98
382 354 14
391 133 37
156 193 30
149 373 97
288 161 96
46 349 26
301 169 70
241 346 62
273 303 19
12 392 70
15 187 27
358 366 60
291 323 6
120 9 58
191 254 100
292 347 7
373 341 63
45 343 10
10 148 92
21 87 17
291 175 66
331 63 13
78 41 33
321 302 50
15 144 41
184 266 42
68 312 12
3 156 44
114 63 65
123 387 12
1 170 91
257 173 67
340 326 58
239 38 36
56 20 79
14 91 12
227 393 43
314 121 41
314 186 74
294 258 52
149 144 23
139 206 21
326 354 58
165 388 76
6 229 100
300 133 79
203 41 80
394 133 12
129 273 67
299 373 7
175 298 36
167 357 28
273 266 39
333 22 58
141 8 8
295 244 17
129 114 34
228 191 28
286 67 28
354 32 91
278 81 96
345 263 47
110 191 19
250 93 6
88 50 32
199 38 97
358 337 89
355 246 14
24 383 81
130 42 87
130 298 44
294 141 74
44 379 86
54 145 100
87 348 49
181 99 78
323 162 23
381 185 81
384 49 73
13 244 5
302 230 70
18 235 100
279 232 62
179 166 71
17 183 87
263 346 49
237 244 27
322 11 82
0 339 8
81 143 7
106 16 70
85 383 53
82 342 47
358 396 63
127 211 25
53 62 43
184 328 35
113 297 58
94 393 74
69 115 11
237 318 64
257 70 34
113 289 25
48 230 34
30 6 52
94 34 49
134 71 69
47 112 75
246 368 75
154 101 53
119 195 65
314 386 100
261 85 91
278 184 62
126 84 67
261 144 81
71 375 74
292 382 55
153 326 5
116 287 27
289 379 65
85 56 59
67 214 35
81 196 45
370 186 91
96 348 96
291 209 39
239 372 89
85 213 15
216 336 25
328 152 16
258 353 31
260 247 59
189 305 10
166 250 14
343 215 18
299 33 16
15 89 4
107 291 17
80 355 92
64 54 35
149 171 46
190 30 37
138 365 11
263 315 36
6 201 74
13 312 93
198 89 32
330 193 17
196 214 46
33 311 81
39 194 68
63 160 72
96 132 69
45 79 47
92 94 100
380 355 37
278 228 32
379 214 40
50 143 34
375 244 81
342 88 81
133 342 92
69 214 66
222 382 65
1 375 89
320 282 94
125 18 12
353 1 3
185 317 100
166 234 36
277 77 61
19 324 75
354 29 77
377 72 30
149 317 79
23 329 54
251 139 72
12 69 66
393 108 80
281 77 88
140 76 22
28 60 1
47 86 97
28 362 36
193 176 55
191 335 15
259 185 74
3 316 24
193 147 98
47 251 82
253 80 15
301 395 48
28 191 99
17 342 8
269 130 61
166 398 43
389 270 82
383 148 18
281 362 13
2 139 100
357 48 75
96 174 44
304 207 94
41 111 8
114 12 49
102 282 93
397 155 17
76 145 7
290 221 89
328 73 90
285 218 91
43 254 67
160 226 57
308 209 30
277 201 90
7 111 61
238 213 58
302 126 73
199 251 5
22 170 91
108 7 87
321 143 48
76 327 53
186 324 65
141 145 85
297 130 26
294 287 12
77 24 73
295 117 37
111 157 82
229 325 99
276 68 93
119 62 65
107 280 30
282 122 60
131 235 70
59 108 84
77 86 37
41 23 32
381 262 32
198 340 88
211 239 23
101 77 52
277 90 97
382 46 47
154 260 40
349 322 33
187 315 7
329 149 19
267 385 67
109 22 78
1 64 9
369 382 43
52 340 62
112 244 39
0 125 43
204 74 55
340 30 67
269 2 43
341 355 2
288 133 86
279 369 79
230 112 98
142 382 51
43 233 53
116 45 100
273 294 77
109 353 65
181 344 16
131 50 19
194 18 84
393 300 36
352 88 82
196 82 30
80 93 46
246 76 8
74 203 27
154 9 54
228 128 40
228 94 9
53 150 46
94 240 44
389 159 26
252 10 63
294 165 24
72 193 59
323 386 4
74 56 7
39 105 24
165 69 31
126 333 75
98 29 96
225 50 53
49 189 25
206 30 75
300 230 32
32 305 98
207 347 52
151 348 69
10 181 32
141 352 62
94 214 14
92 230 34
122 13 47
134 208 98
111 280 80
392 93 56
128 234 79
120 143 63
161 303 37
41 64 49
136 168 81
45 196 35
183 214 16
259 71 29
17 190 2
293 195 43
163 376 28
12 396 27
159 53 79
216 84 18
98 296 57
367 1 21
6 362 15
78 211 74
124 276 24
344 329 96
65 21 68
24 372 94
92 315 9
309 391 75
108 286 28
245 193 82
92 13 100
233 180 91
219 374 47
96 208 79
395 382 88
106 123 86
220 234 1
157 163 83
65 348 72
113 88 80
299 19 32
167 370 7
178 117 84
293 390 76
297 53 73
231 105 39
201 293 30
62 7 29
284 359 24
67 158 64
113 126 20
32 26 23
32 364 55
248 376 53
121 137 27
278 361 35
234 279 62
384 358 3
364 65 83
306 350 63
283 200 38
46 176 88
274 192 37
93 330 17
59 334 91
287 120 72
61 34 86
249 95 87
373 379 22
222 374 95
66 328 95
272 329 86
32 269 45
21 29 36
131 170 36
218 239 23
67 91 33
263 234 88
284 54 41
380 379 10
251 80 37
55 287 67
335 322 81
95 105 98
180 126 39
323 301 38
117 185 15
190 51 2
110 8 77
111 387 75
205 146 34
84 331 12
26 112 10
192 138 10
319 50 93
186 198 45
180 284 93
80 157 10
84 336 34
194 205 75
239 328 44
385 303 63
266 223 87
203 346 6
81 122 63
3 337 76
72 340 80
91 64 1
296 355 15
53 151 41
57 146 28
65 393 60
162 205 68
76 43 85
257 100 91
345 393 73
231 136 97
337 168 93
158 240 5
162 331 6
9 50 73
56 162 28
2 102 29
217 138 95
264 203 55
27 156 87
14 113 77
55 237 23
279 98 37
164 253 63
73 179 61
72 293 6
142 139 17
24 114 30
373 335 36
146 43 20
33 360 19
395 198 31
336 119 89
324 189 16
355 96 46
280 256 74
65 383 6
392 64 67
100 145 76
181 69 44
52 154 93
135 275 17
37 387 86
352 43 62
244 77 67
351 160 32
364 218 6
364 327 34
221 365 62
371 233 36
318 149 16
221 323 35
387 200 94
196 85 97
185 112 92
335 185 40
43 29 36
192 266 56
310 247 45
94 22 98
253 294 93
288 198 88
371 10 36
327 314 4
384 302 80
395 128 60
360 169 67
181 64 68
18 227 37
315 314 43
210 298 1
258 174 78
63 354 46
105 396 32
351 210 32
372 237 84
200 187 14
209 202 10
77 134 39
295 79 43
370 18 72
151 359 22
339 85 71
391 246 97
74 321 14
98 253 77
249 6 16
22 140 84
26 225 72
149 394 75
295 45 85
114 190 73
290 240 26
179 155 21
281 355 91
174 194 60
384 101 52
138 49 5
207 193 87
137 215 33
218 182 29
78 80 98
111 29 45
54 323 28
331 381 17
111 221 50
166 304 58
371 259 61
367 394 94
10 42 84
281 110 4
64 383 35
277 22 33
79 267 61
338 304 88
364 8 12
327 56 86
306 191 54
95 63 50
151 346 38
321 259 50
239 314 6
306 339 58
375 88 79
65 68 1
290 32 45
303 311 4
169 318 4
300 218 28
211 199 13
212 368 99
362 131 21
179 54 53
271 34 86
322 259 43
104 165 8
263 27 78
244 394 96
69 278 35
131 352 59
219 126 86
53 220 64
47 292 37
279 14 26
339 194 2
265 236 94
42 199 1
216 30 98
245 251 68
337 359 19
226 15 80
314 234 91
161 107 34
199 291 60
118 167 39
26 146 6
348 176 18
319 152 9
355 82 2
107 379 56
359 17 42
344 261 48
396 194 56
130 38 22
341 145 14
365 102 10
349 24 26
310 179 5
303 133 24
1 99 49
125 77 33
39 382 54
213 297 47
365 398 40
261 281 71
164 188 10
73 152 69
396 137 56
85 297 41
231 66 64
126 382 55
236 170 48
200 240 55
135 36 50
162 179 21
159 213 83
303 92 58
199 88 93
83 64 4
368 94 9
305 54 39
128 267 77
256 300 61
34 363 94
6 95 7
112 288 39
86 371 19
342 111 8
136 342 93
79 10 37
138 367 25
176 53 27
13 117 99
215 310 45
26 370 2
372 240 76
289 207 40
46 155 71
61 340 76
232 86 62
129 283 68
18 306 57
359 147 6
333 236 14
163 363 8
35 244 35
257 397 82
253 114 3
270 99 75
59 67 1
135 152 72
245 301 22
201 332 13
153 110 49
93 292 52
66 104 27
218 61 29
39 145 49
242 299 78
203 11 51
103 25 99
313 104 61
203 306 13
224 257 51
386 265 89
360 276 64
204 315 32
192 142 59
368 195 22
59 151 47
108 336 50
150 304 92
153 339 67
118 266 46
99 253 11
103 321 66
211 115 18
193 104 3
306 31 66
90 378 81
20 357 71
361 101 38
129 147 20
334 123 43
331 342 58
202 43 43
234 111 64
50 353 53
25 99 87
67 20 39
61 222 12
334 72 83
321 342 69
230 274 56
368 362 40
115 1 15
255 33 87
148 145 50
328 321 85
149 57 87
252 128 18
292 178 67
351 80 79
49 228 12
77 264 21
312 310 31
225 66 96
92 225 49
244 392 85
362 36 66
67 147 27
280 357 47
377 43 36
318 369 88
218 163 48
266 333 4
218 78 46
262 294 100
248 97 46
367 283 31
397 238 25
173 222 45
337 305 2
139 81 51
208 84 56
305 34 56
169 117 71
328 170 58
348 354 49
111 229 92
51 288 84
186 287 45
0 70 41
23 59 50
159 116 33
225 81 98
49 268 73
383 301 74
105 30 50
355 185 20
142 345 28
335 349 26
333 322 42
244 288 9
34 350 83
160 210 61
276 336 48
226 281 13
13 122 5
258 299 52
182 108 46
193 213 40
97 126 74
201 362 51
206 171 42
272 332 18
301 377 87
41 262 72
353 281 9
45 271 100
35 13 75
145 251 43
6 321 60
11 58 56
56 81 16
229 193 65
46 13 13
26 102 9
0 340 28
370 247 44
387 190 12
160 346 54
156 316 39
89 139 31
49 339 48
366 314 13
385 3 79
98 249 7
199 206 88
137 295 14
64 0 69
155 172 30
261 164 94
309 346 43
51 27 2
157 153 89
92 358 70
398 298 92
65 347 24
15 97 29
219 149 29
279 324 65
138 68 67
294 379 16
242 182 25
231 332 88
102 381 39
397 78 51
241 20 56
11 162 86
117 199 44
146 116 29
88 112 36
121 259 65
118 154 95
379 104 67
284 345 9
45 265 46
183 16 57
358 73 15
173 322 77
369 306 45
95 155 36
240 1 75
35 258 13
314 303 15
204 179 80
112 301 93
234 200 50
358 193 24
347 165 8
394 262 12
45 287 82
104 317 42
201 167 67
372 309 2
193 146 91
340 174 92
356 124 59
184 1 75
347 313 43
205 168 15
195 268 29
251 196 63
150 301 91
72 225 70
333 354 69
194 347 80
34 58 45
136 95 86
120 336 73
100 374 39
240 357 89
123 108 98
47 331 14
182 197 75
292 222 66
341 181 52
291 395 64
53 251 68
80 98 32
76 137 41
310 18 26
171 22 96
307 186 41
120 87 95
46 202 2
114 171 79
278 99 98
233 134 52
186 297 70
286 140 5
41 53 74
86 317 60
54 129 53
385 83 18
149 369 78
320 87 39
322 82 68
156 87 22
210 224 62
229 80 77
57 211 54
364 186 8
370 163 70
72 248 13
257 88 40
183 53 35
168 62 89
263 286 61
224 392 94
67 364 84
20 13 20
29 270 65
368 162 44
92 15 1
257 265 20
176 220 18
153 388 56
121 194 52
13 110 59
109 130 97
187 242 75
14 363 16
395 213 15
196 257 34
13 280 22
250 253 61
40 130 30
349 230 55
192 217 63
106 161 19
27 112 62
251 242 52
277 363 21
199 271 80
64 132 40
383 27 76
327 181 54
286 376 44
399 389 11
119 242 26
163 357 54
282 123 35
283 71 97
125 212 13
375 310 37
25 365 44
342 161 53
384 270 47
280 64 65
35 64 74
277 59 1
375 284 56
321 79 41
152 194 4
160 170 17
303 110 92
100 261 5
150 184 62
209 144 58
226 184 44
347 59 4
312 245 50
198 341 59
370 314 90
226 53 32
117 305 42
138 348 49
300 265 48
137 64 63
14 100 70
116 397 32
138 374 57
333 324 57
74 225 83
22 250 65
227 131 77
244 96 85
245 18 25
225 249 21
107 258 72
221 205 77
277 44 90
399 26 69
159 273 72
127 354 10
13 379 80
42 30 100
232 50 35
68 7 31
141 316 96
388 61 36
108 8 100
246 192 72
246 73 44
122 343 66
3 197 100
297 26 22
278 62 55
131 120 60
342 294 44
106 120 95
307 282 15
87 82 73
173 301 3
140 388 80
322 278 14
229 83 36
13 368 84
205 237 63
86 166 98
136 282 82
106 43 32
283 267 48
237 279 65
212 351 14
64 190 12
385 225 76
200 120 41
377 361 78
223 145 57
170 137 10
249 76 83
183 178 71
76 372 33
25 138 40
225 245 16
311 154 93
40 0 50
2 135 79
19 59 61
357 253 16
191 305 40
115 357 56
375 243 68
82 200 30
27 43 31
2 114 24
346 317 92
27 296 28
284 308 48
192 342 19
204 156 3
108 233 6
208 116 45
378 198 89
43 286 2
130 136 28
101 190 26
141 374 91
327 49 2
289 3 62
310 322 99
216 186 63
173 385 28
41 188 40
67 189 49
79 150 9
355 8 78
305 280 49
55 144 87
281 137 49
236 148 93
32 68 95
308 334 47
120 328 45
16 302 71
123 61 33
244 164 65
187 266 13
48 6 60
367 39 36
298 40 7
118 353 19
119 385 78
368 167 11
319 359 69
356 115 64
365 86 84
48 263 61
139 328 52
275 223 19
34 116 98
218 36 63
288 28 50
245 303 74
104 72 40
98 210 26
48 375 86
162 396 54
167 289 38
148 237 11
275 261 87
266 149 27
96 266 69
281 186 3
151 375 30
71 194 53
358 278 68
300 287 87
291 325 30
103 93 81
203 165 15
106 189 17
44 346 97
306 167 12
62 398 34
29 317 47
342 351 41
327 124 48
272 244 72
251 393 11
278 113 25
120 23 38
103 109 23
100 37 36
177 151 29
194 370 18
161 315 88
344 122 25
332 49 46
288 12 93
194 14 23
5 122 19
211 385 89
300 374 58
276 280 87
92 78 69
31 128 34
88 130 24
336 306 30
232 169 7
165 86 22
114 152 41
106 30 81
290 1 72
135 138 97
225 271 11
308 166 86
343 144 67
26 41 42
339 261 69
179 276 83
69 14 56
133 247 49
371 119 7
178 149 41
374 369 22
197 325 48
0 101 3
18 131 30
307 10 11
330 153 21
52 364 23
265 127 87
84 351 40
310 280 51
47 380 48
327 109 13
151 167 83
215 371 53
97 151 63
212 270 10
336 262 90
199 187 79
393 277 98
140 216 74
267 134 38
226 264 97
205 31 4
76 341 49
376 295 3
132 315 12
154 126 59
317 220 98
198 304 86
196 273 30
275 213 97
275 32 48
348 218 74
335 373 39
15 267 87
16 316 94
238 154 6
199 215 17
163 78 53
240 296 63
117 149 60
202 33 94
2 59 41
158 347 17
385 180 93
117 23 8
71 213 63
297 75 84
192 135 21
375 72 25
286 215 31
140 279 90
261 310 7
332 124 30
226 349 92
124 300 25
321 163 93
266 77 50
50 283 42
178 293 77
392 200 18
394 38 18
363 184 56
203 238 43
215 172 5
194 272 33
143 52 94
382 74 80
120 325 51
145 190 41
160 374 32
389 58 95
328 257 45
97 229 61
218 235 58
124 251 21
109 106 56
259 235 82
172 147 4
70 293 35
109 218 93
265 112 55
398 102 47
367 10 44
30 183 9
386 22 87
107 322 33
73 44 84
175 182 37
68 365 93
206 0 63
175 15 3
223 364 37
50 369 68
354 252 64
311 307 75
257 12 2
155 281 33
70 389 69
309 4 71
124 176 52
356 133 2
277 91 53
278 383 51
143 213 73
66 301 30
51 329 1
178 297 90
74 48 6
28 138 52
42 318 14
15 161 48
361 154 22
79 238 83
290 4 99
108 147 92
340 290 18
244 14 9
98 57 40
272 139 50
283 352 26
334 121 14
97 247 58
288 287 74
272 137 43
314 10 66
213 182 84
43 239 54
174 62 89
262 78 60
143 116 57
319 20 31
212 137 56
157 393 57
239 222 67
144 85 61
240 210 87
180 234 8
177 216 58
285 187 22
296 234 54
95 159 17
223 98 25
303 171 26
248 273 23
218 299 55
208 341 87
214 197 7
167 53 60
334 42 55
149 367 34
371 391 62
172 155 68
242 251 63
299 293 33
26 319 11
243 113 32
139 142 64
292 68 56
216 267 19
63 142 79
358 247 96
45 236 33
200 259 85
352 391 67
184 348 68
158 291 4
251 230 90
179 212 69
172 280 71
11 158 77
196 222 54
119 197 43
249 284 52
310 374 39
52 276 2
103 208 84
305 243 65
310 385 48
72 91 70
171 326 39
364 133 53
84 145 76
382 34 80
355 188 18
260 391 28
159 216 99
15 347 87
32 196 95
191 17 29
72 78 59
116 32 65
381 133 100
391 319 28
360 41 12
317 377 44
344 314 67
2 384 35
345 241 89
92 252 34
333 36 76
341 64 43
259 58 15
79 347 28
26 91 99
201 160 91
68 73 94
181 18 67
188 73 78
61 126 16
380 134 11
361 62 96
203 159 42
204 164 36
118 91 57
312 353 65
64 146 22
305 22 48
269 29 32
49 143 63
162 218 35
96 336 14
378 353 55
53 232 9
28 247 72
101 233 66
20 195 20
84 80 7
68 28 66
234 371 76
305 275 48
237 161 22
154 344 61
251 143 70
90 89 61
104 156 91
5 190 3
221 109 12
204 157 36
354 9 91
89 292 10
372 125 88
5 338 67
352 92 46
226 210 16
169 393 75
388 236 66
27 282 14
170 76 97
268 169 11
46 336 21
379 228 43
98 213 66
332 152 94
354 155 56
141 249 46
222 101 89
343 25 32
26 179 71
127 307 12
173 242 36
117 93 4
118 142 65
215 314 15
8 100 4
174 133 57
278 341 27
116 0 88
115 183 10
173 87 40
51 100 71
342 102 9
264 382 60
201 359 100
35 243 22
47 346 7
328 77 20
168 43 75
342 0 18
102 348 59
384 119 23
120 169 96
315 26 41
363 28 33
285 98 16
353 370 29
32 219 23
190 345 98
128 90 86
236 187 76
351 232 5
247 121 16
363 60 60
158 286 35
336 284 53
289 338 57
255 160 69
274 375 81
101 27 58
338 397 51
18 195 96
221 28 13
184 226 49
301 226 64
333 382 30
32 28 78
252 300 76
107 381 70
63 263 91
119 192 73
94 372 97
122 95 99
293 89 79
53 172 8
275 85 58
293 303 8
371 202 49
207 397 23
171 18 48
90 269 24
74 275 91
93 320 35
348 18 61
137 204 71
372 272 44
131 200 71
67 139 95
287 80 73
40 346 46
200 109 24
296 334 31
69 288 94
78 122 23
7 322 19
148 165 12
22 384 41
70 81 16
7 143 30
38 90 16
167 338 76
68 203 12
307 351 34
177 5 16
368 232 32
16 210 43
353 130 87
306 392 14
211 173 93
196 17 42
58 391 34
366 290 59
32 70 37
222 392 80
314 15 58
173 24 5
5 97 11
384 242 17
78 60 6
388 36 52
170 303 78
130 328 54
116 2 67
163 157 56
158 315 51
200 10 64
167 73 83
344 244 37
387 192 33
140 64 90
17 89 16
301 202 11
301 11 61
334 397 14
261 61 73
242 397 82
236 75 72
45 119 8
214 9 92
46 341 95
122 38 36
239 338 93
113 251 89
13 309 60
60 361 72
125 57 25
182 202 87
95 79 73
179 257 62
289 84 10
186 299 38
241 129 64
10 25 93
247 348 50
157 194 19
128 27 1
49 169 61
160 293 43
276 107 52
199 148 60
289 226 46
352 186 77
6 20 32
225 2 42
369 144 30
182 36 72
18 386 89
60 67 6
246 125 66
17 127 12
333 396 22
384 28 70
27 301 31
56 185 60
251 61 73
151 71 35
273 245 19
31 398 11
383 243 11
254 262 34
361 58 9
21 138 72
354 254 88
265 379 81
177 324 89
177 255 85
399 310 91
199 157 100
15 184 1
278 257 67
366 207 45
234 349 80
226 228 10
264 197 4
20 43 82
170 182 88
7 257 35
389 173 4
66 288 17
125 66 3
327 65 76
315 31 63
186 105 89
43 190 15
16 347 3
369 2 97
294 333 3
354 109 82
258 383 62
338 22 47
102 129 64
229 82 71
15 279 35
34 273 29
157 131 59
340 281 25
302 163 10
110 321 88
25 291 88
184 156 94
115 284 43
356 338 72
118 251 57
168 258 28
58 24 78
320 399 13
62 164 77
93 58 46
380 125 42
331 391 98
27 376 80
248 189 98
115 160 75
359 99 18
256 319 46
238 21 8
306 244 86
306 323 19
339 394 93
164 292 3
328 167 29
264 267 90
82 375 7
363 231 66
313 273 9
0 72 37
37 362 64
275 31 47
37 41 27
221 223 90
12 38 62
262 71 30
261 67 33
71 330 50
395 233 78
361 297 53
142 276 54
72 21 72
290 259 68
86 107 67
213 84 68
237 147 67
318 363 23
324 160 88
94 7 78
15 152 23
6 152 33
347 334 52
297 259 7
145 320 61
71 326 99
120 347 94
365 85 77
367 284 3
97 217 59
394 278 61
115 221 40
272 378 29
163 21 32
100 42 18
136 369 62
340 59 32
242 334 75
84 307 20
393 307 44
130 12 7
341 287 9
395 344 57
393 105 91
149 385 65
4 354 22
259 298 45
5 271 74
266 100 22
176 203 98
83 220 90
29 129 88
322 129 38
234 305 72
88 311 77
172 71 78
196 46 12
8 328 41
302 145 6
159 340 91
130 140 56
295 272 80
80 131 56
132 324 35
149 15 25
78 28 16
333 220 95
18 385 84
173 350 63
159 342 98
89 129 3
104 153 99
353 100 51
177 212 62
276 129 58
153 21 73
224 289 65
321 256 60
291 93 52
133 360 91
185 293 52
35 312 76
333 132 65
193 132 89
118 395 58
71 322 36
234 6 4
20 103 36
231 211 71
168 356 18
96 322 7
86 22 96
96 300 4
231 195 97
375 108 100
276 239 48
359 172 96
396 215 59
383 149 48
168 323 94
331 282 12
116 192 80
193 42 69
353 360 57
121 103 33
339 310 77
165 61 84
348 160 96
304 215 53
15 374 92
130 49 37
396 309 92
118 313 54
79 125 70
103 228 54
317 85 9
97 192 25
170 316 81
153 277 85
191 118 59
156 96 8
80 47 71
54 48 35
70 209 95
75 129 18
176 66 56
393 268 60
299 327 53
267 326 71
69 252 38
259 338 93
386 109 23
179 386 91
70 164 91
177 271 45
374 244 25
306 138 36
65 252 43
81 378 56
166 355 33
194 289 3
162 337 24
0 234 48
146 7 100
141 176 64
335 370 26
258 341 38
235 15 27
295 137 72
272 166 47
298 312 72
28 263 66
243 133 2
371 247 78
245 87 7
260 171 83
260 395 71
279 357 70
46 16 61
234 238 81
121 158 19
234 79 93
71 68 81
112 59 12
105 200 22
335 285 44
63 27 3
355 122 56
159 365 76
333 4 42
15 253 26
298 67 34
398 115 81
273 182 82
207 128 57
330 232 69
24 211 62
384 286 75
124 88 98
118 57 27
270 256 67
375 350 10
332 20 35
270 282 27
20 271 47
289 375 31
109 381 5
309 233 37
142 164 38
286 232 31
248 118 44
53 397 100
382 114 71
153 64 23
143 257 89
24 169 93
195 370 87
101 14 52
173 278 71
245 345 52
243 315 18
188 354 34
229 287 11
374 185 61
279 111 46
305 348 77
169 106 59
153 84 15
90 149 28
112 17 26
65 29 43
393 52 37
53 65 97
345 170 73
161 265 27
118 204 42
167 255 40
43 379 91
260 276 1
215 253 98
196 30 59
36 297 97
291 377 5
85 331 59
27 305 33
329 197 47
277 185 51
173 391 70
374 83 29
242 154 5
41 326 41
124 309 11
338 299 89
188 5 93
315 141 51
336 82 3
337 271 44
364 246 95
195 371 30
239 4 52
244 107 58
59 337 18
126 142 56
200 83 67
369 279 74
213 21 53
346 189 93
261 170 66
397 102 13
280 214 86
68 237 44
47 370 33
317 37 79
84 373 56
147 169 4
289 255 37
61 94 94
218 254 45
376 17 59
83 25 30
11 290 91
292 15 70
119 349 69
28 113 50
14 59 74
141 124 67
309 51 71
302 139 79
299 55 93
246 243 95
281 37 87
306 140 34
396 382 3
249 394 49
98 135 45
95 353 66
97 236 23
367 282 77
2 104 46
377 195 76
108 358 55
54 61 4
129 197 72
179 349 87
235 68 8
9 271 53
201 19 50
150 322 89
258 304 23
212 113 44
266 182 46
353 161 73
353 375 89
309 184 4
71 261 51
24 175 36
262 259 47
326 199 98
19 252 92
357 4 72
112 252 45
85 127 82
220 224 47
44 102 94
35 395 14
215 194 78
338 233 11
168 270 41
316 385 28
147 267 50
283 101 90
142 159 93
97 158 55
220 25 55
133 233 89
328 212 91
106 344 26
369 331 92
213 260 8
153 350 5
372 143 63
322 248 31
5 357 66
219 283 59
288 322 57
53 280 2
46 12 90
279 249 25
291 342 35
353 367 36
271 199 96
326 366 69
257 10 17
2 380 12
393 134 11
327 219 15
75 345 54
369 385 56
11 313 92
378 342 91
151 339 50
5 161 53
379 10 53
270 32 19
109 255 47
39 381 76
227 290 70
1 35 80
350 65 54
200 178 60
188 121 15
163 108 95
26 100 45
104 259 66
97 290 50
4 183 14
213 143 19
252 213 14
114 32 59
228 59 43
360 315 94
229 264 66
121 268 63
235 240 2
114 366 17
213 86 12
354 145 39
284 162 81
96 192 67
301 364 53
279 260 17
142 300 68
72 268 56
308 30 16
18 249 47
37 122 97
307 374 34
347 197 78
309 83 21
86 321 26
177 232 38
311 280 47
23 336 4
224 133 60
291 270 12
338 254 1
107 157 66
385 182 10
46 93 25
38 187 1
263 238 84
223 95 67
371 151 70
110 260 75
310 46 90
215 303 58
225 75 48
71 308 85
146 262 50
178 253 56
11 137 25
171 100 62
353 84 34
94 103 50
49 304 95
222 281 64
70 65 82
157 314 70
110 193 45
235 277 79
156 86 7
391 54 97
238 4 38
147 2 7
306 126 42
243 285 10
182 270 70
338 5 64
3 123 56
259 108 68
273 283 18
15 124 52
31 165 89
306 124 73
92 380 74
359 79 56
96 392 11
60 385 1
99 43 100
142 70 76
8 153 90
312 232 75
140 317 52
74 104 52
253 285 62
113 32 84
364 311 47
87 122 24
346 351 39
74 224 63
260 221 68
56 99 58
267 147 40
242 364 40
51 341 29
302 26 85
338 222 93
44 41 24
136 298 97
241 222 60
399 282 29
340 19 91
280 18 33
221 263 5
41 360 53
75 341 17
389 363 76
375 306 77
211 88 10
68 266 75
59 253 25
110 262 30
125 292 78
107 375 47
218 208 68
267 108 35
354 16 93
26 287 98
324 248 46
196 367 87
297 286 33
72 13 1
216 392 85
377 85 37
170 289 62
270 133 68
277 4 60
329 226 93
265 179 61
224 66 33
349 314 25
294 297 74
358 45 1
124 391 58
11 159 2
99 343 3
283 48 11
42 374 96
268 311 12
49 344 47
192 261 28
384 330 27
295 105 63
227 359 86
344 111 23
50 351 27
149 179 44
143 388 87
303 377 33
151 259 83
355 332 83
167 311 15
223 113 23
196 353 85
392 218 87
348 249 58
4 25 23
329 180 91
251 155 71
124 315 55
222 393 66
324 287 20
349 222 17
366 378 66
81 333 100
282 251 26
129 67 14
229 50 61
346 196 44
35 223 25
102 125 77
251 188 44
85 387 86
229 216 88
340 13 7
353 166 51
343 379 78
235 202 89
296 337 16
208 237 95
339 209 12
194 216 43
280 122 74
377 101 93
5 134 70
300 319 84
173 365 53
265 4 55
378 287 59
264 156 95
17 365 37
159 1 4
129 133 96
81 61 14
218 355 19
13 224 92
80 361 87
379 313 83
380 31 1
33 399 72
324 78 84
237 322 76
277 155 82
231 16 18
118 394 33
371 341 49
312 221 66
174 321 1
181 91 88
129 281 24
96 304 4
201 113 82
197 254 85
350 71 85
397 25 28
231 394 42
374 239 55
345 36 2
338 25 45
349 95 36
321 148 55
138 79 24
379 15 95
362 146 24
25 357 64
382 126 58
26 148 90
10 140 93
297 163 7
123 147 13
43 382 6
324 235 73
320 372 46
314 294 77
144 222 7
231 26 2
322 171 91
246 99 39
207 76 99
140 26 73
267 387 35
187 200 69
86 390 17
4 28 94
111 346 70
108 260 19
221 359 1
275 50 24
108 240 92
123 349 56
61 210 90
206 252 1
341 107 41
172 294 13
308 338 67
327 32 46
117 276 94
30 89 20
188 18 36
229 72 18
114 283 47
195 349 44
206 365 66
283 170 70
348 38 67
265 191 16
330 181 74
227 362 39
91 34 98
297 114 89
20 64 50
341 44 79
272 225 91
238 368 66
214 337 100
189 231 55
366 72 29
361 5 13
344 254 84
368 241 82
62 346 11
330 168 47
259 17 91
260 347 73
226 40 49
326 294 8
139 176 63
14 329 7
381 124 36
326 212 42
94 42 31
63 182 68
157 51 56
6 86 3
31 221 54
194 255 2
256 22 36
399 94 97
16 65 19
360 327 51
1 383 5
208 50 58
168 88 34
330 44 34
364 136 78
185 100 86
266 336 30
384 212 42
260 351 52
121 165 1
311 294 74
40 278 94
149 346 78
277 163 74
318 196 61
364 285 5
36 356 49
29 22 66
286 274 43
126 0 72
27 310 79
299 313 95
322 69 4
129 361 29
49 160 68
114 318 25
179 307 55
279 90 11
369 224 31
132 87 98
210 170 20
132 206 32
59 2 7
195 54 91
333 137 6
92 51 35
221 39 77
229 368 82
42 134 22
49 114 32
314 332 69
13 83 65
335 23 86
170 352 48
110 160 14
254 41 98
171 243 87
141 107 100
250 380 79
37 107 98
106 295 67
396 290 78
383 51 85
300 328 73
276 66 12
269 374 100
156 247 32
165 208 96
382 251 6
139 283 3
325 302 79
384 53 24
98 45 31
238 3 22
148 216 17
165 289 80
165 399 71
182 117 69
52 136 14
345 81 4
46 197 23
70 102 54
137 123 6
183 356 31
55 182 35
321 308 56
193 64 39
3 278 2
238 168 8
104 391 63
193 325 43
43 335 37
53 176 11
158 175 64
51 324 49
224 280 14
156 290 65
318 135 20
187 372 38
287 215 42
153 177 81
321 89 98
44 159 39
174 73 6
157 310 21
283 199 63
52 125 86
260 193 63
54 36 82
112 184 87
241 62 90
151 356 23
357 56 42
54 299 35
93 321 84
386 136 58
185 254 90
311 322 67
60 251 92
213 197 40
292 138 88
170 261 90
324 388 13
144 387 23
212 348 72
180 286 55
135 295 76
150 337 21
244 45 39
94 245 65
344 139 91
347 12 9
48 166 1
102 196 89
174 322 55
393 273 12
146 312 21
50 157 16
3 15 83
185 153 13
249 139 33
110 245 98
216 263 21
351 43 7
192 133 72
205 219 6
298 58 28
358 19 18
22 368 27
38 163 89
303 229 84
112 277 28
185 196 27
142 171 8
109 141 63
101 327 85
207 335 5
56 375 74
117 180 92
347 325 28
165 35 6
320 379 87
263 336 25
12 254 14
37 145 27
352 19 99
27 158 16
310 63 17
99 153 94
82 169 32
2 276 90
142 212 38
180 43 95
393 292 62
134 212 94
84 340 49
381 178 10
103 382 45
268 284 22
363 56 1
31 222 43
292 88 91
32 143 96
362 293 83
207 210 75
102 244 66
71 104 64
139 272 47
241 396 13
97 297 56
138 181 70
123 373 42
347 293 74
165 77 51
292 190 64
203 124 14
257 296 28
44 138 79
173 7 61
332 303 65
242 38 97
399 295 62
394 160 75
354 203 5
294 57 69
221 267 10
348 185 23
159 395 68
314 155 33
144 143 86
287 341 2
367 185 83
341 26 80
23 132 99
365 46 56
217 63 72
308 37 32
138 210 19
18 390 51
276 274 92
16 345 63
157 308 32
5 323 75
82 52 72
182 339 56
143 28 98
345 217 62
170 393 25
340 338 87
127 239 83
365 23 12
168 342 40
188 148 17
212 149 14
395 348 100
223 284 35
355 97 5
246 110 79
147 176 2
393 150 54
37 391 52
385 1 60
108 232 87
42 85 93
99 200 83
122 234 84
234 116 1
216 188 20
106 321 34
301 239 30
349 46 19
70 307 62
19 60 33
128 87 84
366 32 18
232 231 40
65 48 48
151 330 6
312 82 28
110 145 17
307 194 70
159 36 67
337 224 18
67 69 69
293 186 19
45 48 2
335 247 18
328 135 77
114 351 36
116 285 42
162 24 76
164 256 22
281 312 54
236 347 60
287 267 99
57 238 28
15 71 51
379 92 90
133 349 50
245 123 90
332 47 89
319 300 93
158 227 73
66 62 44
264 55 41
157 225 1
256 19 22
327 237 62
184 337 43
125 124 62
122 266 70
362 11 80
19 52 58
4 338 77
17 361 51
128 340 33
110 269 92
259 32 76
242 45 51
202 16 95
201 367 74
300 70 88
276 298 55
288 143 22
76 366 46
300 219 61
183 103 40
271 296 35
255 95 90
155 397 100
226 304 35
111 311 77
56 143 52
243 209 77
396 56 80
330 189 93
218 93 32
131 331 94
298 393 78
181 55 4
159 373 54
10 49 34
147 35 9
183 81 8
133 192 15
106 214 27
328 374 2
371 91 58
285 362 90
334 301 100
42 278 76
64 42 94
139 159 31
366 143 11
131 206 77
0 68 42
338 33 86
179 196 56
230 118 83
226 115 7
335 365 68
101 329 47
80 192 45
297 41 98
365 262 98
353 108 57
80 31 57
168 80 66
118 131 84
337 324 23
358 145 49
366 225 58
308 2 24
301 7 6
319 397 78
359 120 23
291 358 22
279 230 43
280 78 72
80 393 60
72 166 49
238 352 34
224 92 88
334 173 93
348 64 85
36 348 54
87 220 44
255 69 91
72 258 49
366 384 12
236 283 86
370 374 47
34 387 17
221 116 95
246 299 7
183 314 4
25 262 16
101 152 29
223 7 89
223 385 29
353 392 11
299 252 36
50 285 56
101 142 45
138 64 10
170 112 93
366 40 95
174 324 30
150 308 44
174 182 66
379 388 77
246 116 34
249 159 60
278 324 70
38 147 71
363 132 83
292 13 17
152 394 58
321 208 29
314 261 23
23 194 34
157 391 77
48 358 60
114 28 49
267 292 28
19 123 97
82 217 95
311 362 84
348 197 11
176 93 84
244 343 98
49 241 91
54 283 89
111 389 31
387 282 15
70 219 86
233 89 20
140 218 27
258 98 33
391 126 26
24 231 96
298 321 5
303 352 3
61 249 59
72 256 67
251 248 74
340 372 26
370 10 58
365 147 91
354 31 86
199 118 53
60 328 87
286 243 8
125 282 62
54 26 9
76 159 55
331 98 47
164 230 71
339 332 39
339 58 14
236 141 45
356 39 76
174 225 66
260 250 92
309 121 47
5 128 3
390 51 5
392 131 42
42 284 44
316 256 81
211 177 3
219 231 33
136 153 32
124 343 63
19 136 35
284 247 86
315 173 73
208 301 75
76 89 92
166 165 82
4 357 67
257 241 40
224 11 47
29 159 11
381 184 71
92 227 59
252 399 85
302 45 30
278 385 57
99 386 60
137 323 14
396 192 38
271 31 18
97 259 96
330 148 16
49 282 60
27 200 1
24 13 46
389 93 78
49 101 87
28 250 62
62 1 63
317 294 25
239 119 12
137 49 77
18 106 24
113 23 55
322 185 2
382 232 27
323 36 90
216 163 19
248 165 96
74 268 89
360 130 69
379 78 95
376 209 85
393 169 66
62 355 91
187 66 16
154 316 91
249 13 89
252 330 36
128 43 26
227 293 49
229 39 7
106 72 75
60 302 59
239 34 12
83 341 55
69 53 73
99 17 91
132 278 48
122 11 88
68 100 32
235 393 37
336 148 67
99 116 61
283 298 68
286 119 43
105 318 34
234 124 20
31 356 81
334 147 97
282 227 28
270 240 87
13 21 11
108 107 6
141 95 94
234 29 5
185 0 20
255 142 46
389 103 70
31 58 54
72 146 88
183 316 85
89 42 35
209 32 20
358 84 96
183 174 50
185 356 64
234 172 29
168 327 44
317 297 80
314 6 88
301 97 86
63 242 35
300 168 78
303 325 99
366 161 93
328 12 67
375 259 34
185 151 76
187 30 27
203 236 81
102 337 75
313 268 59
130 344 88
11 161 60
149 313 65
194 368 11
203 333 73
363 182 57
49 244 14
229 8 14
52 271 87
181 393 62
198 357 45
146 139 83
255 11 61
128 257 52
221 260 72
381 376 31
311 34 31
183 303 35
180 240 78
369 354 65
99 231 24
98 173 27
20 174 69
231 138 50
186 217 60
271 284 93
249 78 73
7 270 32
38 25 79
162 244 19
285 161 27
173 230 90
220 30 59
164 27 78
120 197 7
386 192 18
360 126 39
46 312 25
114 269 86
64 142 48
278 338 52
175 134 2
23 21 17
175 308 60
368 354 17
392 227 99
13 223 30
173 17 88
81 203 76
261 250 29
289 155 24
109 87 44
24 63 40
14 167 42
62 202 94
212 318 45
287 91 67
83 70 95
148 180 92
330 295 92
304 245 57
119 266 68
203 172 75
389 293 82
12 325 64
235 251 1
26 332 42
10 359 13
312 87 16
336 149 24
73 308 66
216 309 68
344 393 10
274 363 96
337 149 47
271 221 41
101 64 41
367 399 81
113 179 56
211 221 63
96 387 57
354 36 5
154 334 23
45 49 70
279 309 17
3 379 39
86 8 24
381 53 2
228 215 6
258 10 73
213 98 66
95 191 25
270 312 74
238 140 16
52 26 65
95 307 18
197 279 40
1 82 44
95 77 42
360 156 55
221 138 10
7 232 49
8 134 26
151 274 93
308 274 4
29 214 94
141 67 70
179 113 93
297 331 61
195 315 21
393 203 91
398 357 83
17 394 54
209 389 59
283 181 31
50 267 53
15 233 48
49 99 51
288 265 56
21 9 81
381 43 88
248 0 56
87 60 21
276 258 50
61 231 92
354 310 70
167 362 59
220 216 18
232 98 87
70 80 34
273 191 11
190 254 37
5 222 11
171 36 44
149 196 63
395 398 56
101 289 14
130 58 92
9 296 57
232 351 34
40 100 15
201 196 88
147 352 71
297 197 55
8 93 29
277 204 60
160 171 68
336 294 73
314 375 10
311 73 46
185 246 64
201 254 55
202 5 58
278 3 19
66 61 50
396 298 27
323 81 73
76 194 42
177 252 1
41 239 64
29 181 15
83 250 78
5 189 58
286 255 93
27 359 1
80 306 23
116 265 89
41 73 46
234 85 11
228 161 81
243 165 69
236 42 13
6 147 2
396 20 40
364 337 36
343 119 27
166 238 41
378 95 61
36 325 11
185 239 72
158 8 91
314 185 68
201 143 93
130 200 53
145 43 72
337 156 48
235 17 45
221 211 94
330 34 42
154 228 74
375 241 70
183 123 100
385 74 35
328 393 13
76 71 100
118 30 88
296 158 68
252 188 43
21 385 36
190 258 42
78 277 26
385 194 29
291 382 86
331 34 82
370 29 93
376 3 84
202 273 59
51 221 43
246 336 51
175 117 44
38 108 21
20 296 52
96 309 83
58 161 90
165 222 87
324 85 67
75 53 99
362 216 72
76 14 17
232 344 49
239 343 12
49 354 60
177 124 99
98 112 3
211 132 18
293 122 41
107 78 29
159 387 7
15 388 50
26 251 21
264 171 76
373 304 18
382 159 76
395 329 61
212 245 66
389 191 51
110 1 32
272 136 22
213 191 25
220 206 67
89 368 35
102 350 39
376 297 89
216 155 66
389 351 33
138 55 50
112 73 97
123 166 10
373 79 11
138 306 43
37 282 20
183 246 5
173 302 67
213 389 94
21 254 20
213 256 30
358 94 80
92 186 41
83 337 2
322 228 73
325 19 44
28 227 64
168 299 52
10 353 30
191 54 1
207 247 11
292 91 91
203 201 86
240 60 35
147 338 93
279 318 74
238 323 77
103 179 75
364 309 60
336 278 49
260 201 68
39 256 86
29 213 61
48 0 61
356 16 96
369 51 87
44 237 29
241 248 81
121 302 37
397 298 36
207 229 33
305 281 29
359 320 61
301 215 21
321 347 49
53 111 11
62 140 57
278 158 40
139 62 68
285 207 60
214 395 31
306 245 11
161 291 77
102 211 97
279 199 38
31 26 35
365 198 39
184 183 88
356 202 3
376 103 15
218 112 33
262 297 29
275 138 3
360 240 54
334 133 32
310 55 8
295 225 91
39 262 18
338 24 100
360 199 5
374 206 35
89 298 39
360 197 53
180 250 75
388 364 26
9 308 90
136 391 51
182 226 15
250 190 9
121 97 100
173 73 79
151 8 62
132 138 1
189 208 98
199 203 76
17 303 12
126 51 34
294 0 45
171 162 62
263 49 73
146 102 68
279 100 35
309 287 55
56 213 46
195 73 85
134 221 72
63 93 63
273 205 50
27 36 59
347 289 99
261 147 50
21 299 14
112 315 45
262 6 29
395 156 6
324 41 42
212 289 84
186 63 55
255 239 2
180 316 47
326 106 38
394 69 91
363 13 8
67 231 86
375 372 65
64 328 74
40 121 38
40 162 19
354 360 79
229 266 53
82 282 21
395 196 18
212 53 26
117 49 91
145 164 43
197 0 13
60 165 15
104 275 55
194 312 84
113 84 75
321 354 45
244 170 28
228 9 4
233 186 20
216 114 16
283 77 40
314 159 8
399 396 27
173 106 59
67 237 28
138 229 55
385 233 61
264 155 45
9 76 1
10 318 66
196 191 4
386 114 10
142 29 79
150 315 18
253 185 4
135 387 100
72 386 28
145 323 80
160 23 87
16 254 3
257 136 82
329 161 88
228 122 99
115 385 31
203 190 10
4 107 74
267 323 36
81 287 60
376 293 14
168 27 83
312 379 41
222 186 91
235 185 67
201 7 42
268 125 39
289 184 56
323 32 53
380 394 89
318 141 73
98 235 63
164 17 6
198 7 68
18 162 96
388 129 72
280 373 60
363 228 14
231 267 31
238 354 6
367 127 65
213 345 55
23 325 11
235 223 47
338 300 32
228 219 89
394 241 77
225 144 71
133 57 22
328 126 32
378 354 43
52 129 1
256 6 69
84 393 12
218 221 76
179 152 61
68 77 43
301 167 62
278 159 41
287 381 69
393 224 53
52 163 49
142 249 99
397 16 55
164 176 16
368 290 51
77 375 89
300 149 17
366 66 99
127 308 7
249 217 15
343 373 41
310 259 29
392 187 20
27 143 66
92 260 78
268 262 33
170 311 74
367 131 86
164 276 55
198 372 87
394 243 2
218 286 96
357 6 74
357 289 4
177 133 72
369 312 70
291 262 17
127 374 54
85 251 36
122 171 80
284 128 71
80 75 41
180 363 21
166 269 9
85 78 87
71 126 7
295 285 54
313 143 86
112 233 92
9 203 41
341 21 77
33 150 6
87 384 10
337 384 44
129 99 68
28 292 44
79 240 70
318 3 6
140 390 94
48 394 41
115 110 62
53 298 84
274 164 26
147 67 83
340 36 51
58 118 91
161 326 42
116 190 94
129 196 73
112 362 37
45 6 80
102 222 19
347 54 52
12 345 23
221 41 15
18 1 14
248 80 60
233 340 33
347 56 81
376 374 52
202 296 71
113 182 56
247 240 52
140 393 68
175 316 32
5 112 35
343 46 90
62 138 37
143 83 9
373 102 66
27 207 76
3 72 11
150 18 43
330 359 31
111 154 72
389 357 2
342 288 20
25 21 87
193 166 41
351 218 31
183 393 74
250 171 81
137 103 33
105 35 34
394 335 83
199 320 41
346 115 33
275 128 11
134 45 82
257 318 9
6 62 95
249 114 44
250 224 64
390 45 64
278 236 54
5 321 56
254 27 20
88 301 57
201 267 4
167 160 50
320 303 24
7 181 45
21 5 89
127 177 52
342 31 68
194 127 93
187 312 35
232 267 90
275 179 47
238 103 88
138 0 62
389 46 3
296 60 96
168 179 50
219 333 90
179 318 55
106 227 47
139 182 10
189 378 92
32 82 68
357 363 58
71 214 24
166 170 54
117 321 76
310 394 42
343 73 90
165 25 73
70 340 17
308 268 38
4 231 81
144 218 71
226 174 54
305 214 2
79 136 29
351 195 33
271 157 28
316 322 10
324 124 28
309 224 96
139 313 20
68 322 84
226 313 92
95 256 35
226 360 49
364 94 29
176 371 57
120 203 13
278 139 20
112 141 9
166 393 19
117 362 28
272 167 10
165 285 44
219 362 53
24 395 95
247 266 90
279 365 16
40 131 1
261 307 34
329 220 79
301 178 56
299 28 72
346 67 27
248 144 68
87 227 70
85 154 28
182 283 68
385 249 95
299 354 44
11 76 87
89 190 71
2 176 87
48 96 25
138 33 21
109 169 57
132 297 54
240 392 37
100 90 11
12 158 33
57 315 84
212 200 78
247 164 16
60 389 83
13 96 4
194 384 74
75 183 37
328 33 85
262 47 48
340 239 2
203 342 46
105 82 58
188 3 19
292 17 44
9 222 57
333 28 62
392 299 1
230 269 88
63 351 57
153 103 33
357 311 21
14 150 10
113 174 30
267 130 83
256 302 75
323 204 52
244 63 82
189 399 97
182 122 94
167 196 77
312 30 58
302 353 28
179 106 70
232 186 26
342 256 100
363 97 41
32 376 15
83 371 44
217 396 40
51 268 48
224 172 29
323 90 17
236 88 19
66 127 26
344 211 4
152 248 45
170 235 85
207 362 79
114 73 79
160 77 42
271 339 27
178 185 51
324 298 80
155 342 46
64 14 59
53 365 46
16 18 80
122 98 44
267 40 72
6 203 49
18 275 43
197 175 2
215 23 49
367 387 13
31 302 27
98 387 33
178 9 58
222 32 47
15 362 14
219 253 96
305 59 88
137 100 83
33 184 81
7 193 9
386 35 12
37 139 11
82 254 70
186 35 7
96 107 24
369 203 4
180 350 73
303 293 93
229 314 60
330 336 11
158 334 2
190 85 36
14 61 40
0 143 65
302 155 56
65 90 15
303 67 67
22 76 36
70 178 78
114 266 61
107 237 28
51 256 66
352 229 62
86 89 53
330 358 93
50 170 71
80 135 96
273 361 57
26 271 53
385 211 97
22 365 4
197 2 35
209 111 47
230 376 46
136 397 66
214 3 33
265 254 92
44 125 67
250 49 33
302 160 7
109 237 35
311 368 89
233 124 2
287 105 9
380 331 92
356 46 75
385 24 33
168 280 28
223 212 34
157 61 14
146 334 93
345 324 82
219 171 41
68 186 67
304 321 55
232 72 55
227 45 70
99 203 32
248 213 79
390 218 87
390 98 24
93 367 44
99 389 54
60 182 96
149 76 97
354 108 84
269 352 81
87 389 78
218 272 92
351 265 50
259 165 35
290 308 27
11 328 56
17 122 56
38 334 92
276 251 99
293 151 13
23 247 5
391 11 22
163 247 85
225 283 40
178 381 27
142 6 10
154 291 38
136 103 29
178 109 27
85 111 100
140 307 13
227 0 75
196 366 49
385 62 79
333 339 20
156 76 81
112 303 27
360 91 14
381 276 27
259 193 80
294 9 32
130 304 69
113 246 88
176 196 75
380 129 87
299 317 32
212 338 17
174 336 45
37 308 89
198 306 27
321 398 38
248 33 65
290 258 98
353 343 19
336 23 64
275 105 8
302 316 72
85 100 30
327 322 95
309 106 82
304 128 51
387 152 72
219 191 70
67 257 91
206 301 54
365 121 41
294 180 27
257 361 44
164 103 69
206 303 58
318 252 23
242 262 62
47 224 15
115 145 16
120 242 80
18 257 7
42 77 12
149 206 38
353 46 78
98 352 1
88 318 4
106 376 65
343 4 74
199 332 47
84 76 68
114 289 4
221 319 84
87 4 81
181 15 76
113 290 27
187 105 85
4 270 94
219 345 28
165 146 45
395 209 91
191 278 78
354 367 48
19 236 90
44 124 100
211 389 66
118 276 86
178 294 38
58 307 3
370 5 92
26 220 63
31 196 8
398 161 29
293 290 50
154 250 10
337 350 5
160 369 92
132 374 5
328 334 3
373 386 77
49 321 94
348 242 53
150 272 73
99 317 61
205 293 37
158 144 41
141 381 48
345 136 64
210 118 86
261 395 40
96 331 4
265 169 35
358 313 61
121 149 7
308 69 72
1 285 84
205 250 54
228 222 67
82 226 25
176 342 81
184 314 93
79 317 46
344 333 14
332 59 3
94 89 67
169 190 5
67 104 75
103 206 22
363 325 92
97 120 59
63 223 44
327 33 40
391 356 98
333 140 63
89 6 42
78 220 14
328 104 99
301 369 71
165 41 41
390 0 76
333 65 76
49 357 9
121 29 54
168 138 71
119 121 19
193 63 20
189 171 45
143 314 44
329 186 71
36 332 10
43 104 46
46 114 26
332 85 12
343 255 31
57 190 77
382 331 53
363 330 3
376 90 31
309 17 96
41 384 58
0 212 64
119 10 25
307 136 86
241 211 72
340 172 93
77 213 87
209 37 51
331 201 84
309 228 7
336 85 27
216 223 46
0 295 94
379 284 42
169 252 18
275 316 52
242 136 53
139 339 38
125 174 86
99 175 28
0 383 74
120 351 63
193 138 46
278 353 33
389 286 35
302 237 14
329 231 54
323 184 6
228 203 36
335 76 96
26 262 61
131 151 61
353 10 23
182 124 73
388 14 56
241 138 59
344 75 75
227 229 41
355 191 10
146 154 80
370 30 16
161 170 41
274 176 20
229 390 53
359 335 31
78 193 87
195 324 87
78 238 63
330 89 92
377 226 50
114 81 50
254 340 71
233 241 90
96 358 74
149 371 45
380 271 68
44 336 47
391 59 5
339 190 95
116 56 48
266 366 64
393 304 91
278 78 22
321 116 82
66 231 93
285 208 91
390 397 45
16 221 26
315 373 80
42 115 32
322 154 80
315 32 62
102 173 45
398 216 89
209 344 99
226 305 78
45 134 30
131 138 90
126 238 79
137 144 85
213 159 28
10 129 68
14 55 61
72 253 23
294 346 70
192 350 70
31 184 39
189 312 83
338 308 27
92 234 63
340 161 74
148 249 36
203 276 26
323 357 40
59 258 47
257 233 65
329 221 16
368 329 10
93 4 73
165 20 46
73 183 27
358 354 64
365 181 5
337 2 22
379 5 73
191 313 97
366 325 99
163 39 18
63 228 19
351 327 72
237 293 86
222 178 48
27 226 48
254 87 21
0 227 82
5 387 94
119 383 83
387 271 53
320 132 85
73 392 17
60 95 77
297 115 40
157 312 18
225 365 2
351 52 62
64 93 61
315 178 1
276 185 30
344 328 62
155 254 80
28 7 29
378 141 16
199 35 37
49 218 7
51 273 19
46 333 20
183 258 36
178 173 6
69 388 24
239 206 62
143 341 48
22 62 7
153 310 38
86 13 33
382 315 55
241 287 80
374 91 26
132 126 11
44 393 57
323 63 72
372 77 44
279 367 87
82 324 70
301 259 39
359 193 44
161 79 97
176 345 21
128 145 52
245 145 52
327 264 19
49 301 32
178 299 94
35 16 32
364 372 93
344 71 68
389 29 45
4 145 67
9 292 80
198 354 1
221 327 84
234 184 71
315 36 64
286 288 62
367 132 42
258 285 60
175 73 39
118 352 100
81 173 32
23 389 90
348 161 38
385 159 38
88 283 70
239 386 5
357 153 99
156 276 99
13 324 56
342 249 32
292 252 45
291 116 83
88 349 97
9 320 80
277 244 95
212 81 63
343 352 59
218 373 17
264 174 75
369 88 82
137 81 31
102 164 35
343 187 22
176 318 3
325 309 63
338 59 54
130 69 40
99 186 13
172 101 29
379 327 51
351 206 74
210 141 12
22 280 40
23 303 45
293 307 58
133 95 56
193 66 78
382 92 71
385 149 21
95 311 79
371 173 25
132 62 91
89 60 63
105 231 35
248 103 1
234 62 61
97 21 70
79 249 8
297 95 95
138 269 80
243 268 80
23 377 66
72 241 78
80 260 34
373 322 28
172 388 26
385 254 79
322 346 3
129 135 22
183 249 59
149 75 99
199 198 69
199 276 54
187 98 14
224 89 30
221 335 57
12 364 70
66 229 54
308 152 14
386 348 80
128 303 1
81 262 24
343 11 36
255 211 38
164 124 5
254 301 83
376 53 43
13 202 10
361 335 61
375 221 47
9 95 92
246 317 100
369 150 69
0 179 7
197 343 21
196 154 54
65 319 48
324 258 48
377 187 65
13 66 14
67 340 98
125 94 34
67 265 17
237 137 9
246 306 8
246 63 86
390 214 62
165 55 38
220 1 25
15 389 14
155 371 15
198 54 19
207 58 86
102 138 91
190 208 11
321 258 51
44 243 33
244 336 4
59 178 85
345 252 49
56 174 17
210 265 39
291 206 66
54 285 97
144 13 1
193 211 21
68 299 84
101 336 50
395 19 34
212 23 10
190 317 48
22 14 1
230 344 27
34 241 28
224 215 2
379 146 39
346 1 66
225 296 76
287 316 88
364 7 23
70 334 66
164 316 63
373 220 88
273 137 72
89 78 96
177 390 43
169 299 42
266 180 48
184 261 85
105 172 24
352 95 70
11 386 70
269 394 42
123 367 93
385 89 5
289 7 70
81 91 47
359 395 16
309 334 86
67 391 49
269 199 27
188 302 29
233 101 27
110 243 61
158 338 24
334 171 17
93 261 88
240 277 29
150 156 95
114 155 54
229 321 52
351 48 73
68 225 79
191 121 86
35 73 72
63 320 79
231 348 92
29 339 77
221 169 74
53 254 98
319 162 38
357 372 90
330 184 4
378 298 98
127 26 28
132 256 49
44 37 68
56 90 98
180 294 90
349 318 98
304 275 42
73 397 56
119 83 48
64 136 10
234 231 27
379 365 13
246 200 95
274 272 50
74 364 2
66 163 3
397 153 88
222 338 26
227 67 10
321 6 19
335 177 18
381 30 62
0 144 75
208 76 74
128 329 18
259 310 80
193 35 17
104 285 88
271 214 51
191 173 78
318 296 83
275 343 52
304 370 49
356 190 33
333 321 80
356 55 62
219 222 97
268 294 17
389 34 78
328 209 58
241 49 71
119 299 88
372 202 31
319 354 94
252 316 94
334 39 19
257 45 78
175 276 19
289 103 3
234 385 41
105 346 42
398 362 36
297 206 63
52 47 58
129 384 50
97 228 45
331 354 60
152 143 50
17 116 63
60 313 91
316 14 49
159 56 74
22 178 25
225 56 100
67 303 70
386 71 70
309 328 16
171 9 38
35 378 97
209 242 78
386 294 78
147 45 54
168 2 83
213 265 60
86 349 81
84 223 83
315 287 63
266 185 40
291 146 87
396 11 41
36 234 33
347 219 22
138 304 29
332 107 79
153 121 30
137 311 31
74 113 62
277 172 66
193 276 49
116 255 21
252 145 99
80 116 62
213 83 23
66 207 39
26 70 14
46 2 4
151 166 77
112 179 30
228 392 59
77 35 46
69 394 92
12 183 70
167 148 76
362 18 92
336 154 68
88 57 43
25 386 1
392 129 82
70 106 29
316 224 5
80 142 57
189 372 51
45 278 60
390 398 77
353 275 79
156 293 12
302 23 10
191 208 67
29 381 92
152 51 63
35 355 13
161 169 48
217 369 10
319 80 94
224 228 50
43 362 83
95 45 54
194 132 85
29 109 72
170 201 61
375 206 58
382 204 97
152 119 60
3 338 42
119 188 56
26 172 20
393 69 6
271 9 32
241 52 44
319 364 86
215 110 83
32 178 23
46 146 2
241 0 95
90 289 57
181 390 37
282 76 8
302 258 12
249 97 15
250 367 87
221 397 71
292 154 15
48 111 70
52 376 12
232 227 20
362 249 69
171 320 40
203 365 48
294 374 51
288 167 46
97 133 35
37 216 83
19 67 36
206 197 64
297 33 2
4 117 71
186 392 8
316 304 58
328 62 12
384 202 100
241 259 5
281 317 67
97 175 63
216 57 29
39 174 91
115 331 79
191 163 66
220 98 16
153 189 22
304 211 45
140 280 45
155 349 36
322 232 85
282 98 59
311 113 65
104 202 16
228 170 16
64 326 70
373 384 48
29 176 90
195 263 7
344 94 16
376 362 35
383 236 91
259 314 88
36 95 23
356 365 40
91 368 35
164 20 11
251 20 57
386 384 13
202 210 61
160 165 42
52 190 87
39 219 80
27 97 67
127 159 62
350 61 19
168 318 87
339 379 82
271 358 59
56 312 95
198 4 6
102 280 9
232 378 16
169 85 32
92 66 74
62 207 62
19 18 84
309 293 61
374 330 27
106 235 8
304 288 52
331 194 51
388 189 22
188 390 15
161 46 78
398 149 58
206 234 35
337 103 53
142 88 91
168 137 76
359 348 21
109 268 27
297 131 12
238 217 28
14 388 69
115 354 82
295 271 14
105 215 32
320 316 2
348 113 64
353 288 26
105 189 75
278 241 99
380 201 52
223 317 24
210 147 94
173 56 2
218 3 3
204 112 96
189 389 83
258 186 83
224 360 93
335 302 55
70 1 4
259 27 43
135 257 73
277 97 10
156 349 40
70 236 2
357 171 99
35 241 96
272 89 67
104 209 29
294 25 50
216 398 2
19 298 45
312 173 13
279 391 61
338 218 71
300 241 65
191 293 17
56 117 62
150 17 32
154 12 42
29 341 1
72 271 65
27 379 32
258 143 31
328 360 89
250 82 52
48 211 84
356 200 6
129 155 6
336 242 4
83 255 4
161 177 21
68 332 66
58 8 31
234 44 64
64 345 100
24 352 96
282 208 16
146 72 6
252 44 40
42 116 6
344 239 80
153 257 41
213 346 50
155 373 12
3 80 56
41 316 48
142 157 98
270 212 72
298 242 40
221 163 48
25 189 20
133 352 51
327 191 31
178 138 81
352 289 31
5 181 8
310 353 83
322 120 38
256 24 61
102 187 96
122 209 32
184 12 3
259 390 45
73 252 73
7 352 68
228 262 25
162 329 67
34 55 38
46 151 25
254 164 18
32 220 33
356 282 53
233 52 97
40 174 93
133 391 70
66 164 76
247 100 95
38 199 44
310 238 76
341 206 86
25 73 99
386 150 64
126 263 99
166 123 99
288 6 34
346 100 85
226 328 77
132 285 63
302 178 91
40 200 90
301 218 80
192 378 88
285 131 90
228 38 89
50 137 16
317 57 52
35 63 13
16 398 73
108 104 48
75 47 57
126 37 16
306 384 92
343 224 88
42 347 83
61 125 79
359 291 98
370 52 22
33 165 90
117 359 26
355 65 94
185 222 65
274 52 62
102 69 97
174 318 69
342 86 2
363 2 79
198 137 57
398 45 39
28 265 83
124 396 89
91 204 65
330 321 1
349 266 31
119 77 87
266 275 53
58 239 47
8 185 40
184 345 34
310 244 43
258 252 81
19 360 64
355 38 63
285 209 58
320 120 31
148 303 10
202 129 13
386 301 49
259 189 9
142 261 14
271 252 20
299 13 93
317 1 99
26 376 90
200 252 53
383 372 44
217 166 28
137 271 15
314 5 79
203 374 85
55 128 53
37 314 98
173 51 63
211 326 81
189 100 41
336 72 56
329 132 80
346 297 63
233 201 13
109 127 31
174 35 5
97 41 28
331 23 98
44 128 28
42 270 94
73 365 53
45 243 94
366 368 63
297 10 94
279 43 48
76 167 22
268 330 29
368 363 22
252 181 99
341 212 53
224 103 45
317 10 31
162 45 35
233 285 64
5 80 67
61 39 93
82 321 67
318 344 45
209 170 67
3 286 12
307 349 10
156 67 34
293 355 48
61 170 22
148 111 60
253 129 74
303 206 79
316 231 56
147 26 2
140 48 34
31 323 2
360 382 34
4 77 12
259 161 92
397 376 58
90 267 17
261 375 23
324 195 27
203 296 4
362 148 33
308 76 43
40 85 38
168 244 73
356 342 17
228 244 63
39 314 30
48 238 59
331 85 48
226 196 85
20 307 15
57 123 19
394 3 15
86 331 29
313 145 66
159 393 63
100 347 85
119 358 55
176 148 86
16 111 83
77 99 79
123 365 82
228 304 77
158 317 16
314 154 46
324 295 46
219 46 42
133 363 15
95 111 25
350 96 62
0 157 44
118 10 15
382 385 18
225 287 1
314 124 74
63 135 26
281 22 48
98 60 69
80 328 3
138 132 53
387 36 14
220 141 85
72 35 77
167 367 98
45 295 91
79 108 29
89 379 6
176 27 36
73 267 22
93 69 61
322 143 14
100 29 70
14 386 5
347 218 9
37 181 23
225 387 73
344 390 96
37 198 87
317 311 98
328 382 67
101 220 31
52 185 100
358 61 89
192 263 24
92 108 25
13 201 95
103 111 17
109 289 87
325 305 27
58 285 77
187 144 97
397 51 68
122 293 69
237 101 72
205 138 92
126 187 72
336 230 95
244 27 85
274 87 84
4 65 16
226 12 17
94 302 64
113 60 27
32 307 98
200 43 70
328 298 54
308 72 40
230 214 4
43 388 95
104 150 42
155 158 10
344 182 36
269 19 96
86 260 95
314 369 51
120 12 1
355 206 41
318 393 27
162 175 67
69 183 33
92 303 94
171 250 45
180 315 15
305 399 19
169 339 18
182 11 67
60 122 54
23 326 17
145 160 44
218 70 63
200 275 28
212 209 77
321 140 79
33 267 99
212 257 39
283 273 76
323 188 35
338 3 44
169 361 28
292 316 75
269 34 3
246 57 34
247 227 77
44 387 53
280 180 55
310 165 51
295 192 94
287 169 67
233 396 21
275 285 17
388 290 29
47 74 99
332 377 59
148 353 58
139 355 59
197 230 60
396 259 67
230 265 41
118 215 66
348 333 87
367 165 15
314 73 39
284 265 81
120 57 46
237 332 75
365 54 21
22 182 26
173 36 49
59 390 21
332 62 67
241 42 30
258 386 76
322 29 43
307 45 38
1 207 15
0 213 70
75 205 64
126 1 3
39 79 77
64 230 59
7 307 21
279 339 90
233 248 55
310 34 21
237 274 85
251 76 42
366 318 1
61 132 82
288 61 51
64 69 99
34 249 23
69 368 27
271 148 25
22 357 11
275 314 43
395 107 7
104 355 51
131 296 13
264 394 88
392 228 87
390 336 54
253 126 13
185 275 2
321 127 85
182 217 38
273 73 78
228 68 99
295 301 35
273 153 21
31 232 59
96 365 9
98 321 68
251 385 85
38 14 64
154 109 21
397 20 76
302 194 83
20 155 20
354 119 42
9 327 95
102 217 37
7 213 71
131 28 82
288 371 71
134 136 28
57 64 10
18 28 18
324 113 72
156 390 11
321 247 10
225 361 55
315 375 31
267 281 26
358 395 77
364 125 27
141 394 19
250 329 73
361 86 61
343 235 28
335 367 67
146 121 1
139 236 18
141 185 98
44 154 66
125 67 57
280 386 90
27 34 42
319 265 89
1 17 49
120 20 22
136 165 41
354 118 27
98 208 12
249 398 80
188 100 5
47 51 71
296 34 56
46 310 56
7 18 27
74 162 20
171 192 6
99 204 48
76 292 68
378 33 51
346 142 90
103 130 64
394 377 41
305 384 21
394 357 83
294 49 13
292 115 8
196 357 31
340 33 94
307 205 83
129 92 51
95 291 43
166 324 36
323 178 93
265 24 44
107 1 12
309 324 95
22 77 29
169 206 85
99 139 78
137 270 49
344 375 3
9 211 8
298 78 89
153 53 48
136 14 8
353 333 76
342 107 49
102 8 3
40 159 63
101 393 62
335 219 80
382 167 80
394 32 83
281 134 11
299 129 44
222 264 50
388 277 25
324 318 83
236 23 95
256 53 97
287 302 4
399 128 5
172 35 97
150 169 7
24 210 97
41 223 1
325 128 78
144 361 36
360 252 13
272 360 13
112 386 48
7 326 10
12 71 19
119 178 42
369 136 92
339 17 8
144 324 92
360 71 29
128 74 74
36 63 78
238 251 1
300 101 44
64 99 21
170 344 7
365 113 76
119 236 72
92 21 28
98 123 28
101 97 98
52 318 26
399 168 46
210 235 4
112 123 61
305 389 60
12 182 29
181 112 37
392 136 14
160 324 87
344 267 49
323 96 44
283 335 85
397 188 51
72 322 94
259 38 62
88 354 29
259 61 65
162 82 46
275 207 92
16 230 22
361 323 34
324 17 34
178 184 1
73 61 83
76 382 54
116 379 79
7 140 24
1 387 60
352 164 84
303 36 75
257 378 21
175 260 49
171 160 64
118 171 64
363 331 3
63 76 99
333 273 74
312 74 100
48 201 32
28 192 80
18 348 85
64 208 3
367 54 33
369 348 1
59 321 34
324 196 9
210 381 8
48 130 4
390 349 29
258 204 97
80 307 73
158 222 44
11 121 34
104 318 92
325 4 4
234 65 78
62 257 22
164 321 92
46 300 13
370 33 13
72 378 50
310 6 62
46 149 91
17 333 44
282 302 67
324 110 21
133 19 24
321 392 43
108 256 63
233 303 86
37 12 67
347 67 89
131 178 72
197 134 84
340 201 85
352 323 97
31 219 1
181 345 84
349 332 15
127 119 58
340 61 9
333 229 19
262 129 60
179 233 85
74 292 24
126 232 25
216 191 26
237 185 65
15 245 96
355 289 87
199 59 56
234 204 44
359 114 78
252 130 52
87 309 7
37 59 31
196 10 21
298 124 92
53 234 93
246 13 5
103 210 1
15 371 79
125 111 51
289 233 41
244 398 47
84 237 6
300 391 96
254 184 38
283 238 63
282 168 2
134 334 100
191 306 52
82 164 30
395 357 81
264 124 32
174 151 88
74 12 52
142 306 43
225 297 66
72 238 29
23 289 19
30 140 21
355 301 35
350 130 73
32 210 98
330 306 13
31 20 27
283 341 51
72 363 90
55 214 82
285 204 46
146 372 65
95 316 58
366 389 32
202 306 61
275 372 2
118 179 51
200 394 38
307 59 82
29 206 30
173 33 26
300 186 68
8 375 10
314 133 59
68 218 80
311 320 5
186 115 43
236 35 65
262 285 58
112 6 66
81 47 44
3 360 70
396 286 76
248 299 26
166 370 58
206 295 99
23 119 42
196 332 93
278 188 20
84 224 16
386 226 85
127 19 8
88 203 85
267 388 74
117 335 70
192 123 40
295 253 6
162 58 46
399 118 66
50 320 41
155 123 52
384 247 95
310 138 81
241 199 23
189 274 11
17 199 84
280 233 93
23 50 88
93 341 18
271 396 40
224 54 28
138 380 36
359 226 35
286 365 1
335 59 92
59 335 96
377 268 89
173 234 12
298 154 73
276 203 20
306 249 13
203 335 22
40 288 85
157 367 33
374 70 81
156 212 56
57 149 23
264 291 10
175 360 48
10 296 56
13 241 45
283 229 39
235 327 62
215 21 41
223 287 56
324 304 94
222 47 70
213 232 5
67 181 59
262 320 49
10 94 44
352 396 77
306 240 46
279 39 42
143 150 16
276 358 30
242 318 1
42 222 63
320 323 32
264 371 70
398 210 55
100 226 73
64 378 28
216 80 73
28 273 15
399 388 80
221 251 13
100 89 86
377 178 23
214 39 97
82 334 92
315 343 15
357 9 92
50 30 75
284 164 67
77 316 59
285 296 63
243 221 100
387 173 94
124 175 21
298 378 41
388 214 54
171 232 96
186 85 16
395 26 22
174 127 19
34 354 76
247 315 5
230 248 75
248 313 44
49 263 3
343 67 76
29 104 46
378 145 82
376 10 73
313 263 18
261 228 56
322 205 57
352 161 8
128 115 31
41 334 2
330 5 83
9 113 69
14 80 21
167 205 27
44 249 5
133 244 32
172 112 31
181 371 20
34 365 9
306 299 68
114 207 80
73 382 59
253 65 75
312 328 85
319 362 100
358 324 91
265 37 38
263 239 71
352 107 31
114 130 58
317 115 19
242 4 73
267 250 58
377 386 62
247 89 66
322 341 66
134 43 56
63 386 8
52 92 76
186 338 97
4 301 26
258 72 95
184 56 91
132 2 56
195 325 89
296 114 35
19 174 51
316 182 8
148 67 12
353 81 41
377 100 97
271 1 4
68 310 89
279 15 6
377 199 39
63 305 16
323 68 99
23 263 96
330 15 95
265 91 94
140 15 22
386 24 51
292 314 15
246 143 79
24 26 18
156 27 97
350 21 78
105 343 68
347 40 95
214 74 72
360 302 53
200 262 72
18 272 8
367 169 69
330 18 32
290 22 5
50 112 87
397 395 64
300 196 1
83 333 43
213 280 55
307 179 23
158 214 3
236 248 90
316 326 63
206 136 7
9 133 90
248 171 64
240 339 20
151 56 94
34 65 80
19 258 18
367 329 16
61 68 55
75 310 43
13 349 5
236 73 66
180 359 5
249 390 23
274 307 51
109 333 40
63 188 77
58 226 46
304 64 92
199 134 6
314 98 99
186 245 4
288 77 85
277 300 12
376 251 23
0 363 47
82 288 57
370 209 50
159 321 15
118 282 88
242 256 83
41 303 94
357 70 84
188 274 47
186 250 3
265 123 24
291 140 6
57 302 13
347 300 66
177 319 10
68 179 18
311 133 10
145 394 92
35 311 12
262 395 44
162 260 75
90 85 89
110 236 77
322 336 35
279 156 45
248 170 32
345 173 33
100 311 87
170 64 58
51 168 61
96 321 19
312 55 55
4 255 29
103 68 56
103 83 8
371 136 68
207 225 95
98 138 41
12 312 37
95 326 13
136 122 30
317 367 89
118 165 98
312 333 34
273 203 60
8 89 72
292 287 35
40 194 36
41 193 30
309 211 83
187 287 35
86 188 36
297 98 46
254 202 65
280 6 85
292 210 23
379 320 36
318 277 41
70 139 90
174 154 53
279 99 58
372 21 51
283 29 80
398 392 49
166 378 51
89 107 74
53 352 98
185 108 34
302 386 45
332 96 21
185 45 57
43 88 86
129 372 75
395 202 5
45 132 86
312 304 90
71 178 50
331 11 85
126 55 35
268 247 39
176 350 2
165 320 98
268 163 65
85 323 53
371 159 39
9 390 75
265 373 86
176 88 7
126 296 40
129 353 23
204 134 96
363 128 42
14 261 14
29 86 29
255 91 19
25 152 13
32 124 54
167 279 76
264 13 95
102 97 93
136 7 84
26 265 38
202 259 2
364 112 80
20 253 78
265 52 10
142 170 98
124 163 16
56 23 69
10 323 86
111 132 81
197 108 30
277 66 13
104 171 17
208 303 73
363 260 44
73 170 67
194 191 83
209 374 3
297 28 89
335 257 29
335 138 56
256 309 23
282 77 75
168 93 6
61 366 66
376 193 45
305 83 15
39 281 40
230 282 32
208 360 2
334 209 1
1 72 93
287 200 85
18 393 54
318 48 47
189 233 31
264 376 67
387 22 27
106 307 66
175 364 43
311 347 59
58 92 48
379 237 41
26 59 87
8 125 96
262 311 93
86 287 15
27 96 50
244 275 7
46 137 66
377 58 71
27 147 47
316 240 84
383 60 70
234 236 37
60 187 61
201 89 53
282 27 12
71 135 57
309 374 84
298 138 24
82 144 96
134 304 77
322 388 23
142 169 2
88 333 31
83 398 65
279 4 91
86 97 59
352 387 67
323 328 60
94 129 24
145 226 3
316 102 26
169 84 72
189 109 14
292 230 70
205 236 88
232 293 73
59 134 43
386 320 67
287 207 48
231 329 11
164 236 81
334 12 53
53 70 76
143 289 23
264 133 82
328 204 76
227 313 51
390 203 41
97 345 10
79 381 35
274 76 43
236 334 54
309 116 15
120 187 52
11 119 43
72 280 78
92 232 82
175 21 19
13 237 3
251 112 48
186 149 11
346 398 71
399 142 52
237 227 24
370 4 77
327 316 64
213 344 72
356 60 82
30 340 87
200 330 71
209 133 67
343 190 7
192 68 96
54 335 42
90 137 89
123 255 10
161 153 12
188 300 40
126 272 61
115 227 72
279 353 54
155 32 18
266 372 20
300 156 25
274 19 75
292 38 63
154 386 29
128 159 79
258 48 20
225 200 47
292 280 73
77 339 99
303 141 6
330 22 96
132 356 20
230 73 11
390 65 86
307 323 3
380 219 37
138 199 32
95 222 64
128 315 26
199 375 30
15 203 44
25 204 73
353 50 51
387 185 63
74 7 51
388 168 46
5 154 14
315 305 42
297 378 18
336 115 55
282 367 9
295 133 8
47 306 63
7 157 83
29 132 53
239 9 75
327 254 94
268 324 90
358 218 90
69 98 47
196 129 95
343 358 35
357 114 33
196 53 18
176 313 94
82 371 4
227 186 53
297 338 36
204 99 91
158 13 96
143 169 84
227 159 82
127 334 74
86 270 93
177 231 73
51 258 75
289 327 85
195 300 1
268 209 57
61 123 57
337 212 72
252 266 11
103 38 97
340 32 5
335 113 22
375 156 46
171 269 67
88 218 28
12 255 72
229 144 10
113 146 83
97 318 26
330 202 22
126 340 29
394 387 60
233 18 27
284 354 19
271 242 44
215 305 61
374 291 17
128 339 31
146 278 30
168 108 36
58 248 96
385 188 60
201 54 75
243 99 30
147 180 18
191 344 81
94 39 3
66 214 16
231 326 33
47 256 98
15 387 35
396 57 98
91 59 39
159 37 74
269 153 41
197 93 74
20 263 51
139 144 26
324 354 80
9 275 18
252 379 64
2 132 1
351 90 99
111 125 56
320 384 51
186 185 29
116 154 92
56 296 80
176 0 76
40 70 26
334 157 82
158 398 98
216 14 71
88 233 62
0 342 10
377 152 62
131 224 88
300 33 79
177 86 96
193 201 45
116 44 63
229 387 29
281 20 50
301 235 83
264 66 87
376 344 6
11 173 29
38 98 10
2 365 88
361 126 62
138 386 10
196 395 79
330 38 58
158 308 52
262 133 18
392 288 74
227 213 73
132 217 65
382 269 63
271 229 59
337 160 38
326 126 26
320 342 58
381 209 13
117 222 91
353 301 88
192 78 66
192 134 23
23 358 21
87 203 41
248 88 39
389 212 25
34 144 77
69 13 93
253 164 44
104 73 25
209 234 79
391 165 98
56 154 60
365 331 45
224 204 17
207 264 7
12 70 84
354 368 90
238 80 89
121 33 83
91 81 32
352 309 83
139 356 16
354 324 92
8 351 34
242 97 16
51 243 18
376 197 97
170 291 52
116 47 16
39 89 72
77 222 49
299 318 36
152 160 11
323 296 27
243 152 48
222 188 86
293 11 16
245 166 85
84 197 35
125 191 100
69 25 81
84 150 89
358 118 68
327 70 34
256 324 3
187 389 53
271 71 93
46 117 72
169 288 12
356 198 78
196 359 67
66 68 74
31 363 20
3 101 44
71 8 25
209 398 42
215 249 61
306 66 77
17 288 32
40 307 42
223 326 2
261 315 69
41 90 45
130 399 96
48 338 82
217 178 50
395 177 31
188 126 65
60 386 37
350 118 88
16 7 32
176 1 52
2 336 83
369 299 46
297 120 36
134 279 58
102 109 31
364 224 42
279 396 27
43 271 19
384 204 50
347 162 36
92 334 36
188 92 28
384 86 61
168 294 34
331 314 9
299 193 36
56 396 63
389 381 92
22 234 28
6 55 64
32 221 77
251 300 58
311 55 78
278 334 37
309 206 49
146 298 3
239 350 37
232 315 89
69 88 3
164 126 38
161 35 18
169 342 48
193 195 6
37 214 90
185 260 79
22 275 83
217 90 83
101 287 60
311 32 61
23 287 63
160 392 9
378 251 25
105 96 96
362 108 65
39 21 89
109 354 39
212 253 33
265 116 7
231 271 51
263 110 4
73 222 82
245 275 44
206 131 100
268 213 61
59 92 95
158 392 47
219 344 28
165 380 78
318 62 18
163 119 16
232 71 53
167 65 9
135 368 94
249 259 97
345 16 84
152 16 63
166 284 65
66 243 61
98 159 20
203 174 57
386 369 97
13 286 50
278 326 90
70 46 53
226 274 52
8 354 55
180 119 42
302 285 47
30 333 6
286 375 83
261 324 76
147 197 77
81 35 57
158 366 14
398 258 1
355 303 87
229 35 23
243 350 22
238 360 18
34 313 38
244 364 72
14 166 43
3 344 37
100 165 11
146 50 84
161 132 43
166 287 7
345 234 64
393 375 42
396 130 58
314 365 27
337 307 9
112 374 3
146 199 33
362 137 22
128 61 52
73 231 70
170 146 42
53 282 51
168 124 97
373 0 43
30 40 81
373 295 94
108 70 60
344 210 36
238 63 100
319 394 3
392 247 55
136 127 60
224 315 63
331 124 100
253 256 63
89 361 28
95 174 70
339 180 37
127 66 7
316 40 14
362 32 47
298 21 20
238 321 24
29 70 58
142 133 74
387 93 45
352 10 82
3 271 42
229 118 64
46 85 18
238 139 50
274 153 61
30 363 99
28 91 20
86 127 95
116 322 73
115 38 88
140 332 62
207 19 71
17 385 50
197 177 73
4 384 74
161 279 72
139 171 5
103 131 42
263 352 77
268 94 62
386 224 23
156 68 8
99 248 98
171 309 24
42 99 78
314 110 48
290 43 5
18 133 23
185 194 3
246 72 15
67 173 49
29 53 4
390 345 89
263 89 79
378 128 30
177 169 66
280 213 35
62 235 48
221 203 12
79 316 42
21 53 86
232 291 97
115 152 29
253 2 5
323 76 95
19 178 18
214 341 81
293 111 35
196 358 12
266 280 45
317 27 7
292 352 38
149 121 93
115 360 1
316 297 84
58 115 53
146 6 25
251 141 37
54 258 94
246 310 14
343 166 51
50 347 5
254 57 29
316 133 42
223 321 88
399 216 7
147 318 2
125 226 65
391 178 51
226 213 97
283 239 81
19 347 46
161 243 71
285 105 91
398 360 85
31 173 39
225 190 2
140 383 12
43 220 82
366 281 87
386 190 2
27 141 56
313 355 66
27 294 70
57 225 85
69 328 13
307 277 82
135 85 100
56 357 90
226 382 65
169 63 45
357 296 46
125 349 20
2 9 50
235 250 15
63 343 7
46 132 59
120 53 52
258 74 32
210 173 77
385 179 50
93 33 92
169 214 90
80 331 68
299 303 28
283 152 58
165 263 87
67 290 2
83 372 18
374 328 79
381 148 19
60 380 36
362 134 76
318 362 68
258 251 16
372 24 90
250 284 6
79 94 94
82 90 43
149 238 83
364 83 94
255 392 46
305 249 93
323 364 30
41 22 97
386 93 59
227 69 52
250 225 5
280 75 54
253 275 41
4 262 63
346 222 68
187 278 88
310 133 31
177 45 13
272 180 13
158 184 89
92 14 34
230 358 53
272 354 18
76 351 21
200 349 21
371 210 84
76 16 37
260 322 46
191 63 23
368 112 34
391 129 35
2 199 32
377 295 9
302 263 83
324 2 75
140 323 1
178 363 90
163 364 88
174 379 49
95 194 2
104 138 85
147 217 9
298 96 35
38 74 78
226 194 94
305 335 91
305 152 77
21 211 26
114 59 58
270 149 74
45 292 79
49 279 5
101 279 99
14 161 82
364 45 16
263 351 61
281 150 17
327 265 31
349 151 80
278 304 76
64 109 20
6 219 18
232 105 95
362 187 90
21 248 7
140 70 55
340 268 60
309 170 94
238 265 53
29 394 62
318 278 60
113 242 33
99 238 74
282 393 88
51 305 64
53 207 35
0 302 14
106 14 13
65 38 71
45 55 25
248 312 87
95 13 29
10 352 99
176 269 51
56 1 31
296 90 34
352 283 3
32 122 6
250 234 3
305 164 8
10 107 36
297 372 37
109 251 59
195 119 57
115 95 48
23 118 18
249 69 95
373 27 94
0 42 1
318 191 88
11 183 50
73 270 5
95 248 58
319 104 75
85 360 82
325 133 29
325 46 22
139 41 73
198 27 39
382 185 9
334 359 50
74 276 70
328 284 6
93 134 1
10 265 5
246 15 65
180 241 7
216 104 46
97 310 30
141 278 55
315 137 42
178 208 27
58 271 24
145 291 70
281 105 6
82 57 78
178 35 74
100 66 51
222 4 78
276 223 62
241 3 25
19 288 22
11 322 63
303 395 99
234 380 18
26 351 3
105 198 5
201 40 10
46 363 47
309 245 56
362 186 71
187 337 62
164 218 32
271 278 77
227 257 27
156 147 42
179 39 2
165 351 79
204 26 76
70 68 85
370 268 22
128 138 49
155 304 39
350 240 98
269 26 49
299 379 42
224 317 7
333 367 80
371 141 37
91 48 36
307 280 27
145 280 6
366 320 60
25 344 100
364 382 23
333 90 11
351 167 56
36 320 31
75 179 70
377 25 40
80 95 65
177 363 40
308 249 34
397 329 56
386 184 34
237 74 98
292 63 54
48 184 97
5 28 48
305 371 34
38 32 23
173 286 1
306 216 42
180 318 83
220 207 9
288 324 66
249 281 78
105 148 12
276 249 7
89 14 5
114 101 78
270 198 44
208 164 79
340 14 36
377 365 44
282 169 38
398 292 91
69 16 84
10 143 45
77 5 29
349 320 95
378 29 28
219 392 96
311 277 38
370 379 17
239 150 42
337 71 11
102 374 86
298 22 44
62 135 20
59 28 10
392 337 14
212 319 46
70 127 98
396 339 3
68 124 89
307 32 53
9 125 71
397 42 62
346 118 63
60 110 47
32 335 69
153 302 14
47 377 83
266 386 61
105 123 43
353 332 38
194 192 58
187 70 10
316 134 26
330 289 41
299 387 41
283 25 37
4 100 50
274 28 31
290 370 39
46 273 3
163 88 63
242 333 84
353 68 2
233 258 15
23 223 7
208 198 5
310 228 78
249 46 53
182 288 60
210 343 93
6 290 48
364 321 93
216 397 19
7 156 97
163 89 33
233 57 98
295 19 71
107 217 61
329 322 16
353 173 17
261 148 83
285 259 72
20 128 56
356 97 91
63 5 9
130 256 40
301 392 86
377 238 63
188 76 64
383 257 10
384 316 76
76 300 51
327 306 47
325 185 31
242 145 43
326 158 4
268 205 67
368 123 89
75 321 14
8 45 89
327 364 29
265 271 30
266 305 99
294 33 69
148 168 55
262 258 4
227 30 90
308 344 71
170 361 49
56 168 26
38 100 15
101 187 14
202 276 14
386 115 85
143 203 83
194 98 85
75 59 23
378 305 90
174 213 19
242 19 86
247 297 71
351 242 90
200 333 98
3 9 32
395 161 28
271 153 31
301 129 23
160 283 96
133 174 95
56 68 1
68 381 39
211 41 65
239 318 97
22 31 38
302 359 46
140 240 91
117 265 33
332 322 39
156 0 71
66 60 93
159 13 56
163 168 43
303 160 17
26 200 13
104 25 42
21 150 9
262 278 77
45 199 27
66 262 87
44 74 92
210 385 29
77 381 4
187 131 45
228 36 48
312 182 9
340 80 20
65 199 7
166 331 68
362 20 63
211 351 48
270 389 69
302 355 16
36 203 6
313 21 53
167 142 95
150 347 37
312 7 41
292 329 62
87 107 59
252 298 31
36 97 88
323 213 63
24 313 70
146 178 8
294 241 4
102 229 78
178 143 43
268 207 56
49 326 94
332 281 7
33 118 8
348 84 41
196 73 54
221 58 27
253 143 28
38 364 59
127 69 36
7 19 43
24 299 48
20 376 79
310 147 41
76 86 93
215 323 49
124 186 95
126 42 59
129 243 66
350 399 77
186 131 82
151 366 24
3 68 29
43 40 4
310 167 57
383 38 54
168 296 52
153 311 13
35 119 49
371 64 50
301 81 66
265 289 41
29 330 52
37 336 53
285 320 87
341 82 40
114 296 45
386 209 63
100 324 39
316 258 95
44 284 99
61 225 9
193 324 97
103 56 88
217 78 81
352 359 24
96 235 37
33 167 94
44 77 24
85 349 71
226 233 27
361 377 31
309 16 37
397 306 32
238 64 69
393 128 57
83 59 26
334 33 95
188 352 41
79 1 6
342 148 69
141 178 41
386 319 95
3 38 68
246 394 82
159 69 49
51 251 26
114 111 72
385 81 79
25 23 81
314 70 17
292 142 88
127 18 28
258 301 63
106 118 81
18 36 10
238 109 87
162 31 92
253 273 52
10 132 92
270 197 31
185 135 94
133 309 75
237 382 25
39 399 53
112 4 69
330 195 29
48 133 96
274 134 79
262 159 74
266 157 96
104 354 6
280 380 95
232 350 72
291 187 92
93 326 100
200 386 51
343 3 92
12 230 75
147 221 35
304 373 95
383 181 45
35 242 63
322 39 71
248 347 53
243 284 59
273 60 48
214 129 41
334 10 100
8 124 53
287 219 18
14 296 67
242 197 24
63 340 4
69 84 93
185 24 75
115 106 57
274 343 87
230 107 22
208 343 41
238 10 24
156 224 38
270 248 69
346 289 68
358 142 83
354 12 64
299 155 98
240 122 65
242 192 77
346 255 82
369 209 48
381 15 97
360 88 27
41 391 62
101 122 49
215 264 65
176 185 36
30 383 100
384 151 33
82 272 49
288 126 66
156 45 57
215 111 77
266 80 44
81 354 89
152 304 55
145 349 69
184 197 64
44 262 94
307 61 93
293 96 50
247 56 45
310 35 91
181 48 80
200 164 68
261 176 83
164 216 30
121 225 10
63 115 72
145 219 65
339 155 93
116 240 37
127 106 36
393 284 74
64 29 100
253 43 71
242 311 54
305 236 51
398 3 99
0 209 94
83 243 19
229 22 38
244 319 48
295 210 37
349 283 8
373 388 51
295 103 55
269 306 76
398 380 89
215 229 50
166 77 33
306 164 48
156 54 84
357 126 74
257 225 88
243 248 63
197 199 4
297 272 72
399 1 81
44 253 3
89 28 70
77 70 54
354 267 36
367 159 74
86 12 49
187 272 68
121 126 71
147 248 81
148 18 32
321 4 80
286 48 42
337 287 8
203 369 9
86 392 12
34 29 16
137 168 35
377 210 30
293 227 51
208 391 34
281 231 32
84 68 93
316 44 23
354 82 9
375 11 30
133 299 79
336 286 13
328 27 40
239 397 63
146 249 81
182 140 94
87 276 34
29 77 79
51 110 37
289 58 6
200 306 4
217 172 73
383 197 36
320 55 95
122 296 80
297 125 22
153 141 79
178 25 30
69 27 21
372 185 61
141 139 39
158 120 82
128 84 41
342 359 32
9 348 63
358 355 70
260 298 59
57 135 96
54 76 22
197 22 39
305 139 54
215 321 34
123 357 13
62 213 18
378 44 42
64 180 54
182 306 22
46 168 94
297 316 14
317 228 35
264 220 39
252 219 42
284 143 47
80 329 80
395 81 22
280 355 29
179 242 90
213 364 30
109 203 36
26 340 15
196 118 29
379 384 47
86 160 62
309 171 70
42 242 26
51 66 40
299 360 70
383 317 44
279 0 13
199 391 23
140 113 71
49 56 5
68 177 88
105 132 26
266 88 86
198 389 74
84 262 13
390 296 92
75 166 59
325 213 19
223 84 65
280 340 22
222 128 34
93 127 16
8 244 60
22 389 71
97 137 72
165 118 60
301 266 86
217 133 70
0 323 31
396 82 40
116 150 4
95 212 100
349 5 46
233 71 71
132 281 100
315 12 75
166 292 80
133 276 1
371 125 3
213 82 53
280 151 59
372 277 48
230 55 59
77 373 10
368 107 4
133 204 84
143 306 5
198 188 45
390 151 8
5 326 92
78 116 58
296 139 12
348 125 98
193 154 27
256 160 56
254 16 37
309 138 40
108 123 81
394 258 9
157 342 84
233 70 5
177 54 10
85 265 16
324 199 36
326 303 27
234 56 28
392 378 2
86 201 16
267 30 81
350 298 68
29 46 47
251 247 99
30 204 5
206 122 25
375 76 71
293 1 38
6 309 30
361 274 43
303 38 81
8 363 30
215 95 96
285 379 75
359 92 21
48 360 11
159 22 80
108 304 61
10 57 43
11 195 86
276 215 76
356 48 47
62 126 73
160 21 25
136 354 92
118 229 30
123 49 64
87 114 43
44 73 100
102 70 70
336 254 81
197 391 77
37 79 45
377 236 81
15 213 16
223 281 83
267 193 9
191 372 64
101 35 89
46 164 82
111 152 81
201 78 30
248 12 57
176 99 76
393 303 85
368 8 85
168 392 36
228 353 6
105 345 100
380 80 47
97 45 67
245 355 67
43 6 99
379 349 55
335 244 41
225 205 32
394 1 4
298 152 37
147 174 40
347 362 80
379 334 29
329 326 59
110 360 8
23 324 29
156 48 43
2 244 41
105 289 24
257 193 66
14 355 65
382 329 69
290 33 47
270 226 56
126 309 30
138 263 51
233 314 19
374 163 54
270 222 30
38 203 50
101 274 8
75 155 12
85 45 76
109 202 33
388 210 89
75 225 69
223 209 28
364 358 77
296 73 13
85 281 27
101 333 19
70 383 46
43 389 17
292 87 94
385 323 70
290 271 83
202 277 54
226 116 74
61 91 79
196 188 96
253 370 21
386 195 59
76 78 76
296 128 1
176 35 76
114 263 2
28 326 93
57 293 81
378 331 31
38 30 50
99 275 32
162 180 89
290 48 91
230 298 96
50 168 33
354 130 78
93 62 28
27 32 63
85 350 1
351 279 5
160 178 45
118 27 16
60 68 70
138 94 3
309 25 71
285 298 63
276 39 71
172 218 61
271 39 53
388 82 85
87 90 41
207 5 51
355 133 27
263 169 87
326 2 40
315 229 35
303 62 80
171 282 43
1 234 1
154 105 86
112 257 74
173 232 32
185 111 12
299 32 43
281 98 13
106 294 7
349 111 87
1 143 51
370 357 69
7 35 38
15 98 43
69 353 46
93 372 4
164 304 88
176 303 85
314 329 77
335 380 35
371 248 31
76 277 27
80 125 27
51 124 49
132 204 86
63 302 18
323 11 92
12 205 36
334 58 70
79 77 7
172 161 21
76 114 7
113 301 77
22 317 47
162 145 86
56 226 54
84 8 70
146 222 7
76 306 81
222 395 80
192 295 50
374 271 1
266 141 19
147 108 4
92 326 6
275 8 53
257 162 50
133 315 96
41 25 82
135 273 9
5 20 57
385 238 72
233 202 17
43 30 53
129 247 78
316 368 45
161 197 10
260 277 13
392 334 82
216 107 19
143 200 14
305 67 32
172 124 54
378 153 43
59 315 29
126 290 13
245 319 97
305 245 17
90 99 50
393 130 85
294 273 79
366 373 29
160 3 26
128 203 98
397 352 91
31 190 79
66 149 76
364 14 6
89 293 2
159 90 27
20 206 68
194 228 35
82 264 30
30 319 60
60 284 13
30 203 66
345 321 23
332 42 5
196 278 74
318 247 40
367 200 23
60 245 38
362 120 49
95 178 49
56 335 99
96 70 66
192 101 18
56 139 95
353 253 65
253 386 18
399 98 77
322 305 20
279 223 43
118 210 9
71 221 73
291 240 60
68 282 83
95 362 92
250 305 93
103 384 72
326 12 55
118 334 10
138 174 35
143 79 99
264 316 86
133 311 21
275 253 70
133 136 82
234 51 85
126 168 47
38 120 25
388 323 78
27 121 63
162 375 53
69 296 55
352 324 47
140 127 80
278 308 57
332 194 95
81 60 88
136 312 99
56 237 37
268 216 89
287 41 6
202 188 68
104 322 9
49 68 37
103 171 51
300 389 2
273 154 28
220 162 97
61 296 17
253 208 35
269 324 60
68 391 15
50 40 99
49 87 5
377 132 47
319 138 16
107 174 98
350 121 48
391 204 34
101 92 67
73 10 42
385 94 50
278 24 24
223 334 52
333 96 29
83 301 28
176 369 79
381 117 61
133 248 17
124 159 89
34 195 33
111 149 97
208 27 87
56 134 20
344 106 53
199 52 80
283 153 16
196 24 89
102 83 17
397 241 46
289 356 52
30 167 65
210 24 44
378 14 64
272 159 97
66 169 37
18 361 90
322 371 67
325 387 11
229 360 18
9 285 45
236 200 44
333 58 76
271 318 45
347 231 48
126 312 16
12 63 92
188 383 30
33 384 54
33 130 25
137 179 46
98 50 71
72 148 58
220 239 43
283 70 12
340 106 55
173 128 36
353 13 86
84 211 37
90 79 70
166 122 79
174 380 11
155 39 77
74 147 74
71 257 80
276 200 64
320 248 43
93 296 28
181 26 8
336 346 38
342 83 58
329 152 65
124 2 99
360 287 68
234 358 46
332 177 2
348 48 40
204 336 12
335 109 78
333 15 39
125 69 85
252 129 75
340 349 25
232 390 34
195 340 94
238 171 36
144 128 89
22 132 11
267 35 47
124 376 48
63 59 43
331 49 7
231 378 41
29 24 90
339 104 38
394 197 53
163 7 49
113 6 95
289 17 7
101 209 26
363 286 40
202 78 17
39 318 86
244 95 27
390 89 25
369 192 64
212 235 68
21 296 60
209 81 82
267 300 94
77 183 41
122 57 13
53 268 72
233 212 55
240 374 74
78 242 95
333 31 35
81 190 40
86 109 22
19 24 57
306 251 30
316 69 42
285 56 31
356 167 12
133 73 49
131 125 66
348 209 8
284 12 4
162 324 18
394 297 5
141 198 27
295 143 48
87 237 30
94 148 74
128 150 79
114 8 25
180 373 61
225 62 96
204 98 58
195 151 72
343 369 68
74 305 86
371 337 76
229 276 34
262 83 26
84 382 34
216 201 23
130 326 36
100 5 5
0 171 91
326 5 42
13 321 21
330 297 86
229 104 21
39 159 54
191 4 59
40 291 11
264 256 52
258 236 41
178 121 87
234 317 19
158 104 71
134 138 46
110 390 19
330 349 22
256 33 34
271 75 32
73 214 88
307 343 84
108 130 4
94 347 85
22 152 9
59 326 92
80 193 4
68 25 54
181 348 42
155 72 18
363 230 56
48 41 5
115 2 3
279 167 72
1 254 5
230 218 87
76 191 27
253 127 16
272 385 78
281 122 76
20 39 82
186 242 66
355 91 19
109 78 20
185 353 70
2 6 26
312 162 95
268 32 100
359 148 47
379 206 37
235 66 36
184 293 88
55 127 67
42 309 53
133 175 98
91 256 91
38 240 97
55 101 85
189 92 91
95 123 50
102 276 22
8 17 29
294 264 10
267 19 27
283 259 64
217 211 48
201 134 36
249 62 64
146 388 61
171 194 54
228 63 58
219 97 4
208 68 90
253 398 57
314 319 23
185 252 48
95 64 58
297 192 1
152 169 65
75 343 78
194 282 46
267 168 70
206 127 73
34 147 69
298 84 76
105 393 8
218 193 41
338 250 3
394 24 71
366 75 90
317 33 18
115 250 53
52 10 72
211 313 45
396 235 96
368 285 28
111 255 5
171 222 44
306 258 2
380 209 87
353 255 64
184 273 43
189 314 95
235 151 51
234 74 54
278 327 63
333 72 14
360 239 13
275 3 87
66 346 99
6 307 24
53 266 42
252 286 86
358 322 39
300 399 5
55 312 39
80 350 3
259 196 82
376 363 89
202 392 24
22 309 81
360 95 75
313 297 18
188 118 98
231 258 37
336 175 51
266 291 65
142 53 24
12 169 14
84 168 42
347 230 33
58 166 43
135 148 56
82 209 23
104 189 72
349 158 78
359 128 27
24 357 69
124 158 31
106 128 34
96 315 66
374 333 70
154 231 7
103 303 67
7 362 84
27 144 45
320 59 55
324 143 62
359 351 77
25 32 91
372 26 47
62 308 15
207 68 68
192 277 79
388 226 11
306 69 63
176 233 9
164 1 56
177 239 69
1 73 20
221 379 48
203 133 71
398 234 94
142 388 30
8 164 26
183 369 34
145 249 66
152 393 21
110 303 77
289 264 89
245 222 75
111 101 87
224 262 44
76 288 63
320 336 53
215 157 48
364 397 75
8 269 34
22 367 53
257 48 55
264 255 30
128 295 8
311 110 31
191 206 40
310 78 77
73 165 36
263 189 3
136 116 58
92 70 91
345 231 21
118 200 89
40 91 1
18 76 50
75 273 19
287 203 42
208 31 73
161 80 13
37 28 67
121 193 78
266 307 39
243 300 83
273 200 66
97 11 57
150 14 14
385 302 75
194 274 4
245 312 26
174 354 76
388 302 93
39 43 62
222 218 79
35 140 59
382 311 32
394 295 33
201 62 62
7 244 41
287 77 29
191 332 58
378 71 89
132 156 92
146 254 87
54 150 67
74 111 49
387 196 42
241 311 98
81 169 87
109 283 19
231 115 81
85 44 44
105 93 14
206 358 29
391 51 11
65 264 62
264 226 94
68 129 30
132 88 85
318 391 37
12 162 64
130 291 38
309 319 77
317 174 61
233 72 79
109 181 73
47 151 80
168 269 15
63 312 1
359 387 94
324 315 41
328 182 6
371 312 21
121 321 14
7 208 88
228 235 49
191 261 71
285 27 14
78 246 41
40 151 45
104 70 65
293 367 90
75 294 61
173 287 63
115 215 55
145 112 48
291 156 80
266 131 89
249 267 18
235 316 15
68 219 94
373 168 31
257 135 81
235 274 90
225 217 38
267 283 23
228 289 33
287 58 78
177 356 79
60 298 96
396 5 98
36 160 44
77 13 47
293 337 66
183 310 34
399 296 94
260 119 97
158 219 78
386 155 30
279 345 92
323 224 93
336 249 48
291 115 96
28 204 34
359 274 68
23 349 28
247 44 74
161 5 10
145 100 96
64 221 19
76 124 48
154 395 53
287 291 52
353 172 46
258 271 36
291 185 53
111 209 97
196 156 46
73 309 18
155 191 21
187 54 42
351 340 87
391 97 36
384 308 49
87 86 19
281 112 9
376 171 44
274 33 20
129 62 56
131 123 14
383 215 77
67 330 68
129 12 39
87 180 95
398 302 85
282 95 67
234 398 2
262 138 90
10 201 9
114 71 44
193 159 39
6 59 68
157 295 31
98 68 67
17 373 39
371 167 92
176 382 7
30 242 28
374 100 30
322 235 16
37 56 96
189 187 18
46 190 34
199 138 73
138 106 33
237 128 86
311 212 31
87 146 62
111 41 91
26 191 11
93 156 99
64 259 35
184 171 41
160 348 32
190 324 38
257 110 84
163 341 12
342 26 50
216 264 46
344 42 22
302 235 20
371 49 10
397 367 45
234 357 14
370 276 12
198 336 89
73 265 94
115 229 5
75 303 85
112 293 45
257 299 72
369 137 22
375 352 56
241 31 86
26 339 74
378 110 68
90 183 57
148 78 15
151 399 63
263 113 28
144 301 47
171 312 96
10 302 90
14 187 22
366 70 37
310 29 91
180 5 69
102 390 3
208 344 74
79 358 78
66 159 85
131 303 58
263 156 7
161 67 19
114 165 29
296 335 33
239 342 9
66 154 85
222 246 26
169 15 4
152 50 47
165 361 88
363 382 51
371 188 28
256 102 26
376 1 14
71 334 65
46 246 78
260 155 6
277 309 30
242 276 40
280 393 42
217 0 16
269 131 91
53 342 67
225 160 90
394 43 66
217 366 99
96 396 32
271 145 17
335 45 22
368 378 89
17 126 89
372 180 14
398 257 88
68 361 99
382 98 69
189 327 78
288 48 79
266 255 10
290 37 44
16 282 55
110 174 64
210 359 51
238 68 32
358 345 63
21 50 90
305 75 78
361 290 33
316 67 60
127 115 97
143 301 51
366 98 30
341 32 75
225 392 49
166 288 88
217 311 40
332 1 69
48 97 93
108 368 57
321 351 16
179 58 60
225 293 73
342 361 65
357 251 16
344 62 74
336 332 59
202 241 71
254 177 85
381 61 39
346 97 100
32 390 13
87 388 83
112 67 4
206 189 67
133 268 42
128 62 98
138 2 97
248 350 87
295 356 79
288 267 58
46 179 54
170 238 70
388 292 46
205 366 75
396 211 85
38 159 86
301 348 55
106 79 79
51 204 8
159 275 8
365 314 33
78 212 17
43 90 77
269 207 64
366 51 84
289 111 35
125 182 54
150 328 64
218 19 40
281 80 56
330 80 27
110 2 43
111 22 11
310 169 10
255 356 18
388 157 91
252 388 32
354 240 12
139 175 26
30 342 55
122 387 55
103 21 59
272 185 80
212 334 92
125 358 56
49 236 35
22 301 8
273 130 64
297 397 29
134 349 52
216 259 34
61 389 25
70 150 87
198 284 91
310 294 99
388 299 90
380 289 85
8 350 35
366 345 54
261 284 21
49 186 36
360 44 4
234 245 74
93 206 100
93 26 5
246 380 26
94 352 30
48 257 43
169 319 9
184 300 38
10 252 27
260 77 67
315 110 19
376 94 22
394 149 71
113 155 94
301 331 47
1 195 69
194 212 12
225 337 36
327 214 68
224 159 65
390 286 52
20 25 11
228 274 65
112 364 18
296 229 4
139 217 51
397 383 20
303 246 80
109 49 38
129 13 11
275 387 77
272 309 2
335 105 21
215 92 18
307 22 78
118 2 72
160 189 70
116 346 58
66 28 82
264 273 15
349 112 94
381 59 33
9 67 95
342 61 6
140 284 54
81 37 2
323 318 81
31 182 37
340 373 29
211 192 97
81 140 26
76 330 81
100 16 55
278 251 40
297 231 3
236 190 72
117 81 84
212 14 43
82 112 32
198 31 96
158 379 75
350 211 25
137 239 37
347 46 52
99 147 74
260 345 18
106 64 59
333 13 5
30 321 97
116 358 49
32 217 83
306 41 89
365 228 16
139 58 53
370 12 31
97 189 37
121 127 75
38 84 6
197 168 86
29 377 29
45 83 81
31 44 44
311 179 69
366 231 13
128 127 10
49 392 40
176 171 44
145 35 77
297 335 73
59 58 17
93 168 2
128 355 82
370 72 58
305 170 61
3 257 10
105 63 10
42 217 26
385 265 68
118 177 72
397 54 38
83 65 79
247 253 27
38 368 96
171 305 15
221 56 35
259 37 37
143 145 33
244 31 23
313 58 42
262 355 1
63 362 32
73 111 45
203 87 15
334 142 59
377 124 56
221 94 74
248 101 25
132 340 73
251 294 31
82 157 39
125 296 63
64 80 39
34 210 38
287 25 10
7 333 65
241 64 18
14 152 7
33 79 78
288 297 2
196 290 46
205 14 91
147 331 13
19 193 28
355 197 42
39 211 68
67 128 29
144 202 65
145 159 4
89 160 18
326 289 12
300 7 20
47 127 69
393 19 59
355 302 63
299 207 40
101 19 38
296 378 14
364 116 63
126 231 35
84 186 96
200 302 49
152 65 82
259 84 80
316 335 56
27 50 15
139 306 58
37 201 57
222 37 95
275 175 46
392 274 19
319 312 20
70 259 86
276 195 20
68 287 69
62 278 32
287 376 11
28 115 23
135 231 33
102 21 82
292 146 53
140 69 100
90 326 10
74 237 9
384 133 30
172 289 100
24 1 94
170 372 7
167 20 82
306 198 87
319 388 4
48 100 98
36 164 46
253 341 1
227 148 53
201 25 14
306 276 58
2 389 34
56 104 26
224 195 89
209 263 55
19 84 87
370 106 71
44 103 44
352 13 39
250 222 34
100 106 42
386 262 12
112 63 96
110 333 21
369 141 19
306 196 96
282 336 84
166 155 81
158 310 21
99 122 27
129 199 16
385 123 11
130 63 28
194 153 31
384 167 77
383 80 64
301 119 77
251 380 46
38 141 46
233 281 85
389 383 9
319 147 94
196 185 42
305 182 10
147 237 98
104 294 67
164 68 89
80 37 7
57 298 96
179 226 89
63 144 95
174 389 50
352 344 24
116 111 6
162 250 58
330 396 56
382 128 93
252 35 100
302 229 88
126 133 25
299 340 10
111 376 27
62 321 46
396 393 47
395 90 78
92 335 80
386 242 93
77 293 14
237 4 51
366 352 36
295 303 86
239 230 43
131 15 52
134 245 33
338 226 4
305 65 72
368 347 97
18 22 61
3 389 76
163 272 63
225 140 70
88 215 69
313 330 86
136 381 13
299 285 6
32 8 73
126 62 14
331 126 69
22 288 95
339 243 43
14 67 84
150 61 98
70 281 76
76 255 37
347 292 27
262 146 87
398 83 51
299 223 4
114 119 42
392 103 99
95 175 61
305 73 61
282 292 20
218 298 82
397 40 98
395 319 31
184 275 62
142 2 94
17 233 51
331 243 80
124 18 10
107 312 48
167 373 65
24 260 19
246 65 33
70 77 19
116 254 45
10 288 93
134 30 52
62 93 90
78 327 82
68 374 5
396 93 86
296 88 67
35 253 17
265 19 57
256 374 54
317 366 82
185 170 65
273 160 19
331 118 93
200 172 82
33 134 17
175 288 96
314 247 75
164 325 34
302 5 64
234 1 34
206 100 60
91 260 41
230 379 55
32 41 94
171 156 14
142 131 42
258 175 87
220 117 22
18 244 41
355 125 22
148 135 56
228 12 99
148 186 56
233 172 14
74 87 16
283 40 72
94 127 9
317 284 62
1 361 56
210 276 38
156 370 30
388 196 72
40 316 65
103 281 57
131 393 85
298 118 26
105 167 71
137 283 31
204 292 93
66 190 42
14 121 6
80 196 25
1 343 64
80 195 36
89 267 2
282 263 27
258 156 16
248 364 95
164 251 77
192 188 45
248 145 40
132 389 53
113 104 13
173 120 69
51 322 71
294 247 47
126 14 100
209 262 6
281 386 56
398 364 50
48 119 80
259 114 44
368 126 2
3 109 4
354 277 49
192 239 85
299 301 15
224 399 75
94 296 54
133 119 11
384 89 15
247 324 36
176 276 23
394 397 84
221 54 20
322 16 13
377 99 49
347 264 61
356 279 27
35 176 34
365 128 59
123 94 64
397 10 23
0 347 18
31 281 19
80 359 53
91 375 54
304 21 14
378 108 37
161 195 11
13 362 47
122 48 99
252 99 80
188 12 35
244 123 82
151 175 4
44 296 33
345 92 33
117 357 39
319 339 47
375 223 56
395 265 76
242 75 31
361 298 2
351 95 15
249 228 30
208 54 27
155 376 6
149 83 47
20 191 38
365 388 91
122 7 60
260 327 8
205 238 70
346 389 65
29 383 44
298 216 25
231 154 74
303 359 2
200 25 15
343 161 5
62 271 19
127 0 83
371 338 75
381 40 10
368 169 88
229 363 92
38 106 8
28 27 21
386 198 67
272 71 70
371 29 45
264 254 41
175 307 40
104 64 95
371 360 94
296 256 67
155 33 3
118 263 75
120 353 35
97 188 92
197 244 75
263 199 92
338 210 49
176 12 64
56 221 72
24 180 19
184 5 98
43 228 73
46 1 44
121 224 45
14 375 37
313 300 41
148 39 27
39 113 44
160 228 85
74 378 60
119 69 27
245 309 89
59 76 11
354 196 36
215 292 80
128 285 30
66 256 28
155 321 2
262 122 54
313 257 86
39 227 55
211 205 84
353 215 35
354 17 59
213 38 43
380 330 83
366 306 49
198 30 68
113 324 84
24 214 30
331 44 99
104 218 78
364 132 69
275 40 78
167 326 66
349 282 60
344 112 64
201 56 11
117 176 23
349 246 71
273 353 39
21 109 73
38 395 99
311 262 1
48 370 63
166 202 62
116 366 71
370 194 57
314 126 23
111 262 37
275 72 48
267 343 53
58 309 76
37 52 40
62 95 21
214 264 47
255 179 45
126 125 73
245 192 15
80 251 55
4 238 15
8 283 21
30 99 64
95 24 28
156 353 75
387 83 54
114 133 12
60 319 46
209 58 36
316 371 11
318 221 32
41 44 46
73 112 68
361 225 6
392 259 2
278 350 89
169 390 92
101 263 28
233 158 32
215 386 37
67 296 27
3 181 2
50 286 43
310 369 12
348 296 82
80 349 55
146 189 52
302 134 61
382 37 81
217 319 55
144 286 76
344 150 63
315 282 60
362 14 69
8 151 85
68 207 61
243 200 92
10 205 33
77 76 27
156 19 25
326 279 76
296 32 37
191 1 31
87 259 76
384 241 64
215 298 29
159 30 4
313 167 4
197 117 24
229 189 100
287 36 32
189 253 61
61 329 28
275 353 81
250 208 9
173 105 62
108 220 59
242 220 34
160 238 4
251 113 76
381 228 2
119 304 9
129 330 53
26 347 64
390 395 10
35 49 23
382 304 88
333 388 1
35 26 69
368 215 87
95 215 93
311 161 8
92 214 59
347 145 55
278 266 25
271 74 88
99 310 94
390 339 3
331 83 79
372 254 80
39 106 33
347 42 7
12 324 10
313 43 23
43 267 20
270 114 82
344 39 88
81 188 8
236 300 15
372 334 70
139 47 75
373 309 16
353 59 15
399 337 34
244 198 86
186 213 11
358 59 88
320 107 96
297 323 10
172 34 1
204 14 4
198 173 68
316 327 89
239 101 98
30 197 64
240 105 24
9 135 14
273 375 61
135 137 72
151 319 58
172 232 58
235 216 50
86 195 1
328 399 47
166 214 29
72 237 73
352 189 79
332 112 41
382 348 24
287 113 8
183 14 46
72 347 60
118 185 70
336 288 61
176 385 34
333 327 87
166 387 2
5 227 88
76 367 21
162 189 60
181 7 70
236 107 52
104 237 3
30 152 6
78 71 60
347 72 36
357 173 85
156 306 72
127 151 98
291 356 92
144 20 87
324 358 7
14 132 88
8 173 92
324 282 12
147 68 38
391 255 42
35 319 15
300 338 79
290 365 23
237 35 43
242 252 47
342 221 92
163 379 76
288 327 50
209 113 81
88 12 98
259 322 11
191 220 35
288 25 41
4 17 76
17 101 91
109 21 94
294 240 93
69 362 5
357 225 89
172 223 97
247 105 90
195 335 22
270 306 62
78 368 68
77 51 20
76 392 3
221 252 49
369 70 53
69 272 80
230 192 4
187 62 99
199 54 35
112 279 34
144 383 77
105 323 44
321 280 26
83 121 25
243 394 69
291 236 85
317 142 100
309 279 61
127 144 35
299 12 87
240 9 96
269 373 92
304 345 29
88 6 89
290 324 50
322 208 87
315 327 79
48 268 73
157 336 7
74 120 22
260 314 78
137 326 40
309 150 33
85 277 94
387 322 14
100 292 11
163 149 23
166 128 1
66 354 82
340 154 86
386 293 97
253 62 97
138 284 32
252 369 79
34 98 59
386 194 2
390 259 97
30 169 86
153 163 79
342 40 34
46 63 71
110 6 31
268 252 13
318 314 21
295 35 19
88 302 30
316 111 93
87 289 47
347 342 64
344 270 50
162 264 23
121 237 96
276 33 46
101 98 41
190 365 71
176 331 70
244 197 48
163 386 98
352 331 89
375 231 40
174 278 66
99 63 87
353 373 28
80 208 64
308 108 40
255 143 36
355 366 7
181 336 50
225 29 70
197 344 78
351 30 38
318 122 27
393 329 4
45 183 62
124 357 29
8 159 89
28 279 78
356 236 42
267 359 77
25 35 89
72 221 60
24 355 69
282 239 32
290 341 72
275 81 96
367 380 93
154 84 64
252 80 21
164 344 28
39 146 100
84 9 19
352 151 69
39 278 82
110 383 34
320 365 54
253 269 2
27 239 42
59 57 10
36 23 76
252 343 33
33 149 18
24 88 74
342 306 92
331 305 66
318 309 35
196 112 26
383 21 73
116 136 69
54 370 20
102 81 67
245 191 91
251 347 1
27 49 71
86 67 90
336 371 24
193 293 39
269 249 14
192 189 71
110 247 59
334 257 61
335 289 80
321 165 30
390 266 59
54 385 44
287 375 41
130 93 16
186 58 94
90 184 43
138 287 87
355 321 12
220 307 42
41 273 38
40 27 90
9 117 34
296 8 79
89 121 61
311 93 80
21 270 6
15 223 67
224 372 71
248 52 37
240 397 23
189 218 85
283 55 100
22 238 40
344 55 84
132 376 72
289 178 22
356 313 1
208 325 26
13 143 18
238 390 59
295 36 41
355 94 94
230 361 37
158 124 29
183 353 17
327 340 34
236 255 7
300 182 58
251 240 87
306 182 24
282 156 20
312 88 27
159 358 49
118 254 11
124 40 87
222 384 31
260 105 64
88 269 57
77 219 74
371 300 43
233 49 92
61 327 30
302 252 7
315 371 92
244 156 38
101 135 50
221 358 50
4 156 49
83 303 80
240 173 50
39 221 9
247 95 69
220 142 15
206 86 28
200 393 22
74 343 16
55 263 20
182 251 93
42 360 5
160 291 57
339 127 80
163 109 80
76 279 52
19 32 12
253 338 2
11 321 92
356 108 100
239 137 57
224 158 87
12 184 20
131 245 5
178 157 42
31 39 37
138 137 53
258 31 37
26 153 50
243 103 39
130 379 80
356 347 24
142 253 84
6 389 23
128 114 79
38 272 7
185 265 27
145 42 18
346 280 88
97 29 57
265 163 17
144 258 73
363 245 27
205 139 13
318 234 74
119 368 27
181 299 4
186 203 41
295 64 23
173 39 73
114 180 2
349 286 1
58 71 73
245 93 68
396 110 54
376 16 34
309 164 42
390 242 48
380 245 52
216 321 18
121 396 72
23 39 99
357 187 20
75 120 17
383 262 16
284 101 90
232 94 99
173 276 98
45 171 75
183 170 29
396 348 63
254 222 19
256 246 74
310 52 7
120 253 48
223 124 34
85 337 93
316 13 65
375 297 91
77 273 93
90 187 98
77 362 69
385 38 100
127 25 58
228 258 84
6 127 1
174 44 29
307 15 57
29 243 3
241 210 4
247 68 31
291 330 65
355 178 14
8 20 42
127 99 72
201 60 41
140 109 96
37 136 38
23 266 7
376 148 88
294 298 15
371 267 74
188 27 21
383 336 100
369 126 73
346 172 96
246 202 17
124 154 41
237 29 60
226 234 38
297 353 11
110 29 1
59 294 80
2 25 55
101 244 65
79 160 51
79 134 45
73 274 61
49 376 72
311 1 92
289 16 67
143 54 62
305 97 8
219 358 61
309 60 75
307 301 94
27 256 99
379 343 25
203 14 72
239 102 27
148 163 80
147 307 96
209 125 40
77 387 57
166 49 77
274 123 95
256 356 81
336 392 40
59 357 88
286 209 45
43 225 80
78 347 46
63 322 72
221 20 93
192 298 40
144 24 57
90 364 49
90 323 48
371 88 52
350 385 98
212 221 83
382 328 40
273 248 48
334 161 51
322 88 23
325 171 28
226 337 84
382 334 84
328 251 6
126 194 34
54 232 68
284 124 2
309 61 7
197 49 50
223 336 61
51 184 72
348 266 74
342 357 56
371 163 45
79 279 35
367 134 57
394 300 61
5 325 58
197 296 66
102 395 2
200 297 27
135 259 43
367 224 2
44 397 11
217 384 80
135 47 26
116 19 98
172 164 35
112 169 47
281 63 65
203 197 30
342 155 60
317 47 65
162 366 64
324 25 91
7 210 95
365 292 16
61 33 45
210 77 83
156 387 65
74 381 71
307 366 24
264 208 58
333 7 17
28 49 54
249 125 95
143 276 36
325 99 44
387 146 27
131 222 67
95 207 77
188 91 11
245 269 84
78 321 76
36 351 12
69 160 46
162 350 52
194 9 82
46 86 2
25 381 6
125 388 69
65 243 87
289 126 89
16 93 25
170 202 33
42 32 93
12 359 77
184 175 99
128 22 7
114 365 73
375 44 49
251 339 95
320 181 58
166 226 45
204 185 1
46 327 29
304 84 65
217 9 1
370 368 43
212 228 90
159 137 35
59 204 20
197 188 36
16 321 79
20 316 12
280 33 90
225 219 42
191 180 53
230 72 33
216 122 77
397 139 96
238 11 79
35 387 5
36 326 75
396 238 55
287 140 3
306 314 66
288 320 69
200 47 20
367 190 90
277 144 14
196 132 12
2 20 82
23 162 57
310 128 10
237 340 91
2 287 91
6 291 46
53 261 77
317 39 45
355 376 51
325 56 11
176 397 1
163 384 39
68 117 42
194 242 73
225 334 18
367 188 79
129 366 9
37 155 46
243 28 11
334 65 96
34 119 1
214 374 30
335 151 24
190 231 80
320 58 37
62 295 21
347 21 50
257 355 19
83 175 91
179 336 91
1 307 67
52 241 90
33 158 24
153 140 82
287 3 56
285 133 85
375 354 18
186 94 85
107 122 13
4 125 17
215 289 68
1 257 53
245 49 36
125 171 100
201 29 18
259 272 98
205 111 100
230 60 79
255 131 68
334 124 25
140 349 95
246 312 36
290 128 62
141 19 50
137 303 47
179 340 29
387 341 70
348 92 46
127 278 14
147 232 15
324 272 55
307 376 86
144 194 55
273 3 25
180 226 76
284 253 78
370 107 69
87 106 60
50 16 80
63 380 100
90 152 77
198 174 2
142 236 99
130 138 54
264 210 72
386 309 27
344 228 57
152 241 43
59 275 21
173 275 47
12 150 34
96 264 45
282 18 64
96 176 79
101 337 62
286 73 64
24 324 2
51 107 53
115 208 35
324 285 80
176 186 99
198 378 3
17 93 87
394 173 98
256 113 85
12 294 67
99 249 20
328 222 31
255 351 88
343 328 67
386 247 63
291 201 98
304 48 27
125 140 79
306 163 95
53 29 71
109 234 39
331 286 13
377 179 43
133 39 88
337 223 92
200 371 79
197 221 93
343 283 11
213 65 44
90 180 18
165 95 18
292 156 66
204 91 29
151 178 15
286 341 34
43 375 27
123 347 74
360 168 7
28 8 51
259 279 19
39 128 5
298 168 98
108 396 73
323 26 85
248 16 51
200 142 96
310 232 72
330 355 93
138 279 6
358 150 18
350 201 8
145 305 34
330 85 43
357 77 46
159 110 94
385 113 62
89 389 17
217 48 57
126 360 62
283 266 94
147 191 24
215 108 65
151 33 49
244 295 77
60 175 27
157 330 97
43 50 87
308 232 55
161 1 94
153 118 92
380 1 65
347 13 8
70 43 29
366 332 69
221 313 14
277 52 75
341 235 15
4 42 22
360 385 90
281 255 69
258 51 41
72 209 28
103 31 100
105 361 26
57 92 29
214 222 44
393 170 37
338 230 11
338 377 28
5 61 26
1 226 45
126 371 81
358 293 81
187 56 57
287 108 11
55 58 38
16 37 33
125 350 56
202 216 86
3 22 9
321 14 50
155 190 25
152 86 89
158 208 9
389 85 85
162 295 10
254 336 84
270 352 39
53 60 36
48 88 17
234 169 79
353 160 97
366 276 36
323 241 26
173 266 88
23 169 97
143 268 18
126 139 78
4 105 37
267 186 37
38 156 69
298 41 92
35 66 37
110 295 49
385 245 78
187 186 81
109 307 31
162 113 5
111 77 7
194 88 93
43 227 1
289 140 16
370 58 100
138 231 100
360 350 62
272 199 40
17 221 5
121 12 68
60 167 8
48 77 22
207 243 51
277 137 10
266 323 40
329 88 73
392 92 82
107 150 19
15 255 66
145 89 94
273 184 77
65 351 96
219 206 83
207 289 39
141 334 11
115 96 2
337 198 54
370 266 28
322 106 67
295 342 78
361 333 82
146 292 41
109 125 12
87 51 34
199 7 40
273 201 46
50 129 1
374 58 61
287 292 29
91 37 10
302 33 95
188 40 72
385 309 96
288 209 92
118 20 14
264 241 18
260 272 87
143 147 25
118 95 33
33 152 85
342 237 78
145 116 45
57 345 40
127 249 39
372 173 39
314 278 100
187 332 25
64 163 23
57 163 28
287 167 51
207 360 75
103 218 22
380 297 82
185 94 2
85 309 67
144 238 27
218 73 16
376 303 8
289 93 17
258 170 68
203 227 47
380 325 73
155 44 56
287 242 7
376 201 66
311 232 2
264 349 1
265 30 4
7 64 5
15 35 77
383 68 21
223 301 50
270 98 43
377 12 86
330 125 87
206 257 76
191 171 30
218 216 42
275 305 16
222 212 83
310 21 48
327 347 82
269 56 64
105 260 99
98 380 50
73 264 9
193 231 81
96 246 100
90 206 30
143 330 92
376 248 55
50 154 50
250 176 49
306 336 70
333 148 46
187 321 52
77 168 38
43 31 91
323 269 98
187 230 57
306 85 41
212 224 75
278 192 25
184 61 77
359 301 87
300 333 25
291 311 88
311 348 86
367 69 72
122 239 61
94 115 87
376 230 20
244 142 61
397 346 19
54 179 7
125 89 81
196 121 47
64 204 94
45 126 80
296 120 30
365 71 84
320 25 6
21 132 63
299 167 18
236 323 36
295 336 22
26 320 51
364 351 23
112 317 46
43 161 43
19 375 87
378 303 30
38 77 14
192 394 10
372 6 43
103 41 91
137 178 42
258 21 96
126 185 54
249 102 92
383 167 49
384 283 51
194 354 34
202 42 67
183 154 10
367 148 65
46 7 68
270 97 12
29 286 35
128 224 54
307 69 41
62 178 29
145 345 73
187 151 95
228 372 97
239 156 14
262 80 80
62 230 3
284 329 69
6 180 11
351 322 70
122 269 94
117 152 96
318 100 26
209 24 34
352 72 93
117 308 69
188 87 46
31 216 69
278 343 30
330 223 80
54 220 68
389 75 46
68 394 3
352 48 13
93 357 23
307 21 1
47 303 71
68 221 46
42 234 25
381 311 46
185 373 46
391 218 95
173 299 81
50 299 61
126 301 82
381 207 78
251 215 87
82 190 46
302 255 63
129 170 46
315 6 11
163 62 52
239 388 31
374 104 65
382 233 37
146 225 5
213 107 7
339 269 65
205 325 39
334 26 7
117 134 89
270 69 86
87 320 21
372 279 31
352 150 92
72 371 23
194 3 48
123 331 31
132 26 3
136 132 31
286 319 13
62 313 73
326 51 11
198 39 74
142 258 54
82 194 83
341 380 15
61 279 89
219 159 74
317 11 5
149 18 49
376 34 18
329 169 95
256 238 47
21 214 74
81 86 7
293 102 44
126 21 42
170 14 74
37 53 68
33 18 62
16 371 7
296 219 78
177 65 97
106 374 52
264 5 8
311 18 6
363 339 66
1 229 12
203 191 41
71 264 78
398 73 12
341 359 74
357 236 84
97 369 12
98 184 44
161 191 68
392 224 69
119 396 79
134 65 20
111 75 16
244 225 30
129 64 87
333 381 35
117 91 91
312 398 86
319 384 40
168 243 57
145 245 100
160 357 16
29 28 5
362 375 37
144 393 96
321 344 99
360 111 60
185 383 81
323 220 94
141 112 16
347 239 58
316 389 12
321 251 32
312 47 39
4 124 19
169 20 92
19 366 56
67 73 89
232 238 6
65 49 32
380 110 78
223 331 100
69 244 67
229 326 76
223 131 56
101 63 84
165 384 16
342 190 13
255 305 10
248 265 73
250 15 37
289 152 62
337 336 31
222 339 79
61 198 5
397 330 75
220 273 83
320 85 78
333 87 10
84 353 61
329 174 57
116 138 34
80 66 46
392 262 12
399 393 82
282 173 9
297 60 11
130 166 27
169 389 100
245 156 8
33 210 7
358 279 42
115 266 87
309 193 19
132 342 76
179 167 6
294 351 72
225 289 20
342 126 85
227 265 38
382 93 3
74 59 25
326 91 41
278 170 26
104 84 23
187 78 15
295 9 38
154 368 40
131 357 12
309 378 52
157 143 76
280 43 69
341 229 18
23 27 13
39 15 56
287 116 48
384 381 86
380 321 80
323 177 90
126 346 21
373 396 30
212 87 2
49 183 22
177 309 41
259 329 66
281 380 11
172 238 29
152 135 21
111 251 4
240 104 98
291 349 63
379 360 44
105 21 58
201 356 90
179 261 18
280 339 90
43 12 93
97 149 16
100 313 34
356 163 56
219 339 59
262 179 66
178 231 29
20 153 94
186 142 60
321 52 81
305 386 69
130 119 100
378 180 3
282 324 16
247 291 69
389 182 74
76 344 91
365 179 69
199 270 83
81 5 87
18 245 62
329 271 47
34 329 56
193 342 58
33 105 4
98 248 67
28 178 43
359 83 52
81 389 49
316 112 86
87 271 52
347 116 60
273 349 59
6 84 48
232 348 96
78 382 96
212 296 10
304 183 67
10 178 42
184 363 84
186 55 56
123 6 99
397 1 34
25 111 97
228 217 75
55 100 45
209 129 34
364 192 69
64 52 52
214 18 14
335 266 63
290 376 57
193 82 67
0 149 67
221 190 17
133 310 92
125 372 80
200 36 71
184 380 39
113 247 20
225 24 9
379 20 14
381 48 65
266 216 55
163 340 38
42 260 48
326 243 64
1 299 4
367 72 28
332 105 63
325 392 34
291 332 10
131 68 56
18 92 75
66 265 90
222 148 64
188 203 3
5 390 26
325 353 45
371 368 10
213 268 24
369 194 41
129 40 45
120 364 69
112 318 84
20 374 49
322 25 53
345 225 48
327 365 5
31 294 34
211 270 40
117 306 85
106 394 90
112 275 37
244 386 53
143 85 56
246 307 73
175 4 38
332 311 64
124 246 36
91 75 64
280 314 90
160 74 19
13 30 39
202 164 69
258 65 9
62 218 27
126 243 37
330 266 80
367 230 72
15 252 20
218 323 50
330 221 82
184 349 70
169 5 94
75 83 37
374 181 56
52 65 83
118 300 23
371 68 75
11 176 77
66 391 9
175 87 85
212 387 14
8 380 11
333 348 82
335 56 37
284 79 83
320 353 60
381 12 94
16 159 29
186 327 24
233 34 99
262 366 18
71 365 68
115 261 20
227 244 41
194 95 60
222 337 39
173 348 32
155 346 58
391 114 69
121 28 64
197 383 34
259 21 96
217 121 37
338 236 72
205 327 28
192 151 69
368 372 38
167 16 96
305 19 97
5 67 50
389 339 62
99 338 70
249 116 85
114 393 8
359 180 67
115 378 98
127 327 25
208 353 20
96 359 23
33 271 6
116 384 13
220 106 8
165 337 19
47 382 65
320 22 85
62 119 52
342 18 60
78 22 14
61 16 45
343 349 36
345 17 38
278 254 4
198 221 89
268 21 90
228 382 51
211 308 54
277 307 74
382 10 44
172 317 98
318 120 79
353 303 59
86 118 76
334 57 100
1 24 92
20 330 50
273 2 10
270 329 2
350 389 69
326 37 82
283 333 53
173 58 80
65 247 80
143 37 75
236 97 80
385 58 67
169 220 61
295 169 80
100 389 26
36 49 9
38 41 8
278 64 87
77 174 27
82 37 80
287 194 64
214 253 50
250 14 7
59 228 20
209 218 46
113 227 21
14 16 49
390 326 87
27 134 78
371 340 66
145 208 54
365 79 96
161 207 14
195 243 2
142 333 75
298 126 48
347 253 62
55 34 100
94 244 97
185 149 72
117 145 61
200 207 45
396 233 41
201 333 56
16 352 89
228 44 55
228 324 72
25 134 65
237 37 40
314 44 1
256 98 37
204 379 92
389 49 83
266 7 89
347 171 22
272 141 30
161 74 66
96 124 35
147 226 60
67 98 45
80 155 27
365 25 25
225 303 13
187 204 11
75 112 94
2 37 76
160 47 83
327 160 55
198 369 68
137 273 10
285 281 75
369 188 17
1 394 76
34 261 50
209 322 56
141 256 34
399 78 7
394 8 35
176 52 62
179 301 80
296 388 65
70 188 10
230 395 73
138 50 97
111 156 40
92 266 81
158 125 24
128 13 45
337 277 42
336 131 23
212 144 13
198 158 3
308 53 47
358 332 69
69 155 73
135 355 32
114 261 20
71 205 99
348 50 25
55 125 65
355 153 21
263 353 73
83 215 92
102 127 56
190 356 37
296 80 62
285 396 84
103 302 60
2 327 43
215 67 78
29 165 74
235 317 43
325 211 90
67 236 60
399 391 49
305 353 33
59 358 60
70 49 6
30 228 20
190 315 72
133 152 98
116 90 1
392 189 85
142 145 55
327 173 55
0 65 7
131 60 67
180 279 88
283 162 28
250 159 3
374 341 75
45 315 29
206 326 22
105 236 26
308 241 1
361 45 22
189 248 44
263 36 95
244 72 57
155 15 84
378 21 20
293 32 92
135 31 71
316 92 11
19 385 6
326 102 70
148 368 18
47 137 13
177 328 75
192 90 85
190 156 82
132 222 96
172 185 64
278 65 24
183 365 98
217 256 86
113 332 95
23 155 62
246 362 57
202 116 76
186 387 34
331 295 86
49 162 76
36 64 97
122 278 34
389 235 72
311 36 56
68 393 87
70 381 61
145 318 42
251 158 90
334 240 46
330 150 18
248 104 50
177 213 86
162 170 47
158 370 81
12 80 78
237 119 58
44 161 61
11 252 85
230 139 54
317 216 31
36 155 16
318 325 71
121 160 78
375 141 41
370 140 29
28 63 35
161 185 95
344 6 48
155 192 3
101 131 17
103 227 26
236 104 23
106 159 29
227 340 77
15 127 99
292 11 52
376 84 100
64 90 59
334 113 92
40 260 62
374 202 96
148 59 68
207 52 29
285 47 58
191 51 67
111 88 30
58 82 84
364 101 75
75 15 14
241 351 7
232 0 53
18 149 17
17 363 84
180 368 48
373 274 34
189 39 7
305 23 40
194 333 87
55 46 66
282 381 5
304 272 27
387 41 67
129 96 62
370 126 63
165 230 41
113 369 54
127 146 100
341 83 3
349 212 74
11 178 29
54 126 29
246 227 57
134 89 4
224 263 55
24 32 97
372 354 71
332 355 37
393 297 48
18 321 9
98 306 2
119 74 55
51 25 44
188 30 68
88 395 10
398 106 50
188 173 9
333 206 47
52 302 10
397 124 73
315 72 96
110 184 83
124 372 98
259 152 9
3 199 83
144 287 7
6 311 12
262 193 47
27 339 89
280 131 95
239 181 72
291 302 84
158 254 90
292 78 36
364 146 72
390 355 12
169 336 67
315 94 6
232 37 49
84 277 96
306 22 86
208 320 21
123 170 98
40 259 10
17 134 99
62 239 59
196 301 40
20 380 98
193 358 80
247 18 23
343 193 44
195 15 84
82 89 34
159 28 45
75 234 74
31 274 21
307 159 17
323 17 19
187 352 35
135 310 26
215 163 94
221 24 74
162 327 13
327 233 1
349 328 7
153 182 64
62 77 14
116 288 21
309 300 74
3 161 41
396 335 34
283 98 43
398 253 98
172 236 85
83 229 24
114 275 78
41 371 85
118 212 82
198 276 15
97 216 19
45 185 91
313 92 60
121 275 23
126 283 43
210 152 11
31 54 90
135 342 86
86 11 96
40 184 71
324 338 58
313 329 79
293 104 28
34 196 83
233 38 55
198 111 6
171 140 92
287 111 10
247 15 74
310 185 53
145 392 43
175 337 20
193 272 32
200 113 70
185 205 55
191 140 40
132 43 79
20 321 9
41 271 50
252 12 16
146 307 42
175 187 11
299 348 60
210 90 89
348 175 22
94 285 31
316 167 69
97 131 19
274 81 88
373 62 17
261 138 91
194 41 56
58 343 38
45 397 11
129 165 84
149 52 40
383 322 15
302 92 5
20 292 7
237 361 68
17 286 75
364 287 64
75 33 46
172 256 71
358 112 53
48 374 100
249 86 85
345 315 82
160 245 100
380 221 23
313 166 68
9 202 42
205 153 41
379 136 36
237 333 75
385 145 64
164 4 12
279 46 6
318 74 39
39 86 38
283 318 96
282 374 11
289 319 20
314 248 74
360 75 82
15 61 30
89 317 7
375 189 58
170 200 1
399 288 94
80 397 37
57 357 78
9 367 3
359 237 71
81 214 90
310 193 52
130 128 96
103 127 55
53 209 23
104 304 60
303 264 39
302 120 17
243 48 84
71 3 85
374 222 12
304 93 13
366 2 79
124 107 25
11 122 72
227 271 59
152 262 13
159 138 98
107 389 73
307 63 22
327 352 62
40 193 63
202 15 55
361 94 97
395 362 91
133 101 96
122 42 99
233 162 49
364 60 6
53 304 60
260 127 13
167 392 22
303 273 83
335 38 48
188 226 98
358 352 70
396 54 59
311 269 3
105 339 46
315 8 84
287 9 93
388 44 62
181 320 63
135 122 30
7 27 89
217 36 15
71 227 97
249 200 45
349 62 90
173 395 88
16 183 6
251 262 62
104 36 50
94 314 50
114 127 73
116 302 35
97 349 2
368 158 26
169 189 11
340 367 56
25 101 98
17 81 84
282 226 10
223 160 54
375 338 95
305 58 55
274 357 58
143 148 50
397 259 46
176 266 37
201 44 11
77 300 14
145 275 7
55 382 98
198 303 14
157 79 60
18 3 71
337 281 28
241 28 55
303 152 33
380 227 81
337 363 78
124 134 98
347 66 39
22 200 32
244 80 8
207 238 36
230 68 88
337 141 51
96 43 48
30 274 39
224 363 14
203 139 14
175 68 51
321 284 84
193 167 92
103 28 53
58 330 79
194 210 11
296 361 52
216 23 31
149 180 63
109 242 45
114 170 5
246 315 2
355 239 62
237 192 40
344 98 25
335 159 35
19 185 69
332 133 57
165 301 64
315 136 87
276 177 24
20 66 93
319 234 4
174 274 48
68 217 36
318 379 62
243 86 66
82 66 1
60 71 69
47 353 46
120 50 51
399 102 51
156 369 37
357 203 63
83 324 13
148 306 97
355 107 94
168 347 66
48 156 23
8 48 80
49 91 66
3 63 87
9 369 44
271 114 55
366 142 42
193 230 54
213 221 73
219 133 83
27 161 42
4 217 88
221 264 80
75 17 3
39 358 35
282 149 66
195 285 33
212 284 73
145 204 43
343 387 46
256 227 10
186 127 78
167 215 75
188 178 26
263 364 84
345 41 44
306 263 75
203 327 18
382 150 31
341 171 80
105 40 33
341 347 90
25 117 21
134 306 13
278 298 5
351 395 92
399 327 6
315 267 45
325 10 33
44 277 54
75 144 13
331 370 57
257 39 82
191 213 83
61 345 38
40 6 39
82 26 26
79 339 11
63 370 83
17 142 10
182 93 47
257 292 22
309 344 1
58 209 9
95 265 56
312 188 44
47 61 44
389 306 6
163 49 49
324 387 46
348 375 93
62 247 1
89 86 41
262 271 73
231 171 51
102 325 72
273 69 83
306 372 79
284 176 40
77 85 63
158 211 75
391 325 54
159 178 12
116 115 32
43 372 82
53 203 77
7 103 53
26 300 31
306 173 22
380 398 44
227 36 34
58 157 36
49 73 50
24 301 18
163 42 87
178 281 66
22 66 7
339 320 27
346 380 99
263 290 85
0 286 11
242 268 36
7 312 75
191 187 66
10 9 64
89 62 23
72 134 43
205 125 93
200 81 72
185 285 79
368 82 87
109 96 41
60 80 73
107 261 70
356 54 56
189 27 30
57 47 22
108 354 71
80 248 25
377 254 66
348 298 32
142 210 17
356 263 78
367 356 99
111 180 70
215 45 32
246 269 31
306 280 5
56 338 67
205 283 58
342 82 69
4 209 96
313 371 29
309 270 48
157 62 99
32 142 46
33 316 31
302 135 12
51 345 44
321 311 10
225 150 5
294 353 87
196 52 77
33 237 64
136 199 25
381 171 90
84 95 57
367 347 90
276 156 61
383 271 57
155 173 97
219 23 43
11 116 42
72 61 47
217 212 1
328 183 48
117 331 21
381 177 73
63 342 50
196 372 82
175 310 48
63 376 33
54 305 74
63 119 43
346 54 6
94 396 29
307 212 29
364 304 39
369 339 12
278 365 79
144 304 1
94 353 98
358 146 45
310 162 6
45 39 35
10 399 17
250 47 34
185 249 29
80 231 2
148 101 27
295 156 20
207 211 44
280 37 55
182 6 73
145 327 45
175 137 100
218 337 52
86 74 46
300 118 17
220 183 23
302 14 70
365 285 12
153 60 90
90 56 46
143 352 70
22 129 41
4 128 38
197 132 72
336 385 8
133 24 75
177 298 41
217 64 82
389 249 52
334 35 48
19 191 5
236 155 81
346 50 84
308 147 30
300 316 49
282 111 57
325 381 56
125 80 33
38 83 50
207 266 38
318 157 83
24 179 80
346 371 45
118 67 66
158 35 35
145 156 58
263 41 66
150 89 96
238 248 9
333 275 78
340 23 41
389 88 73
267 381 56
391 68 36
330 217 46
388 53 98
387 131 45
272 291 15
180 324 19
63 303 90
272 34 26
188 326 30
245 26 7
157 293 21
231 219 63
162 222 21
148 76 9
0 337 71
271 101 68
388 77 75
265 118 24
63 275 63
133 345 16
233 362 2
304 385 11
18 273 81
75 253 87
232 251 9
173 175 42
52 181 65
343 295 59
101 288 37
370 323 35
76 343 67
332 362 66
298 25 78
127 31 74
295 99 7
249 193 55
352 357 88
216 76 10
266 316 85
332 182 64
368 284 58
51 7 9
31 225 78
70 12 15
337 178 60
326 254 81
346 307 8
24 341 73
9 193 84
50 248 91
208 82 43
147 345 88
315 83 59
82 60 27
9 70 77
276 332 91
309 79 18
269 201 59
210 131 94
247 370 21
24 333 100
127 297 89
150 199 94
320 151 93
306 133 16
352 340 73
248 43 81
41 167 82
213 198 39
356 205 91
172 45 20
149 390 90
6 327 93
288 330 11
168 248 33
66 53 78
220 124 11
248 190 37
302 209 14
122 384 8
282 247 31
40 246 9
228 377 18
150 130 14
216 192 85
312 341 91
177 282 79
21 383 56
217 153 31
236 372 73
98 72 69
172 10 99
254 38 9
131 117 71
143 271 15
309 91 24
135 253 30
261 350 60
326 390 76
177 283 54
118 43 94
390 84 55
264 224 16
354 115 57
42 107 61
46 353 87
56 368 90
197 51 10
296 242 99
146 37 16
185 95 74
171 291 83
308 280 46
179 203 26
259 285 51
217 316 35
62 131 40
45 26 22
302 243 67
334 372 49
108 317 25
339 201 85
344 271 16
299 237 78
288 67 37
120 281 11
334 75 2
354 55 32
322 338 15
135 233 90
108 319 25
393 199 83
258 44 99
349 47 58
288 343 6
154 142 3
137 20 26
45 97 75
147 167 86
225 129 81
394 101 28
291 172 92
363 116 43
380 159 65
248 357 6
375 239 93
31 89 20
13 120 11
85 117 36
36 42 17
113 166 87
328 13 82
140 361 55
298 94 25
28 301 16
217 108 81
189 237 4
322 147 13
48 378 27
33 334 75
90 42 50
157 356 59
211 330 8
253 74 50
350 117 80
308 216 12
219 384 69
243 90 24
361 10 40
332 353 51
15 358 74
214 368 74
216 73 81
186 128 29
164 257 56
37 221 40
194 218 83
283 61 64
67 396 71
274 351 4
211 265 51
165 13 39
46 217 96
104 349 40
172 261 60
74 329 84
270 266 90
288 249 28
226 309 99
28 351 43
178 301 55
318 367 44
228 271 85
12 334 89
380 273 66
346 313 78
328 114 47
319 378 19
26 44 96
119 117 10
255 193 12
101 267 61
361 28 98
290 239 51
130 2 57
300 367 19
66 358 61
311 8 8
86 141 18
55 220 100
52 126 88
352 32 15
33 187 63
98 137 71
213 32 76
135 4 70
1 119 2
218 335 14
284 300 99
217 328 37
26 366 90
253 383 29
282 322 62
45 221 94
133 115 98
14 266 56
234 92 64
309 49 81
53 286 7
4 375 29
30 276 44
302 143 63
310 216 47
25 208 43
174 173 56
244 293 38
350 95 60
95 50 14
251 231 20
212 65 37
21 307 32
368 238 44
127 163 25
268 399 56
241 395 33
233 344 29
294 225 62
393 363 73
102 137 97
342 364 62
367 324 39
363 355 6
250 5 58
73 6 97
214 31 4
58 180 93
18 284 46
27 309 79
191 197 52
144 192 51
62 220 12
327 122 78
106 306 82
291 303 76
23 271 21
347 179 56
34 208 17
280 363 17
216 310 80
374 132 30
343 13 66
306 271 56
255 269 55
57 396 81
357 102 72
273 271 60
33 261 49
20 198 75
20 318 76
163 170 35
136 302 59
279 123 93
71 139 74
252 81 69
28 398 44
170 283 41
97 39 82
68 268 8
218 185 54
89 118 13
2 56 75
318 158 39
120 277 20
215 340 40
81 133 53
336 312 82
240 11 97
56 382 76
360 134 57
257 307 57
115 260 58
21 26 94
105 8 33
3 144 23
33 29 58
349 196 16
233 43 13
311 379 85
179 96 55
351 276 8
153 136 15
223 252 100
386 248 4
159 207 80
102 213 12
280 289 10
48 318 58
360 10 29
338 306 21
72 292 53
42 319 48
154 371 3
29 215 30
337 313 11
185 11 66
145 158 9
228 245 13
220 347 30
73 155 95
278 112 87
97 306 43
1 289 10
146 171 88
94 47 88
30 44 30
29 79 92
184 64 100
130 357 15
332 252 28
385 90 66
292 141 60
284 82 15
386 232 43
143 29 74
14 47 46
213 47 86
391 80 82
105 181 67
391 309 24
143 7 74
148 114 8
266 146 16
152 164 38
275 165 46
246 7 19
162 93 29
186 3 17
18 314 95
372 299 47
45 326 58
385 33 97
186 326 65
267 146 77
144 46 48
266 230 81
133 374 39
129 304 81
132 382 73
6 353 28
180 369 26
340 242 47
73 127 80
75 318 48
173 167 56
374 41 76
275 185 49
242 203 91
338 332 78
246 214 92
142 152 45
293 140 2
60 233 65
54 276 53
388 98 46
152 398 80
74 23 66
214 397 15
256 229 46
253 206 19
375 34 46
152 373 38
112 276 50
254 141 92
247 202 66
255 61 64
322 213 42
265 200 84
257 323 42
22 130 96
218 338 35
388 173 20
43 214 85
162 316 91
7 279 60
151 76 47
52 146 12
84 397 44
302 31 32
341 134 83
259 356 46
178 108 66
22 323 79
125 355 64
82 175 7
149 47 86
165 249 30
249 29 16
181 138 21
336 26 22
229 332 83
107 120 11
54 67 37
96 311 24
96 6 26
286 59 98
394 114 97
6 263 92
85 82 77
2 233 23
299 41 87
290 127 1
365 176 90
196 218 79
273 208 42
49 262 43
129 94 33
119 260 88
382 314 21
118 157 71
322 34 13
217 397 88
364 81 84
213 310 40
162 30 21
392 348 57
272 47 11
256 143 1
27 2 74
71 167 28
93 105 52
177 16 52
102 168 18
149 372 68
150 99 59
251 201 96
263 188 28
204 48 73
32 202 20
57 193 62
94 203 44
380 11 10
251 214 88
246 19 62
87 23 32
131 114 27
16 271 11
294 364 21
383 194 45
105 351 30
326 105 88
241 15 53
226 109 55
127 201 1
318 119 97
100 331 41
348 198 49
268 276 20
166 222 37
96 362 36
272 82 84
44 144 76
173 96 83
147 159 25
15 17 36
257 61 48
343 247 45
362 283 21
60 353 76
216 190 85
289 297 65
23 93 84
333 134 58
169 313 2
37 303 62
375 344 29
379 198 6
164 289 80
41 214 86
183 49 95
78 151 26
196 291 56
117 21 60
210 228 34
215 257 12
159 82 11
352 175 52
218 88 40
106 121 43
196 176 89
108 315 30
246 389 63
332 191 5
215 0 87
207 301 83
173 244 31
247 207 14
48 391 69
211 185 11
237 165 85
28 142 42
222 129 29
125 109 52
210 199 26
186 344 52
397 19 22
189 230 100
58 305 19
115 306 68
161 309 48
152 132 76
69 103 14
261 399 22
138 8 81
352 336 4
27 334 20
124 349 48
239 176 3
338 194 42
109 269 75
33 268 7
203 272 38
277 120 20
214 382 58
315 179 69
128 301 88
182 268 88
146 179 30
130 195 61
237 270 60
64 213 57
372 312 5
171 226 53
370 196 7
374 315 32
292 264 30
241 298 91
113 46 68
209 314 16
165 342 25
253 167 56
37 224 12
354 77 21
192 175 60
244 277 77
194 304 67
46 344 23
275 143 66
79 233 97
290 123 82
290 261 65
99 151 76
335 304 67
53 81 88
146 279 58
340 146 54
189 334 51
65 170 41
124 68 73
89 91 51
275 144 53
363 40 1
7 4 17
368 304 24
153 0 81
175 200 20
338 212 94
334 83 31
398 295 88
339 39 10
242 60 67
189 252 60
227 33 30
150 267 90
291 350 58
124 198 23
87 233 55
38 51 24
29 66 78
195 152 87
159 294 42
199 186 31
311 31 22
272 173 12
202 213 17
360 280 24
234 135 21
191 3 73
126 11 43
52 326 42
77 150 16
101 212 37
232 300 67
326 220 20
330 326 65
132 369 21
280 77 44
185 83 77
4 228 10
185 75 2
86 225 75
382 20 10
215 276 62
353 201 42
3 203 7
221 108 88
55 319 78
112 43 96
64 301 67
4 95 19
387 342 87
258 297 26
137 68 6
58 134 32
150 359 13
212 271 35
344 17 65
171 56 58
103 119 64
379 364 56
356 148 36
294 332 35
204 9 47
140 149 77
305 123 38
367 156 70
64 346 66
169 239 29
187 388 1
265 56 27
269 393 35
72 231 91
342 178 16
280 15 10
368 218 21
87 317 16
26 350 33
388 263 83
140 369 67
70 171 9
226 50 55
65 67 83
338 376 87
140 81 4
185 282 55
377 8 45
303 134 87
261 56 22
358 306 86
165 216 98
109 373 21
259 202 13
260 112 81
344 373 37
318 169 91
170 15 86
20 27 27
316 66 56
340 222 99
150 6 91
35 203 50
104 135 83
261 96 7
242 217 59
134 243 97
40 371 42
12 394 11
35 154 67
354 357 55
96 44 4
258 284 88
78 181 8
77 221 64
59 78 19
228 281 11
244 324 95
216 85 4
262 112 98
55 221 53
117 40 92
62 379 70
359 158 62
61 201 14
47 88 25
241 132 87
115 237 8
389 231 65
190 125 11
124 31 98
103 381 73
73 100 2
189 78 94
293 311 27
316 255 83
267 297 69
358 333 36
20 258 3
201 151 13
386 244 36
39 181 51
325 184 92
175 330 68
201 237 23
145 78 6
22 382 92
166 203 13
243 213 46
391 177 26
326 94 22
190 264 83
228 340 77
299 291 27
283 14 89
57 306 70
349 306 34
369 29 67
308 296 51
37 390 42
183 25 7
263 117 49
172 180 60
361 60 75
206 385 49
18 334 62
120 252 45
10 155 79
252 61 84
280 270 4
255 208 33
168 177 48
175 119 74
311 13 76
1 350 94
1 398 34
20 57 36
156 267 58
71 363 60
335 325 50
343 9 71
120 32 11
139 260 97
278 77 65
133 367 21
235 129 60
75 326 88
27 69 21
249 235 95
244 381 47
240 311 28
138 99 2
298 135 99
386 31 78
49 88 30
324 226 20
166 169 22
41 296 40
208 387 95
8 292 45
120 46 38
193 139 11
143 155 44
217 8 37
338 231 89
394 15 25
28 188 81
323 245 32
122 255 62
277 202 98
254 60 48
288 18 46
137 105 56
251 235 15
67 378 8
309 165 35
227 323 45
355 157 1
337 389 63
38 152 46
310 47 16
223 18 36
46 91 9
78 176 64
125 22 3
97 282 67
82 394 73
272 2 6
124 71 63
139 348 16
301 72 45
109 287 38
215 156 82
199 308 93
41 7 35
197 76 76
252 29 67
376 81 94
168 83 61
232 41 4
368 118 4
105 389 88
126 359 32
13 178 75
277 47 16
316 101 85
84 151 58
382 81 38
220 102 37
247 144 16
254 250 26
183 161 74
370 231 76
374 92 45
263 297 81
212 344 87
225 134 52
255 287 8
70 31 86
337 29 82
241 143 59
270 124 83
14 57 72
354 71 70
375 357 7
233 131 90
267 84 96
97 107 94
242 316 76
165 345 92
321 120 33
221 346 62
102 359 58
99 170 58
313 164 93
290 250 4
240 211 35
131 314 16
330 356 34
296 272 78
256 174 35
259 387 10
152 183 2
37 36 57
92 95 82
309 176 1
235 346 95
293 58 55
250 3 90
219 139 30
304 85 2
346 249 73
252 396 56
358 375 12
136 289 46
34 316 10
337 343 42
144 139 32
150 193 41
81 54 54
217 264 33
261 236 37
179 281 75
106 111 81
68 0 71
386 153 44
225 133 95
351 60 36
170 28 48
141 306 1
78 74 35
155 280 6
297 393 46
312 215 42
107 166 61
328 263 69
31 33 30
227 29 20
270 393 66
6 350 75
199 16 70
168 1 64
68 304 7
208 187 95
257 87 15
30 85 78
319 296 58
156 11 84
339 217 63
190 74 83
100 39 56
89 224 45
143 398 55
125 233 95
223 189 8
369 164 44
397 300 47
254 193 23
244 58 39
133 365 79
371 5 27
248 157 70
386 359 55
302 172 41
78 306 39
250 252 59
15 29 9
215 2 87
87 174 19
281 340 91
74 213 67
21 237 80
174 13 41
399 342 13
67 310 60
347 328 31
353 372 62
23 186 11
306 56 19
268 271 81
55 20 81
356 227 75
13 212 10
395 345 27
13 87 30
133 226 53
89 331 78
357 116 97
15 327 73
245 332 19
219 105 43
398 370 27
389 273 86
384 220 26
369 148 35
120 68 28
358 252 25
219 379 51
6 320 69
58 60 17
308 205 50
141 363 18
286 276 77
198 48 21
38 105 86
289 90 33
346 81 15
386 123 9
371 58 84
170 179 76
5 16 11
322 41 56
179 123 51
6 344 91
382 282 52
17 204 85
290 21 20
277 0 92
250 226 35
217 159 4
88 255 41
101 331 34
279 96 10
66 202 21
265 53 87
260 306 16
375 318 11
28 95 74
141 157 55
146 344 41
380 2 8
317 45 22
359 242 15
261 396 70
171 238 39
251 234 59
157 371 24
265 251 36
291 142 95
396 282 90
333 17 84
344 13 14
5 272 56
292 346 51
68 346 68
158 53 79
387 336 2
236 397 11
377 388 27
370 392 100
344 204 89
327 52 46
348 376 95
394 327 88
36 248 9
395 143 99
281 190 2
121 380 19
210 270 36
305 286 6
116 199 47
38 267 4
194 80 55
289 247 5
149 12 30
185 123 68
258 245 44
255 53 17
2 215 3
151 347 12
183 51 66
258 371 96
50 42 45
99 336 29
397 89 72
218 256 6
368 296 84
242 346 39
1 87 52
214 313 96
72 283 76
111 3 75
230 201 86
19 172 62
212 163 65
319 190 59
336 136 10
262 233 20
45 329 57
80 385 56
168 130 81
168 147 37
208 373 12
379 258 51
334 383 61
4 393 31
33 255 48
96 186 67
248 274 44
291 129 31
17 211 4
143 179 82
167 316 20
376 328 97
273 389 35
62 318 13
395 350 25
153 145 36
397 213 14
180 30 23
208 337 47
363 31 75
167 47 83
138 283 56
365 243 34
39 123 97
185 211 1
172 82 20
24 178 46
47 362 62
1 140 63
323 351 55
43 42 92
300 327 31
85 163 91
310 321 11
44 391 84
280 216 20
326 23 62
217 156 38
254 243 77
123 332 33
395 56 78
57 364 89
127 213 32
281 175 32
29 78 50
321 64 6
324 62 4
43 157 25
36 17 38
239 323 33
23 158 29
148 309 54
143 118 49
393 74 32
71 146 85
213 215 23
219 69 94
388 309 55
297 184 86
256 36 23
290 328 24
99 112 55
295 193 14
112 131 31
238 240 48
287 259 55
353 32 40
376 350 72
87 94 13
268 95 12
394 192 39
163 260 1
278 260 45
331 89 29
189 310 96
254 227 78
387 215 58
184 57 22
153 31 80
188 168 87
39 23 10
378 225 65
298 161 65
228 209 88
110 71 26
192 199 43
131 27 53
338 181 98
207 83 30
214 213 90
83 281 91
299 43 96
293 265 68
181 29 6
360 362 32
235 296 69
210 157 98
201 244 5
118 319 46
63 270 34
178 34 92
327 346 17
58 159 79
166 376 32
95 308 1
297 46 23
384 75 40
98 154 39
106 191 17
100 203 46
289 73 56
107 14 27
321 290 94
183 176 62
146 267 23
317 257 29
308 203 34
309 180 23
68 385 93
284 173 65
48 297 85
220 193 39
318 71 4
207 109 7
118 192 21
316 73 21
237 234 43
344 305 84
80 11 28
111 159 72
66 296 47
80 396 28
237 320 7
376 351 51
346 113 97
155 357 26
1 52 62
329 280 97
66 323 97
91 377 7
62 250 25
333 173 54
319 248 40
147 294 84
158 279 90
60 208 51
259 80 31
64 56 27
57 375 85
398 277 5
136 227 33
106 386 99
77 393 73
373 73 2
362 61 75
74 351 86
219 279 16
73 88 82
80 199 23
283 190 14
347 207 3
310 95 35
238 74 87
81 149 7
117 66 70
14 337 93
367 92 91
295 216 42
74 200 23
214 236 78
212 56 94
229 34 34
351 163 45
87 40 15
25 119 44
38 93 59
195 69 46
327 247 1
271 181 40
268 147 39
128 363 20
67 116 11
395 297 93
367 328 99
294 153 95
361 188 87
240 150 31
30 1 59
161 363 74
322 343 91
140 345 96
237 319 22
12 120 60
182 146 63
13 93 54
82 233 90
100 338 94
304 70 77
288 369 50
337 189 39
333 188 14
241 196 48
2 321 79
45 281 1
350 36 37
263 128 22
293 253 95
131 354 90
250 269 100
365 253 69
362 256 90
236 128 99
37 273 65
301 378 9
183 238 87
134 169 59
272 250 39
174 75 73
35 90 89
31 24 59
232 151 55
21 227 78
56 286 3
152 18 86
377 33 54
93 159 80
164 381 66
338 150 24
318 139 26
306 146 95
104 154 67
9 145 51
188 35 5
34 66 77
40 137 85
374 384 72
30 272 56
346 201 44
294 86 80
160 59 58
355 288 47
382 388 84
213 340 52
223 249 15
68 254 26
162 362 4
93 303 51
252 256 98
0 369 46
61 346 34
335 93 91
188 336 81
314 328 86
71 69 55
273 158 93
362 266 36
83 196 95
234 304 43
305 304 66
301 101 59
382 11 29
305 308 62
169 32 91
47 223 49
302 326 7
252 288 32
222 341 83
263 82 56
245 85 8
6 295 72
155 367 13
373 39 8
355 220 46
46 55 89
100 41 73
100 314 81
16 275 6
155 366 84
132 254 20
103 49 75
190 133 78
326 208 79
124 328 69
145 209 33
386 7 60
290 252 28
208 174 32
224 94 70
147 211 59
135 251 37
267 59 71
124 127 76
357 199 3
356 75 17
28 176 68
108 79 27
192 42 62
357 247 18
222 388 100
179 344 99
95 16 76
276 28 52
319 215 55
212 134 55
372 142 72
242 371 42
39 302 59
3 50 53
138 395 22
178 393 2
217 126 32
186 265 91
138 369 100
376 323 65
160 90 67
214 284 82
69 143 88
362 330 9
302 122 23
343 340 43
36 317 68
324 98 18
6 200 30
153 176 16
8 49 33
18 280 71
91 312 49
225 11 27
314 285 39
298 231 2
292 323 21
325 226 99
166 192 30
3 116 16
120 201 62
348 270 69
334 34 95
396 60 75
250 170 59
325 346 59
358 241 77
388 238 81
79 104 28
70 241 18
55 181 19
155 364 46
382 25 1
80 344 80
375 303 53
156 367 89
336 142 30
229 129 7
209 4 81
262 265 63
360 52 90
123 307 100
178 124 47
134 113 42
114 331 4
342 123 43
75 243 13
1 138 58
359 32 52
399 21 64
60 153 99
344 366 42
397 101 37
192 328 48
131 396 75
382 62 92
56 179 11
377 319 73
208 356 78
358 379 49
80 254 45
120 369 65
184 10 49
148 376 63
293 78 56
269 142 83
366 14 1
312 199 70
158 394 67
163 145 100
236 72 9
390 299 66
234 207 88
27 114 36
196 173 9
204 280 44
177 175 54
389 398 9
308 67 41
376 227 32
247 244 97
319 307 48
139 6 98
331 120 76
230 16 71
342 382 28
86 32 45
161 71 88
13 92 4
142 165 100
37 323 10
126 267 62
29 320 90
245 121 62
311 16 83
310 296 4
177 244 16
298 19 80
354 35 45
255 299 24
198 180 88
210 299 3
300 318 27
336 309 34
379 176 94
332 50 21
21 292 78
162 283 99
273 59 2
10 332 72
256 177 7
4 396 11
142 115 39
169 33 94
66 216 28
132 233 89
345 196 100
236 153 58
156 258 74
235 257 70
5 58 66
284 287 16
394 136 59
332 273 61
315 386 10
100 293 93
40 147 67
314 93 96
215 311 29
2 41 2
100 50 44
340 197 76
59 255 33
277 343 62
364 139 54
288 196 94
85 346 100
94 298 35
95 203 28
188 259 47
129 256 36
342 312 89
106 60 71
36 373 32
49 294 15
153 81 32
112 40 30
270 367 13
309 128 60
211 181 33
57 175 93
198 299 78
111 337 95
76 374 37
263 230 99
32 292 35
60 91 70
166 367 34
214 278 77
160 57 25
253 247 7
290 14 11
253 100 58
83 131 21
205 360 69
50 257 88
271 256 66
176 267 60
338 220 58
173 375 28
392 372 76
89 328 58
367 327 56
87 385 23
282 193 54
228 292 81
232 240 86
327 249 100
58 347 32
181 297 8
295 48 23
11 141 37
132 328 3
34 349 23
266 204 97
339 356 9
241 97 51
217 353 33
89 180 42
364 21 95
120 103 9
130 21 33
220 174 71
322 28 14
44 230 66
192 330 67
46 373 7
118 162 28
104 194 22
30 126 68
386 208 86
215 240 25
5 159 12
260 116 25
257 326 89
119 92 93
163 244 70
222 219 43
70 327 71
54 115 3
120 45 6
195 32 54
335 389 24
61 288 92
84 221 5
298 335 56
252 117 95
142 153 91
230 71 46
354 389 51
294 71 5
324 43 66
188 138 64
120 116 43
174 111 59
330 366 74
97 376 80
39 4 35
33 249 95
344 133 7
239 59 64
309 67 2
178 222 57
39 383 82
219 323 59
281 306 76
167 236 39
164 313 67
255 153 19
1 159 11
205 260 53
145 135 99
208 141 68
43 187 33
180 274 81
211 302 62
398 330 7
58 14 63
335 91 76
72 273 21
85 208 71
354 142 82
347 57 20
60 384 44
206 225 45
324 140 87
332 11 36
275 142 42
49 197 53
88 369 4
398 92 48
27 221 41
219 296 81
102 334 97
7 254 95
86 329 80
288 393 86
99 214 83
309 390 60
93 84 72
338 380 89
278 388 51
48 42 30
369 274 7
342 84 76
180 182 51
265 50 1
15 19 98
302 95 48
313 192 71
25 263 35
199 62 57
87 356 20
311 148 24
211 117 41
53 335 96
329 69 47
248 116 40
274 23 53
225 277 76
367 370 95
234 336 66
26 96 98
109 281 42
277 347 3
174 191 24
33 31 54
218 178 63
207 322 11
40 169 52
108 173 98
157 13 14
224 150 16
188 127 22
73 230 100
48 216 99
243 275 78
237 250 33
92 83 60
52 389 7
339 279 46
127 53 17
227 46 29
197 43 73
18 135 13
265 87 12
396 222 81
207 216 4
93 193 52
198 259 38
250 337 99
12 249 99
3 394 85
285 143 95
173 31 73
294 280 7
323 317 98
312 135 38
197 362 16
113 232 97
345 237 62
229 13 24
78 126 90
338 393 39
211 143 21
254 237 50
40 170 81
283 251 42
276 296 5
399 212 60
366 86 44
79 237 28
97 330 55
57 278 61
173 293 26
83 2 95
205 356 1
128 237 50
12 32 95
252 191 6
273 362 86
352 94 29
216 296 87
175 215 85
157 24 37
202 153 40
246 104 5
83 166 68
224 80 79
252 211 39
370 97 45
313 260 37
7 5 24
125 234 83
301 352 45
67 187 2
132 311 5
311 346 20
167 382 69
379 61 37
331 59 83
113 192 93
268 243 53
365 220 3
386 251 37
74 132 51
121 328 78
56 289 61
17 277 9
165 258 55
109 334 10
221 350 71
146 129 70
355 67 10
243 82 91
107 77 10
395 267 37
362 87 3
335 100 47
368 268 47
195 354 65
377 14 100
310 237 97
263 14 54
342 205 17
125 366 60
378 107 57
142 191 64
303 254 92
230 92 68
167 237 85
38 54 49
249 234 36
168 354 2
391 182 2
376 102 16
325 207 70
115 388 69
182 179 98
359 49 71
338 203 4
12 193 17
280 25 45
26 358 2
9 191 88
299 210 17
288 148 28
94 223 14
275 251 62
3 279 80
151 385 10
165 338 15
2 348 85
257 60 51
133 127 42
166 36 47
330 338 95
385 36 91
367 320 57
181 290 9
372 252 67
160 182 69
210 88 69
305 377 18
355 323 58
364 84 91
144 155 29
276 334 53
127 384 85
206 293 25
279 204 77
81 224 16
177 142 11
388 0 15
374 188 27
130 265 95
377 150 82
90 49 48
320 61 73
151 131 74
275 239 83
4 116 50
210 188 24
214 69 8
136 319 13
342 324 60
52 391 73
222 282 3
226 159 50
77 237 54
328 202 87
333 50 51
280 274 55
347 201 35
127 28 69
365 114 69
184 396 86
277 35 13
194 17 38
136 239 79
6 222 50
183 194 85
206 70 22
215 83 65
258 370 10
65 122 71
332 18 11
257 267 84
56 129 32
37 130 23
92 357 11
6 393 17
94 84 54
207 171 16
199 155 73
57 349 78
393 374 87
225 357 23
268 171 44
390 270 26
330 173 42
224 319 40
146 48 74
356 174 81
318 178 13
389 203 17
283 324 87
315 341 93
143 33 62
49 312 52
356 349 84
280 287 45
299 92 81
189 335 22
141 309 79
168 379 54
93 272 5
210 28 76
86 314 92
97 50 30
299 23 87
331 166 22
198 333 33
394 58 25
84 184 14
377 68 18
161 334 86
383 261 56
16 383 80
195 138 19
42 236 18
378 240 49
303 0 82
76 44 74
296 210 94
396 234 79
245 265 88
364 271 34
398 67 29
95 244 24
146 122 89
9 23 85
370 244 21
174 303 44
253 165 13
205 300 64
163 172 6
392 269 30
173 248 70
1 135 29
376 42 56
71 311 67
276 389 47
98 34 26
50 381 12
308 63 80
344 291 90
390 342 28
243 207 60
265 356 71
162 76 7
350 188 82
221 105 55
117 313 37
91 215 56
212 316 55
3 254 28
6 188 14
319 283 16
203 185 63
121 388 41
292 216 94
56 178 13
16 80 6
26 138 4
81 154 96
60 5 57
109 135 34
83 313 100
224 136 33
256 67 88
87 368 4
164 334 98
46 289 83
277 362 37
271 169 36
234 157 33
113 307 22
100 364 80
73 60 18
86 144 76
185 318 36
313 399 26
296 29 95
66 99 76
301 338 90
65 169 8
118 86 57
68 172 9
273 314 66
246 279 54
1 280 3
169 386 24
286 65 44
213 55 70
285 247 15
265 119 88
160 146 71
250 155 70
154 236 80
361 2 66
138 212 10
232 36 33
319 141 1
90 76 39
378 322 88
12 50 47
254 101 44
349 3 42
320 279 95
143 368 33
153 130 79
257 309 27
188 219 91
216 89 46
85 199 56
352 327 9
313 184 95
133 218 18
85 325 64
236 78 73
156 125 70
365 193 97
218 295 34
299 30 70
195 238 43
385 73 76
20 262 83
377 232 72
196 16 19
215 151 90
314 20 97
346 239 62
246 17 95
149 50 4
244 0 59
358 82 75
309 115 12
45 25 6
194 366 30
64 45 69
180 399 44
178 289 82
368 297 79
35 315 93
346 353 26
203 350 23
26 333 6
231 363 18
143 197 60
326 308 83
232 393 81
182 10 96
377 146 88
243 20 83
167 365 92
209 205 42
36 291 97
182 143 68
252 336 84
101 349 58
379 319 22
162 357 17
86 318 72
80 326 40
156 226 12
71 24 41
263 57 70
68 260 49
23 224 4
378 163 8
193 372 2
83 235 85
298 323 16
25 211 22
315 219 69
293 41 35
390 70 49
13 292 33
17 263 50
96 323 50
384 93 29
259 190 68
11 212 39
112 109 21
0 368 26
228 364 53
35 256 77
235 289 28
130 276 91
109 262 66
38 119 21
32 160 13
105 48 43
115 142 6
280 239 67
319 24 100
171 374 79
103 184 42
268 144 84
228 20 66
214 119 67
232 270 6
164 151 80
142 314 24
107 327 27
352 377 89
165 103 61
39 126 68
210 148 56
221 320 17
344 384 69
293 108 5
119 91 95
287 333 72
170 18 95
235 213 97
291 251 74
384 279 39
19 183 63
369 337 39
177 217 46
87 323 11
121 69 77
15 201 70
105 206 65
295 118 79
288 74 60
51 398 10
239 289 11
337 380 92
238 176 11
15 32 88
198 128 28
368 136 23
304 170 85
152 56 6
300 282 13
70 34 47
45 56 4
241 150 24
381 237 90
378 132 93
60 17 23
331 276 25
105 113 94
336 319 98
201 329 27
248 13 53
331 288 38
14 136 7
17 274 16
134 147 49
276 312 21
230 65 81
163 93 37
14 247 6
52 108 87
111 343 39
28 236 42
303 190 20
100 55 64
334 99 20
272 380 13
168 197 1
308 100 58
115 14 46
220 55 12
148 201 24
186 11 96
211 287 34
302 138 20
339 291 94
116 39 53
284 334 98
49 96 98
295 213 99
310 37 74
157 184 48
395 261 89
362 380 84
19 22 82
194 356 41
190 398 90
273 24 29
116 245 3
82 273 61
370 347 30
7 263 51
187 392 26
63 367 19
383 188 14
348 306 57
75 203 49
384 97 35
270 100 86
164 312 42
26 275 10
347 185 6
222 196 73
4 9 82
341 45 13
19 374 21
233 139 17
21 350 87
305 4 89
146 97 1
294 66 56
214 22 16
80 298 66
75 227 12
27 133 57
220 156 99
5 167 91
170 103 6
221 306 59
72 199 75
95 364 41
307 116 65
173 241 9
181 66 15
104 80 40
346 156 97
155 51 31
342 34 52
138 96 59
37 73 28
333 54 74
395 294 84
126 295 21
194 294 75
102 385 35
337 152 90
304 62 19
99 88 14
19 319 67
22 336 68
317 210 17
110 150 77
265 84 35
283 114 34
47 81 79
172 179 42
286 348 63
115 345 1
132 274 29
260 83 99
208 287 99
133 371 96
349 134 93
293 353 36
178 135 2
286 377 33
17 47 4
161 385 83
222 221 95
19 69 38
205 263 1
109 36 45
379 196 42
336 60 82
252 0 18
262 268 86
152 251 92
336 358 26
379 82 46
187 340 97
193 277 64
169 202 3
61 74 11
136 203 4
376 290 69
293 35 62
80 336 77
183 44 7
190 353 17
196 18 33
297 191 98
130 391 29
96 173 14
313 339 6
364 100 51
239 69 98
213 6 2
269 15 70
251 229 73
3 55 61
213 46 78
31 352 70
189 280 13
355 27 1
31 4 82
145 174 50
174 211 52
142 54 73
297 166 31
206 239 81
2 69 29
128 16 53
125 307 13
395 145 71
357 186 51
218 227 100
258 238 65
87 212 97
176 8 92
229 288 8
125 211 34
330 182 54
12 149 100
353 187 93
63 199 61
71 355 30
373 171 63
40 24 28
6 91 52
274 200 35
166 35 34
226 70 83
10 144 79
7 314 5
332 164 52
390 2 84
59 6 46
347 344 22
165 23 7
50 220 43
22 257 2
105 377 53
266 151 12
169 103 86
203 67 41
182 126 46
13 336 57
142 203 55
85 243 54
44 187 56
297 82 25
100 180 10
213 27 82
258 168 95
5 124 26
134 300 55
328 346 61
80 379 47
333 214 17
312 6 9
352 130 54
244 297 68
234 115 73
313 191 95
286 76 31
264 322 21
26 127 80
57 279 78
26 365 4
11 335 82
57 96 26
194 358 75
137 202 54
92 12 91
227 237 72
372 226 85
323 350 78
144 191 99
258 340 28
135 143 90
248 302 67
290 34 1
254 277 33
23 241 29
278 335 93
246 201 81
382 129 91
129 220 96
366 192 4
45 377 74
121 155 4
107 113 16
138 144 36
37 272 85
345 122 23
261 178 30
151 84 77
285 127 63
141 2 83
164 239 21
272 186 91
253 350 8
198 327 85
23 345 46
315 284 5
302 349 43
113 73 92
320 258 20
394 4 31
92 289 88
28 312 54
307 138 83
155 74 24
391 279 24
380 117 36
212 157 13
244 148 10
227 387 74
364 360 70
327 126 54
142 396 9
211 98 54
141 63 45
59 185 17
382 154 9
51 84 39
142 167 12
109 309 14
112 120 44
17 326 21
157 265 34
112 76 62
187 257 99
104 115 3
91 258 4
243 178 48
54 350 51
203 181 31
89 285 80
294 53 91
38 45 35
48 244 16
252 281 63
155 230 48
154 104 79
294 381 85
235 64 22
77 224 34
302 112 83
212 287 76
356 317 96
70 216 37
135 59 66
36 238 25
277 235 81
89 65 82
255 13 12
116 12 69
308 346 51
205 124 2
113 111 51
54 1 63
313 112 74
82 241 25
118 90 66
279 51 96
18 240 86
327 331 48
175 380 93
362 270 23
283 281 36
258 116 65
29 269 91
338 90 27
14 271 35
348 122 100
346 223 82
193 377 61
296 112 87
194 293 38
184 15 92
243 320 88
256 368 49
206 37 77
326 284 42
91 143 7
92 299 55
209 368 82
158 257 97
300 146 100
393 345 60
384 180 35
47 243 97
376 128 22
363 381 10
327 244 27
14 162 43
355 308 22
169 42 24
74 355 59
398 47 3
219 62 85
246 276 63
377 60 9
146 15 72
49 194 79
291 369 1
328 262 72
362 374 61
249 230 47
37 260 95
357 200 66
342 188 74
182 225 83
215 123 93
54 319 19
78 270 94
373 278 76
384 233 30
345 126 90
332 284 27
22 143 30
353 134 52
185 163 77
284 325 16
7 197 2
305 327 71
214 168 25
16 34 75
65 381 59
202 218 96
376 213 96
66 230 24
336 345 82
248 300 42
174 319 39
256 105 88
374 388 84
260 70 98
100 188 59
335 165 91
85 18 80
346 0 41
304 98 41
12 371 28
360 259 6
381 51 40
154 319 93
80 337 86
19 306 52
179 288 90
110 15 73
314 147 4
109 345 40
70 380 4
362 123 92
260 71 48
335 147 55
113 95 70
159 157 44
58 293 59
297 104 80
340 25 25
150 80 89
286 281 7
38 13 23
259 148 23
70 359 15
94 99 92
224 275 20
211 196 34
110 307 9
235 392 35
183 330 40
317 79 95
198 397 64
128 192 20
94 85 53
345 314 98
24 376 52
342 103 1
225 171 38
202 108 93
210 68 69
369 253 77
310 263 52
83 389 61
195 20 29
137 172 76
358 397 26
160 144 16
303 221 9
317 288 54
219 363 21
335 37 92
304 361 94
346 295 63
211 364 96
21 331 79
262 58 4
136 115 73
123 83 35
84 375 46
276 354 43
291 135 52
47 33 46
39 156 2
62 266 35
204 17 39
347 184 65
189 235 14
205 212 73
19 294 94
97 3 79
393 11 5
149 58 44
190 328 36
5 394 60
215 357 95
46 108 100
115 330 64
159 221 86
75 369 27
159 346 59
326 39 21
313 40 3
324 68 2
117 2 40
275 208 32
113 39 49
185 148 2
32 169 87
95 112 27
243 114 57
123 79 3
11 228 86
219 199 66
165 63 77
397 13 14
306 324 41
88 220 44
300 129 55
123 24 49
291 95 79
218 184 26
175 389 26
95 257 77
262 15 78
371 90 83
174 20 56
61 19 59
35 151 81
112 385 21
115 175 51
9 329 1
125 319 16
212 295 79
377 369 96
42 117 13
90 77 84
74 260 95
158 320 41
127 341 82
65 308 95
11 316 1
148 130 59
18 299 13
174 101 49
57 25 27
346 177 29
265 351 93
193 380 35
115 213 63
165 144 43
32 81 72
283 73 61
371 396 99
56 72 12
301 206 100
60 382 62
225 78 32
193 4 62
359 183 4
127 230 79
74 341 25
325 14 40
351 92 57
250 215 11
121 301 88
358 190 47
301 56 92
169 360 57
53 34 31
172 105 55
152 138 36
271 213 83
196 134 47
371 45 34
23 0 62
253 249 79
54 46 80
29 378 55
178 335 32
25 121 12
72 2 35
112 51 93
348 110 35
176 218 18
26 46 29
84 354 14
113 215 22
149 3 22
116 37 8
30 144 19
21 340 7
141 179 58
9 266 18
209 228 77
341 155 6
388 3 58
312 269 39
183 147 86
95 180 17
376 331 31
24 346 50
255 144 80
304 110 88
338 77 32
30 285 38
396 176 18
21 167 48
61 154 64
174 391 71
133 83 88
54 158 1
105 29 34
251 51 89
271 391 51
192 245 15
121 0 66
393 65 82
260 209 9
98 160 52
243 335 86
222 324 100
210 42 89
233 206 57
241 304 95
110 93 36
369 213 23
22 210 2
318 41 81
294 111 20
394 205 9
113 336 4
327 146 72
54 340 56
38 351 97
373 249 13
367 206 91
45 261 31
143 4 15
312 327 52
217 137 6
164 57 21
40 387 66
114 225 8
186 225 55
299 110 98
321 248 33
73 257 40
156 126 8
7 102 40
76 162 11
340 116 75
351 287 31
152 166 6
395 255 100
36 193 9
313 245 23
168 149 20
114 154 23
78 97 71
23 71 76
360 180 45
44 256 7
106 184 93
134 170 51
198 386 27
162 77 61
90 39 48
322 155 53
173 170 43
118 109 100
146 196 91
168 14 17
35 95 93
284 108 54
121 143 35
118 41 21
307 13 17
390 280 76
93 371 69
347 203 26
127 203 38
80 153 78
50 199 82
343 287 74
108 386 36
162 354 47
169 246 36
181 125 42
357 136 43
332 350 54
201 100 17
135 169 47
272 17 89
355 50 91
223 264 54
126 131 39
163 293 31
114 120 61
213 362 7
164 192 59
129 371 47
136 389 76
296 302 87
343 282 75
238 96 44
268 52 28
378 176 71
283 240 68
213 193 22
107 2 26
213 149 67
360 323 71
253 168 90
327 60 18
276 265 92
8 268 1
37 372 29
126 364 80
358 15 14
353 394 70
224 188 99
155 152 79
371 93 5
98 177 47
206 181 38
245 174 57
28 147 97
193 125 39
361 254 12
223 41 67
278 122 47
315 286 32
286 342 4
257 179 24
103 395 90
134 205 10
268 293 6
302 41 6
225 327 84
371 393 12
349 87 1
159 162 27
318 179 76
45 138 31
351 28 64
196 397 30
133 236 65
182 169 25
259 41 26
301 152 64
372 13 29
256 367 21
192 336 70
229 217 89
151 11 81
378 221 6
46 256 88
138 118 4
85 54 50
341 51 34
226 296 53
233 223 80
163 226 47
122 241 24
335 69 5
203 137 25
134 173 54
248 141 8
87 144 25
95 394 65
334 242 81
119 167 5
374 73 7
227 98 17
256 192 17
245 134 88
70 98 80
74 363 18
340 144 3
259 126 68
255 84 1
179 347 15
31 325 44
33 121 76
378 17 33
162 11 68
227 74 75
356 158 49
12 304 91
202 146 46
325 145 67
293 130 85
216 341 10
48 192 77
171 79 76
4 319 28
348 117 86
323 399 75
282 33 63
100 187 60
293 271 28
364 348 43
87 262 49
367 377 55
291 161 34
301 205 73
310 299 82
297 336 93
39 305 86
342 58 58
109 257 98
348 100 78
134 274 81
143 128 55
82 166 61
44 383 73
65 98 59
342 19 59
246 225 81
87 166 25
366 379 38
289 36 10
154 89 31
250 178 29
79 100 38
80 354 19
260 245 20
362 21 37
86 48 41
49 146 94
339 211 59
186 336 90
399 202 30
370 282 48
356 385 28
310 112 50
226 352 82
167 207 65
24 71 30
264 201 28
300 159 10
342 331 14
73 377 70
389 117 87
56 71 29
84 256 22
56 201 87
305 297 33
82 28 91
75 16 66
5 101 74
230 13 1
290 111 81
72 358 8
143 193 55
252 293 5
328 55 79
372 339 23
359 303 66
299 69 33
333 81 47
97 20 57
250 152 73
198 183 82
202 200 55
398 100 67
149 82 81
199 11 82
222 87 4
291 80 4
74 265 85
349 61 9
356 162 23
294 4 94
294 139 52
332 199 20
1 14 98
11 333 66
386 61 25
390 298 25
321 185 79
245 228 15
12 142 100
259 45 64
72 336 83
174 40 89
85 272 3
224 62 12
263 229 37
237 54 76
105 287 76
211 222 60
190 308 5
53 192 88
194 171 8
396 373 33
122 26 66
228 143 87
131 246 73
3 167 2
109 338 27
101 79 48
120 384 7
184 31 14
341 364 28
198 215 35
198 38 64
307 146 72
53 198 18
287 143 36
224 294 62
79 122 88
215 82 7
157 221 7
369 198 20
367 144 79
294 75 34
26 108 11
207 363 39
156 213 49
13 297 8
319 53 97
244 322 63
95 302 79
283 81 69
284 289 80
327 341 90
204 1 33
266 308 95
59 32 84
294 164 26
228 73 92
388 222 66
223 391 87
338 136 93
160 221 52
139 66 74
188 7 44
257 78 96
333 338 44
75 122 13
52 330 9
21 384 100
398 186 90
324 323 70
333 82 30
34 234 66
112 331 67
209 181 43
208 288 15
302 317 71
264 269 98
398 98 74
137 174 51
399 82 62
184 361 65
36 22 62
303 397 94
26 107 95
310 58 42
398 265 29
297 317 30
11 314 29
42 241 99
90 134 77
89 270 14
307 380 8
112 107 30
0 11 35
100 295 27
320 119 79
147 32 58
308 86 9
254 394 14
148 372 70
363 96 55
244 284 2
119 202 18
15 378 57
176 182 49
357 394 97
134 260 11
74 234 53
221 0 78
307 382 5
123 323 73
105 173 26
313 35 17
146 30 9
224 128 17
368 384 4
211 200 98
239 199 40
270 192 5
150 312 28
350 180 32
230 351 38
193 360 58
398 164 21
190 257 91
216 178 40
46 136 33
49 205 8
81 180 58
326 274 69
259 238 45
168 307 47
187 376 28
286 86 57
111 129 92
388 261 81
373 156 19
187 215 26
342 338 17
277 109 60
77 173 66
95 56 64
317 94 26
3 102 7
298 151 93
82 363 24
40 197 27
107 247 66
140 330 87
195 52 3
255 318 28
46 391 9
390 198 26
13 307 17
339 253 70
363 272 83
264 21 99
386 91 27
271 29 18
218 127 52
17 6 77
203 53 66
365 58 63
399 350 9
272 107 100
277 210 52
64 309 59
388 139 48
45 101 24
42 189 21
207 124 94
75 36 69
143 9 51
163 45 38
275 351 52
109 183 59
262 1 29
366 135 64
65 317 53
326 104 9
49 284 3
59 77 58
98 394 49
72 96 26
327 84 48
164 249 49
166 11 61
136 124 39
134 153 81
265 334 45
213 43 90
372 294 71
223 374 70
396 216 20
253 315 74
361 306 55
4 130 68
46 309 84
281 208 57
261 22 34
80 301 48
268 194 79
310 392 20
397 119 93
265 357 42
120 119 47
248 18 9
273 315 55
209 282 21
272 163 28
52 184 62
42 267 9
162 184 34
270 285 33
177 0 37
254 371 8
78 99 38
105 129 62
160 258 79
193 307 35
147 349 41
217 288 16
340 181 55
376 339 60
40 212 93
318 137 10
366 145 27
32 35 88
175 368 57
67 108 58
103 7 36
78 331 55
344 262 44
244 191 10
391 372 82
70 319 93
233 193 47
41 357 15
206 399 28
354 58 99
221 181 30
271 105 52
42 11 4
56 313 29
355 277 22
180 329 38
349 16 34
234 394 35
111 190 94
311 313 18
314 0 20
54 329 77
63 177 16
384 116 49
30 147 96
390 222 14
179 239 51
299 268 95
295 104 19
66 233 74
108 176 98
276 47 67
44 317 23
23 301 58
14 356 99
149 395 20
160 375 21
1 163 80
329 96 4
63 394 20
228 350 49
147 220 75
295 361 50
43 184 84
117 280 70
157 245 84
125 198 88
211 23 33
171 49 94
56 209 22
350 135 10
174 289 96
117 218 72
337 184 2
112 136 18
318 57 1
107 72 54
325 109 55
235 103 2
199 389 41
291 307 51
302 368 47
347 110 37
4 46 48
100 237 21
242 300 87
340 288 49
50 307 77
129 178 61
266 110 13
154 44 21
181 156 87
321 29 34
83 260 46
390 253 7
341 333 3
48 227 35
275 166 14
370 32 11
128 297 24
277 170 17
79 383 45
1 360 24
142 270 51
341 371 100
390 12 87
169 373 69
253 209 79
250 261 67
211 252 52
285 11 78
179 315 73
126 5 75
279 146 67
116 338 18
365 178 19
122 322 30
359 111 35
244 4 25
348 373 68
216 332 41
317 385 54
169 253 57
50 305 46
68 15 4
230 181 46
220 34 29
164 185 44
246 295 98
21 240 62
9 109 32
297 143 57
312 380 78
82 115 39
138 265 16
220 342 44
260 392 8
66 121 34
61 158 97
27 129 47
198 209 32
384 399 54
114 232 29
357 148 28
67 253 74
179 151 38
14 328 65
234 213 94
33 338 13
393 176 4
138 259 44
381 254 77
264 45 82
267 1 66
147 116 28
322 172 64
246 165 19
186 53 25
291 215 69
200 184 95
200 203 27
310 131 62
222 280 73
320 236 88
218 273 33
173 158 50
354 304 58
71 209 46
268 42 69
92 276 64
120 145 38
113 165 69
221 84 1
75 3 21
287 100 18
173 303 38
172 332 85
122 351 96
315 318 67
56 74 59
152 36 97
163 309 96
105 257 29
323 131 66
145 48 24
253 356 92
246 172 96
133 199 92
187 324 53
106 13 33
386 243 57
62 76 83
196 330 16
272 104 6
141 174 28
174 245 43
231 47 56
194 38 77
25 234 25
289 77 90
278 337 21
56 66 78
57 333 33
32 11 12
227 9 90
202 215 20
239 356 49
2 145 89
300 248 4
80 288 70
16 253 35
84 281 100
370 257 50
0 242 13
191 325 58
189 15 7
74 106 22
392 153 77
295 335 17
47 206 2
250 201 59
114 86 37
283 67 66
322 372 18
288 187 82
395 278 91
127 293 83
52 232 87
104 286 66
52 14 9
299 269 17
362 91 22
0 164 32
385 155 95
93 279 24
189 357 38
94 275 81
204 271 23
175 181 88
229 149 78
240 153 65
371 380 52
54 302 47
145 367 26
110 125 29
43 121 50
330 112 1
197 191 37
22 9 80
55 298 80
288 373 74
1 376 87
344 273 19
132 3 42
113 240 46
378 363 21
126 389 68
93 333 85
130 264 17
298 236 84
113 4 66
398 60 50
270 216 98
42 98 35
285 245 54
47 337 34
155 139 98
325 32 54
393 221 85
125 336 46
344 326 82
128 184 57
375 335 39
188 295 78
14 17 74
334 9 6
213 387 84
356 331 27
240 313 19
60 203 87
206 12 33
260 169 27
348 337 52
150 281 44
37 188 94
3 174 74
299 51 67
210 319 54
13 119 94
91 331 32
333 159 47
373 318 67
201 33 79
18 251 6
30 343 32
333 248 44
361 174 94
170 335 95
101 104 48
43 175 27
19 239 18
239 61 56
246 49 42
284 177 69
129 51 76
88 66 92
22 193 66
167 92 88
257 117 6
330 98 45
116 145 33
366 198 11
208 86 64
181 396 12
84 15 16
68 169 12
8 355 38
380 179 33
183 245 100
65 278 50
288 193 1
202 220 31
385 97 76
164 136 93
145 227 31
187 252 20
38 370 30
395 214 17
242 156 80
215 332 61
328 18 21
80 209 15
348 72 24
168 361 9
56 329 30
188 60 51
349 162 42
381 58 56
168 225 2
208 48 92
9 349 100
233 179 70
294 176 89
168 210 88
128 262 55
111 73 48
269 297 4
52 358 10
58 301 62
266 301 49
29 26 91
251 142 67
27 35 72
201 64 49
161 118 45
225 162 61
135 369 77
309 327 81
134 74 49
183 168 21
60 202 81
85 236 73
298 13 99
359 244 71
204 77 54
294 186 51
192 255 74
157 396 20
92 296 22
170 333 25
167 249 53
317 187 53
341 304 50
135 267 66
96 295 87
304 300 66
41 218 30
1 296 2
262 365 25
155 322 61
384 25 1
41 209 9
137 53 12
352 199 16
41 232 74
192 107 7
152 274 99
354 270 10
240 328 33
65 270 100
182 119 84
123 228 57
308 327 85
183 328 55
347 258 15
67 111 61
48 85 5
174 246 87
360 49 13
144 318 57
305 169 72
338 46 88
369 211 8
79 87 50
328 244 61
7 276 64
320 239 24
271 50 87
66 371 5
102 299 51
353 120 72
167 75 50
242 314 53
234 376 100
205 322 52
55 323 1
49 10 16
29 298 62
26 230 35
312 127 32
194 141 47
67 250 21
361 79 19
58 172 78
160 243 12
227 65 68
134 137 74
292 60 28
106 327 68
328 41 6
59 40 7
267 121 23
10 18 4
103 231 41
357 57 41
39 120 100
365 31 7
76 189 26
101 126 39
52 164 84
181 219 99
226 10 100
20 162 44
303 80 27
378 20 73
215 380 50
288 60 96
341 281 59
31 152 62
116 73 18
180 170 9
123 310 83
18 218 33
372 251 96
379 396 25
52 69 90
81 117 24
251 255 88
209 60 28
138 63 66
12 45 61
388 84 51
159 348 24
269 367 96
135 228 45
122 93 62
33 398 52
326 347 46
140 326 79
281 13 94
94 145 14
16 161 9
357 306 38
276 241 74
359 267 36
72 298 99
337 82 73
33 2 38
46 130 74
390 376 40
278 18 23
314 350 100
60 47 60
58 56 91
377 397 13
175 130 24
328 68 95
152 207 60
308 297 27
206 153 85
340 354 63
147 8 96
345 164 25
31 155 94
61 35 35
196 326 73
339 351 59
273 213 72
278 376 100
143 91 18
399 293 15
330 370 72
186 272 35
172 251 99
337 398 4
193 260 58
355 173 96
209 244 56
372 128 81
253 11 45
231 388 12
150 56 20
77 170 40
262 350 45
12 114 69
198 385 45
326 7 91
136 263 23
187 4 53
270 172 39
362 369 89
297 50 52
213 380 96
274 239 81
320 382 38
356 150 8
130 84 3
251 369 17
139 185 37
192 303 47
210 329 37
347 330 78
390 256 65
231 276 24
129 307 10
321 42 49
258 88 12
304 362 81
281 226 23
278 111 78
283 116 83
113 335 71
240 204 16
204 327 96
316 319 84
102 63 41
384 29 26
128 286 34
103 156 31
103 194 65
15 216 99
109 308 87
143 82 36
350 193 18
350 148 2
311 219 50
22 94 12
265 276 13
93 86 5
207 249 10
294 312 37
52 45 94
322 26 15
351 153 30
118 133 61
288 65 49
178 210 64
53 148 27
127 336 37
396 125 3
100 56 38
134 311 70
337 138 29
90 241 91
388 219 96
63 173 59
27 63 91
108 50 70
369 303 74
173 373 17
398 215 47
235 131 87
157 107 36
244 160 1
115 356 99
106 63 74
335 30 40
24 117 15
302 383 49
6 182 80
72 312 64
373 287 2
202 198 4
101 372 77
123 69 30
350 187 41
171 54 97
371 42 97
288 155 81
257 315 7
374 68 94
122 124 34
290 293 66
23 156 61
91 134 62
352 172 6
52 388 64
173 145 86
332 128 8
340 198 97
382 49 20
190 68 24
151 306 27
309 379 68
137 252 6
173 359 51
179 40 74
107 146 92
115 161 67
18 329 89
95 301 81
36 316 16
385 49 93
261 155 16
236 398 93
229 1 88
250 292 22
9 295 43
318 144 72
135 191 69
389 24 93
372 394 100
372 347 12
258 69 63
290 292 88
367 308 96
55 137 92
79 308 39
228 387 54
236 156 9
321 332 91
267 101 53
15 251 21
46 302 87
347 136 35
67 60 2
85 268 25
287 37 15
364 242 33
193 68 94
381 266 34
113 92 47
290 98 24
271 255 60
176 118 80
218 301 86
134 234 30
286 307 31
178 155 40
33 218 1
186 244 12
55 353 43
54 7 9
320 385 47
225 110 83
307 188 98
174 161 92
306 395 33
345 260 55
276 84 85
123 248 4
101 314 46
372 66 22
334 213 10
299 22 34
213 58 59
182 81 75
311 79 65
200 62 91
279 114 60
165 189 57
147 185 93
125 341 88
243 122 48
66 147 30
379 361 27
244 320 87
4 328 39
61 228 45
77 93 8
20 395 35
354 204 32
22 6 43
216 101 33
84 46 27
316 42 34
30 389 60
282 379 84
333 224 74
171 382 9
311 135 72
45 36 8
11 51 82
23 281 54
110 219 18
79 352 82
234 300 53
365 301 92
2 370 29
103 372 16
384 112 52
335 224 32
0 327 68
148 84 80
121 271 67
391 174 74
139 98 73
273 347 44
287 306 89
301 363 85
196 96 36
192 318 22
363 173 74
259 271 50
20 99 21
154 266 60
124 364 65
74 3 37
60 315 76
292 119 77
340 278 48
162 201 57
195 201 65
244 49 35
361 146 79
75 320 100
214 242 34
77 256 17
54 287 54
199 191 54
60 278 54
291 218 75
303 332 22
69 327 64
387 90 72
330 314 77
106 70 100
220 70 73
300 67 40
58 142 38
114 367 45
322 166 35
315 253 10
231 84 82
366 5 99
264 40 16
357 279 65
228 327 23
43 234 84
270 250 91
204 355 57
374 297 85
119 216 95
339 123 73
350 295 2
71 340 19
49 83 74
167 149 32
191 19 7
289 85 41
167 315 3
7 206 56
397 302 34
149 56 58
367 94 86
265 262 80
313 386 83
157 339 93
163 257 16
70 309 89
294 34 10
156 380 17
6 242 63
3 35 88
245 37 86
362 207 78
291 213 44
282 223 37
301 261 10
56 25 32
48 354 51
340 140 50
183 234 50
251 63 38
146 280 87
243 342 36
196 113 75
392 301 29
237 95 55
339 212 92
311 131 65
52 86 62
173 277 53
29 167 21
49 178 12
329 118 23
161 323 69
355 393 21
325 206 82
220 238 62
188 261 15
293 226 44
284 145 28
252 167 5
332 231 5
373 273 9
94 20 87
344 140 85
113 158 24
191 101 6
168 143 91
28 133 17
262 357 33
337 269 86
239 227 95
309 240 70
289 48 66
355 4 27
102 215 22
293 375 93
105 184 34
90 249 18
306 15 61
220 68 34
159 388 84
179 98 11
300 255 37
232 161 78
313 119 12
212 206 83
300 103 39
250 186 51
342 307 21
71 397 85
167 247 28
22 50 99
302 177 65
107 98 19
334 195 27
341 132 21
73 147 65
318 280 67
158 11 74
100 396 13
244 16 65
378 149 63
4 216 96
236 278 58
11 80 76
248 268 67
249 170 92
81 2 57
357 30 1
14 11 84
311 0 90
88 245 99
256 298 6
87 84 23
329 30 6
198 169 42
43 108 40
85 173 7
263 197 55
357 64 100
360 364 81
160 69 81
336 54 19
117 221 2
20 2 60
223 199 86
274 101 49
27 364 34
383 105 81
262 232 4
353 341 61
384 59 24
6 360 73
362 300 63
370 202 83
309 255 52
76 297 60
37 173 29
92 157 80
82 59 24
252 304 62
69 121 12
171 112 12
313 69 45
346 173 53
209 46 9
362 394 57
338 11 30
189 246 54
236 245 31
379 210 26
351 248 11
342 203 34
174 251 47
175 365 46
120 194 36
276 90 15
101 7 24
192 278 26
325 146 97
107 133 39
369 190 3
324 366 31
343 112 47
201 206 5
19 44 56
321 49 50
105 26 81
176 201 40
300 98 94
148 68 19
234 163 95
376 255 19
271 166 44
224 161 55
304 253 72
80 226 13
131 332 44
189 23 40
35 371 39
283 46 68
159 77 22
193 151 66
317 158 69
25 325 69
145 309 83
377 379 41
110 103 72
370 23 72
208 25 16
232 333 3
165 90 61
28 232 21
41 195 11
119 228 9
44 283 32
21 76 89
15 261 38
207 272 40
45 157 59
134 60 12
27 31 10
115 177 82
190 152 38
252 352 44
353 199 66
100 129 52
74 44 70
154 398 45
327 281 33
160 76 67
327 69 41
10 233 51
17 189 81
267 80 32
264 289 42
157 215 62
51 226 82
346 276 74
111 36 41
265 301 55
1 37 53
226 137 49
289 74 94
139 112 16
241 180 75
297 222 10
289 180 95
335 308 84
126 395 68
210 366 1
207 359 10
382 256 93
241 308 14
55 268 71
245 178 48
60 365 30
374 281 17
12 29 11
98 281 86
174 104 50
123 341 82
234 233 31
120 216 70
355 223 24
87 223 58
77 312 35
392 271 11
336 76 20
211 329 75
59 166 27
168 66 95
331 156 50
339 271 95
353 357 70
303 126 44
203 113 86
303 183 35
40 392 29
45 68 12
15 23 45
237 168 57
181 232 77
116 104 27
376 191 23
351 301 98
20 98 73
152 360 33
372 81 69
391 314 14
104 375 54
198 178 39
310 99 72
37 298 37
331 112 84
68 311 37
249 366 2
239 297 48
24 51 99
310 245 8
72 394 47
337 330 48
71 268 54
35 1 49
77 31 39
86 212 78
57 183 93
265 187 82
92 58 74
187 357 57
365 245 44
339 143 48
371 126 6
320 300 90
71 143 47
290 381 22
209 150 7
162 110 12
1 40 88
282 257 72
47 28 37
202 324 56
56 199 24
391 216 46
57 218 39
100 217 82
280 371 67
339 338 43
48 209 93
71 86 59
68 104 17
277 33 27
98 147 66
116 208 97
245 194 4
53 31 13
276 124 85
160 143 29
66 220 31
348 164 79
252 231 41
289 358 67
160 26 19
253 99 88
186 332 79
130 74 38
347 163 23
47 220 11
161 11 15
397 268 37
327 29 47
227 178 68
302 272 51
387 314 22
21 357 86
80 333 34
381 378 57
31 279 68
290 377 30
41 322 19
378 270 37
252 334 30
235 154 37
136 166 85
123 224 43
176 395 55
145 286 67
33 127 34
33 293 77
29 264 47
138 123 53
57 17 15
188 394 86
156 344 87
23 159 79
262 293 49
376 22 64
300 224 24
23 122 17
275 379 15
297 2 62
239 87 68
178 8 76
151 1 54
17 279 88
337 325 29
199 268 15
159 40 67
362 264 39
85 278 1
182 49 74
381 77 86
150 263 25
366 214 57
198 289 60
157 57 8
148 211 33
162 14 18
120 280 16
220 170 66
99 2 30
200 90 44
170 233 8
35 357 87
133 120 34
69 316 26
136 213 77
223 72 34
211 315 77
52 294 14
126 58 100
268 237 15
141 207 4
195 4 29
233 108 33
304 281 30
181 236 77
367 325 52
262 241 42
350 395 73
122 5 52
57 208 27
48 110 36
184 86 79
359 389 66
251 115 88
341 54 94
333 30 78
314 94 97
388 382 46
262 113 85
351 366 67
236 239 51
107 334 41
280 208 3
21 238 49
218 315 94
51 358 83
211 37 41
199 22 9
106 185 67
199 163 47
6 73 87
377 219 73
253 82 68
160 58 35
258 302 29
77 321 67
376 361 11
335 366 34
137 145 3
214 137 5
43 242 20
289 318 3
197 190 56
390 367 61
363 337 83
41 149 44
355 99 93
112 223 85
135 294 25
200 56 5
291 362 78
267 143 82
2 374 94
55 174 76
389 61 68
206 49 73
130 208 66
307 70 9
110 92 79
18 96 18
347 11 40
16 56 88
124 355 19
279 115 60
8 112 7
296 342 34
374 392 1
338 0 42
295 362 48
38 365 91
191 129 82
108 110 15
269 220 65
51 342 36
107 83 88
165 369 31
43 61 58
253 174 61
160 223 71
372 51 93
10 295 58
321 90 11
266 337 53
317 211 93
291 252 43
189 46 28
264 347 2
275 362 62
37 33 51
331 318 4
361 276 56
218 376 13
110 317 5
318 76 13
43 399 13
152 78 10
158 305 19
285 103 54
393 187 76
234 2 24
96 341 27
286 63 95
30 166 18
150 78 53
308 10 17
103 316 69
203 343 76
52 180 68
360 136 28
120 306 44
353 232 3
256 182 12
176 287 59
78 344 55
56 366 25
192 91 59
362 276 55
133 8 16
305 379 86
184 96 69
381 284 66
30 364 94
248 76 41
90 290 8
110 33 57
143 240 16
98 181 71
334 226 70
20 236 34
18 140 75
205 334 94
98 300 68
215 241 17
54 64 100
177 134 73
162 303 86
38 252 50
271 192 64
175 129 31
331 190 4
206 146 60
381 150 38
378 6 34
76 358 95
320 339 47
390 347 16
197 396 68
337 323 92
87 120 98
202 118 30
18 311 17
114 233 9
260 229 54
158 281 88
317 18 17
18 225 12
47 147 23
91 167 17
86 92 19
145 288 91
390 314 45
209 140 10
101 378 5
14 37 95
197 28 98
241 314 40
194 369 62
280 71 83
235 328 53
100 259 32
309 266 10
275 304 38
393 355 66
160 296 70
391 83 40
141 329 55
159 15 43
16 263 27
102 331 100
86 131 89
129 275 86
269 125 98
244 253 94
22 176 35
41 114 46
159 345 48
310 382 59
369 340 62
40 7 61
222 46 7
192 143 47
121 106 65
91 315 56
330 192 4
172 32 4
368 278 62
5 384 83
183 106 20
48 148 42
371 223 12
124 356 13
211 7 8
354 97 11
60 8 95
354 84 45
332 187 60
380 163 34
40 256 14
378 387 90
256 389 16
261 26 24
217 230 75
168 7 26
9 309 58
251 395 80
34 95 82
240 323 6
182 216 4
39 306 34
326 357 15
306 185 37
210 231 37
271 305 35
96 233 39
274 399 19
103 221 11
157 82 57
228 98 34
56 187 78
265 150 2
179 302 20
96 153 93
167 55 23
159 255 32
12 196 20
125 249 78
106 140 69
388 187 41
393 289 74
104 99 69
155 77 10
286 14 44
165 231 71
232 229 69
308 294 32
258 249 34
354 334 7
205 107 99
123 77 97
163 178 38
339 228 80
13 177 81
396 283 85
102 123 87
30 244 47
92 144 30
284 8 2
137 332 90
166 30 47
371 73 38
374 296 40
263 337 68
94 219 10
272 258 62
243 167 45
90 113 1
172 392 15
397 194 78
57 18 80
177 4 12
128 320 52
255 140 88
135 290 19
8 108 91
36 41 22
179 95 58
275 78 25
29 188 86
27 268 37
89 289 9
71 113 20
347 113 31
209 230 76
62 357 9
42 160 76
387 217 19
326 136 32
328 192 88
329 294 84
186 150 65
272 339 41
163 387 82
12 234 39
208 122 66
374 116 10
156 251 81
286 153 19
261 59 67
323 361 95
67 146 72
290 279 83
182 324 31
25 10 22
254 375 32
205 17 40
320 260 13
189 54 38
228 139 74
211 176 52
252 236 74
46 379 92
6 296 90
52 386 8
346 257 95
136 47 32
27 252 68
214 281 27
251 132 88
377 299 34
64 313 26
344 185 8
54 173 36
227 97 17
117 127 72
283 32 61
256 395 42
375 194 23
279 350 74
225 105 79
343 137 84
222 342 46
32 304 15
191 249 57
381 338 11
279 295 53
54 184 96
22 115 96
19 74 44
110 210 62
210 331 86
333 392 83
172 391 17
22 150 40
284 365 59
186 34 88
83 7 70
201 279 93
243 104 30
3 91 8
140 90 14
119 157 49
376 354 84
263 223 21
336 240 6
181 159 47
152 275 36
334 256 33
128 18 57
349 149 49
13 99 42
12 78 53
39 54 88
166 276 52
152 91 99
79 146 2
97 234 48
80 378 88
265 241 74
201 16 22
214 387 34
128 358 78
10 47 2
115 180 51
143 156 87
47 119 60
373 343 70
135 215 89
69 130 14
71 77 58
22 247 47
120 183 32
147 371 90
273 246 76
156 77 53
305 355 35
252 63 44
278 310 62
161 230 47
73 168 27
398 249 78
245 371 56
151 307 50
325 80 28
4 63 20
80 371 29
182 379 14
351 317 21
374 50 90
41 189 10
33 137 71
209 142 21
314 373 31
234 132 89
216 59 3
57 67 85
340 227 96
58 308 3
44 366 48
322 225 30
144 1 86
193 121 100
194 363 20
28 229 19
96 332 44
329 111 19
16 213 80
200 328 42
391 117 12
212 109 69
252 25 88
66 193 37
391 188 34
219 277 87
287 130 15
223 92 78
393 211 35
146 366 38
349 37 76
162 148 17
132 120 64
132 93 44
326 252 22
322 204 84
245 295 64
267 223 42
280 226 36
247 88 52
285 321 39
361 277 14
12 276 40
367 229 84
199 19 25
59 329 93
135 299 57
212 269 98
62 243 11
136 96 49
304 270 12
167 359 3
204 380 46
282 53 20
269 360 10
236 272 50
52 208 74
94 377 92
303 85 83
63 248 94
229 101 20
303 21 60
226 356 87
288 15 91
328 174 41
51 211 93
213 240 39
242 74 59
31 188 21
245 272 72
270 366 91
101 303 78
267 310 94
84 267 19
297 25 36
292 101 67
330 172 46
254 187 96
108 28 89
0 199 96
29 280 30
365 52 44
65 176 34
66 26 91
311 259 63
72 319 56
139 131 23
58 235 19
8 223 9
315 354 25
82 366 80
207 153 21
353 369 63
191 324 88
192 346 16
263 106 68
150 84 59
241 119 55
82 133 4
371 215 1
55 166 3
220 275 91
89 2 97
224 9 3
156 128 39
208 188 42
388 357 63
399 351 7
358 147 22
162 29 100
36 338 40
347 152 34
20 119 35
258 117 21
367 193 81
56 64 31
372 118 75
277 196 29
370 393 31
159 276 31
303 140 33
106 368 39
138 111 20
299 214 35
399 83 72
43 188 35
114 168 84
212 182 41
80 376 99
59 333 12
185 261 31
100 4 45
105 213 40
5 171 31
341 25 86
370 310 80
306 393 50
268 360 53
396 148 18
272 391 60
98 245 94
295 366 9
184 290 16
292 89 52
99 207 97
49 62 29
274 168 52
269 13 19
84 63 94
243 326 68
234 33 8
58 292 91
302 269 96
265 259 97
172 175 12
239 134 61
146 1 46
10 117 15
221 204 61
172 165 54
149 320 66
328 21 98
389 138 6
123 283 35
172 157 28
29 85 64
148 184 43
218 57 4
297 289 55
397 149 60
256 266 71
329 285 72
394 299 96
222 163 49
352 183 60
156 47 27
245 268 11
372 288 59
94 37 69
351 386 75
92 100 50
355 334 25
329 320 1
284 48 2
139 225 31
286 37 16
275 212 65
121 99 70
144 216 49
29 61 14
258 220 49
72 240 50
389 276 76
323 387 15
236 296 1
145 37 68
122 206 42
335 270 11
133 331 88
181 154 83
17 383 99
63 195 68
359 54 87
251 15 11
323 186 49
254 269 50
58 278 67
320 92 88
46 223 14
110 119 51
396 155 6
211 210 3
184 399 70
368 143 9
77 64 31
55 111 56
339 18 2
374 357 7
157 156 62
357 322 95
184 186 10
195 216 64
48 163 83
129 259 74
236 238 1
192 384 11
52 27 19
204 394 62
35 263 75
357 37 82
293 56 89
317 139 68
29 138 35
221 274 30
181 139 86
396 326 31
258 397 86
387 37 64
97 215 98
123 184 87
140 42 40
126 83 72
111 67 51
126 124 8
357 339 64
289 201 44
241 172 2
153 134 91
243 55 84
18 14 32
0 338 86
177 218 71
260 41 60
327 15 81
396 361 42
229 370 82
104 85 72
84 10 76
186 270 65
94 384 40
11 103 99
81 306 100
258 93 25
63 133 70
236 240 10
298 309 66
319 89 83
200 339 18
275 101 75
394 235 73
90 313 9
222 303 15
379 339 82
55 396 64
12 339 69
124 10 29
188 88 93
298 99 20
256 350 70
335 114 79
220 13 39
17 266 7
32 50 96
104 41 75
135 19 1
393 326 28
45 128 28
99 180 61
337 7 77
39 178 67
133 131 95
174 342 95
171 28 45
176 384 17
323 164 37
267 278 25
244 196 53
290 348 85
362 211 10
151 251 37
84 317 13
96 114 72
97 254 92
376 366 46
101 166 21
216 181 72
265 143 14
0 326 51
45 213 64
286 81 29
91 202 88
101 145 46
368 137 11
231 365 69
215 5 76
257 97 13
361 228 79
271 293 16
321 364 35
302 75 54
141 66 4
346 108 7
242 46 85
279 372 26
356 215 30
183 271 9
390 294 62
346 125 54
281 14 73
14 311 20
186 143 14
253 299 28
384 357 44
331 28 83
81 291 83
169 40 65
31 69 50
331 278 94
129 39 9
57 87 76
72 43 78
148 241 7
126 173 47
251 224 52
302 375 43
212 153 86
129 91 37
208 36 19
59 225 100
273 145 7
322 272 72
63 225 30
179 295 67
212 293 59
397 65 32
109 133 61
275 184 85
263 75 86
157 266 27
308 160 45
74 157 6
238 318 56
227 196 50
327 85 18
202 360 10
378 369 51
305 173 75
201 232 74
91 6 11
69 144 91
304 91 15
375 326 30
177 116 80
369 197 38
20 197 61
224 170 87
183 31 79
104 89 59
10 173 29
8 38 15
83 237 37
5 0 46
308 343 47
38 345 37
21 151 17
144 103 73
74 335 81
152 261 70
153 155 2
33 95 45
53 71 16
358 200 92
375 163 70
184 263 51
325 49 48
68 397 88
347 299 53
175 64 72
262 135 15
90 296 66
175 399 83
291 110 80
118 147 100
261 280 13
388 195 73
229 301 91
48 367 2
24 34 64
73 38 5
93 276 32
391 26 11
219 145 11
191 158 22
180 49 72
0 32 70
107 333 65
229 377 23
387 13 89
383 310 68
196 41 35
93 399 40
39 82 96
323 172 61
8 78 81
308 177 55
319 83 5
114 209 97
141 303 94
331 393 32
313 139 72
178 125 100
370 235 37
289 133 74
214 81 45
48 32 72
263 182 70
361 352 37
166 41 30
387 250 41
289 339 18
18 63 36
105 237 25
291 212 89
397 387 83
367 177 64
271 193 68
394 61 72
392 193 81
343 200 3
298 340 11
274 310 73
259 357 99
377 56 30
378 86 75
57 134 56
385 21 8
211 390 68
121 298 87
201 221 58
339 151 24
112 186 27
338 261 12
369 291 28
174 99 52
286 231 1
38 151 2
360 172 71
253 68 72
145 201 29
247 286 57
9 1 62
336 347 6
17 164 30
130 394 8
49 18 20
94 9 67
226 287 69
51 261 14
103 237 21
382 22 56
253 284 25
230 35 11
141 378 15
28 202 76
59 391 99
226 238 80
340 379 95
277 146 34
169 197 16
304 75 79
288 29 44
245 336 97
113 2 68
89 189 45
148 222 26
30 175 74
339 335 83
316 132 65
236 321 80
226 335 43
160 385 52
311 116 42
279 363 68
397 236 31
250 356 90
64 257 36
64 225 15
287 179 91
194 63 11
231 204 56
70 183 56
277 332 52
34 220 40
230 357 16
78 383 68
249 37 81
218 22 68
358 268 70
295 274 42
44 304 72
189 30 33
22 128 33
70 9 73
290 254 84
266 71 29
192 268 96
0 55 28
338 372 37
202 204 67
330 180 8
389 172 82
372 138 27
178 197 47
287 88 52
316 159 31
287 115 47
111 89 17
250 279 53
39 83 74
347 58 10
63 153 84
175 214 80
29 395 72
185 279 29
21 266 48
197 380 50
2 85 26
272 150 34
9 170 54
117 354 30
331 389 40
162 21 57
355 79 40
135 34 64
277 276 72
301 163 87
355 46 5
33 123 79
82 174 70
377 281 15
318 276 79
26 11 41
372 336 72
184 325 4
258 96 53
34 257 41
144 278 46
153 237 27
185 71 34
10 286 32
154 327 91
266 193 97
134 357 14
143 270 76
26 391 33
100 191 14
353 198 7
77 337 23
372 253 92
205 134 13
366 7 16
354 162 80
383 165 42
296 148 41
234 316 53
72 180 16
201 31 10
58 100 80
228 95 4
206 118 76
275 270 46
30 62 92
215 154 26
212 261 8
114 304 77
227 269 58
20 313 94
90 94 69
230 221 30
216 280 28
29 14 6
303 396 92
104 335 50
222 383 94
217 203 42
81 15 88
233 320 89
159 217 85
312 3 89
275 164 38
368 316 35
81 247 54
194 352 65
52 281 57
320 297 36
192 108 89
44 185 79
67 379 11
28 150 24
226 39 75
123 314 94
125 73 78
264 166 90
374 13 83
267 298 29
96 149 37
94 339 91
9 354 79
241 161 2
220 186 53
195 280 78
322 245 70
48 180 11
128 100 85
28 208 84
313 15 100
378 257 12
109 264 27
136 29 7
31 292 87
119 43 79
141 182 72
371 195 33
8 44 50
315 396 82
319 10 8
50 261 84
184 240 83
181 39 83
93 98 80
129 339 78
211 236 2
83 357 90
153 397 4
57 327 30
167 299 19
49 320 47
243 265 83
339 44 46
385 214 29
307 2 81
281 262 91
186 312 89
102 15 25
54 44 60
267 290 95
79 256 17
213 272 51
66 237 52
317 12 70
26 282 14
380 218 90
84 329 85
17 10 67
35 247 90
285 57 87
111 363 11
357 52 77
33 81 6
14 322 1
302 208 71
65 153 86
115 39 30
353 125 86
74 278 40
37 118 78
70 87 92
176 184 54
329 274 59
277 1 82
23 357 28
220 247 47
244 193 56
302 32 43
51 310 5
304 324 28
129 38 41
340 249 17
387 12 62
101 361 23
91 68 80
18 208 55
91 54 71
139 170 21
399 379 26
382 48 57
399 75 38
371 11 38
251 55 1
0 248 86
251 264 33
78 253 1
341 388 50
301 216 37
335 173 13
287 189 18
166 78 41
19 253 99
55 94 98
237 121 70
186 275 2
2 324 71
277 45 36
329 198 28
160 284 17
38 92 65
7 339 35
180 328 43
74 373 70
194 61 17
232 109 68
266 117 13
111 4 3
290 113 65
383 361 40
216 131 95
250 243 99
154 175 61
286 139 90
149 272 63
198 182 25
210 178 99
168 17 97
259 14 93
124 84 99
145 2 8
116 224 98
258 63 82
225 174 91
313 349 77
230 29 56
4 60 79
24 55 74
231 245 10
318 118 2
63 373 74
361 54 20
23 103 47
348 78 46
3 277 27
359 86 30
273 54 87
155 89 80
155 2 18
206 97 85
37 230 56
201 386 98
129 378 36
87 134 83
241 384 53
203 145 53
171 314 80
123 286 69
110 268 92
342 14 65
238 183 82
387 127 34
13 317 79
199 49 19
171 143 100
81 367 21
132 30 23
258 100 38
273 23 73
260 86 30
173 29 92
246 255 100
86 352 48
311 364 11
46 116 99
213 56 12
331 272 4
344 67 23
379 248 28
340 4 6
294 290 92
148 62 36
89 12 45
195 299 60
263 296 33
34 26 42
101 103 22
82 8 25
390 144 26
293 334 44
193 25 98
84 0 13
287 388 31
352 348 63
230 69 49
336 103 8
25 277 45
195 362 73
331 14 62
70 180 65
181 367 47
103 298 15
212 346 82
363 204 13
5 369 25
266 373 46
357 142 83
45 380 23
111 235 2
126 141 12
230 283 32
211 17 5
202 269 20
369 383 34
350 35 88
285 315 91
21 106 67
291 52 83
246 298 48
169 79 81
295 106 93
43 315 22
393 228 37
28 93 31
387 299 79
344 304 13
30 207 20
59 7 73
310 62 28
38 52 45
256 326 44
330 376 52
146 228 84
110 282 13
67 85 75
157 34 69
276 291 47
177 91 30
192 323 86
175 61 57
213 26 63
65 168 72
106 110 7
50 19 65
360 9 14
396 118 39
17 253 56
124 253 49
21 41 73
67 395 32
171 33 45
45 263 84
294 99 79
129 31 18
320 161 87
279 18 95
15 215 56
120 198 51
392 51 30
377 214 66
263 190 54
92 2 10
80 228 24
3 191 75
229 16 50
31 167 72
193 258 15
86 387 67
229 7 29
111 285 76
118 342 33
194 323 11
22 0 100
254 229 23
355 58 51
240 232 41
181 179 43
53 87 26
384 39 19
123 34 78
397 394 56
399 325 39
225 317 81
57 177 64
182 190 1
237 148 37
380 120 68
371 367 89
80 49 50
260 13 36
270 227 79
289 34 31
262 57 76
398 140 87
1 248 58
123 267 17
110 297 69
211 182 10
348 311 55
376 73 15
328 347 78
193 33 14
19 243 14
372 338 96
128 287 51
197 241 19
297 239 83
44 166 26
243 343 55
233 116 25
295 58 63
17 192 51
267 396 63
308 183 78
69 256 34
27 363 46
301 111 90
119 337 38
212 264 17
2 288 37
168 377 17
248 278 57
192 195 1
48 329 84
121 379 73
33 23 50
201 318 79
272 307 96
184 167 32
350 203 88
386 275 13
266 346 35
396 97 100
251 318 1
186 337 18
361 243 17
46 255 64
156 358 90
188 356 77
212 254 59
48 135 78
304 16 100
382 378 90
37 144 42
124 21 62
334 244 74
35 368 22
200 254 11
320 233 20
325 47 63
175 52 86
263 148 7
107 69 75
233 282 29
221 258 38
43 398 64
236 279 69
268 396 66
28 16 8
176 348 56
291 266 98
116 26 68
276 158 54
74 205 31
270 379 91
303 234 90
358 80 79
377 345 75
263 236 52
20 333 78
96 267 4
176 253 66
267 270 66
160 323 10
307 65 82
170 184 63
255 44 22
330 343 51
288 113 77
273 114 34
253 144 53
111 107 37
324 104 55
103 122 65
148 221 70
142 383 88
119 348 1
162 90 66
167 4 47
176 106 65
60 119 57
107 357 61
224 19 39
332 101 96
344 90 97
379 150 17
83 42 92
90 226 38
114 64 77
269 398 33
124 190 85
281 60 63
22 371 84
55 13 91
42 103 8
119 224 30
143 383 9
386 157 97
25 274 61
268 75 100
141 87 67
177 48 26
162 152 43
43 377 77
139 155 100
12 215 28
336 133 35
181 33 69
33 315 58
394 371 86
225 265 66
168 86 41
28 135 8
35 85 82
50 73 27
279 213 73
379 122 93
222 108 72
190 287 98
111 215 11
354 208 45
122 214 27
87 83 77
190 21 58
83 47 11
249 111 68
66 161 72
239 263 24
54 255 45
213 118 59
134 100 58
315 359 83
358 41 42
347 157 78
207 221 48
22 24 53
165 128 94
180 326 88
381 200 82
111 377 73
303 306 18
373 90 75
77 19 33
331 141 49
144 391 73
260 361 90
355 238 24
154 61 22
118 136 19
213 317 74
66 157 59
3 83 95
238 398 67
368 138 87
334 246 92
90 250 89
88 327 75
314 72 99
333 143 92
10 124 73
251 330 94
378 328 8
369 227 52
370 296 93
264 53 68
388 206 28
249 136 56
270 255 12
88 326 70
198 153 7
340 96 19
322 216 94
288 301 65
263 77 28
59 79 8
304 113 29
209 57 18
270 279 46
174 374 47
399 355 40
288 99 59
16 380 31
265 233 40
209 18 42
369 391 5
200 73 1
323 279 37
233 74 16
326 283 56
7 219 73
117 59 68
204 300 2
244 335 36
305 226 54
355 87 26
255 261 85
374 197 38
26 380 98
175 392 81
40 119 22
310 109 3
232 35 82
373 38 82
63 350 29
286 355 100
90 173 13
338 349 8
353 217 79
45 175 37
316 30 44
181 192 45
344 131 1
379 109 9
257 329 93
141 5 20
185 109 52
360 399 83
278 6 13
58 222 68
290 367 37
350 357 20
316 60 80
372 112 41
88 158 71
350 162 96
194 83 7
30 165 22
53 55 100
11 9 5
224 203 37
283 242 99
215 62 92
279 72 56
47 191 88
288 372 24
142 124 96
153 137 19
233 191 67
52 397 32
68 45 30
14 218 36
232 60 78
9 69 3
274 266 69
267 175 91
237 36 80
150 293 89
264 93 73
272 33 27
233 17 89
198 15 72
157 67 26
336 68 6
366 243 16
312 4 66
195 261 4
189 350 42
319 54 23
214 55 8
94 177 7
336 341 65
219 51 92
217 140 37
71 82 31
154 328 77
75 41 55
140 112 27
52 59 25
151 260 62
74 352 78
217 229 26
171 316 65
133 190 73
125 61 89
180 224 43
362 119 83
105 284 56
252 391 47
86 176 21
391 46 76
375 268 39
38 369 59
355 75 5
155 111 56
121 3 28
344 170 44
199 249 76
280 119 32
189 257 26
256 318 18
282 99 25
209 166 28
61 78 6
18 234 11
82 77 12
199 272 65
108 100 91
379 77 26
340 182 58
176 43 86
219 18 31
108 294 88
31 303 92
1 191 53
293 97 71
395 71 99
352 370 24
3 76 91
208 130 99
256 125 45
174 114 84
171 211 30
82 370 88
377 273 38
332 103 84
65 212 93
251 384 89
275 63 98
185 269 34
249 171 83
86 177 77
172 191 63
358 181 24
218 188 87
164 182 90
122 37 9
278 22 22
224 17 24
357 22 46
383 228 27
83 232 47
193 192 37
94 217 17
223 140 84
15 154 17
141 292 68
125 204 56
69 331 29
335 80 66
319 65 40
356 243 84
261 364 11
273 220 62
88 371 67
6 355 9
399 61 58
277 268 63
98 139 16
267 162 18
305 6 63
313 199 21
89 122 38
52 43 62
5 330 9
388 237 99
11 221 79
315 266 66
325 170 80
10 34 2
143 277 62
264 189 24
3 345 75
361 106 67
192 86 11
376 279 58
289 335 24
269 381 57
138 230 24
295 351 40
185 361 66
345 106 73
387 297 48
333 25 94
216 53 97
314 51 47
156 243 26
396 267 36
28 139 100
105 285 13
152 67 37
205 192 91
279 323 60
338 69 54
366 364 56
139 173 88
283 234 81
191 164 78
100 270 83
324 224 96
152 29 32
340 0 79
72 370 34
295 31 88
395 391 6
345 160 93
27 0 19
331 382 93
228 70 10
194 342 26
323 302 82
189 324 90
89 284 60
55 65 26
131 105 42
237 248 76
256 126 77
201 185 71
342 207 71
97 181 26
347 322 30
28 136 9
299 182 6
352 60 87
99 302 100
348 286 79
385 210 69
105 276 79
359 127 31
97 0 18
285 250 16
149 329 71
311 317 48
125 41 85
119 23 48
394 307 42
393 129 63
369 21 14
88 143 26
143 253 43
202 339 100
236 307 100
307 337 75
79 119 55
313 85 65
36 149 54
301 0 69
243 233 91
72 76 47
153 291 92
395 281 62
54 300 39
365 302 62
265 305 16
183 24 30
272 197 61
371 389 32
154 261 18
201 331 29
385 393 22
339 113 11
282 146 53
191 371 21
244 124 31
208 195 15
210 145 50
365 224 4
58 345 67
393 316 14
336 173 3
304 161 52
391 328 7
393 314 76
50 296 83
227 268 47
290 334 98
93 375 87
121 334 38
294 162 70
72 3 39
396 391 40
381 395 8
381 230 39
294 39 22
282 349 61
304 380 24
153 133 45
287 231 97
138 235 12
395 146 16
353 263 91
132 48 100
305 43 15
280 374 63
308 59 15
68 356 63
341 311 54
244 66 58
168 298 56
97 83 74
343 164 84
109 7 14
174 11 93
321 307 20
383 145 29
307 387 46
91 163 47
226 302 40
335 160 4
297 38 90
254 143 67
232 31 21
310 272 60
99 268 79
1 346 9
191 288 6
271 294 20
290 75 43
173 200 20
289 158 72
41 179 66
54 399 41
293 64 86
383 90 96
291 149 83
115 191 63
234 73 96
330 365 90
6 246 5
249 383 38
23 282 59
191 31 75
266 387 19
206 111 98
212 242 54
25 305 74
24 328 1
53 285 68
381 368 20
234 137 28
280 309 77
232 374 43
320 11 3
377 82 50
142 321 95
339 398 17
127 92 93
35 354 45
181 45 88
78 266 88
103 203 27
380 300 35
131 136 42
135 210 27
364 313 72
113 116 29
53 18 29
386 133 89
293 117 43
208 399 49
13 35 36
212 34 12
142 173 44
35 356 59
170 19 3
251 382 71
58 228 78
187 80 7
369 4 23
308 165 65
178 50 63
275 194 58
134 66 25
302 106 84
224 151 38
23 141 87
286 328 51
127 30 54
359 70 43
58 5 85
75 392 81
141 151 41
9 347 66
329 246 20
258 362 63
238 279 56
303 6 58
285 375 60
312 209 90
331 280 26
345 195 54
63 349 98
290 77 76
321 370 27
132 102 60
168 109 85
211 275 45
348 182 5
83 382 63
30 318 73
107 82 13
336 102 87
302 220 7
317 327 88
320 295 99
362 315 63
138 228 22
195 150 66
254 224 29
292 51 94
379 6 62
210 305 14
329 286 65
213 1 65
386 221 25
300 59 90
367 214 55
44 110 14
372 150 86
181 37 14
375 96 47
293 184 99
181 74 44
135 214 36
5 81 51
259 370 30
372 278 48
101 115 35
38 116 60
154 32 54
178 262 67
166 40 99
31 250 21
354 52 92
151 328 42
107 181 44
196 0 6
44 54 84
112 399 42
199 160 34
82 105 8
174 116 31
23 73 37
7 77 13
132 277 40
313 366 33
329 283 69
130 384 73
228 251 25
118 277 6
328 95 97
203 284 26
310 177 60
264 35 87
287 185 83
85 308 83
15 125 6
237 41 8
244 184 59
373 30 50
318 6 83
383 100 2
330 214 32
253 324 90
27 271 35
324 308 77
115 85 5
280 60 64
70 300 65
295 163 75
266 66 12
98 128 59
81 165 71
128 325 11
162 231 82
144 196 5
302 236 57
52 202 59
117 120 42
187 209 38
232 325 97
364 113 32
103 235 24
382 278 87
343 52 3
181 77 46
231 182 83
372 196 33
168 358 39
305 298 21
67 130 41
124 218 23
105 255 84
116 87 94
116 250 35
85 280 81
398 369 51
161 282 18
97 123 95
80 274 18
387 165 73
5 54 30
220 282 62
81 177 100
188 19 55
314 324 98
68 319 12
389 244 85
281 23 34
193 336 46
197 1 73
248 181 68
115 51 90
175 150 37
362 301 80
55 358 45
75 251 8
112 300 12
362 175 39
384 1 97
306 283 37
310 234 21
83 149 69
241 212 76
2 183 44
308 41 84
286 292 35
331 53 34
311 334 96
100 382 48
102 230 30
13 59 91
149 204 69
76 4 17
260 274 2
32 266 44
336 216 37
196 323 35
341 188 6
53 42 94
348 310 38
103 162 88
129 345 20
296 14 10
307 325 91
215 6 68
357 0 3
133 292 20
97 174 78
36 271 90
376 47 31
305 60 94
393 138 5
292 71 72
197 227 26
235 137 35
151 267 47
312 85 80
240 378 78
358 226 62
154 41 13
36 174 85
348 364 91
361 24 99
288 210 66
61 180 61
65 141 61
138 192 73
24 36 40
245 29 16
273 334 48
362 98 94
153 148 2
197 314 27
372 298 37
97 370 11
254 281 29
115 239 31
323 352 79
54 354 77
71 163 12
171 325 84
306 4 90
281 28 21
165 135 54
285 198 73
173 253 30
131 395 62
336 181 84
129 188 100
56 60 48
243 102 16
85 313 55
55 85 36
235 190 16
322 282 64
121 299 77
152 6 2
323 332 49
147 49 7
303 348 7
387 347 65
252 142 19
165 272 26
1 12 94
245 299 30
260 220 4
29 245 20
253 311 54
340 132 88
93 213 46
380 153 16
275 271 28
281 316 6
391 112 70
21 392 55
109 259 57
389 177 72
47 264 43
372 84 50
219 287 87
252 356 56
212 129 25
361 153 28
61 218 28
114 17 7
24 6 86
369 71 41
337 85 100
226 156 49
179 399 29
355 47 28
254 279 85
154 267 37
242 255 64
215 275 76
279 170 61
344 347 1
66 249 7
314 325 39
41 353 39
294 347 61
111 79 45
268 245 84
255 291 60
229 24 72
311 390 80
4 41 67
295 317 51
255 5 28
277 329 47
365 50 69
70 204 76
132 65 73
160 242 32
62 234 15
332 125 65
332 184 25
45 253 33
175 96 55
337 238 23
23 260 57
22 159 15
79 314 90
137 294 71
113 303 54
59 216 98
133 77 28
334 135 83
134 46 11
283 89 21
1 336 20
269 327 38
376 195 67
201 124 38
174 71 20
299 266 16
146 137 54
375 368 14
333 71 7
240 8 11
25 288 4
93 350 80
113 279 48
250 194 22
145 216 27
213 385 12
115 12 29
285 189 41
353 37 49
289 138 19
100 126 25
221 396 30
144 184 53
26 109 17
57 239 65
92 203 82
134 157 78
285 44 89
219 270 78
98 341 89
308 24 97
188 337 12
138 354 65
148 210 94
326 184 76
382 284 3
64 379 82
353 246 21
386 32 69
91 45 57
386 116 63
295 255 9
215 116 10
334 202 98
143 24 98
78 2 88
233 114 28
131 270 67
119 136 64
143 19 98
318 297 22
302 253 97
321 16 51
374 207 97
218 189 83
65 82 20
338 189 37
270 297 47
283 385 80
259 223 41
247 275 71
316 275 37
290 190 85
255 85 18
388 198 86
103 236 92
3 198 86
306 300 5
382 152 2
63 11 40
206 318 86
370 396 92
128 47 4
120 78 67
350 81 47
20 341 96
174 130 50
385 379 20
318 255 6
89 191 72
234 272 12
381 120 47
73 144 13
145 119 4
343 94 77
48 310 89
12 87 59
130 151 2
211 357 28
254 145 1
291 271 72
385 377 45
107 89 91
12 204 6
180 12 93
219 83 85
244 138 32
139 366 11
168 183 67
294 63 87
157 44 11
105 387 51
85 118 100
357 28 25
7 29 60
168 245 81
209 67 7
74 143 82
281 209 42
231 229 75
114 375 73
338 395 48
59 341 72
130 314 87
315 252 28
111 383 92
7 23 38
236 41 2
153 32 6
40 257 90
71 335 35
228 256 4
272 215 92
78 81 72
165 213 27
256 223 96
220 219 84
128 244 30
348 202 94
285 203 61
187 368 71
231 386 15
357 53 90
369 113 15
161 261 89
257 343 10
115 282 55
200 260 1
34 244 3
241 152 39
273 333 75
218 168 21
189 141 36
187 72 67
362 54 82
211 19 62
119 330 60
337 130 67
60 77 54
311 208 58
283 384 100
381 259 56
126 377 96
10 228 92
143 391 46
311 167 19
374 389 81
188 125 2
22 137 52
102 111 45
29 107 78
178 36 15
108 380 78
265 204 99
326 1 42
334 325 9
215 309 9
368 188 15
221 382 62
174 371 35
73 318 61
341 300 84
355 249 53
118 85 28
327 91 91
58 42 40
91 342 88
277 67 16
258 269 46
110 387 72
144 65 17
253 19 69
109 73 82
352 278 69
312 140 62
82 63 74
88 324 55
358 338 80
60 138 11
311 75 54
397 222 1
323 252 27
322 237 57
191 75 5
21 353 73
372 88 64
100 325 15
183 113 19
394 301 53
129 234 62
243 212 21
70 35 63
147 15 18
28 201 19
243 303 61
153 292 24
174 198 65
374 210 72
320 111 43
118 220 22
21 116 39
9 375 91
339 308 97
343 253 6
169 217 13
114 100 1
108 247 43
236 247 40
182 321 28
137 22 61
242 269 30
336 77 18
273 44 79
88 162 75
23 307 41
196 284 54
81 244 73
385 200 16
328 253 22
30 205 52
83 176 29
107 332 45
275 279 73
336 27 79
291 233 50
358 183 70
165 335 86
159 70 70
371 382 17
251 399 86
68 26 13
40 281 6
99 349 24
188 395 81
251 159 82
208 140 11
370 193 22
308 219 91
328 117 63
41 27 53
260 225 41
151 301 92
196 267 39
53 237 39
178 305 24
226 289 47
42 389 54
54 124 17
386 225 31
162 136 49
282 219 13
214 12 20
124 335 1
227 241 50
62 300 8
15 22 23
34 168 6
53 278 36
376 391 86
57 106 36
81 110 5
316 62 3
227 378 100
347 343 37
59 116 42
329 238 57
329 27 52
242 189 82
122 342 19
329 0 52
128 151 64
368 212 76
308 172 24
389 271 38
242 273 34
117 87 84
225 344 95
224 381 95
185 56 72
326 17 78
51 240 35
36 367 16
61 176 69
288 243 3
66 348 91
396 53 97
204 169 53
208 8 67
54 111 18
261 25 31
252 264 23
261 230 1
313 348 41
77 307 100
311 220 27
154 6 10
41 272 83
143 162 97
335 342 55
49 78 46
223 283 36
109 35 84
40 376 19
220 269 93
291 130 64
126 134 73
283 110 66
258 1 80
139 375 97
356 87 4
330 145 63
95 161 93
204 358 35
22 90 4
101 258 59
333 376 39
356 43 48
190 5 78
236 119 82
331 214 66
227 166 98
201 146 12
320 357 51
357 185 39
299 305 83
200 232 70
103 378 93
188 278 9
351 323 29
288 366 30
3 29 8
191 35 40
82 100 19
61 23 35
331 205 77
80 191 84
170 321 27
6 243 93
326 338 98
18 287 5
173 144 22
20 265 5
80 151 3
161 350 9
258 242 65
139 315 77
134 396 96
296 348 30
364 324 4
273 252 25
299 184 96
283 224 4
309 0 15
181 161 52
16 52 23
75 115 72
345 342 47
336 189 22
322 358 39
397 192 98
211 356 61
25 259 63
272 175 45
126 368 95
205 81 28
367 257 62
201 282 3
139 291 25
110 178 27
136 12 95
331 65 58
396 193 91
270 228 35
289 99 49
25 149 57
133 88 9
180 99 26
7 243 24
304 120 46
378 325 90
55 12 39
95 72 45
24 111 96
167 81 49
41 84 11
84 266 80
237 77 57
364 293 45
100 213 35
244 50 31
235 358 94
243 345 90
257 15 100
12 206 31
348 338 51
193 373 21
44 300 71
267 95 91
56 351 44
179 198 87
304 315 33
144 153 26
230 295 56
290 188 98
357 368 21
170 347 51
315 175 57
208 92 98
280 45 85
203 310 54
270 318 20
327 86 90
66 336 30
29 368 39
302 113 74
317 182 31
226 169 8
303 230 58
180 157 12
52 137 17
357 288 81
175 286 73
253 145 14
307 98 89
242 281 88
223 356 46
229 349 25
311 268 8
41 63 83
192 360 74
19 118 44
302 24 55
285 317 26
261 255 92
228 267 15
138 154 11
26 281 43
393 72 49
126 128 1
164 303 14
63 132 63
319 333 32
366 399 56
116 315 10
181 315 50
48 218 5
268 158 67
360 314 58
246 367 89
22 300 30
344 201 66
119 33 45
126 10 82
63 60 99
42 121 4
268 111 58
291 48 15
106 46 36
0 246 62
67 192 70
166 22 8
346 235 88
165 52 32
203 356 76
105 107 95
266 331 2
259 364 60
216 271 38
170 294 91
125 108 72
37 125 98
392 263 66
327 215 43
371 379 44
154 324 8
1 123 90
37 111 72
60 106 8
298 352 52
388 97 43
330 61 72
122 117 95
55 136 72
350 116 100
172 188 61
392 29 39
384 244 67
379 65 11
250 80 62
106 247 54
356 96 72
373 313 19
125 68 28
60 82 44
279 272 35
99 56 94
338 71 39
31 75 41
143 190 64
311 163 66
190 3 81
284 186 18
151 283 41
397 147 30
133 340 47
311 114 41
194 376 74
158 188 99
64 11 88
171 332 66
390 122 41
30 141 84
301 118 46
78 34 20
282 199 87
260 97 80
85 224 98
245 67 63
253 87 62
261 276 78
193 329 9
31 280 40
112 147 8
263 114 48
172 383 87
64 214 37
188 251 20
236 363 77
129 262 57
286 155 79
161 84 8
265 384 71
244 97 1
112 323 78
34 151 71
369 248 12
25 68 54
74 18 29
25 360 6
184 320 43
255 150 13
332 373 49
201 97 3
172 214 40
73 96 20
48 240 85
85 97 55
170 94 61
163 248 6
44 180 8
5 43 23
138 383 36
198 391 36
9 126 64
166 204 22
58 299 95
203 324 76
80 386 31
31 103 11
206 173 34
278 195 40
12 328 75
131 371 5
80 343 39
393 389 14
84 24 54
365 319 11
11 91 11
320 78 100
182 194 2
339 64 40
339 109 49
196 28 86
185 93 49
169 119 45
147 333 98
312 270 70
168 52 94
333 307 61
45 124 29
216 302 35
99 103 100
310 51 76
164 332 49
278 173 32
90 211 53
334 319 35
275 306 55
122 391 34
5 83 22
330 287 79
111 318 36
188 236 33
88 235 88
390 331 38
40 153 48
95 34 97
29 15 73
189 315 37
20 63 85
285 112 90
261 97 69
199 278 58
45 368 12
393 368 30
84 29 16
329 1 39
310 74 85
295 264 28
389 307 34
222 96 89
39 81 49
328 385 27
130 97 91
45 245 67
371 237 97
234 217 94
398 204 92
378 350 3
213 257 75
104 192 76
395 132 40
171 38 78
302 73 13
118 201 1
271 342 41
171 212 41
181 157 59
190 206 16
196 324 7
250 129 97
49 0 99
127 54 32
32 139 53
319 26 36
253 210 87
338 370 62
258 152 17
277 257 52
29 211 35
0 176 36
332 121 70
79 73 99
281 111 67
207 56 55
268 224 79
308 162 74
325 390 39
73 258 56
302 49 35
107 245 29
93 378 1
233 13 45
119 31 33
380 346 22
49 107 19
150 248 50
187 57 100
251 304 52
108 121 73
336 14 86
79 392 11
26 171 41
221 200 26
368 164 9
224 171 47
74 345 69
148 281 95
349 321 41
353 219 19
324 23 9
88 185 9
60 248 80
178 61 48
3 246 93
199 193 100
394 249 46
165 297 45
112 395 14
2 264 16
204 137 83
361 18 94
217 23 19
352 304 28
105 160 49
1 168 50
301 346 60
138 364 66
231 117 78
331 80 85
307 30 11
371 17 53
246 87 4
332 73 64
31 203 54
324 270 21
73 232 47
384 8 64
105 239 18
73 90 62
322 281 95
359 282 88
28 143 63
275 293 47
171 293 32
387 207 78
52 290 45
42 184 64
157 112 43
78 143 27
115 263 61
381 75 100
192 383 89
113 375 1
153 77 16
253 202 90
108 365 43
332 150 77
250 210 1
134 102 13
68 183 72
210 332 78
290 323 98
368 185 79
127 140 81
127 224 47
391 132 38
66 63 80
344 45 41
161 248 17
300 121 44
183 381 75
375 250 69
144 398 60
1 118 1
335 27 49
241 124 93
270 50 93
12 43 55
236 70 51
343 216 43
77 308 3
206 28 53
113 272 86
379 398 41
296 159 36
254 316 100
214 113 72
40 383 11
344 144 20
254 6 86
285 395 28
163 287 55
73 240 44
223 5 10
43 46 9
355 316 68
361 271 18
325 209 9
60 166 78
98 328 67
1 327 7
102 365 86
184 161 98
199 21 35
267 220 11
55 139 89
18 221 60
154 280 58
119 219 71
320 106 99
38 389 89
8 358 56
45 65 89
98 229 74
346 101 63
148 183 9
399 58 86
58 251 23
246 118 73
109 137 13
216 6 90
64 380 73
306 341 25
118 148 74
107 300 52
103 0 93
271 399 45
126 108 36
16 232 23
3 47 31
174 19 50
249 329 61
226 236 59
60 38 95
318 222 59
217 150 53
46 240 3
194 57 77
118 100 29
6 303 30
283 168 16
231 264 55
131 146 11
137 249 1
317 352 97
92 220 36
226 8 47
382 123 50
57 9 31
100 133 88
74 245 98
333 371 5
58 364 54
287 158 87
160 6 71
82 377 60
190 323 50
233 255 64
351 259 4
352 182 87
355 0 11
369 295 37
30 34 90
362 358 79
259 359 21
379 268 89
363 248 53
62 74 87
283 378 68
48 256 24
351 250 53
204 381 37
55 122 39
266 87 75
129 115 52
130 338 47
159 180 56
391 139 32
71 277 59
303 358 64
99 146 50
102 194 61
370 263 46
103 214 34
55 344 46
373 203 63
308 198 18
80 56 74
49 368 77
208 355 88
385 381 38
112 56 55
16 313 39
44 153 60
164 47 64
223 259 100
147 121 46
350 285 23
284 258 96
164 70 73
157 260 59
266 287 43
100 22 59
349 374 8
142 185 57
120 249 30
354 90 32
108 349 96
286 228 7
19 47 81
224 68 84
169 90 35
121 38 58
59 307 100
353 121 11
171 281 63
157 313 34
378 190 13
166 227 83
375 188 46
312 324 32
152 256 55
141 277 91
136 184 26
390 384 35
17 177 6
259 142 52
215 137 33
345 67 20
145 127 49
204 116 17
378 68 53
333 347 71
107 75 62
154 305 92
168 348 63
113 56 38
141 261 83
224 222 43
175 36 67
48 267 84
231 353 95
335 264 39
109 89 10
20 19 36
274 84 91
164 152 81
51 46 95
247 327 95
378 96 85
21 114 32
187 61 23
33 186 46
351 318 17
134 200 67
371 224 83
238 310 52
174 24 45
259 25 73
337 288 41
296 21 3
273 291 23
49 164 19
229 263 60
64 145 56
27 72 3
83 183 49
81 269 94
229 256 10
131 251 18
263 24 22
343 100 73
13 384 75
236 38 23
21 42 51
123 80 4
241 299 79
191 188 30
108 355 63
262 321 4
375 35 31
192 325 34
251 99 42
202 14 9
123 246 12
152 196 86
143 66 79
263 267 72
100 19 64
62 390 97
102 91 96
61 133 5
135 2 71
185 144 10
287 373 42
330 275 40
159 347 33
318 395 70
201 214 23
243 226 40
187 211 78
215 374 87
44 87 99
98 65 22
326 270 68
128 225 23
393 352 60
227 158 71
386 370 8
82 205 36
252 173 35
93 36 85
164 33 82
95 228 20
114 286 26
43 316 20
102 61 6
69 229 82
214 348 44
204 275 77
381 218 18
228 399 56
281 196 98
322 242 49
61 360 35
323 21 70
60 359 100
214 366 83
360 96 1
274 312 31
168 30 21
382 277 52
281 3 29
315 180 87
311 184 68
50 27 91
335 25 97
31 254 57
145 213 23
235 297 32
255 20 91
232 361 16
122 136 81
232 101 21
312 216 17
285 139 7
34 247 30
203 127 10
267 282 72
72 308 29
180 218 63
232 143 17
208 374 15
131 244 27
266 392 43
269 89 79
266 160 86
165 200 99
223 80 40
130 233 20
298 265 25
123 194 88
126 19 10
141 154 87
381 248 47
129 296 37
164 299 52
153 387 22
171 42 80
344 177 70
345 304 12
70 256 72
247 62 68
101 46 27
170 102 79
90 16 40
314 347 79
28 278 30
359 224 47
349 38 29
132 139 62
319 129 38
17 182 8
227 4 57
390 47 27
96 354 69
79 84 39
36 201 51
154 14 59
368 294 95
12 112 60
48 285 60
241 80 12
256 265 76
248 210 25
127 350 52
322 239 74
20 183 45
90 239 79
51 85 45
194 138 38
347 80 49
245 170 99
97 190 96
199 384 38
146 91 93
379 35 83
8 10 52
243 30 55
356 309 83
175 12 29
183 38 8
244 371 28
245 385 16
18 224 97
47 198 15
242 32 59
348 301 55
316 188 86
205 194 34
279 193 46
40 52 93
111 379 17
197 96 86
168 337 33
74 311 36
279 157 6
388 45 66
369 76 49
262 374 98
254 47 46
308 272 37
316 397 95
92 156 77
18 305 3
33 112 81
322 104 32
223 122 91
388 342 74
174 331 33
101 22 54
211 399 20
129 376 99
223 312 34
123 73 82
326 80 21
172 15 28
377 198 64
154 252 18
106 296 14
218 207 81
126 354 89
171 355 98
109 9 80
316 90 71
323 244 13
118 303 62
222 237 12
59 246 88
76 213 20
35 178 40
385 86 90
378 340 68
198 120 38
321 32 32
398 393 56
352 216 80
116 286 18
15 272 3
214 280 59
374 4 41
108 303 14
209 268 23
207 270 62
117 242 31
49 106 22
26 3 85
392 345 22
289 325 93
312 252 71
355 233 21
74 174 11
281 140 27
330 91 57
398 356 39
146 161 86
121 91 83
9 360 6
156 232 60
225 184 41
70 303 88
138 252 39
371 9 94
259 67 78
205 204 20
258 294 34
390 239 63
370 326 34
161 27 8
349 205 28
361 395 25
336 105 43
41 251 100
33 119 53
370 169 82
387 350 60
380 298 86
54 394 73
96 245 17
193 143 22
52 177 80
285 178 61
160 333 87
322 71 48
111 161 68
373 32 82
269 395 53
256 18 4
164 61 24
328 52 64
376 79 30
4 197 27
244 55 63
353 107 85
225 37 80
54 357 14
211 29 97
392 81 86
6 27 50
104 23 78
13 285 62
252 250 92
102 14 45
64 167 19
79 247 82
83 115 49
130 274 66
238 392 30
143 135 38
340 211 42
334 24 73
135 50 33
76 28 40
380 137 55
347 62 100
222 81 46
232 188 77
267 279 20
110 215 85
325 191 23
373 206 57
320 358 60
330 299 95
394 98 17
326 287 60
2 161 13
3 288 70
15 241 34
124 47 6
329 225 70
307 368 54
375 210 32
192 259 43
216 249 60
9 250 73
358 149 15
245 169 25
116 263 56
51 384 65
241 279 15
206 366 87
372 93 55
153 307 96
1 315 54
297 292 72
131 44 91
380 311 30
307 57 3
7 73 39
285 269 57
156 231 81
5 72 45
67 314 27
265 21 58
335 278 14
340 152 85
294 208 3
35 175 60
255 303 50
109 323 7
327 27 88
198 233 6
97 213 23
366 315 80
126 201 75
370 0 26
231 341 29
322 296 59
396 127 54
223 213 96
389 33 36
80 158 65
278 271 50
65 307 81
308 389 65
112 80 31
206 17 97
381 282 17
315 230 68
286 128 74
156 265 28
82 340 39
325 269 68
176 181 49
267 78 27
128 219 38
88 359 88
310 139 60
274 125 50
80 365 34
91 371 96
364 300 43
280 130 85
178 44 4
279 138 44
242 221 95
163 169 18
96 193 39
25 22 6
359 213 4
72 0 63
61 322 30
58 196 45
316 186 39
248 382 41
206 29 96
191 239 64
90 119 31
122 1 44
212 111 26
172 11 5
25 42 68
86 165 91
104 186 88
211 186 51
110 34 51
26 4 7
284 358 82
26 81 1
86 245 94
246 56 27
394 135 95
141 163 78
268 235 87
156 64 30
234 36 55
173 291 67
109 100 8
53 200 66
102 247 100
391 79 33
133 18 50
0 240 64
318 209 86
291 364 23
247 104 64
179 56 37
42 342 49
328 277 45
280 85 22
127 215 47
366 323 41
318 84 70
69 46 30
96 111 72
300 343 60
248 192 83
371 314 82
42 84 35
169 183 29
224 256 99
68 224 1
360 397 4
87 199 84
383 94 67
166 109 84
395 275 22
147 132 95
270 136 57
280 231 3
134 338 30
121 39 37
161 320 79
325 113 41
352 221 81
275 290 54
19 337 60
336 120 85
284 102 79
55 224 83
68 54 39
370 200 13
221 48 78
363 291 32
21 352 73
151 104 38
166 54 46
367 277 77
325 41 13
204 371 93
371 234 18
201 165 70
396 313 2
6 17 53
337 310 39
162 292 5
247 7 70
40 377 6
6 348 22
232 385 86
93 390 75
275 58 96
20 169 20
375 183 6
8 126 62
6 105 81
76 65 22
128 260 92
242 83 92
169 230 92
66 350 33
166 190 93
168 253 7
190 143 54
75 25 58
323 372 30
55 108 87
286 104 38
275 205 61
168 87 51
147 88 55
353 364 62
73 93 35
36 397 54
315 187 39
372 56 24
200 352 59
306 103 48
284 349 55
344 146 72
115 40 29
64 315 60
8 234 100
227 355 38
297 84 27
198 326 28
320 20 18
82 246 56
201 53 56
242 163 43
267 261 87
270 48 95
231 67 82
374 339 47
385 184 53
215 84 26
357 256 19
381 139 21
313 247 24
206 359 90
336 12 51
304 399 63
372 350 30
286 302 65
260 27 54
135 9 68
213 309 49
81 229 56
228 80 73
133 376 93
376 95 2
19 209 89
293 175 28
248 255 89
262 302 22
192 300 69
345 355 89
34 321 98
265 90 65
144 108 15
331 66 99
318 65 13
295 75 38
68 75 38
55 277 21
257 340 73
219 290 90
273 251 7
20 170 28
76 335 49
145 4 100
33 91 13
257 19 97
71 50 87
165 353 100
276 27 7
114 356 13
167 328 19
333 311 35
138 134 51
325 297 16
387 117 72
48 229 8
75 108 87
325 322 74
392 264 14
214 377 55
108 6 36
153 25 56
258 237 65
279 378 37
171 57 41
228 266 50
367 88 6
232 302 11
83 54 50
99 340 89
131 282 90
223 180 37
281 167 73
336 360 19
236 95 93
302 12 31
212 392 25
367 76 88
361 33 43
350 128 49
73 374 68
19 362 84
40 275 33
188 90 48
23 17 6
214 110 7
197 206 27
86 112 84
306 118 32
240 387 99
380 51 98
149 375 69
251 149 31
74 284 34
319 96 60
184 60 85
351 83 41
144 353 52
127 79 95
258 210 73
31 122 69
364 157 28
379 294 72
399 177 84
272 229 48
232 93 19
295 382 8
364 290 85
137 33 23
270 321 31
40 361 17
68 113 23
140 196 21
132 365 36
10 169 81
57 164 10
334 77 80
213 48 41
266 265 38
277 328 64
340 90 19
225 237 64
217 99 26
394 343 88
13 95 27
301 89 13
148 366 69
89 212 45
216 257 74
146 324 24
63 317 11
325 120 48
331 119 55
283 57 91
65 321 90
224 146 6
344 102 45
274 316 38
172 88 70
4 229 37
357 84 33
210 273 24
335 235 61
167 184 35
19 150 84
333 179 67
88 44 65
226 48 77
16 124 30
251 271 1
325 375 16
107 378 91
220 86 93
72 172 32
339 350 80
348 114 1
135 179 26
334 317 4
157 277 98
200 145 80
371 352 79
118 233 96
343 256 95
163 204 48
318 159 53
282 256 26
369 204 30
116 143 22
307 164 93
143 195 47
32 277 66
10 222 71
244 88 3
88 34 12
122 233 30
380 293 38
24 181 15
72 127 93
281 179 93
3 126 46
210 2 38
317 230 37
251 245 52
306 155 3
351 207 81
255 399 48
165 122 4
244 374 47
351 33 52
65 149 7
145 241 61
177 204 26
105 5 79
266 314 25
163 133 4
30 306 55
359 321 12
141 234 12
28 381 83
204 395 9
208 127 45
270 91 71
246 360 61
43 105 47
175 184 46
336 51 82
110 203 17
311 360 6
351 37 53
346 266 51
369 7 37
53 395 29
18 179 46
165 395 51
131 6 97
295 326 32
11 342 29
274 49 68
171 231 94
333 86 20
248 72 46
14 309 38
206 394 89
38 313 57
58 105 14
344 9 51
147 341 6
253 96 29
199 179 16
26 254 36
2 231 29
70 394 4
313 136 10
4 175 62
30 313 51
111 45 11
183 10 67
313 303 32
278 393 67
247 347 17
132 134 22
288 66 60
59 104 92
190 72 22
67 359 14
315 144 54
329 14 25
275 176 26
318 265 74
311 236 89
319 84 77
113 298 22
95 144 3
91 136 58
392 267 93
289 57 9
137 61 51
315 159 7
280 263 51
294 271 22
9 60 2
179 71 5
287 336 25
298 368 89
231 368 3
302 388 12
85 41 59
359 381 47
205 254 53
275 140 47
186 156 48
78 380 85
214 88 79
120 346 60
314 141 31
320 278 50
370 78 5
284 305 66
11 150 46
231 270 67
391 289 58
68 19 9
97 323 54
191 300 23
392 321 84
324 244 66
266 48 53
121 173 89
313 48 18
102 391 4
228 275 50
105 340 75
304 146 33
87 250 91
74 142 6
384 294 41
372 287 84
158 171 66
314 255 26
115 249 31
93 225 9
360 217 42
287 356 73
111 382 23
391 221 100
69 202 75
394 183 62
95 53 76
325 291 56
13 136 45
94 237 52
22 350 29
239 346 42
135 252 79
198 280 66
348 391 95
248 9 70
118 356 88
56 21 46
371 377 46
383 20 20
121 270 14
283 79 16
267 284 77
63 321 66
196 22 40
90 40 47
231 397 46
391 321 37
284 384 57
382 80 15
228 331 21
206 292 69
295 49 55
319 390 31
95 229 84
249 214 82
152 179 1
96 210 82
189 386 57
183 104 78
270 254 56
6 106 92
396 24 67
178 16 28
1 371 87
149 94 89
219 214 17
359 115 67
206 31 99
173 61 18
16 26 71
149 246 91
125 47 28
2 347 94
128 212 60
223 170 93
210 280 89
330 179 78
240 275 37
142 266 29
278 70 100
141 284 58
66 273 77
351 140 66
180 10 47
78 199 91
156 93 52
283 56 74
215 214 99
317 349 94
262 249 24
369 13 96
123 383 78
306 286 70
385 232 37
385 41 20
66 146 96
301 126 17
258 149 46
378 89 56
130 300 63
166 220 50
33 224 8
395 386 81
120 15 10
313 72 51
79 128 95
25 228 98
358 195 8
12 327 93
272 394 56
172 41 85
298 192 88
69 306 66
369 256 12
300 56 25
174 6 35
351 308 21
162 365 9
208 386 31
296 392 66
88 270 11
151 146 50
221 370 67
148 224 20
144 104 72
52 107 66
272 94 93
132 391 10
291 174 95
381 272 44
385 300 90
228 42 32
189 376 35
207 10 78
186 48 15
90 14 46
178 307 24
326 374 98
325 380 96
169 352 54
291 10 60
195 26 4
106 5 72
222 160 90
130 385 11
293 28 75
333 226 67
27 24 5
75 58 45
317 61 57
315 139 14
347 290 97
204 85 97
125 315 33
241 207 18
147 223 90
230 182 28
90 324 59
344 219 29
332 71 13
95 70 34
108 360 82
250 81 59
87 378 66
6 279 13
214 99 66
121 218 84
142 307 70
58 274 54
252 43 64
69 94 25
396 146 56
366 89 76
295 321 28
339 328 100
307 263 76
327 211 39
208 81 9
357 371 11
83 216 60
321 9 87
146 229 30
341 60 47
203 223 39
7 122 96
328 99 80
262 229 47
301 44 62
25 200 40
350 206 88
195 373 66
95 289 32
390 241 95
100 316 36
26 66 24
300 275 64
157 177 96
213 20 13
135 14 56
298 142 90
201 338 74
110 280 74
334 232 87
96 345 63
261 83 69
235 69 71
106 257 50
394 195 62
93 110 57
263 51 11
152 90 37
3 224 52
299 314 2
204 53 29
120 335 82
275 204 99
163 325 42
340 391 13
359 216 73
129 205 5
275 13 40
391 209 44
58 113 10
244 302 89
75 177 93
341 147 27
67 219 83
111 131 81
132 322 67
112 216 61
178 358 15
30 331 39
370 260 81
344 180 80
388 273 62
391 283 35
256 299 22
111 117 42
354 350 18
179 60 89
144 105 56
191 29 79
83 27 51
168 349 76
343 62 47
267 212 19
63 102 8
276 48 86
51 115 51
284 282 28
162 302 70
137 380 79
209 172 22
190 123 79
334 347 59
183 266 23
284 135 21
156 104 99
158 387 91
292 155 26
281 161 87
231 97 52
121 51 25
177 189 9
26 101 87
30 349 94
270 125 31
312 66 75
53 307 4
214 179 89
227 236 44
263 30 61
50 244 73
179 6 10
345 147 85
307 352 4
338 174 74
84 120 3
302 341 62
58 10 5
314 194 88
152 206 96
170 334 72
369 104 56
323 129 18
208 345 74
391 247 32
373 371 97
226 284 26
5 320 79
266 199 50
349 102 94
290 147 32
362 132 66
74 296 69
357 103 59
237 283 61
79 58 21
260 138 87
11 356 67
387 357 60
281 264 68
143 373 27
365 386 49
306 311 5
394 224 34
93 249 29
227 35 55
202 50 8
10 310 31
152 270 14
341 225 8
169 73 20
160 81 39
318 101 52
213 381 66
399 217 99
333 319 99
89 257 11
126 20 7
328 10 95
93 309 17
303 288 42
216 268 9
58 102 30
248 235 52
215 331 71
335 233 54
391 373 77
97 352 98
321 394 22
25 373 1
31 139 16
323 396 51
327 22 8
158 292 4
280 69 94
351 291 77
180 357 35
69 171 65
112 240 67
367 124 79
340 309 33
129 206 13
330 147 83
83 234 73
339 263 22
27 48 92
173 219 9
114 52 40
331 355 47
77 39 35
384 262 21
45 389 94
72 10 97
26 288 77
170 308 60
266 203 53
325 279 98
387 171 46
76 188 11
316 138 100
91 118 66
79 360 43
55 140 70
397 253 46
135 109 92
153 13 57
296 359 68
396 197 51
45 20 20
63 255 75
265 237 68
299 321 96
257 311 26
170 228 52
295 329 73
214 142 23
366 241 85
116 102 60
42 40 66
342 248 59
168 370 79
358 126 69
335 97 4
15 356 38
218 330 25
312 51 18
239 113 29
227 371 25
190 22 14
306 9 10
92 271 32
59 82 1
146 224 88
113 19 14
320 273 43
35 65 47
383 41 16
397 134 24
391 1 22
88 252 62
391 390 69
178 248 100
379 79 55
299 295 31
211 187 89
378 246 17
330 293 22
220 132 83
270 17 35
78 342 33
99 291 82
360 185 53
181 283 17
237 393 93
137 360 21
323 12 28
197 149 4
166 182 1
361 92 50
285 17 55
105 383 5
151 96 71
385 199 49
6 162 19
370 375 54
239 112 76
108 93 45
103 242 57
30 219 62
119 130 70
205 220 75
84 38 96
158 131 20
147 60 55
285 325 91
317 202 15
13 26 15
370 344 48
91 322 51
255 135 44
281 373 46
211 290 6
323 222 98
319 222 2
213 28 87
273 62 19
211 92 47
333 26 69
61 89 60
235 294 67
321 55 22
19 289 50
25 63 86
35 385 9
62 280 79
374 180 68
305 52 25
240 159 76
28 377 62
131 319 59
306 201 15
339 297 83
1 157 20
340 128 96
164 7 83
200 228 78
159 394 47
212 339 72
194 373 88
150 98 89
213 106 37
290 236 96
230 259 58
150 211 8
364 291 27
395 173 85
84 316 34
293 267 83
283 129 28
156 331 22
117 389 42
268 265 42
223 389 51
24 317 22
283 169 92
398 6 58
399 64 29
158 98 73
235 119 21
250 74 5
177 284 2
173 246 40
130 88 3
96 183 50
374 79 26
227 100 65
187 183 15
42 255 94
335 333 20
381 263 37
355 12 91
174 221 47
60 282 66
169 301 98
201 213 33
301 286 17
7 212 7
197 372 17
193 153 22
207 358 69
147 258 72
247 176 82
291 165 22
349 60 3
184 360 32
380 242 42
315 379 91
22 136 66
282 82 16
252 31 39
217 219 37
162 319 51
270 58 65
384 104 57
136 243 5
110 381 31
130 55 93
39 277 45
189 136 98
276 255 19
207 374 64
156 122 19
285 307 9
47 121 9
247 271 100
257 332 36
200 38 81
249 223 65
183 216 23
139 380 92
239 272 68
192 172 85
385 384 76
222 353 5
158 196 7
258 140 82
150 124 31
270 210 5
76 140 94
119 363 9
104 280 66
58 358 91
92 55 63
346 134 52
330 12 63
383 333 56
139 127 2
107 88 32
325 85 32
98 127 38
109 290 81
121 128 14
241 8 46
86 84 92
138 264 4
390 316 57
17 216 88
388 18 62
339 205 65
95 202 39
57 224 26
225 276 46
205 62 14
346 190 74
48 14 98
312 332 74
126 8 57
180 223 31
42 102 44
62 83 26
377 363 56
117 399 54
67 18 69
229 329 93
337 196 71
159 363 4
12 219 7
54 53 47
17 123 12
104 326 96
134 47 96
126 167 71
68 329 69
210 168 91
7 144 97
30 239 95
245 165 99
9 333 72
16 36 23
337 140 25
384 217 89
244 8 95
394 158 26
186 88 1
202 343 71
98 349 72
376 256 13
202 52 93
136 377 82
128 362 5
164 219 31
323 176 59
239 24 21
127 207 25
48 178 77
142 289 66
231 226 55
260 259 99
252 202 80
41 394 5
290 20 45
140 184 73
63 237 23
191 396 85
85 372 30
383 239 74
239 257 94
192 206 92
136 55 30
51 86 78
384 224 61
375 115 53
201 227 3
21 338 50
374 313 30
17 341 88
216 273 38
120 299 20
25 351 86
22 186 73
87 34 30
46 361 20
369 56 26
93 328 64
64 182 2
183 60 35
204 174 39
266 234 67
86 105 74
214 121 32
357 332 67
195 59 27
149 345 35
290 200 9
82 136 92
325 187 42
157 399 18
362 381 46
347 374 17
168 300 47
81 216 4
15 193 9
268 341 13
106 242 63
337 104 21
140 171 61
199 135 84
302 271 22
205 74 86
51 228 89
394 378 15
157 176 77
80 321 37
399 198 24
158 43 13
150 345 81
54 78 88
144 370 84
42 321 72
293 139 53
378 150 45
311 336 63
289 344 66
356 388 39
339 130 5
20 398 94
104 49 71
351 381 49
305 360 23
373 144 83
234 164 61
386 315 34
35 116 28
205 137 62
5 265 42
28 165 38
161 394 39
324 14 25
33 54 88
242 322 88
353 78 62
84 180 33
301 325 82
269 296 28
190 163 67
221 395 23
67 370 73
107 61 72
112 157 75
357 291 32
49 6 68
42 81 7
241 268 1
206 83 25
91 399 25
26 222 63
82 320 42
141 266 58
251 13 97
207 159 60
86 110 100
92 23 29
324 209 17
272 265 73
189 110 84
342 292 49
266 91 22
153 67 6
33 230 12
299 281 55
270 333 71
23 313 25
355 20 27
157 241 26
86 273 53
31 83 4
25 221 9
298 390 47
2 112 70
199 354 34
283 178 35
245 211 58
374 43 5
175 198 78
390 399 16
300 17 38
55 389 97
367 106 9
294 223 13
363 139 66
57 395 98
316 107 28
261 42 46
155 73 88
194 283 100
245 389 94
370 239 83
91 133 67
291 106 40
247 171 65
349 144 21
296 118 30
372 5 70
140 25 87
317 77 43
65 103 79
315 244 95
134 177 79
54 174 61
341 244 43
69 300 52
226 250 91
178 182 83
119 149 27
185 142 97
173 352 14
124 294 25
375 193 42
262 370 93
88 334 86
278 360 11
369 79 35
153 95 49
277 199 82
300 347 82
386 396 31
321 217 30
382 143 2
247 246 69
59 35 45
81 134 51
324 232 57
186 174 41
362 166 20
260 56 6
114 78 38
15 73 4
373 67 89
173 189 57
12 318 91
243 385 53
27 14 61
119 382 70
278 108 52
122 395 58
255 45 51
290 67 3
307 232 35
240 267 37
218 107 16
324 331 48
121 117 45
66 98 15
74 101 28
279 143 68
99 305 48
230 263 50
14 349 64
137 351 90
49 110 19
102 87 50
118 370 46
87 145 68
273 186 65
293 169 86
135 133 38
375 161 47
35 374 19
92 262 90
372 133 9
300 48 97
39 364 26
137 334 62
313 216 46
339 227 6
273 239 25
210 218 4
205 5 77
242 93 12
154 379 50
70 134 80
71 179 100
260 139 81
178 264 14
243 9 57
274 62 9
151 59 65
309 30 43
306 294 67
74 208 35
228 227 94
195 317 35
134 370 11
51 282 28
42 326 16
151 265 19
147 219 40
198 318 22
279 145 11
284 269 37
390 187 92
395 99 90
26 263 58
193 162 36
260 365 17
66 140 26
317 156 69
216 372 4
276 187 12
11 200 7
3 251 61
230 33 46
312 73 39
186 177 89
149 89 9
91 266 46
361 289 77
309 31 32
66 6 5
208 87 7
259 156 4
252 342 9
271 189 97
124 277 99
63 389 23
195 111 19
170 186 58
339 273 35
30 136 62
323 23 63
330 162 5
237 167 17
228 190 10
209 373 100
153 101 40
99 97 77
312 134 1
22 42 96
188 16 97
367 14 82
24 244 72
78 358 19
230 177 41
398 180 1
172 56 98
287 152 26
38 221 29
285 384 85
126 40 32
277 3 51
349 362 75
227 240 18
50 335 41
334 220 30
379 208 16
14 302 5
96 352 96
20 237 55
173 371 35
82 80 45
238 315 17
154 351 3
396 345 69
399 115 75
226 388 52
198 204 59
31 353 20
295 72 14
65 137 76
337 276 28
20 326 48
41 4 30
264 348 75
108 120 98
119 303 27
379 66 11
121 223 96
35 96 49
238 367 22
167 201 3
240 121 1
331 193 46
43 123 9
247 322 5
279 150 37
83 330 71
156 69 41
267 200 77
70 201 15
135 183 38
119 274 72
250 217 50
85 24 61
321 313 89
200 265 93
111 99 90
127 232 40
176 379 89
184 103 73
132 219 41
305 341 32
115 219 80
123 155 4
350 141 23
86 185 6
194 221 57
395 367 43
392 220 81
87 11 21
46 131 12
384 17 74
204 8 76
175 120 43
187 374 10
298 27 72
213 225 2
258 281 70
357 337 86
14 90 95
94 309 4
211 393 87
22 331 48
167 339 84
308 187 17
92 121 13
18 146 13
273 270 38
34 217 98
139 104 75
43 314 38
172 110 86
31 142 66
304 311 66
0 182 58
355 258 58
264 293 30
213 267 33
110 380 14
357 193 51
380 299 7
133 191 39
16 154 54
133 141 82
243 67 45
203 390 24
292 217 48
68 292 46
167 1 12
292 338 8
149 312 98
181 272 38
322 375 11
11 216 11
325 354 89
149 35 55
295 65 10
187 178 57
114 47 87
245 234 70
31 81 50
358 141 71
337 279 85
171 271 34
367 293 66
119 247 7
37 98 2
302 83 80
371 131 23
242 151 29
391 48 97
100 223 17
271 389 64
263 390 18
290 107 59
346 59 41
301 171 40
159 51 45
4 14 15
237 276 96
18 344 16
242 165 90
211 25 88
393 395 9
187 22 54
346 80 7
357 317 29
362 55 94
283 345 99
382 96 6
25 8 34
66 322 9
352 297 24
255 7 50
84 54 4
136 71 59
11 215 44
395 165 87
116 1 32
70 214 92
321 215 98
303 326 51
155 314 88
53 329 74
364 347 7
106 141 37
128 347 29
349 113 24
2 330 68
104 199 59
82 373 18
204 223 10
219 233 92
4 376 27
99 48 96
238 252 85
117 205 100
101 175 6
75 4 58
370 102 15
174 199 21
371 37 21
99 71 95
181 10 64
365 282 65
130 134 63
146 0 4
355 389 87
344 217 7
97 272 98
179 324 81
6 249 47
165 40 44
0 261 69
223 101 89
121 311 5
348 317 21
264 380 39
322 27 91
310 270 93
260 210 25
261 168 8
144 188 67
99 350 94
64 385 41
259 294 25
279 106 31
306 68 89
387 182 6
284 113 9
58 311 49
302 223 42
78 125 66
152 221 10
336 255 91
365 277 67
242 396 17
281 276 53
176 388 91
359 163 95
221 250 21
123 317 66
146 285 43
183 34 70
344 324 24
378 205 11
391 376 14
199 95 90
104 164 29
339 114 80
101 362 85
198 344 34
387 213 28
7 226 25
182 389 85
241 123 18
305 203 48
279 252 61
230 200 7
269 235 17
330 175 29
300 161 58
83 177 31
52 301 5
276 175 94
102 292 60
204 86 28
377 266 21
264 73 86
207 63 12
353 117 80
396 42 85
15 10 80
227 346 72
291 267 7
74 95 47
380 79 15
369 27 56
61 156 73
367 15 91
173 201 10
127 101 31
70 338 40
238 370 46
153 265 12
324 147 79
181 148 46
6 49 46
177 281 18
62 94 59
221 386 31
130 247 39
328 250 84
93 6 51
274 160 100
96 106 56
191 277 46
333 289 96
50 341 12
7 389 63
24 107 38
323 203 82
0 19 30
238 44 86
282 234 44
170 249 8
240 292 36
308 375 80
140 365 11
75 110 29
327 274 78
148 274 9
97 386 24
41 18 85
281 130 81
130 283 6
221 226 71
370 127 12
29 350 70
93 11 91
357 303 98
384 290 45
137 292 23
294 44 50
172 97 65
394 150 82
175 246 69
103 309 85
256 291 68
385 247 40
47 357 69
344 236 97
229 108 60
197 394 9
174 236 11
292 205 24
398 170 18
188 151 52
58 78 42
231 193 7
297 45 1
292 107 27
240 73 28
21 194 42
195 203 82
0 390 41
336 167 88
354 388 20
330 26 21
152 316 62
222 107 18
47 350 98
107 216 45
108 399 37
306 269 80
221 351 73
133 302 16
77 355 16
227 185 4
393 99 42
13 319 61
136 20 44
356 114 92
298 345 87
164 128 48
364 163 34
139 310 62
19 383 18
50 229 91
347 318 60
169 224 56
371 166 68
274 61 71
97 206 1
220 105 20
126 221 69
30 190 58
337 257 9
169 349 50
168 180 29
37 315 65
367 28 7
172 211 2
6 278 19
89 25 28
116 128 21
207 194 64
262 30 85
264 121 8
1 198 85
373 351 65
40 160 2
313 320 7
256 234 56
103 213 85
309 356 30
234 155 27
226 248 97
310 371 37
291 202 24
75 265 70
48 146 10
381 6 4
319 88 89
164 193 43
278 130 81
121 235 11
21 359 83
272 278 100
304 231 50
353 314 21
310 106 14
263 361 13
88 243 31
250 386 80
388 132 64
132 70 36
224 285 14
213 89 46
50 151 33
116 177 54
128 263 100
217 234 2
333 397 45
302 67 25
305 307 33
240 242 63
37 64 3
235 376 8
137 391 60
40 286 41
298 365 49
6 245 69
262 155 11
286 258 67
204 238 38
346 104 1
255 58 17
254 68 93
308 175 82
219 375 63
185 70 7
57 271 26
113 154 10
185 55 80
202 53 79
147 79 95
358 308 34
171 158 59
198 53 98
66 279 29
303 146 20
100 285 58
222 239 41
18 313 65
391 187 10
357 367 19
126 161 37
194 317 60
381 271 94
88 234 96
168 42 85
394 320 93
164 12 48
80 127 57
272 288 90
18 330 69
144 198 14
125 16 69
191 100 57
258 2 62
207 213 100
153 86 98
82 315 2
153 2 69
74 112 18
85 0 59
201 218 40
333 133 39
7 366 21
120 182 39
269 78 60
181 203 29
335 50 20
32 31 26
335 392 47
102 221 86
334 183 95
100 220 83
217 246 4
114 382 77
176 344 95
93 195 63
288 191 11
171 87 69
232 199 81
300 309 43
327 397 63
350 323 80
351 286 56
224 324 79
168 241 53
384 21 89
353 230 15
169 110 20
126 97 12
366 346 33
22 49 19
224 308 30
114 380 90
308 277 32
176 102 22
83 236 26
334 395 93
181 23 26
241 48 34
104 308 56
313 221 73
144 359 72
197 13 79
166 4 44
394 49 92
6 336 54
235 117 55
372 60 71
21 35 26
262 60 88
224 382 34
125 155 44
10 258 55
363 262 68
52 36 71
57 51 55
326 95 55
179 94 41
359 228 15
184 247 59
14 237 61
187 277 72
364 156 71
315 193 99
341 303 36
311 342 88
337 41 61
224 137 68
236 366 91
333 254 39
336 124 35
118 116 26
196 293 44
293 45 20
161 238 94
124 173 15
256 316 75
96 28 8
269 63 14
298 391 34
380 305 91
335 13 48
341 330 78
323 130 45
42 88 66
176 221 48
131 190 48
354 224 39
108 314 30
99 296 43
2 229 66
225 99 58
74 204 38
73 301 59
302 119 21
120 150 13
201 363 59
25 296 4
9 289 12
296 12 49
368 291 17
218 29 74
376 113 97
154 270 51
1 388 34
369 50 78
302 79 97
370 158 62
360 154 73
40 369 68
165 124 70
198 283 76
252 73 33
31 332 38
307 64 45
204 168 56
113 9 48
137 164 5
271 282 40
351 71 35
347 131 19
277 11 88
78 354 46
233 169 60
77 203 78
212 38 10
189 393 87
24 165 49
385 314 64
233 302 10
203 222 43
362 33 63
47 311 58
184 245 32
393 80 86
339 337 71
178 73 57
285 91 62
310 367 68
345 59 65
393 174 55
65 10 81
140 329 98
144 360 23
60 372 86
187 247 74
8 248 76
7 158 63
153 219 60
301 285 94
282 238 14
0 189 15
36 28 58
44 4 29
156 109 25
262 219 84
3 331 2
377 45 37
321 195 25
95 201 7
89 391 55
126 160 79
173 331 66
98 336 94
212 227 86
319 67 60
300 373 37
1 150 53
82 17 27
261 234 5
1 22 3
275 94 43
331 365 62
370 178 45
20 391 76
328 342 14
112 28 31
227 41 85
342 302 81
333 151 14
171 188 43
315 171 16
58 149 2
30 137 3
196 203 31
362 152 11
29 51 38
23 185 37
128 393 9
329 303 37
150 152 92
236 348 88
317 396 45
273 117 81
230 195 90
6 247 75
248 233 75
351 304 81
363 157 17
219 131 99
203 202 27
47 93 94
386 330 11
255 248 65
383 381 90
388 259 67
397 255 52
222 71 79
34 206 72
190 252 2
21 28 70
3 196 21
360 271 84
251 212 57
231 330 81
144 164 66
268 257 55
320 7 61
165 350 94
171 371 98
195 235 54
177 25 22
346 92 46
322 359 6
155 396 41
223 365 53
171 248 65
311 283 72
152 5 64
101 246 52
168 343 19
159 236 78
150 106 38
387 197 2
270 70 73
8 170 2
316 110 67
106 126 81
115 343 54
127 398 15
80 26 84
225 0 61
95 348 35
346 45 52
51 236 15
337 159 89
152 42 72
177 247 10
99 24 74
279 310 40
196 59 39
5 231 37
64 287 46
241 81 26
19 144 2
358 225 35
25 48 82
356 327 33
172 308 84
109 296 87
343 101 88
290 129 40
298 144 10
242 37 80
216 143 65
199 2 66
170 248 57
174 249 30
340 168 6
221 344 11
308 176 82
388 159 63
190 7 24
329 20 51
238 268 31
256 201 19
385 162 7
71 34 56
261 81 35
80 40 63
279 81 65
231 9 60
143 81 67
178 278 77
227 77 74
90 43 16
251 292 41
167 202 26
165 259 71
46 366 44
177 72 82
159 133 22
198 131 25
191 343 8
99 121 26
36 212 91
138 83 71
280 162 6
89 305 43
394 86 26
140 101 54
347 277 61
253 289 58
185 204 28
150 207 90
217 374 8
161 319 40
379 386 63
291 57 52
351 158 37
303 205 21
25 380 55
184 18 10
140 338 28
357 73 73
341 251 61
371 271 63
196 316 75
290 176 100
33 153 32
59 192 64
174 143 31
178 131 99
189 86 25
225 135 87
196 125 85
358 161 62
76 92 64
110 228 80
213 293 74
230 61 80
74 328 71
154 52 91
290 202 17
64 396 22
18 293 78
150 92 27
364 312 31
43 150 45
30 361 11
262 18 60
90 207 40
64 43 75
299 157 98
340 381 31
217 79 15
124 266 19
23 310 48
72 315 72
88 137 69
380 55 92
397 34 34
138 290 22
124 174 39
39 91 68
24 104 15
256 273 69
94 291 57
192 55 5
333 374 9
213 16 24
1 273 76
397 224 34
254 195 24
15 370 39
86 25 3
392 21 30
166 61 29
142 284 49
388 280 5
182 205 3
104 108 47
9 281 92
350 11 89
19 65 30
113 143 50
280 237 40
347 109 22
211 133 89
8 43 43
338 253 79
254 205 75
109 76 36
88 140 14
290 133 58
76 25 78
280 140 2
313 171 66
354 212 3
183 268 65
353 346 37
69 218 24
35 205 33
346 56 92
183 121 27
307 399 94
14 198 85
3 190 86
298 334 58
8 148 99
266 209 84
119 201 61
165 113 15
43 358 26
106 336 13
98 26 42
269 347 13
4 212 89
313 396 23
23 11 74
77 287 41
329 288 58
315 92 25
203 107 11
383 373 31
162 364 15
72 9 5
132 316 6
191 183 8
333 5 47
294 145 67
268 44 72
391 240 70
22 149 37
98 310 23
264 167 97
334 54 97
131 1 68
396 156 8
263 334 71
224 311 56
93 267 11
66 390 7
287 352 24
218 190 70
24 132 67
322 386 35
282 11 63
340 204 88
373 199 65
382 210 50
232 61 77
200 20 87
365 232 40
70 16 83
2 58 55
367 133 70
385 43 82
80 180 93
153 181 8
23 249 9
174 310 49
346 375 51
123 131 11
247 307 4
87 375 100
2 341 96
372 355 30
73 194 98
161 304 36
377 289 39
377 372 8
242 330 58
131 258 60
301 281 45
299 35 35
365 111 66
313 147 41
331 218 62
95 332 32
130 376 92
355 189 39
160 11 58
367 80 41
198 321 90
357 294 12
249 331 27
346 212 30
221 22 70
125 310 38
19 37 6
173 45 65
65 259 82
49 74 8
212 328 77
223 56 75
137 13 20
176 258 91
83 188 6
298 364 68
133 53 51
36 40 18
89 231 85
332 117 91
181 121 9
36 27 76
329 378 60
373 169 98
176 245 47
110 52 1
102 184 46
275 95 15
19 21 89
108 204 97
90 338 40
191 77 28
24 331 23
5 210 39
242 237 16
263 111 10
362 70 67
72 201 98
69 165 68
256 354 21
63 382 1
378 296 80
201 166 46
347 149 93
32 109 78
264 187 68
68 41 80
356 98 29
179 289 58
248 288 16
370 391 99
91 168 100
11 139 96
360 56 43
334 362 4
248 275 24
372 319 41
35 87 38
379 397 47
260 216 18
206 344 53
305 230 73
306 108 21
223 376 86
70 341 20
68 4 41
7 183 43
312 128 44
116 216 89
177 233 21
303 49 64
122 155 68
30 154 28
358 101 58
231 298 52
141 229 66
359 162 15
110 223 77
7 43 70
210 277 52
189 137 19
110 179 70
9 324 39
231 104 26
53 165 53
289 361 43
310 281 100
365 397 28
310 121 53
27 87 9
323 280 27
59 259 100
225 124 67
21 377 54
193 71 13
29 247 63
60 305 63
322 306 9
397 32 22
230 365 93
282 280 69
141 215 57
151 278 95
202 60 24
70 271 2
99 357 53
74 137 4
26 97 48
353 387 2
99 40 45
9 328 95
379 54 6
360 299 48
128 157 11
170 302 42
188 136 21
324 286 51
88 396 63
327 90 75
15 160 16
81 338 62
304 284 70
257 294 51
67 55 25
149 311 61
267 90 82
93 314 10
326 109 33
193 80 7
188 107 91
227 124 55
206 388 82
101 348 15
167 136 40
46 10 95
247 212 18
145 143 25
298 194 65
338 160 83
10 179 85
134 49 50
184 141 70
16 234 3
181 352 59
57 352 26
297 48 67
363 193 24
1 377 13
193 50 88
399 71 13
338 108 6
106 273 24
18 39 4
192 280 49
379 295 85
340 263 4
246 254 89
353 92 73
68 309 92
324 288 2
284 371 34
240 290 35
240 147 74
116 392 57
196 247 2
26 385 7
187 369 13
297 62 35
90 243 99
99 131 6
100 302 67
390 269 75
291 147 11
149 300 56
103 253 27
269 77 69
91 397 36
192 271 33
171 343 32
67 107 45
50 250 55
158 3 35
212 297 70
213 371 3
78 367 92
101 358 63
384 72 33
389 104 43
175 281 56
204 276 31
244 254 17
157 284 100
390 82 78
3 30 88
142 98 94
82 132 98
325 341 11
299 264 39
217 387 77
81 289 7
346 111 35
377 170 3
52 234 52
347 102 42
230 213 33
57 342 89
163 351 42
300 392 73
197 326 5
394 219 38
339 317 40
52 220 53
42 96 10
139 349 75
229 18 11
58 218 5
368 198 62
329 79 27
362 12 87
70 218 9
340 221 6
98 71 85
335 164 98
387 372 24
204 318 91
75 288 80
29 353 13
7 351 80
82 13 26
243 363 49
15 247 10
128 344 21
99 117 23
99 337 43
216 303 36
130 285 36
233 294 68
208 244 2
12 152 35
82 68 15
224 110 20
58 39 78
176 192 70
258 64 4
300 356 96
207 149 35
266 148 71
399 363 79
49 19 60
196 310 2
99 181 88
130 117 11
164 213 19
224 397 21
131 45 72
273 51 40
195 208 5
310 351 61
178 30 75
57 27 99
75 335 7
49 248 87
196 356 20
177 79 87
209 110 56
283 1 78
200 199 67
345 271 69
339 125 90
371 249 34
192 292 21
277 50 14
243 171 95
229 111 19
169 218 1
61 221 79
372 37 87
281 45 74
58 26 96
238 325 63
376 204 34
275 44 25
51 271 82
158 143 68
195 207 1
45 189 61
350 66 17
27 263 95
221 259 89
225 15 43
76 176 13
249 135 2
35 217 52
384 13 19
113 195 49
326 63 13
76 368 31
266 369 27
189 167 67
186 367 14
98 270 95
190 132 23
357 383 10
243 31 73
119 107 88
151 63 44
86 204 28
76 7 90
169 145 98
153 179 80
325 214 58
92 5 92
162 159 4
246 44 63
259 28 62
296 111 92
121 390 7
241 220 72
115 93 82
4 51 80
128 103 59
196 137 73
140 266 15
147 188 16
335 161 80
191 223 96
138 67 60
138 102 92
310 317 52
382 227 22
65 173 100
0 200 87
100 63 33
383 48 51
29 397 46
216 380 46
49 188 91
334 318 37
283 354 60
115 48 93
230 76 36
330 42 17
321 287 55
390 297 8
191 78 56
144 98 19
168 316 71
321 130 47
280 125 5
96 371 72
129 216 85
45 307 48
78 66 18
32 195 20
285 291 50
229 95 38
5 18 68
64 395 74
305 292 25
29 283 40
4 37 99
7 47 44
376 265 85
85 119 41
158 2 86
395 360 76
379 177 51
33 335 57
138 334 61
228 187 64
26 182 95
117 266 53
381 168 55
254 223 85
83 86 31
364 250 55
375 353 57
54 37 85
209 126 15
203 66 74
66 211 100
204 226 7
8 180 81
386 272 79
91 252 4
292 30 38
163 397 18
276 252 90
69 18 100
318 29 68
168 242 81
298 175 4
56 300 49
304 200 78
156 110 65
286 321 33
354 289 75
75 142 8
179 235 65
77 87 90
280 63 65
347 79 73
75 307 77
22 151 36
94 332 78
163 317 81
334 350 86
190 164 23
21 182 69
33 180 46
156 356 89
390 59 98
339 9 17
79 297 42
219 146 61
207 255 35
34 137 3
121 382 71
200 110 98
281 356 61
39 119 82
94 284 95
193 398 86
141 327 23
376 131 8
68 284 93
150 278 78
322 198 52
1 76 61
61 168 53
133 322 99
88 280 71
90 24 62
201 344 17
49 337 24
382 33 9
396 213 59
26 135 56
179 374 78
248 41 33
119 246 19
355 174 33
212 308 73
102 216 40
195 143 58
187 355 12
259 60 79
151 287 57
369 247 82
227 341 73
186 192 85
209 362 59
56 390 33
247 223 35
1 319 85
65 147 100
307 38 55
339 316 26
272 255 36
66 326 72
254 302 17
221 113 22
336 206 38
323 137 72
232 11 48
397 242 76
248 333 19
332 351 82
219 212 44
227 374 6
324 341 10
53 343 31
59 297 18
120 30 51
192 61 65
116 301 74
10 167 18
225 248 36
20 342 94
45 303 98
143 323 54
63 149 5
182 357 60
303 159 28
248 380 47
362 262 22
104 159 18
18 5 31
240 198 99
25 168 34
85 60 2
369 205 83
69 236 81
397 341 64
3 260 24
152 22 51
10 364 63
81 223 16
151 398 47
237 67 78
292 44 65
185 138 83
260 290 92
292 192 28
170 381 35
268 323 48
102 242 52
246 138 86
350 223 29
225 274 59
235 309 33
85 321 42
204 150 62
23 384 80
159 334 82
106 255 33
21 206 92
187 91 89
189 197 76
71 208 75
1 347 95
305 35 23
89 359 60
30 388 90
369 145 66
35 296 19
284 395 69
149 324 78
135 190 23
254 19 61
85 248 26
139 397 25
170 245 21
199 267 82
311 169 11
231 0 93
266 124 93
227 351 87
275 61 82
329 142 11
72 186 97
380 371 21
18 256 47
294 149 4
260 237 33
304 112 97
323 55 95
251 94 73
282 289 17
369 187 13
93 361 5
182 362 41
315 215 70
124 34 60
397 29 62
30 382 97
181 266 3
231 313 78
69 6 62
276 198 96
14 336 67
9 363 25
349 219 8
22 236 60
41 171 6
88 228 19
37 366 36
137 126 98
136 63 34
301 329 21
141 286 34
104 11 34
263 13 35
98 180 86
137 382 48
57 7 73
367 65 38
305 118 22
243 346 53
249 160 89
368 251 37
347 315 47
361 269 29
198 167 22
125 45 7
398 28 100
69 85 38
358 263 98
159 156 80
372 227 79
166 293 15
99 370 50
249 315 44
338 175 20
71 65 42
363 210 37
152 199 72
4 394 76
343 115 45
79 234 38
36 207 99
252 392 17
369 172 67
4 201 14
282 131 32
374 340 89
321 241 87
267 191 24
356 1 96
385 324 39
374 40 98
210 165 91
253 231 19
342 222 37
322 168 37
323 240 71
168 136 58
105 99 31
41 138 69
313 148 86
163 346 96
256 50 31
154 230 86
289 304 10
142 373 51
61 292 34
60 112 53
8 29 51
159 63 20
84 132 76
128 259 100
81 118 51
231 155 64
70 215 97
45 147 60
30 138 53
47 252 83
327 179 53
242 21 8
150 37 26
94 59 78
199 194 7
76 171 26
297 310 33
88 171 53
121 366 56
85 222 98
254 110 71
213 238 8
380 277 81
208 246 71
129 167 76
84 394 4
104 392 60
2 280 89
43 195 29
282 206 11
46 305 32
313 103 6
274 379 48
393 109 66
178 290 28
324 340 87
338 305 40
136 101 75
338 28 98
134 77 77
254 317 33
127 194 97
228 109 54
264 304 88
388 220 9
78 158 16
264 177 89
219 244 84
328 86 30
277 69 64
229 135 74
127 231 76
364 109 86
131 169 97
258 0 81
274 29 54
322 184 7
110 287 51
94 160 71
391 265 61
20 208 33
336 41 19
166 252 73
25 322 67
108 25 15
49 297 18
302 334 28
269 359 30
333 99 27
260 380 11
151 229 58
369 292 86
157 121 93
280 30 79
385 105 88
304 320 24
390 85 7
19 187 38
294 152 50
368 31 75
309 355 78
241 310 36
89 295 33
53 205 94
73 389 88
141 248 95
6 376 57
80 89 27
88 104 92
37 333 40
272 145 74
137 23 35
297 74 5
370 228 29
205 340 24
390 184 17
17 28 34
256 149 51
348 118 35
366 351 85
177 105 17
309 114 83
290 38 32
191 321 20
125 370 28
46 234 71
212 82 67
52 187 17
82 238 11
89 199 38
214 339 94
70 197 83
373 310 64
332 60 35
34 188 97
282 81 4
139 265 4
48 109 29
382 323 10
254 359 63
26 90 66
52 292 97
311 101 68
330 78 93
247 3 86
349 45 77
241 61 21
332 265 82
207 184 19
378 49 59
279 177 82
5 148 96
248 51 81
2 223 55
378 9 31
256 45 61
345 293 89
247 350 45
206 191 31
33 371 87
4 276 91
49 94 27
324 383 57
316 175 57
89 347 25
250 199 70
57 330 68
141 12 79
106 324 48
391 198 90
328 203 90
316 17 88
236 58 42
90 381 63
26 68 64
58 398 38
227 193 21
315 317 2
364 162 80
252 375 99
85 353 42
144 99 49
376 307 74
79 272 23
154 38 80
322 135 35
96 310 72
125 10 46
362 35 49
218 156 19
150 214 13
396 1 38
115 15 8
189 284 34
125 148 71
352 99 50
125 101 81
58 45 100
53 10 31
339 208 36
212 62 35
192 39 100
271 7 27
262 310 81
308 247 60
251 175 88
300 206 92
215 81 40
198 148 73
80 161 43
161 121 8
231 311 79
68 277 90
205 69 95
296 78 75
255 344 9
208 269 41
313 333 67
395 17 30
285 175 80
166 13 48
59 89 80
109 387 47
208 308 16
297 128 19
312 212 55
208 23 58
123 125 76
131 362 20
393 64 76
302 121 76
64 228 18
341 136 94
78 204 63
62 58 68
153 259 57
43 291 79
151 391 66
386 84 79
197 194 62
119 297 34
31 41 11
290 29 97
218 95 58
391 4 46
262 56 77
308 46 84
339 386 69
137 354 77
273 52 10
245 196 32
312 168 29
394 204 38
108 254 37
291 23 35
67 33 1
190 67 99
299 212 10
52 393 69
309 244 94
358 295 55
358 69 5
351 84 2
282 335 78
380 43 37
370 66 66
16 62 68
137 357 94
182 162 98
277 391 64
184 163 96
55 345 42
108 2 94
248 293 9
258 108 59
28 276 100
110 56 28
368 259 55
60 371 98
387 338 70
181 116 53
229 60 35
65 374 54
327 384 4
281 205 7
213 255 25
180 183 19
102 39 28
197 365 68
318 172 57
340 389 82
113 110 37
393 291 53
257 390 83
336 138 87
124 282 59
69 58 96
97 377 16
351 2 83
311 3 55
230 267 25
65 352 26
280 24 65
398 361 11
118 36 11
245 122 34
73 355 26
332 226 87
182 294 99
52 167 7
43 392 66
257 102 25
265 146 8
79 0 63
272 38 46
294 204 97
163 315 36
34 255 95
249 87 26
197 20 96
365 14 73
118 376 16
247 267 88
111 309 7
97 357 75
108 67 25
37 9 37
66 234 82
222 15 49
253 6 9
266 245 99
199 156 68
50 374 31
318 306 94
326 396 81
128 187 28
292 161 81
313 290 96
125 221 17
61 47 22
37 146 45
95 40 86
317 112 56
191 383 93
339 251 13
132 325 64
337 127 78
36 140 49
102 344 53
363 189 55
167 244 22
324 228 11
215 160 91
101 254 1
307 331 43
129 123 87
391 288 82
227 1 32
215 22 59
290 399 24
287 191 14
37 301 72
373 182 27
178 385 9
62 75 7
47 316 20
345 62 61
369 68 21
62 176 47
291 77 68
138 382 80
386 42 58
158 154 23
171 283 11
187 269 95
108 135 8
370 39 57
288 215 23
379 362 32
136 218 80
375 171 86
394 13 39
197 79 43
274 263 59
281 324 46
334 378 73
259 374 44
159 54 20
184 121 31
0 87 66
14 242 32
161 372 97
215 277 25
97 390 38
373 110 79
99 212 30
2 385 42
149 113 73
21 65 61
257 359 67
395 25 12
75 384 47
153 334 75
292 81 88
269 340 68
248 178 93
165 296 66
143 390 36
228 146 55
198 135 37
338 237 10
347 96 50
237 87 9
325 139 76
191 280 81
269 210 79
152 332 15
157 321 9
91 56 38
347 22 41
212 350 8
207 339 46
305 145 71
24 378 2
355 203 1
360 311 59
234 344 44
399 114 18
352 166 37
83 179 25
285 97 79
291 250 36
167 102 7
354 244 4
338 294 5
384 141 63
99 219 55
24 4 51
41 324 90
67 306 53
382 343 26
249 342 49
58 359 70
386 28 24
285 73 16
339 53 31
9 168 24
16 116 21
396 191 80
13 145 16
315 389 69
13 310 23
209 384 34
222 194 5
303 103 93
376 198 2
59 240 78
71 303 7
233 374 33
304 299 18
393 26 47
197 65 6
89 161 26
320 254 51
306 358 35
222 35 80
27 80 81
2 258 1
24 152 52
346 49 99
175 259 17
380 61 85
113 161 78
249 101 16
134 125 60
137 336 93
36 162 3
274 254 37
332 94 92
277 89 43
179 338 41
388 106 38
163 112 11
257 302 71
369 267 4
383 314 58
204 50 97
351 209 86
125 173 98
34 382 39
157 264 23
346 331 76
354 136 36
259 120 32
270 347 94
131 24 49
161 47 42
52 197 35
199 46 47
107 305 28
130 341 2
4 48 70
63 47 86
139 74 98
123 18 82
18 358 82
100 28 20
9 368 8
200 191 20
82 202 24
234 232 4
342 278 41
203 375 64
331 226 34
358 347 80
367 251 71
165 184 3
308 370 2
47 60 79
268 220 23
335 129 11
235 238 91
341 321 28
143 124 77
61 333 72
208 9 30
69 384 70
140 385 47
147 218 53
151 277 13
107 137 77
328 307 34
200 236 42
272 256 74
345 360 51
104 6 34
182 305 85
358 13 4
203 349 46
316 88 53
97 63 59
77 317 97
200 283 58
238 229 82
280 212 34
24 270 26
101 392 81
340 376 93
224 39 8
99 284 7
370 328 95
69 364 42
225 107 92
372 107 61
57 319 48
240 12 62
30 153 61
95 281 35
55 117 35
276 323 43
80 220 90
308 224 27
237 169 16
207 24 6
37 25 10
300 379 30
27 169 44
386 113 82
199 23 37
122 285 5
1 92 68
140 312 83
264 140 55
149 79 39
382 270 49
153 183 55
153 215 81
296 227 89
84 58 36
164 9 49
252 66 58
56 347 16
48 347 80
168 211 87
154 119 4
8 113 47
173 394 74
338 204 76
60 54 90
43 191 65
358 264 62
341 133 88
388 166 99
243 145 52
107 36 62
195 393 62
114 187 79
55 374 3
10 7 12
62 181 24
371 98 3
96 205 68
85 329 20
153 19 72
98 41 98
372 62 62
8 261 7
130 168 47
153 303 89
95 312 72
52 304 9
9 179 12
359 50 73
195 65 17
242 324 47
38 102 9
176 95 57
264 117 69
290 234 43
333 325 70
97 31 35
299 114 75
143 340 18
80 190 23
19 230 35
62 170 30
305 324 87
4 32 66
264 72 86
38 385 6
301 381 36
30 3 71
17 76 86
13 164 34
144 229 62
240 55 5
170 86 52
173 65 95
294 396 57
0 220 23
366 277 35
262 384 26
223 337 7
345 133 33
226 27 25
324 56 90
217 56 51
78 107 87
62 114 36
92 63 98
202 268 44
332 179 75
37 345 59
235 389 66
355 392 10
341 24 15
306 81 46
299 330 3
181 81 67
349 206 89
86 382 93
31 210 56
189 316 62
116 185 25
304 162 81
245 185 49
85 288 97
356 310 39
249 131 29
107 249 8
71 260 38
274 115 57
106 284 72
172 51 29
114 6 37
138 387 8
16 343 86
286 50 31
395 131 20
227 115 80
331 287 36
11 259 79
233 352 69
35 329 78
119 100 88
217 269 56
226 188 99
360 36 25
153 241 24
349 345 14
153 230 38
364 50 41
212 241 11
277 80 99
289 45 31
209 84 6
41 396 5
324 220 27
311 319 71
226 278 90
32 115 84
16 349 84
231 82 11
209 321 55
97 101 19
241 275 43
70 76 61
205 57 72
289 147 59
164 98 17
223 49 13
200 287 22
160 142 8
346 252 61
124 311 95
45 331 32
141 155 3
344 215 67
258 196 69
120 139 76
56 355 56
214 194 5
397 108 58
298 72 39
144 250 54
209 335 91
192 122 81
321 207 33
9 288 76
1 332 87
383 187 74
193 331 62
261 390 82
223 393 8
339 226 48
167 254 77
231 121 51
369 307 81
123 140 5
207 35 10
88 276 16
255 304 10
141 380 99
26 235 33
40 388 37
354 382 16
273 26 1
388 262 9
344 260 14
176 322 87
276 235 82
173 378 33
133 359 21
48 302 15
38 5 57
342 89 80
155 40 83
311 200 65
71 154 9
169 2 83
382 68 42
278 16 66
111 364 67
80 341 43
321 153 47
375 308 92
68 171 96
177 394 74
210 220 71
115 319 77
316 361 74
77 163 80
216 395 71
274 158 25
169 154 72
363 285 62
5 276 54
36 100 22
172 297 75
118 310 4
36 263 61
222 232 8
363 79 22
147 305 27
344 186 15
260 2 54
378 309 10
250 64 30
163 47 30
127 259 80
10 87 25
37 104 42
379 392 41
381 349 95
189 238 67
117 376 36
232 82 36
10 134 94
269 69 86
150 55 84
57 48 90
284 201 38
110 136 18
304 119 12
239 28 9
127 301 39
86 75 82
241 254 46
288 227 31
76 110 93
87 331 64
250 237 46
4 300 70
239 378 1
358 398 98
171 175 58
331 162 15
333 63 69
177 331 17
193 181 80
94 319 22
134 367 1
269 73 40
247 285 64
177 98 85
124 153 20
64 289 70
38 134 52
139 382 85
347 225 50
283 337 75
316 282 3
377 368 66
285 6 23
99 92 19
144 78 25
229 5 19
314 174 25
275 370 81
7 121 20
324 96 77
329 193 72
35 94 75
302 195 91
22 308 93
317 264 67
154 294 71
131 163 46
12 167 100
149 152 57
259 29 93
387 21 93
384 15 41
211 54 72
216 245 82
95 274 62
247 109 32
238 350 77
276 121 90
203 353 14
216 218 72
265 230 50
209 145 81
95 18 29
77 23 33
173 179 58
339 360 73
13 41 11
32 137 29
91 243 63
10 191 45
371 258 80
347 278 51
201 138 76
106 86 59
246 358 93
286 301 70
219 197 31
351 285 25
255 189 76
77 111 82
203 13 55
262 35 5
70 367 31
355 93 26
208 261 55
254 99 86
254 154 4
124 216 65
124 301 18
51 80 38
186 14 8
36 93 5
287 282 22
135 395 78
34 203 44
55 204 90
385 50 90
390 95 37
33 290 44
383 40 60
348 390 71
22 227 65
145 41 51
202 64 78
185 330 100
186 24 10
40 298 40
156 314 54
117 155 20
237 348 76
59 23 54
197 110 8
303 192 65
211 379 63
357 168 30
383 199 21
247 388 30
5 318 52
222 141 80
246 348 42
97 71 25
250 147 95
171 391 85
4 352 81
126 67 54
380 131 46
208 257 75
44 48 66
140 272 64
19 235 88
312 154 89
374 113 98
192 332 63
215 390 62
54 393 9
13 334 48
172 84 68
242 122 59
79 374 22
139 78 78
98 289 23
175 325 53
118 374 35
153 354 10
294 97 62
245 249 75
169 204 44
203 318 65
324 59 58
71 307 96
324 385 34
310 249 80
174 37 10
148 259 46
234 57 11
9 28 23
333 370 7
93 184 94
71 136 26
151 340 5
232 386 87
108 342 6
88 397 65
256 311 45
224 329 81
287 251 43
113 59 69
265 235 89
249 206 10
223 50 85
325 378 44
216 86 5
37 60 27
333 393 64
333 187 8
347 91 38
298 207 4
335 358 20
353 190 78
283 282 40
274 252 3
218 312 54
399 287 72
352 231 42
379 161 65
270 195 28
344 299 96
80 46 7
383 139 13
239 371 5
363 98 46
74 236 11
14 73 40
313 3 93
9 147 50
310 13 91
349 300 17
232 23 56
343 185 45
181 38 6
259 86 71
187 132 29
169 151 96
388 213 77
158 55 71
176 116 86
90 303 69
287 303 94
170 215 18
59 73 57
356 18 8
181 237 23
85 159 10
183 59 100
146 54 46
342 380 37
288 199 66
209 206 54
106 96 16
21 70 66
138 10 14
259 192 58
25 166 97
250 189 37
11 105 60
35 40 60
315 384 96
87 285 65
62 0 8
225 328 98
278 140 91
357 365 11
138 18 32
138 176 58
7 191 46
138 32 1
224 132 32
202 383 12
136 274 72
117 273 23
133 183 6
355 388 69
144 70 20
269 365 16
302 254 74
188 11 59
80 273 89
384 221 91
274 202 41
175 115 97
92 31 100
103 392 29
370 109 72
241 232 90
1 26 64
332 308 31
293 235 18
263 217 57
261 193 84
25 279 1
56 80 2
153 174 49
113 239 1
170 375 27
332 235 49
116 248 70
202 344 93
138 311 11
184 362 69
55 118 73
364 262 85
187 227 52
21 63 59
11 166 95
289 14 27
230 242 82
46 121 49
57 255 20
78 95 19
30 295 87
209 173 90
332 363 6
40 327 35
278 26 85
312 44 15
63 166 64
111 398 51
365 280 90
135 324 99
191 168 32
13 191 78
51 372 17
154 93 11
77 288 72
202 376 43
46 311 40
224 240 64
189 370 35
23 89 27
203 317 100
75 185 17
353 330 95
221 131 87
376 27 58
122 248 60
124 206 23
372 23 56
258 274 91
20 8 95
368 194 53
10 100 54
57 90 23
226 104 36
196 20 65
343 353 71
63 307 65
19 93 2
228 208 95
200 243 12
350 138 68
270 88 81
194 256 81
12 264 59
12 35 67
225 76 38
372 114 93
192 337 39
78 332 12
90 356 14
193 334 88
97 342 4
343 154 24
327 263 44
134 18 66
164 75 53
43 235 28
78 178 30
219 209 72
29 100 96
84 388 78
262 237 15
289 287 58
394 239 13
244 307 49
265 145 81
30 160 4
136 316 77
36 50 15
5 11 62
146 362 29
161 278 88
119 309 63
123 149 60
207 378 41
372 389 88
187 143 95
271 387 89
82 389 34
52 235 61
284 62 27
323 59 79
23 385 42
95 199 83
163 158 88
190 29 62
343 163 72
14 258 61
390 91 5
336 213 96
128 25 3
59 260 81
20 378 71
181 295 47
235 115 71
233 230 34
191 45 54
69 210 53
197 174 56
69 305 12
56 41 75
117 314 1
87 24 80
188 316 19
128 105 80
15 323 23
225 393 58
32 108 88
22 98 80
359 285 59
123 270 38
50 57 84
396 73 38
116 343 67
331 37 27
49 179 67
87 254 38
152 168 98
41 194 77
72 226 90
387 259 40
73 71 55
342 201 47
163 116 43
315 68 74
102 364 50
346 25 10
141 68 22
184 69 90
56 52 17
75 149 47
358 78 50
33 201 2
346 163 83
16 292 68
73 53 56
196 348 29
375 118 7
346 365 62
146 245 95
41 327 53
131 326 34
272 142 5
235 279 19
161 173 69
27 324 36
69 266 88
235 77 32
290 27 43
103 45 71
366 71 35
55 386 85
339 94 30
100 299 47
109 188 3
74 105 56
64 278 31
193 191 90
60 396 10
211 203 98
178 211 100
348 140 97
193 303 74
194 393 30
209 223 36
311 64 3
29 141 59
311 305 62
76 170 49
367 158 54
352 262 54
343 342 82
340 395 99
151 367 17
270 349 17
21 171 34
225 322 7
273 61 76
256 217 15
206 221 74
256 76 11
234 96 31
272 299 8
361 294 51
56 4 55
163 176 18
156 368 94
33 209 46
3 265 5
148 95 40
313 214 81
235 229 30
334 193 14
172 322 81
232 305 12
10 199 96
328 72 32
133 20 49
202 379 89
362 164 57
91 225 27
40 248 12
345 46 58
4 40 16
214 28 35
44 276 94
122 210 86
174 33 49
351 221 11
43 14 59
345 333 7
224 396 89
32 55 83
330 385 67
229 241 17
47 304 65
26 159 69
177 221 100
88 172 85
59 393 91
297 14 70
50 342 48
8 37 89
228 99 16
236 260 45
47 173 82
180 293 69
370 270 7
150 222 100
283 386 91
62 192 69
380 204 13
323 101 23
62 268 29
294 265 41
12 323 93
194 51 72
58 86 26
370 92 84
111 12 23
110 306 50
10 78 20
17 59 56
296 44 52
122 352 20
4 173 79
192 228 66
187 179 15
49 210 41
14 200 93
210 238 25
143 389 46
96 275 3
349 369 87
321 134 46
35 212 93
107 10 36
4 112 2
129 203 55
266 112 36
178 338 81
318 272 89
312 89 25
289 288 11
292 160 37
84 181 78
119 98 77
235 109 85
21 239 79
240 148 42
332 119 39
80 223 96
5 24 26
363 176 22
254 170 28
49 341 37
237 182 91
203 97 13
290 161 3
250 239 51
49 380 63
326 11 5
62 85 38
173 363 73
20 106 97
164 90 93
206 165 16
154 206 74
188 297 83
55 51 66
105 154 74
204 351 26
5 2 96
89 188 91
142 341 38
139 197 22
52 373 57
342 181 49
270 218 50
163 156 95
230 115 28
380 317 48
257 165 39
347 240 95
248 160 68
196 152 34
167 83 92
398 44 19
52 325 100
168 249 9
183 129 13
392 310 27
212 298 5
170 204 68
61 102 44
37 117 81
52 286 5
292 229 60
63 68 92
202 201 18
158 73 64
261 152 68
257 260 93
361 337 78
396 95 16
395 184 93
192 204 66
61 93 60
209 394 66
302 91 33
208 157 66
356 325 8
215 165 22
298 85 40
282 228 29
241 340 18
7 231 55
394 89 20
310 26 14
156 341 38
228 50 17
228 259 44
11 334 61
169 297 99
191 311 15
194 78 56
58 346 41
106 54 42
70 314 94
382 209 88
319 49 22
163 356 23
273 6 67
55 385 46
346 356 49
128 230 45
310 153 21
289 109 51
27 163 99
110 281 84
175 206 20
176 353 7
99 108 17
349 70 54
87 256 11
136 300 73
252 262 43
177 70 64
258 263 25
269 127 45
85 99 36
321 97 76
194 22 94
197 112 10
165 127 38
168 79 18
389 187 52
282 240 44
72 93 81
165 349 60
127 199 26
393 167 56
233 58 47
344 356 87
233 110 16
225 57 87
63 101 63
376 4 22
330 122 80
162 86 9
35 70 59
152 347 8
140 145 97
97 389 87
5 243 66
359 140 21
56 32 75
22 20 89
55 75 8
315 114 72
224 22 69
179 139 39
141 314 36
95 240 46
28 352 35
14 352 89
132 197 47
198 34 56
197 71 66
92 132 31
222 252 100
299 306 74
226 33 21
301 387 67
80 242 16
386 170 35
296 273 10
229 73 39
9 161 67
223 25 57
147 204 42
182 257 17
132 96 10
49 55 73
280 328 19
27 58 1
378 311 47
329 361 48
234 23 86
14 285 92
235 37 12
313 116 7
48 73 55
110 172 41
113 49 82
0 112 78
105 210 31
34 331 13
146 235 25
126 355 46
358 219 69
233 332 8
278 296 47
45 131 11
90 251 66
188 331 11
289 12 71
9 186 43
359 315 32
229 362 81
14 127 61
321 105 73
76 355 42
252 359 53
157 200 83
206 45 28
71 381 17
383 391 17
44 212 15
217 289 3
137 333 5
349 138 74
325 268 72
56 161 3
244 339 15
282 100 40
98 318 8
21 375 32
172 136 88
41 88 75
307 311 81
233 1 42
13 242 93
359 227 36
113 133 19
273 77 46
248 140 67
267 14 30
221 7 72
330 1 49
10 38 91
383 272 30
316 189 3
193 160 38
298 60 10
281 75 20
357 320 33
292 3 64
231 33 27
389 355 65
138 295 72
202 154 38
301 298 96
279 206 60
254 271 96
90 341 85
239 355 54
73 158 74
103 271 7
316 22 57
27 220 83
60 381 71
302 212 17
250 272 72
171 93 89
299 48 81
190 15 61
123 303 98
213 73 46
262 398 27
68 170 76
399 150 38
395 296 48
235 329 45
152 195 70
176 197 95
128 185 39
318 175 20
18 72 100
242 306 3
265 330 89
313 180 67
86 73 67
341 172 98
372 127 27
373 204 18
28 171 75
152 236 63
180 327 73
117 252 5
79 149 6
318 90 34
398 46 12
180 267 28
94 255 63
85 162 95
36 121 71
228 330 22
390 192 80
102 176 31
39 245 26
293 308 81
264 294 39
374 142 59
143 241 50
382 290 87
8 306 8
72 266 42
339 286 41
115 135 46
301 358 9
191 331 20
312 271 82
85 274 23
177 39 16
151 135 56
92 216 34
100 393 50
371 138 66
384 287 76
339 399 94
155 372 31
163 155 20
269 183 6
101 351 13
194 158 23
232 391 97
301 248 62
309 395 69
302 153 13
75 396 29
327 39 5
341 261 55
63 273 9
330 141 35
240 252 57
288 69 35
348 83 86
307 189 3
195 303 93
340 362 36
26 130 96
169 27 47
219 152 32
202 156 98
250 12 59
339 387 80
11 180 35
30 320 62
318 170 38
2 305 12
231 242 68
396 221 72
21 62 28
345 281 67
96 120 46
200 213 41
238 58 85
152 118 98
42 238 61
120 211 1
116 105 41
58 360 1
325 358 81
33 225 71
158 369 14
50 390 25
71 94 26
34 305 91
140 339 59
307 222 51
196 271 6
275 195 78
187 113 27
103 358 55
109 50 32
177 367 76
50 317 66
76 116 18
333 365 41
321 60 39
292 263 6
101 5 48
350 214 82
255 232 41
25 382 22
274 291 27
82 110 45
279 289 37
84 222 43
23 207 100
68 264 48
376 346 75
298 224 51
187 9 96
26 309 76
48 281 96
298 230 31
180 35 80
180 66 77
118 291 89
341 243 3
341 382 20
398 297 64
367 295 74
169 112 1
178 174 36
318 375 9
366 181 83
0 51 94
284 252 71
6 93 57
253 268 69
234 28 95
264 184 66
371 342 62
338 151 32
109 195 34
57 61 42
325 105 1
209 51 57
20 122 100
387 79 48
128 389 34
243 323 57
387 89 52
298 221 67
348 226 4
273 364 69
90 88 32
186 365 71
89 230 74
244 41 64
208 74 92
202 354 28
379 148 91
320 125 5
83 102 91
85 285 17
122 319 59
225 224 46
369 350 78
372 25 18
284 77 58
47 85 27
373 227 56
131 228 56
119 193 88
212 356 96
286 82 10
268 33 48
187 271 15
239 132 76
68 213 32
280 377 74
301 71 14
38 393 87
212 76 51
125 183 58
210 355 66
314 136 82
154 203 15
240 123 63
179 143 63
270 123 99
104 292 17
89 335 35
213 66 34
344 203 85
32 365 11
263 303 27
128 109 41
153 149 3
165 174 39
259 263 97
108 22 95
115 91 54
131 211 8
70 149 34
285 255 79
254 251 93
82 374 6
354 26 34
369 281 11
367 314 57
18 279 73
45 387 35
208 358 29
294 217 6
382 99 37
5 182 27
160 309 3
160 13 27
200 230 99
88 105 21
147 41 99
244 19 88
115 224 82
360 338 28
222 200 98
109 314 100
167 399 60
6 58 98
386 141 11
137 41 48
249 34 46
340 1 49
157 145 26
208 348 49
294 20 96
195 64 3
374 266 12
388 114 64
70 110 2
95 183 46
275 36 43
131 353 83
155 277 84
387 368 10
158 381 98
193 379 29
26 387 73
342 350 91
13 42 9
98 292 54
4 131 55
121 211 24
245 215 2
275 201 70
302 10 35
34 142 2
23 174 63
134 263 6
331 308 1
289 387 29
13 193 71
257 29 63
35 172 64
24 220 65
386 152 41
136 189 5
20 332 4
72 329 3
25 342 77
1 122 66
92 284 68
137 364 48
16 53 15
32 102 82
350 92 91
326 151 37
92 115 20
316 352 71
92 254 54
318 132 87
199 379 35
249 117 10
170 141 34
48 232 99
70 73 24
291 39 96
128 307 62
211 189 59
132 63 89
238 182 25
255 107 46
306 58 96
97 93 21
123 48 81
174 291 37
93 174 77
219 260 62
187 87 9
291 357 3
190 148 11
244 47 43
255 235 24
288 246 22
297 7 11
383 365 33
351 61 12
274 170 76
64 168 97
97 309 45
248 206 8
217 66 45
140 1 23
188 124 35
387 222 81
351 22 88
287 294 52
247 80 36
399 241 100
396 247 44
61 12 100
120 290 66
330 364 99
246 81 48
128 32 25
21 261 72
148 65 46
191 69 15
342 166 78
386 365 72
268 39 76
117 159 3
393 164 48
64 335 19
108 287 12
14 366 57
134 301 30
62 298 90
52 68 25
228 347 59
170 138 15
113 160 47
116 303 100
67 150 82
229 180 18
6 52 13
7 172 14
392 290 26
86 6 4
0 346 78
105 399 96
286 1 74
192 226 11
328 32 19
160 265 76
260 53 5
54 60 19
377 228 65
218 142 13
183 71 85
82 216 76
19 278 42
233 155 11
359 61 31
102 25 84
141 288 5
13 236 83
143 266 42
259 315 27
72 299 8
168 224 64
343 252 57
352 318 68
357 268 8
238 235 11
257 183 60
66 282 52
200 334 5
253 245 70
271 44 46
350 157 93
348 35 43
64 197 36
201 59 24
61 305 55
285 236 2
35 197 41
227 136 91
96 346 12
97 185 15
376 316 62
218 26 43
103 324 75
101 302 23
150 244 7
109 214 43
132 82 79
306 67 79
319 239 14
190 341 18
209 352 16
393 136 4
162 346 77
382 370 31
231 216 94
258 70 53
116 85 84
103 356 17
196 202 82
10 126 95
71 361 25
56 267 7
287 170 96
234 47 91
129 3 94
275 378 2
199 55 73
253 84 16
268 154 91
3 301 75
337 309 83
146 108 80
246 267 37
128 268 46
88 258 26
58 35 49
260 368 72
181 267 84
33 276 80
273 302 55
115 344 7
75 35 87
170 208 19
248 174 97
22 169 45
267 361 53
271 372 7
195 33 26
105 366 45
216 120 39
358 259 72
96 253 33
28 206 51
84 328 81
25 375 76
387 349 94
208 328 89
294 352 24
165 176 51
159 42 74
69 325 46
167 14 90
385 40 16
225 348 30
116 292 65
124 43 64
325 266 91
189 44 56
259 339 98
42 109 7
300 262 42
241 25 19
279 208 25
292 28 60
48 52 1
121 87 41
52 315 30
249 71 24
112 55 44
0 105 18
74 107 64
107 145 67
241 60 40
16 153 71
240 141 47
192 236 77
78 345 12
259 393 74
103 114 1
282 365 66
346 136 52
278 210 39
317 300 82
217 284 14
248 93 13
157 173 35
49 61 51
9 24 93
53 295 33
8 204 69
351 289 29
202 233 98
295 299 54
16 373 94
274 224 99
125 324 13
212 256 23
298 136 9
150 65 92
154 102 86
68 2 27
10 71 90
213 34 74
65 387 46
364 15 22
140 353 1
76 310 100
29 69 61
210 248 18
172 207 77
294 350 95
300 147 55
395 152 59
261 120 58
341 336 6
199 176 56
253 181 99
56 278 89
92 344 86
139 345 36
278 14 35
31 46 52
81 39 7
100 117 38
126 195 100
376 396 96
308 22 50
394 113 18
89 132 24
334 344 69
158 23 46
309 246 67
22 380 48
384 80 1
325 315 32
21 361 100
295 5 22
221 353 53
8 121 63
102 51 30
355 285 30
115 44 52
150 190 73
93 299 84
352 295 80
137 95 13
335 201 70
392 298 3
299 337 45
279 360 19
49 190 96
251 2 70
25 131 50
41 267 97
376 330 77
244 383 85
149 158 57
395 390 22
179 269 32
321 316 59
281 116 3
224 194 51
218 305 62
106 195 84
81 278 40
108 364 64
59 61 25
355 318 95
231 142 47
266 348 32
109 166 55
53 49 86
314 193 38
109 226 80
126 206 46
165 47 5
348 159 82
398 65 47
223 167 55
275 309 5
131 141 7
193 84 65
201 161 21
120 313 62
391 290 77
71 372 79
207 380 42
244 109 22
303 127 73
134 346 20
225 238 93
185 223 3
335 111 51
306 178 96
228 200 20
223 247 85
335 64 77
296 373 63
23 375 71
156 328 56
306 382 78
359 89 4
34 140 48
295 252 1
329 345 36
200 329 9
200 176 79
197 90 37
306 181 22
356 32 33
314 384 79
274 44 90
170 83 4
226 311 9
268 197 53
20 394 65
335 210 8
233 274 55
16 42 1
267 269 60
283 137 87
257 34 24
159 188 26
284 383 68
368 133 67
183 26 67
370 232 15
285 79 39
197 6 78
75 65 98
208 366 12
365 144 99
386 142 84
132 23 13
114 80 21
261 127 34
5 136 79
258 55 11
81 22 66
321 252 79
330 154 14
237 88 24
37 6 54
198 271 35
228 82 89
181 358 87
242 393 74
125 184 98
107 173 64
245 326 81
105 143 63
83 249 28
367 335 76
373 324 13
228 277 73
13 97 88
231 342 67
329 66 61
316 365 44
56 193 23
247 173 73
199 115 10
145 54 27
261 279 46
143 324 51
334 341 26
199 229 7
4 163 40
202 275 55
228 260 53
209 48 23
65 166 55
250 162 24
351 117 19
368 342 39
360 54 65
135 396 50
361 284 31
121 177 84
128 46 39
249 100 92
311 345 63
208 151 69
329 270 52
193 388 60
101 172 18
60 3 78
154 37 20
281 15 77
291 182 74
192 59 24
374 319 16
228 65 36
56 98 64
213 253 25
110 170 25
138 392 57
347 92 83
48 251 61
323 277 63
346 336 25
374 49 76
389 385 5
370 197 23
324 51 56
329 399 41
255 93 84
80 20 8
308 27 22
111 342 71
100 149 26
34 39 41
56 205 13
68 94 77
8 27 71
218 214 19
324 13 37
169 344 28
260 32 84
139 284 18
149 396 96
218 54 82
284 65 72
121 244 62
380 200 47
141 320 52
65 79 38
391 226 52
160 337 56
254 37 85
85 123 69
93 359 14
42 101 42
303 317 77
39 53 25
129 294 27
161 287 8
140 399 25
252 248 50
16 394 18
186 310 5
322 13 45
202 183 76
151 382 70
337 236 28
157 138 19
207 0 69
43 339 57
89 303 12
182 71 42
377 52 14
360 127 74
44 38 53
269 157 34
222 343 83
90 174 2
52 84 56
86 180 27
207 174 75
307 248 8
367 294 95
107 105 46
182 164 54
101 178 26
116 122 52
73 50 26
322 68 14
47 172 40
162 344 77
149 120 52
342 315 28
357 105 81
290 304 83
218 68 36
66 277 75
265 67 65
7 201 7
103 10 44
362 204 87
86 222 24
97 127 50
389 372 44
228 243 6
201 14 50
348 356 22
37 1 35
327 130 29
27 321 29
194 295 94
95 337 84
359 45 55
207 187 52
113 287 44
85 348 57
27 356 2
8 60 83
253 301 12
149 271 91
273 58 98
44 22 74
261 188 90
68 184 73
9 175 18
95 368 95
391 224 50
141 359 72
191 198 16
3 34 85
375 395 41
139 50 53
338 399 35
107 194 47
397 301 68
186 288 34
112 48 26
205 117 56
239 93 94
119 114 43
170 108 89
335 99 82
30 297 9
285 83 17
182 13 92
72 139 37
222 302 15
256 189 72
148 321 63
390 55 9
237 256 25
53 26 30
20 397 85
141 116 22
317 339 11
203 12 59
387 375 66
76 10 32
164 106 58
69 162 26
88 308 27
17 202 15
265 393 14
90 120 64
193 93 97
195 343 65
160 67 33
38 115 91
146 175 2
43 63 69
310 130 22
29 92 60
133 392 19
348 215 71
47 15 39
48 199 46
253 117 43
374 270 31
126 281 26
368 140 3
84 360 41
357 373 14
65 206 61
358 348 72
340 49 42
370 272 5
272 183 45
205 252 39
90 350 61
371 97 40
282 356 16
183 82 26
10 89 92
342 30 72
166 26 36
314 201 60
106 150 53
197 256 15
208 124 90
8 54 41
335 36 15
264 172 92
65 322 48
190 373 11
313 16 56
211 295 80
293 161 96
399 47 22
320 327 9
58 158 97
140 122 16
6 274 11
82 198 98
376 2 45
227 264 56
282 109 4
238 128 57
2 349 48
40 334 84
115 8 100
24 194 91
284 312 96
291 150 35
345 198 66
173 22 69
38 165 58
225 264 19
375 122 76
339 204 81
332 340 71
17 358 99
289 222 76
52 382 23
100 376 17
134 295 25
18 193 67
321 228 84
58 129 14
45 103 82
256 171 21
126 319 21
244 234 77
357 309 79
389 40 65
48 78 20
122 202 77
90 87 45
343 99 99
378 302 17
24 229 63
93 234 20
352 237 87
232 145 78
0 283 32
352 312 86
11 186 21
264 292 84
259 62 99
382 156 61
53 112 67
209 31 74
227 123 48
335 347 69
289 273 46
100 124 96
232 340 1
78 320 99
161 272 15
359 379 11
330 127 3
309 56 30
33 156 4
151 316 92
370 1 10
56 393 93
394 189 1
374 218 76
262 102 38
173 43 50
248 305 5
311 369 30
364 389 84
29 1 82
183 237 89
152 148 79
282 200 65
183 145 14
149 132 9
270 382 1
44 172 56
290 387 74
294 395 55
205 214 38
8 161 28
330 47 47
148 115 96
384 176 95
373 186 82
130 294 13
132 191 43
347 150 12
348 194 79
334 88 94
265 165 66
381 78 28
150 90 89
215 145 53
91 326 20
165 359 26
170 259 25
62 113 58
17 338 7
240 370 80
191 319 37
239 36 82
223 128 75
390 78 42
370 315 85
252 319 77
15 311 17
254 122 85
121 290 13
304 171 50
19 194 41
135 198 85
16 119 68
264 397 20
24 347 28
315 147 15
334 5 93
270 276 11
286 188 13
321 99 36
145 18 6
353 328 71
20 129 8
148 387 87
364 34 96
154 110 3
176 359 31
241 2 95
93 34 30
19 219 45
238 219 79
339 244 21
114 236 37
223 9 79
297 70 48
227 395 23
280 191 89
66 389 69
253 240 92
388 31 78
294 237 4
183 372 10
365 4 99
174 121 98
216 210 58
156 222 46
164 119 99
390 354 14
244 278 65
180 285 16
241 235 71
71 391 47
339 359 13
45 218 98
252 3 27
224 373 2
103 248 32
23 37 51
352 292 31
317 199 83
257 32 65
265 391 73
13 109 71
390 338 72
235 366 98
277 167 14
299 103 69
169 12 43
104 231 53
87 211 32
179 294 38
162 280 45
169 13 5
392 143 10
358 353 49
47 319 74
255 254 79
291 351 9
97 300 83
130 288 26
224 249 55
40 124 25
355 347 59
170 119 98
277 160 67
298 286 32
108 40 87
225 290 62
356 376 99
53 136 54
201 86 41
141 161 64
177 68 18
6 116 85
30 88 4
59 49 68
306 149 61
381 181 90
14 325 33
116 362 41
239 367 58
189 170 10
353 19 73
6 66 75
261 70 66
150 142 12
346 2 79
229 11 91
387 65 9
389 277 18
297 187 7
340 304 95
319 302 92
225 308 25
96 71 97
206 106 30
290 268 53
106 48 18
235 304 10
247 305 82
247 2 23
89 227 30
198 258 85
206 61 73
336 61 42
141 295 74
12 262 15
399 227 18
288 137 79
79 257 25
302 78 17
395 263 65
170 33 92
33 216 40
231 256 84
18 4 5
344 100 3
263 233 93
201 108 38
382 51 55
296 41 12
382 274 80
272 317 8
39 333 71
291 272 31
350 100 77
313 364 77
224 34 99
236 168 2
186 256 74
330 19 68
365 20 49
212 207 81
368 34 19
93 201 60
387 243 21
251 254 34
104 214 42
206 168 44
92 111 49
337 74 38
82 50 85
303 373 64
316 26 42
89 247 97
365 60 99
109 186 14
348 369 75
359 247 15
76 234 96
316 191 69
284 141 25
172 80 35
17 21 90
113 35 49
113 391 56
207 309 100
365 333 1
26 260 16
245 78 6
84 60 9
199 321 20
313 20 99
291 334 81
187 24 27
161 299 13
355 287 3
355 394 45
139 285 6
162 22 45
109 288 57
181 360 83
166 215 99
263 74 6
147 309 4
248 365 49
248 388 59
158 19 14
39 111 80
83 79 97
387 80 11
26 388 48
310 201 15
139 325 5
297 369 58
193 56 36
288 270 65
339 276 56
271 208 24
79 59 8
144 84 40
64 329 73
174 102 74
270 185 59
261 244 90
278 207 2
280 223 78
308 186 12
99 156 87
118 331 64
343 304 83
385 53 50
165 287 20
209 62 36
312 81 49
355 36 59
162 256 100
246 84 24
158 129 60
337 79 45
387 5 64
174 91 24
178 344 37
397 113 4
35 21 5
91 173 29
285 111 9
65 108 96
253 263 19
315 222 2
278 93 4
228 265 52
54 12 83
398 334 88
106 229 2
140 379 17
105 84 64
347 390 87
93 344 100
74 383 86
212 165 95
397 62 70
110 258 22
90 386 74
105 219 13
93 205 13
242 202 62
385 181 26
383 163 30
110 75 35
250 89 90
389 145 34
30 348 54
134 394 52
155 365 2
87 200 47
153 379 7
216 247 25
370 334 58
203 233 25
391 254 90
119 6 2
195 80 32
357 215 13
351 85 17
67 22 50
55 152 60
195 188 64
301 32 28
335 268 56
116 187 84
336 333 60
363 169 33
275 358 99
77 244 29
77 353 2
32 121 71
249 388 20
388 33 49
213 62 14
223 358 24
35 86 70
5 213 90
8 62 1
136 328 73
182 98 51
130 212 83
143 198 84
253 204 46
197 173 93
319 264 94
255 219 7
115 195 95
240 280 82
296 31 78
218 316 12
345 212 24
320 294 4
175 318 99
214 267 70
129 34 80
397 91 36
72 304 36
244 251 98
223 173 39
340 158 13
81 84 33
229 109 22
173 132 25
35 240 9
135 95 47
44 136 5
111 39 71
131 33 51
359 312 77
163 95 2
286 354 24
212 8 84
232 67 89
298 274 84
146 328 30
182 134 11
154 204 35
65 198 64
195 386 74
294 158 99
270 284 90
296 182 54
270 143 50
208 262 29
352 170 43
260 75 100
374 1 100
339 87 56
270 24 26
278 347 61
205 271 79
379 41 100
349 98 19
117 227 74
243 280 7
322 285 34
13 289 87
352 121 99
23 234 26
382 248 52
80 91 47
37 319 16
382 236 71
268 78 78
348 318 55
113 199 47
378 317 81
130 331 91
155 339 3
233 46 69
7 227 7
231 23 60
270 128 86
301 318 36
250 259 79
290 182 56
362 93 46
231 11 82
280 32 84
43 127 65
277 111 58
356 355 40
191 153 68
385 371 3
147 196 54
226 246 93
108 316 14
187 334 17
129 342 42
65 218 98
336 145 15
380 250 71
140 346 87
377 264 67
58 312 30
81 14 39
5 298 96
6 230 84
156 320 19
315 13 2
5 368 44
231 247 30
221 240 20
132 346 77
19 15 39
124 299 73
57 318 20
250 218 34
273 104 76
158 248 44
313 237 44
271 224 38
173 48 77
175 69 37
334 82 72
165 294 56
225 92 78
284 168 35
216 75 24
181 332 50
106 143 56
40 67 22
235 172 57
372 280 11
213 204 85
112 291 85
340 240 15
36 287 54
129 7 36
219 40 37
51 295 32
110 248 39
4 259 27
139 180 14
229 271 25
139 219 14
396 4 52
380 351 65
236 258 68
126 315 24
194 214 4
377 104 29
0 183 52
299 294 15
164 31 53
20 150 51
144 243 51
124 297 38
385 25 90
310 365 61
364 232 25
263 378 67
345 109 59
119 335 82
392 67 88
194 326 63
82 206 86
221 66 84
200 138 52
66 289 76
158 82 46
207 263 86
272 39 44
73 103 14
370 295 65
119 38 12
379 9 88
259 159 51
365 66 14
235 254 21
367 16 84
365 83 78
38 109 12
365 304 39
110 393 87
279 343 21
46 158 54
266 295 79
273 230 11
192 244 29
325 329 6
127 192 43
339 135 100
204 0 17
177 296 35
151 249 8
6 42 91
399 127 43
60 254 44
247 205 17
20 159 80
285 294 43
204 235 19
148 370 27
317 7 24
169 294 40
47 2 45
206 280 12
388 136 70
66 204 26
22 93 13
241 388 5
213 241 16
368 323 79
67 332 71
175 60 9
327 194 51
29 164 50
134 198 69
218 342 11
304 182 38
292 391 11
332 196 28
201 355 94
275 97 14
323 390 43
19 199 24
148 212 10
205 34 75
33 0 12
245 218 21
309 263 77
103 8 42
16 108 65
307 185 62
334 361 51
333 84 90
55 366 100
75 290 72
226 13 12
311 288 21
367 366 90
334 315 77
261 278 27
188 137 80
332 327 72
39 396 34
34 126 35
49 351 98
134 235 98
307 123 48
138 351 14
249 285 79
31 201 63
324 148 10
254 369 27
68 67 46
160 167 63
299 135 82
374 356 75
120 219 73
225 379 45
396 18 62
76 111 19
255 198 23
239 197 79
98 359 14
262 208 16
373 298 64
64 193 69
308 28 96
125 133 38
85 124 54
212 187 83
119 76 76
123 335 69
346 160 15
190 122 79
209 256 85
234 160 58
263 79 46
44 11 33
292 318 89
250 135 80
324 242 2
147 229 79
69 289 75
155 56 44
17 218 45
119 259 23
115 45 5
56 373 47
344 265 47
266 329 46
224 383 53
365 328 14
298 349 6
286 387 34
168 47 12
95 133 71
167 128 77
379 74 54
87 322 24
274 64 96
51 188 11
304 363 24
334 340 94
141 126 73
190 157 11
52 317 24
266 268 84
372 166 22
99 332 94
226 43 83
310 344 55
28 305 94
318 327 82
327 297 56
150 177 72
228 43 72
65 110 54
38 219 91
188 380 74
249 225 52
26 21 89
166 251 35
358 153 43
287 0 37
305 316 57
396 7 55
83 292 29
89 259 100
256 230 68
20 335 1
159 68 36
246 383 1
205 39 52
126 291 10
83 219 68
316 347 97
266 73 48
314 160 50
208 194 69
91 210 63
334 80 38
238 170 28
332 237 32
281 35 96
26 298 15
59 184 68
143 251 28
214 225 57
172 72 78
132 199 62
391 31 81
284 42 75
18 83 53
146 242 76
185 162 87
213 222 13
314 245 59
33 359 67
144 270 53
351 345 100
158 76 15
116 15 27
137 89 52
210 327 86
320 175 29
313 120 98
392 77 40
33 57 35
262 383 25
313 241 46
69 118 46
354 153 16
399 261 72
245 32 32
91 236 16
23 126 80
129 184 24
88 221 54
292 396 13
271 107 32
392 357 21
124 46 37
92 368 72
248 207 39
27 176 37
261 116 37
88 168 78
267 313 27
275 135 25
81 176 43
184 95 54
181 342 9
86 295 44
73 228 35
340 196 52
173 127 74
277 6 5
10 60 4
354 81 89
316 51 57
272 32 18
221 125 32
277 32 8
197 337 85
172 40 76
109 399 39
138 397 87
331 398 23
164 363 67
133 80 76
399 143 95
178 39 75
170 117 77
276 315 88
242 191 62
311 48 56
230 94 69
9 36 68
276 310 95
31 314 66
249 84 10
313 265 16
219 190 81
315 269 53
187 391 24
354 61 10
24 219 24
398 146 68
258 61 50
197 265 22
390 64 71
119 296 78
116 317 48
323 183 87
239 40 63
220 262 81
347 252 66
50 274 79
339 25 91
61 31 42
262 48 12
236 353 91
328 243 72
157 370 94
369 102 74
286 147 96
19 311 7
154 317 28
76 185 32
112 52 84
394 254 82
193 233 10
363 168 50
95 358 51
330 261 2
127 318 82
313 346 32
94 197 3
266 181 68
269 392 60
178 92 19
14 141 44
377 120 28
219 78 61
248 115 92
58 54 39
243 127 20
170 62 95
303 208 12
172 373 26
235 263 79
44 20 33
222 291 38
194 285 4
178 309 8
288 96 66
208 284 70
227 230 77
300 174 100
243 253 5
88 180 58
242 98 1
132 158 36
213 207 38
266 343 44
385 75 10
196 364 80
151 281 24
46 59 95
299 122 73
234 37 4
258 273 89
117 107 26
312 240 42
297 8 58
255 168 43
267 253 90
304 105 65
60 362 9
1 372 5
344 194 51
98 55 44
105 114 57
369 276 22
299 36 21
90 118 43
5 89 8
107 74 91
197 301 85
93 289 61
301 342 61
29 72 21
220 377 58
353 251 30
377 326 72
42 369 62
263 50 99
257 283 62
387 26 3
91 170 53
12 141 92
361 282 53
69 356 61
142 35 100
173 366 21
105 72 4
292 48 83
61 368 74
273 150 7
135 142 56
176 54 28
244 57 31
170 152 13
25 143 65
193 199 56
16 132 51
206 58 100
2 49 99
73 379 81
347 164 90
225 32 9
42 179 54
309 250 57
3 371 10
171 394 7
142 282 35
264 306 100
211 89 9
16 44 23
362 81 83
91 228 12
201 6 23
47 233 28
176 301 6
89 173 55
236 86 8
208 80 76
75 257 60
110 377 23
262 227 99
380 387 92
365 226 54
320 60 10
151 312 34
263 144 27
39 350 47
367 350 39
25 324 82
61 251 57
386 13 83
331 311 46
198 322 27
212 161 59
169 306 61
48 170 8
13 390 38
282 44 66
85 242 74
79 264 85
124 27 25
39 300 86
174 162 39
144 21 72
375 114 5
217 224 36
317 368 86
176 73 29
13 22 77
280 141 96
53 238 54
272 60 62
265 360 80
383 258 1
78 303 88
67 31 58
127 206 91
136 287 6
87 241 50
206 316 59
286 33 59
67 134 45
165 323 74
98 299 81
356 94 54
299 177 88
312 326 39
295 237 4
369 78 89
247 295 57
132 172 84
306 10 2
45 346 69
1 106 46
127 352 41
167 76 76
35 340 18
359 150 6
20 59 34
384 356 41
260 385 93
283 119 78
350 44 16
201 170 74
330 138 22
81 27 44
238 169 27
373 329 17
199 314 93
98 234 27
72 270 59
204 230 71
256 29 10
201 275 68
244 51 93
53 135 59
220 57 78
121 48 45
141 237 14
106 335 41
126 38 3
296 6 79
116 58 22
207 93 34
275 139 71
132 141 56
164 297 71
209 214 17
296 151 16
312 22 34
234 216 97
100 88 15
246 175 68
351 148 55
196 106 99
158 89 56
99 252 84
79 207 46
24 374 36
345 278 7
194 23 36
58 62 12
266 101 18
148 348 9
46 264 69
162 53 30
360 257 59
364 320 40
210 350 74
88 87 31
346 138 13
227 125 88
225 244 9
195 232 8
106 168 33
229 87 51
28 258 68
208 183 83
297 381 69
194 306 81
233 176 10
251 126 36
136 9 20
85 64 17
186 317 98
290 8 62
113 373 97
71 142 17
261 363 27
258 216 56
69 295 54
112 191 60
333 170 81
122 72 88
155 7 6
143 30 20
167 324 89
50 62 94
192 67 54
67 4 5
356 195 28
142 348 60
169 256 33
373 395 96
312 197 49
39 276 28
166 364 65
145 166 63
148 392 34
42 367 78
262 327 67
54 72 51
374 252 11
285 9 58
147 187 31
81 317 12
59 45 58
349 195 61
170 374 100
120 42 65
13 151 80
350 3 74
367 49 21
263 317 25
84 213 84
97 128 69
83 30 22
288 349 34
282 0 91
149 217 13
280 41 97
77 223 56
186 4 32
202 377 29
195 128 94
141 396 66
342 303 17
369 216 75
241 39 6
224 115 62
378 152 97
60 355 53
100 168 65
256 109 18
331 62 40
62 152 68
13 103 46
243 73 33
388 89 74
282 190 69
286 176 92
260 162 92
130 32 94
132 179 9
28 102 84
127 386 14
168 310 81
1 258 18
383 12 48
202 342 97
115 259 81
147 199 69
6 2 16
380 335 35
107 392 30
270 294 29
274 246 46
152 292 65
244 316 19
188 110 23
264 165 6
70 297 74
213 262 44
326 238 1
247 138 59
125 285 93
254 139 49
1 389 81
245 45 72
352 203 74
160 222 87
299 77 80
276 300 14
352 93 43
242 226 14
148 296 76
350 156 80
188 53 34
6 178 53
258 78 12
57 217 19
229 302 20
386 383 22
89 108 84
2 291 45
37 132 61
91 267 14
20 305 14
201 235 85
80 184 29
118 153 97
100 398 71
48 330 46
5 248 9
52 85 3
124 12 34
199 346 42
65 391 82
244 313 48
275 229 74
244 90 94
50 258 64
70 278 48
56 69 77
79 397 94
76 22 12
385 107 85
372 104 13
37 246 57
317 98 93
229 183 46
331 202 20
127 184 33
280 157 12
89 346 71
327 313 32
94 190 11
153 117 99
210 233 39
108 61 75
202 290 88
33 238 29
347 144 77
86 137 49
223 174 95
11 18 94
342 260 32
29 259 89
366 168 36
95 198 5
129 297 71
74 301 42
312 95 7
228 159 88
37 119 80
65 256 23
185 51 10
291 316 15
356 106 25
138 121 39
274 195 3
161 58 29
235 382 1
211 242 54
230 170 5
246 209 43
119 35 82
224 336 74
188 267 91
48 154 40
172 70 99
175 101 95
256 84 33
75 67 26
240 256 70
380 30 74
251 315 70
279 13 61
192 345 50
84 143 41
129 202 22
146 314 14
351 350 18
77 243 71
332 17 78
190 126 82
393 249 65
179 352 31
328 110 26
336 126 62
157 174 92
288 22 97
103 370 45
38 286 34
64 125 51
36 86 93
328 49 69
57 155 48
219 356 33
362 193 29
188 360 39
181 289 53
331 241 73
115 193 84
80 383 55
0 165 53
396 237 94
269 237 30
221 383 54
312 187 8
327 319 75
257 275 54
186 373 100
242 176 86
105 331 34
268 286 50
120 39 67
61 284 54
361 132 46
172 100 88
256 39 91
379 124 69
131 305 50
21 58 72
69 142 81
327 345 39
2 307 71
360 143 34
301 275 93
337 4 22
106 378 39
314 31 14
397 100 65
63 107 65
150 26 71
331 169 37
353 363 96
293 352 13
163 69 47
289 23 98
272 201 55
254 374 11
217 62 100
92 387 6
160 163 4
380 323 66
341 174 56
58 190 10
253 103 52
122 191 13
328 276 18
369 169 18
269 335 99
95 20 16
260 64 97
78 262 18
243 250 2
183 101 23
27 352 47
143 163 79
319 259 80
221 377 37
332 296 81
144 94 74
273 76 5
236 8 36
110 249 93
33 88 50
18 312 60
343 326 73
202 102 44
224 386 1
125 364 35
137 26 80
66 213 53
264 126 76
327 115 63
242 292 76
176 308 10
166 224 73
103 120 53
49 44 12
311 202 40
153 266 24
186 164 39
221 193 6
89 148 72
304 189 46
65 128 33
385 136 87
162 72 32
280 269 76
282 384 96
93 295 91
234 261 71
314 333 68
250 343 16
188 292 43
2 359 65
319 19 2
360 261 75
361 368 69
1 70 94
380 107 63
383 62 13
90 133 97
396 167 65
194 313 71
185 168 35
184 106 72
348 178 33
93 380 26
217 31 69
364 123 24
46 21 34
358 335 36
166 219 99
334 158 26
287 240 40
158 69 77
258 8 8
104 265 13
8 117 14
68 349 43
336 335 13
311 80 31
70 207 87
342 330 93
164 36 13
288 355 14
232 8 98
31 112 58
392 47 36
314 237 67
272 129 77
0 115 84
391 293 85
28 168 27
205 174 99
176 108 16
183 142 25
113 62 28
134 42 78
130 155 48
145 277 85
266 184 39
224 192 45
174 353 14
73 68 16
39 48 15
387 249 28
341 323 86
159 151 21
320 314 77
60 145 45
265 61 37
236 275 74
51 93 68
219 314 21
361 264 46
279 224 51
115 265 16
279 69 92
337 333 55
328 150 3
345 105 12
397 316 57
48 228 4
277 376 83
276 111 8
85 71 30
319 102 89
58 390 98
47 160 97
90 28 77
190 36 86
326 221 32
233 68 17
337 393 60
382 200 29
312 292 48
32 252 75
117 213 42
130 47 72
301 250 63
96 308 71
342 124 42
191 117 47
3 49 26
248 46 27
310 28 48
245 46 84
207 227 54
78 39 7
255 341 100
217 145 20
223 88 10
344 253 43
139 326 31
224 198 32
57 181 10
354 301 21
73 41 25
313 152 63
287 347 57
338 234 20
108 193 30
297 89 21
118 93 49
126 342 82
257 298 80
107 195 26
27 245 15
89 332 15
397 26 79
288 9 38
15 386 27
129 352 16
85 70 65
195 55 94
282 360 15
73 153 76
82 300 28
66 283 30
224 30 11
29 333 45
112 13 40
386 352 49
130 315 28
121 102 89
189 119 1
380 383 4
333 45 66
286 175 65
89 210 94
12 293 81
271 42 77
76 17 67
103 30 58
347 87 80
239 122 96
353 132 89
302 335 44
262 25 46
145 215 73
163 338 1
166 3 56
309 386 95
8 122 93
191 21 12
95 290 86
123 266 67
103 204 27
161 202 54
373 381 95
27 172 93
154 82 24
90 220 7
45 212 28
304 6 10
246 369 48
53 101 16
215 190 14
246 93 98
121 332 72
140 278 2
313 27 91
62 332 99
255 286 79
343 189 18
2 117 81
360 365 53
399 169 28
399 54 21
137 284 46
229 342 96
217 98 80
92 114 88
388 255 45
152 163 65
335 371 76
395 368 29
138 15 31
2 273 61
51 192 9
187 317 24
254 238 22
6 267 44
113 77 28
204 202 70
376 325 95
184 218 24
347 83 51
231 196 39
298 209 64
222 146 24
58 151 100
283 326 39
250 177 2
76 243 87
325 275 61
259 55 28
101 299 70
41 140 31
138 227 19
55 269 32
21 333 50
393 382 29
214 193 43
65 301 67
358 206 99
205 123 6
50 31 73
385 332 94
349 7 61
25 44 80
159 247 76
38 8 60
54 38 19
273 395 28
11 371 94
92 18 100
132 64 48
390 284 27
13 354 2
297 204 94
349 106 19
359 281 6
363 135 13
246 188 86
393 111 60
3 339 19
355 170 8
24 192 5
75 284 51
174 343 2
305 105 85
179 258 27
130 91 7
330 388 88
82 25 43
355 150 91
353 62 80
312 352 48
367 272 68
336 33 9
178 144 37
394 151 43
210 67 22
332 109 47
294 387 97
41 122 3
209 213 61
32 262 85
128 394 13
390 116 84
267 100 9
43 295 81
162 263 47
287 278 51
160 301 12
3 6 71
346 217 71
55 338 44
157 209 64
187 155 44
131 252 60
279 291 77
253 333 41
229 114 8
124 1 37
238 6 98
216 194 49
237 73 89
148 269 68
55 16 94
253 217 93
301 347 87
130 35 59
240 320 15
383 126 51
282 26 22
114 199 48
329 81 96
103 329 68
158 309 17
43 279 67
160 14 5
233 153 24
199 329 30
371 383 60
321 296 46
328 387 57
183 50 10
152 331 88
362 167 9
189 91 69
387 175 89
291 310 65
34 79 16
98 193 15
156 78 59
197 275 32
111 208 9
268 292 23
98 353 70
380 306 89
322 89 99
326 187 99
206 51 3
261 69 15
370 222 96
369 310 30
34 322 56
257 141 68
328 119 31
302 180 64
229 209 4
196 243 31
137 80 53
306 49 20
228 31 16
383 32 11
239 2 24
244 368 72
107 71 79
139 232 31
274 289 91
211 51 78
126 226 53
285 373 10
349 34 95
254 299 3
155 38 28
35 202 29
143 231 86
366 95 30
309 124 13
170 241 47
78 192 64
104 217 25
314 223 81
28 309 91
54 116 99
231 41 58
171 224 68
171 67 63
217 168 60
264 170 77
265 69 35
238 308 75
294 252 82
261 8 42
76 153 39
177 93 22
212 181 90
361 295 30
159 258 6
306 2 1
170 265 73
57 344 75
72 300 27
378 178 23
259 3 55
367 7 48
371 61 15
394 19 19
190 26 28
398 255 56
254 62 15
156 299 68
33 89 47
368 157 5
184 8 47
345 209 55
70 118 9
324 74 20
1 391 4
316 318 2
79 219 52
158 148 45
342 340 49
194 273 29
18 248 29
42 13 9
149 236 26
398 280 91
302 184 4
127 174 74
377 134 32
13 78 52
208 128 46
17 87 76
274 139 33
166 394 8
115 49 55
167 29 16
215 75 47
147 139 53
171 223 18
195 328 8
321 350 55
44 133 73
68 327 82
41 17 60
72 307 41
214 289 19
84 185 28
166 286 21
86 78 39
27 150 5
58 106 27
146 32 39
269 76 5
198 343 76
29 89 72
341 276 42
119 53 11
192 221 61
279 366 46
228 88 27
104 137 54
342 93 82
159 295 8
77 246 71
58 111 14
284 193 70
329 48 93
293 44 85
127 221 31
216 315 62
152 62 2
294 11 53
154 224 46
166 385 6
195 68 83
361 317 89
130 355 19
126 200 37
196 352 55
152 10 57
125 279 33
318 287 46
130 302 36
273 236 100
133 31 56
332 247 22
94 326 90
259 258 28
282 362 3
262 367 43
286 345 40
119 372 53
22 123 76
314 210 21
104 176 47
198 367 60
41 182 16
60 252 79
146 130 15
174 48 29
269 102 47
395 349 84
161 179 66
270 381 41
105 326 67
234 52 66
242 27 69
224 36 30
256 241 61
29 267 44
206 48 93
220 50 62
357 8 58
345 301 91
60 249 74
58 265 19
23 13 39
281 297 78
318 4 42
253 260 79
368 287 69
304 329 72
105 304 84
224 244 55
219 328 27
244 81 15
217 346 90
192 94 26
111 150 95
227 10 40
211 224 68
220 77 57
228 127 11
212 6 5
181 117 18
286 38 67
265 250 21
130 284 40
296 172 77
96 257 35
150 212 35
63 227 6
99 161 35
370 312 84
294 68 51
19 147 53
278 270 9
262 19 28
279 135 56
170 111 65
171 341 43
335 303 65
48 372 95
83 22 54
281 41 72
308 226 62
28 41 86
395 253 9
303 274 39
165 288 87
326 139 82
137 200 27
202 6 49
248 330 46
50 134 80
70 8 1
78 343 53
140 209 55
202 239 29
195 282 67
371 322 7
347 394 100
304 104 60
290 81 57
320 115 26
315 177 83
121 398 29
123 289 98
59 83 66
36 24 2
367 93 59
371 347 32
278 394 41
117 183 98
111 305 14
325 122 57
219 311 42
244 281 49
335 341 22
328 22 40
396 16 89
312 65 86
380 9 24
349 88 47
43 364 29
49 36 56
386 283 54
361 166 89
358 187 71
126 135 67
395 298 66
293 176 82
59 17 56
386 266 34
148 146 7
90 261 68
98 280 14
327 180 91
96 163 79
322 212 47
52 98 20
292 354 30
252 68 41
48 288 40
323 298 12
325 336 84
378 171 10
15 129 18
88 366 37
52 96 4
1 0 2
360 205 83
205 385 4
244 10 13
194 230 40
316 353 87
230 348 83
121 399 19
70 59 7
323 126 1
40 235 73
213 294 6
159 95 90
344 290 59
148 298 51
226 32 31
186 10 100
291 348 98
71 331 92
64 369 99
338 249 63
392 94 64
386 303 28
321 168 88
329 183 42
101 158 40
142 367 39
345 303 37
320 117 22
144 48 81
333 88 54
178 107 74
74 181 77
228 202 92
150 398 45
300 106 74
131 43 74
386 381 85
250 88 8
74 80 13
217 77 80
369 174 64
351 49 72
368 77 6
92 337 15
378 255 27
246 152 58
253 97 88
82 240 92
320 162 91
90 35 64
142 111 57
311 250 52
65 129 85
251 210 43
300 43 9
105 235 34
192 25 29
42 283 73
37 135 60
254 54 98
58 302 1
37 253 17
51 4 3
89 273 36
247 395 91
144 221 21
225 90 26
4 150 28
370 349 8
394 108 75
111 96 30
203 114 51
2 213 90
130 103 93
215 29 57
263 95 79
236 20 87
93 132 23
93 260 12
86 139 91
357 97 17
180 249 10
326 301 91
144 338 22
3 321 40
64 341 22
390 162 6
59 135 12
260 208 41
381 62 81
228 57 85
98 179 50
174 205 12
174 268 73
217 342 35
68 205 96
319 167 75
381 388 34
252 282 25
38 308 42
200 152 48
14 119 32
83 23 95
145 387 9
103 61 26
304 302 91
231 398 89
23 395 45
226 44 30
293 244 9
152 9 51
379 91 19
397 337 20
261 141 18
67 11 51
183 2 59
342 195 83
343 60 75
35 52 59
289 254 36
125 374 48
35 143 4
367 232 53
244 360 20
144 350 18
113 394 45
251 313 6
210 303 97
73 239 86
347 70 76
240 106 86
243 301 44
24 233 4
371 333 21
387 214 39
387 108 96
339 8 27
122 53 90
133 13 80
45 82 31
30 323 24
53 275 64
32 370 22
153 112 87
263 76 17
252 47 60
204 313 33
91 88 63
104 33 4
132 124 21
90 396 65
100 343 81
52 51 93
267 181 21
260 348 74
32 77 64
317 215 41
70 147 24
246 208 28
344 107 68
31 10 40
353 105 66
390 238 15
67 210 92
120 48 40
30 177 65
180 317 38
109 142 31
30 142 39
104 183 9
148 123 77
386 356 44
264 223 37
352 214 38
267 37 76
313 235 66
111 226 83
19 54 47
217 248 11
75 236 65
174 362 60
327 298 96
109 163 15
175 75 26
290 209 12
331 129 25
333 56 89
300 387 70
243 331 24
300 266 42
75 62 25
351 3 16
219 207 6
131 89 52
43 141 4
193 142 16
204 162 81
86 124 98
4 240 62
155 306 53
2 240 87
0 111 24
210 395 66
44 257 8
223 197 21
384 128 13
60 303 37
64 79 72
144 160 56
248 183 53
228 180 31
358 288 63
116 330 72
86 113 73
106 2 53
191 336 94
86 393 7
182 195 73
42 288 9
278 369 43
323 375 38
339 34 31
10 32 77
22 243 49
369 127 99
178 129 32
55 348 3
346 238 41
348 135 11
104 238 48
315 294 87
147 28 23
313 264 80
252 368 91
251 35 4
47 388 100
164 204 76
291 289 7
181 385 63
395 69 28
202 136 34
50 97 88
137 27 97
283 132 14
3 1 93
262 124 88
57 231 65
18 38 3
58 314 51
320 36 38
19 99 97
373 21 34
177 135 39
114 201 64
352 38 68
21 311 70
27 99 8
144 347 21
43 94 8
228 367 84
68 206 44
387 346 32
345 318 89
395 264 69
171 288 63
53 383 30
385 139 67
123 201 75
360 211 70
226 96 32
77 9 17
140 238 1
31 256 75
391 220 19
119 263 96
255 190 50
176 265 56
197 184 7
306 145 52
120 368 63
3 92 45
339 220 83
6 131 11
34 399 50
38 191 98
128 327 3
0 317 6
108 273 82
32 245 45
273 95 7
95 224 42
161 87 16
142 369 98
310 254 55
366 141 86
393 223 10
110 373 26
38 222 38
146 169 71
267 357 16
325 164 54
43 217 28
384 20 53
274 130 39
16 372 29
14 280 46
111 385 66
220 3 17
235 300 12
272 5 73
76 325 49
357 301 96
223 155 100
230 235 80
65 33 32
226 76 35
370 333 47
140 143 47
293 91 35
118 347 56
270 170 5
189 328 17
376 352 31
90 218 6
6 370 30
124 306 19
345 367 40
353 366 6
113 83 4
325 66 27
346 267 97
16 242 85
76 323 55
181 375 11
396 182 71
180 268 20
11 65 2
311 63 62
51 38 39
73 2 1
152 23 68
323 274 8
166 311 73
122 361 74
126 328 61
312 40 20
200 179 38
210 126 45
127 361 49
7 337 54
194 292 21
185 27 24
139 243 16
394 334 5
339 196 39
239 32 63
283 24 67
49 26 95
315 30 83
167 287 58
291 125 69
116 246 29
246 151 54
303 271 4
90 304 86
331 340 93
199 245 50
303 18 3
57 324 72
232 57 66
164 353 36
4 87 11
211 229 37
163 303 42
255 124 49
327 230 11
172 213 79
183 384 56
344 269 79
211 341 27
210 267 69
99 246 56
247 39 10
340 291 46
46 205 5
310 298 16
242 307 32
157 110 40
54 303 61
183 230 8
374 98 63
357 180 60
358 344 62
275 250 79
49 9 63
253 365 58
337 225 37
84 245 10
215 370 75
178 67 14
75 168 95
196 327 1
227 23 63
171 117 67
71 119 57
199 65 50
361 148 53
47 247 6
39 291 28
82 350 70
76 20 15
104 306 69
395 178 72
200 14 98
169 399 23
274 24 52
103 129 36
117 11 12
216 127 85
235 6 65
281 169 98
62 45 89
142 102 64
87 33 29
195 144 24
219 86 56
252 308 17
125 217 6
224 169 29
193 111 38
322 226 72
325 331 68
44 246 77
59 235 40
88 113 77
260 17 63
137 185 40
257 132 92
377 196 84
190 374 15
62 38 10
164 153 93
88 287 94
366 123 66
326 154 86
58 0 1
53 259 75
159 244 8
104 111 28
187 44 79
170 125 7
388 37 53
276 263 88
388 370 55
131 302 14
76 139 16
238 285 95
369 118 57
274 213 11
228 107 88
191 320 94
42 366 76
12 256 89
87 333 14
80 255 41
330 340 16
223 361 73
294 62 68
189 48 52
214 293 52
68 212 63
329 29 10
30 193 70
245 397 12
145 232 62
102 376 9
211 282 40
59 53 79
224 355 91
96 204 27
111 216 99
385 160 25
394 63 55
242 284 86
394 138 1
314 342 60
263 270 32
51 74 36
100 48 81
184 35 87
22 232 39
129 198 66
215 312 58
245 89 40
133 230 46
294 338 85
51 238 29
193 127 9
250 294 22
24 398 65
368 328 7
116 334 49
32 306 96
240 348 86
275 374 37
208 203 72
10 192 68
287 163 50
344 24 7
298 127 40
376 210 77
285 32 26
185 115 52
299 85 99
179 350 70
75 366 66
204 362 21
189 332 34
80 103 78
82 128 89
388 74 5
257 68 88
20 102 11
45 336 91
218 237 19
22 328 43
361 77 76
323 87 34
101 315 73
69 312 27
72 36 33
342 197 32
70 50 87
124 121 6
99 334 90
81 89 57
376 237 42
195 109 44
9 160 22
181 6 71
32 255 47
275 334 78
311 7 42
354 34 85
101 292 18
315 290 19
266 176 60
108 236 88
7 308 20
190 127 15
288 336 2
64 231 5
72 328 29
373 146 36
211 136 74
11 310 83
98 377 84
166 59 62
267 216 74
139 208 9
137 208 16
214 24 60
11 354 47
58 55 81
98 288 36
55 304 86
241 316 73
230 27 56
46 358 55
286 204 18
291 322 33
326 171 94
132 180 52
389 343 22
76 338 52
56 324 2
267 338 56
383 339 4
309 337 7
279 179 70
281 183 64
166 135 38
202 374 43
125 196 75
319 262 46
338 16 10
68 96 35
282 25 90
182 186 19
97 232 67
344 118 70
339 347 43
53 213 71
63 114 45
237 6 65
335 301 21
203 367 38
143 378 84
134 155 30
129 73 32
78 138 12
199 167 13
190 103 36
252 157 76
218 104 44
392 317 56
130 207 95
305 39 32
349 389 13
371 355 76
399 88 49
5 158 86
182 96 18
329 194 49
238 236 3
214 297 95
224 167 11
155 337 62
170 242 39
228 313 78
220 76 60
297 305 97
337 108 23
176 273 75
394 50 69
43 202 31
397 94 48
292 315 16
72 264 85
230 70 68
397 350 11
288 280 81
298 278 31
384 34 7
14 148 14
139 195 55
123 30 19
79 204 50
95 109 95
257 130 85
18 50 79
1 316 100
304 301 86
227 181 68
128 395 9
251 44 59
71 369 19
266 46 46
127 266 58
48 274 95
290 270 90
223 309 34
122 227 51
273 178 64
289 385 12
188 334 10
359 399 41
260 394 61
167 144 55
132 157 52
39 296 78
273 55 43
18 170 98
136 291 72
230 224 18
20 213 51
283 43 65
41 32 67
259 383 7
10 367 35
9 106 22
221 227 45
17 145 91
84 359 62
368 265 71
317 184 73
183 382 32
67 234 96
240 68 18
315 44 67
342 211 5
13 266 58
350 155 34
196 2 85
96 385 8
168 200 17
146 125 60
207 107 93
311 173 65
301 365 31
259 396 37
215 350 7
16 147 45
180 204 25
0 137 1
57 393 4
30 123 10
98 395 60
297 395 41
137 394 62
224 239 81
237 30 96
375 314 96
11 64 5
1 145 90
322 145 64
188 399 32
317 237 88
161 72 74
120 190 17
72 94 78
218 287 54
331 230 76
196 163 87
262 238 75
391 148 46
311 74 1
225 364 71
238 50 57
64 224 3
15 297 95
360 286 52
280 382 55
382 369 98
144 52 60
49 156 43
47 165 15
45 155 76
139 89 13
60 179 80
85 32 11
44 269 75
14 316 69
140 363 24
39 323 20
276 211 99
297 275 89
41 244 33
235 4 84
103 76 74
399 263 13
359 15 97
274 347 37
221 268 55
72 147 19
359 200 84
150 311 8
339 294 92
145 326 46
183 299 56
267 214 13
329 232 27
344 145 73
195 321 13
284 338 34
341 296 26
255 18 32
260 182 15
54 289 25
85 92 33
156 22 96
330 300 8
328 127 6
132 354 27
100 391 16
384 331 63
95 282 80
399 30 62
325 75 42
332 338 63
223 59 75
95 57 58
76 104 85
191 136 72
381 17 72
51 365 95
201 159 16
224 26 99
314 399 56
22 370 73
249 298 98
366 139 60
169 101 30
268 318 33
213 137 46
245 182 29
371 67 40
182 398 75
174 230 43
317 287 50
304 277 98
377 186 86
67 190 35
111 241 63
152 104 6
44 215 29
253 189 72
46 14 68
72 348 91
170 314 88
26 60 79
389 25 35
345 262 61
274 282 58
204 102 25
5 30 19
166 47 35
219 59 6
124 398 87
200 158 91
298 54 72
336 307 24
107 76 18
239 198 44
150 64 66
213 139 96
22 290 38
27 353 32
282 276 39
56 84 54
226 218 94
35 232 61
355 360 71
260 48 92
281 245 61
300 144 90
131 63 9
47 99 96
174 218 89
273 11 62
240 189 38
48 202 72
235 231 24
33 309 23
325 356 17
144 390 81
29 128 44
226 72 54
313 393 12
137 193 66
33 275 90
250 123 48
246 313 73
383 152 98
113 86 55
261 308 86
52 384 48
379 315 23
314 228 34
261 131 88
239 321 100
373 392 79
331 71 32
62 204 9
12 372 95
386 346 78
223 381 7
347 175 59
206 101 22
9 11 67
59 222 88
329 171 83
248 81 1
100 379 53
152 266 87
249 365 22
154 284 58
93 377 2
118 209 18
119 346 63
278 325 12
392 278 56
229 192 33
98 339 75
163 130 19
148 109 98
200 165 100
122 218 18
186 119 64
195 302 64
344 28 5
141 129 70
251 38 20
213 388 73
359 279 92
297 203 17
147 234 64
42 228 88
351 15 32
212 16 86
174 253 20
197 311 13
321 263 79
183 357 24
178 88 60
374 241 52
337 170 78
69 280 47
63 151 72
359 249 44
46 225 63
209 168 13
100 254 90
289 191 1
395 33 64
216 132 84
119 213 70
374 230 8
226 55 2
274 277 11
226 54 82
84 195 63
310 158 47
154 360 42
246 251 7
61 373 4
267 26 96
61 213 99
194 232 18
188 176 47
155 335 23
2 239 3
203 108 48
77 363 41
243 203 63
210 383 87
276 82 16
209 26 88
219 45 95
288 127 23
353 69 15
77 115 12
175 22 18
215 246 69
338 378 69
87 2 52
11 6 65
64 82 34
197 4 41
342 383 59
129 10 67
91 206 67
260 150 14
38 293 40
234 387 78
182 301 62
342 244 92
248 167 62
51 270 47
28 322 20
59 208 25
230 48 77
134 219 52
246 288 83
313 44 14
364 188 69
165 336 52
261 207 13
223 216 82
253 171 27
86 252 79
226 391 3
104 213 98
233 88 16
33 212 31
35 103 71
383 195 15
133 123 93
31 328 68
279 61 18
250 6 16
19 216 64
379 302 48
71 180 21
184 195 34
2 292 37
361 231 88
189 194 46
363 294 97
194 340 64
160 120 100
374 137 29
88 325 94
73 113 24
274 339 44
301 2 64
209 323 69
341 189 29
95 22 42
272 368 76
153 250 99
140 186 12
1 18 19
382 131 100
219 43 22
316 346 5
299 67 35
235 19 9
103 154 44
331 330 70
90 141 85
289 244 96
142 356 56
238 20 14
346 338 70
255 393 99
91 101 17
162 376 43
51 332 3
354 120 39
248 371 23
164 337 87
57 45 16
204 243 72
32 138 6
357 219 52
181 376 46
130 106 59
185 379 96
188 344 80
296 156 19
297 139 46
219 125 30
386 332 5
162 79 10
77 302 43
375 256 51
376 211 41
4 399 10
73 287 81
341 98 38
328 40 57
103 249 12
184 354 22
95 135 76
51 28 35
34 229 95
305 270 77
272 303 28
246 177 4
362 153 21
130 211 3
182 352 35
384 237 75
42 90 56
368 313 98
338 208 62
138 216 86
131 119 48
43 247 46
289 172 25
234 46 81
127 295 33
32 183 89
299 279 2
376 99 97
15 385 17
107 290 86
319 383 60
286 250 89
135 174 42
24 84 45
377 276 84
260 176 81
174 93 23
330 95 83
143 205 57
241 153 52
171 115 51
16 184 92
264 286 86
119 154 65
273 42 70
331 144 96
67 235 78
285 226 99
271 361 8
223 115 19
370 115 99
275 89 93
197 47 38
255 83 38
147 128 43
355 201 37
376 82 39
176 290 20
88 156 66
30 327 6
296 396 70
237 298 25
195 92 87
176 174 39
318 293 63
382 295 26
279 10 54
241 354 99
232 2 71
230 137 46
399 307 47
97 156 32
128 98 97
8 387 63
73 256 73
296 274 86
286 177 100
216 314 79
230 186 50
266 22 22
378 233 19
83 139 93
193 182 93
208 382 1
114 183 91
57 360 86
175 165 55
92 19 52
8 146 16
184 209 73
167 130 81
313 275 98
181 251 38
235 331 37
79 153 82
111 100 60
15 336 79
253 61 48
113 25 77
99 194 85
97 385 38
222 145 21
328 8 1
328 122 8
67 376 8
247 221 9
303 33 50
97 40 24
344 4 64
192 60 9
313 63 77
4 265 11
37 237 65
27 243 14
329 17 12
310 10 57
92 189 11
349 305 8
31 14 37
169 359 27
143 361 61
178 78 18
305 155 1
302 331 15
52 9 51
94 389 65
294 117 77
55 162 6
337 30 9
319 21 36
275 121 28
249 399 56
185 340 1
353 35 70
361 304 12
6 288 84
234 378 80
53 0 93
60 341 18
90 221 13
319 251 87
270 25 72
203 338 87
222 28 29
10 342 5
173 372 44
159 196 7
334 398 98
381 68 42
115 297 91
23 211 63
232 85 55
377 31 100
59 143 10
385 208 24
212 320 47
296 180 5
232 103 67
5 218 95
106 85 98
370 42 44
125 50 91
171 377 62
258 189 2
325 373 96
329 298 68
253 357 3
253 308 36
378 326 27
339 264 75
222 90 83
54 15 17
261 351 42
217 157 46
150 348 83
32 193 88
127 20 68
66 41 28
231 246 45
32 267 19
77 268 14
138 122 28
377 11 22
37 184 55
380 253 21
296 97 50
191 107 11
260 121 43
57 63 43
1 43 26
237 39 91
177 138 15
107 189 58
44 98 68
94 235 73
143 103 92
343 81 44
121 74 42
162 336 40
266 391 58
219 6 9
334 228 15
338 389 97
86 23 13
102 115 90
56 348 23
6 123 58
236 127 62
132 118 65
160 30 43
385 8 26
171 163 34
238 324 11
284 133 29
352 104 40
361 95 19
361 349 59
31 166 84
375 216 70
37 131 43
187 206 40
155 117 45
312 279 62
363 166 12
30 115 61
87 108 94
230 237 95
159 384 48
38 200 68
320 262 66
21 364 72
169 254 70
19 184 19
235 222 48
268 176 12
124 177 45
374 24 84
279 225 13
129 145 79
163 4 15
228 339 86
66 242 50
28 64 60
222 216 8
301 357 12
170 90 50
205 99 47
334 225 83
160 190 97
212 5 100
123 318 99
25 369 18
62 148 81
321 36 65
32 5 59
175 275 41
261 354 46
162 389 80
137 253 69
195 51 70
250 56 26
156 6 31
376 106 3
248 259 100
264 358 30
43 69 19
91 97 90
90 163 41
51 392 92
338 386 45
225 351 51
11 357 94
234 360 42
25 31 97
354 3 73
385 185 7
374 335 43
172 177 9
274 59 86
369 321 39
285 302 26
189 2 87
173 295 20
334 48 23
59 117 34
302 343 83
388 239 51
397 127 88
70 320 29
98 247 34
378 144 50
37 55 74
378 164 97
248 358 71
310 19 13
134 130 66
90 102 63
94 78 38
335 225 18
99 184 52
177 123 93
153 393 96
179 27 89
306 364 31
36 74 98
187 250 52
214 166 39
161 234 70
283 315 31
210 268 71
67 273 16
77 296 72
34 38 92
258 122 88
65 53 41
95 149 55
328 267 59
123 313 86
283 54 11
331 319 4
255 194 72
135 371 28
205 296 57
49 245 47
175 290 26
123 386 14
308 136 9
40 82 24
258 81 54
25 94 44
59 29 70
5 21 2
118 29 19
77 229 65
162 230 17
164 160 89
186 278 88
207 22 79
75 297 53
120 279 13
76 322 52
242 260 99
50 297 70
198 74 58
348 380 3
217 205 79
29 294 4
184 386 69
285 353 31
181 68 87
237 60 71
225 383 80
225 103 88
209 49 15
330 37 69
175 2 92
84 176 22
180 158 87
338 165 92
110 66 26
391 360 87
283 296 89
375 78 99
392 285 60
159 194 82
370 22 39
331 299 30
189 308 74
67 110 5
138 177 87
338 371 92
328 246 36
111 60 26
364 181 36
233 326 64
51 173 29
248 96 71
328 324 3
192 170 39
34 30 21
281 384 53
383 169 39
264 300 3
250 41 50
159 325 10
253 305 78
36 359 93
370 54 93
173 262 4
5 370 9
85 157 91
317 201 60
308 49 44
187 191 92
245 21 83
23 300 26
19 41 5
4 314 40
188 47 14
51 306 61
347 97 4
299 166 38
342 363 80
111 219 67
72 130 56
59 176 98
361 235 27
335 318 26
226 157 4
251 52 40
316 75 59
239 130 25
290 158 63
102 43 49
40 318 32
149 231 30
283 141 10
54 42 26
297 318 80
109 84 24
289 137 33
325 204 29
29 184 85
122 270 79
136 249 100
96 94 10
39 162 59
41 367 13
83 265 90
179 348 23
112 206 69
247 277 41
378 69 24
48 223 66
102 108 24
186 289 31
267 91 96
199 27 34
194 305 31
33 234 40
320 98 57
114 69 45
225 369 20
263 60 20
218 228 11
354 259 43
233 379 49
264 97 84
120 71 22
341 210 19
355 390 85
111 319 69
188 191 40
171 210 39
182 238 7
268 150 76
360 326 70
129 381 28
260 334 96
121 84 61
103 172 91
315 241 41
317 325 51
134 347 65
319 76 2
188 132 45
180 77 56
348 361 29
359 170 83
398 119 35
25 362 32
62 129 92
104 227 98
89 377 26
148 15 49
286 171 31
105 49 94
99 80 44
159 351 70
113 389 85
217 69 47
245 274 39
139 194 22
335 170 25
98 372 5
202 24 61
74 98 58
98 329 98
350 134 37
353 77 14
340 385 47
0 15 77
338 259 26
74 382 63
335 1 54
243 121 28
95 292 63
105 42 51
290 140 49
371 205 1
47 110 43
36 13 85
371 144 83
289 119 71
180 187 24
282 70 93
49 53 70
386 181 9
117 379 26
290 245 73
292 234 91
294 293 19
363 256 77
269 250 61
269 293 64
201 347 49
199 339 66
231 255 79
294 231 27
354 397 50
146 392 3
221 68 39
301 85 68
88 263 93
243 240 72
24 42 42
318 374 99
45 1 79
196 23 4
66 382 73
383 84 63
8 202 22
13 293 97
212 388 55
297 164 3
58 318 22
224 74 98
282 272 85
382 95 11
100 353 94
254 85 55
275 310 12
341 264 63
97 294 84
159 9 35
297 327 91
156 51 99
289 2 53
248 226 24
63 276 79
246 66 38
179 382 93
37 154 74
72 90 38
259 353 96
19 369 14
372 178 1
26 249 56
372 109 56
62 174 75
65 46 10
393 31 72
62 356 1
349 93 72
159 48 98
362 39 98
257 147 9
119 96 18
164 269 33
114 204 6
16 129 39
396 394 32
99 222 82
64 156 54
364 106 64
272 357 3
253 279 90
207 361 39
119 25 84
24 336 80
282 296 25
186 43 1
247 325 66
266 388 8
289 27 88
347 319 51
161 149 24
237 392 1
1 54 28
346 392 13
195 247 94
384 284 23
285 144 1
309 118 66
176 128 52
125 276 32
294 171 74
142 22 26
29 220 10
279 248 35
182 388 78
276 88 14
322 277 35
291 28 16
382 44 77
251 178 41
41 183 12
39 214 11
111 177 10
181 319 88
88 132 65
270 145 31
253 123 77
193 384 85
73 298 48
373 149 88
292 76 73
221 135 4
143 272 55
275 93 68
68 358 64
124 339 45
256 264 63
229 195 85
356 146 97
99 31 64
40 156 42
219 196 7
349 100 95
342 78 88
275 38 66
202 169 65
341 239 99
359 159 92
138 248 29
256 224 13
244 157 19
138 48 73
361 195 65
99 369 17
393 163 3
23 316 16
215 327 1
174 171 98
309 1 75
368 370 66
90 336 73
362 0 88
83 50 50
328 156 53
330 397 65
65 135 60
83 106 52
164 324 25
0 313 71
336 344 74
204 119 88
162 119 8
389 227 21
326 311 63
164 359 72
176 51 100
96 184 72
279 239 32
175 203 30
235 212 71
364 345 33
27 277 13
136 91 2
40 385 76
119 145 47
305 271 55
329 213 39
180 283 70
246 211 99
161 295 62
377 384 29
323 182 45
211 243 85
156 169 53
222 293 14
24 156 17
20 232 8
99 0 66
25 184 64
353 325 54
322 253 72
326 127 33
292 140 82
80 395 75
128 92 31
394 273 37
17 223 55
29 253 5
290 118 97
208 349 70
81 100 98
153 254 33
29 155 52
195 100 20
124 185 38
25 346 22
60 373 44
393 235 23
252 116 73
256 346 36
328 144 37
337 335 3
81 266 41
161 141 81
204 214 25
143 304 63
368 250 7
90 6 2
329 73 26
52 261 60
267 377 39
86 82 13
14 214 58
72 281 55
149 201 20
385 106 21
319 357 16
153 173 16
204 144 69
367 204 21
312 348 74
332 320 44
345 70 47
109 29 19
142 361 93
220 165 81
345 310 56
0 103 89
39 309 70
91 230 6
157 36 68
77 248 1
243 126 52
368 275 56
285 232 22
94 238 23
5 146 52
70 129 68
14 195 57
270 370 84
146 216 22
199 294 38
110 4 5
124 341 84
276 348 98
277 224 35
278 33 44
44 2 60
332 28 63
139 274 6
366 114 6
204 260 51
309 88 17
136 33 56
160 60 15
2 16 95
115 355 93
16 391 8
394 220 82
108 375 98
235 47 58
154 172 1
390 236 32
201 295 80
367 220 97
266 321 48
153 299 82
241 305 87
161 302 11
92 341 53
122 349 12
343 394 48
370 125 76
84 26 20
98 265 46
125 385 30
187 348 59
205 347 28
282 319 11
300 150 47
49 275 94
295 276 5
100 350 15
114 49 99
104 7 97
386 397 57
344 246 91
372 155 58
179 66 15
103 220 76
93 146 52
276 390 100
26 245 26
220 393 40
32 74 4
391 60 48
322 374 48
103 135 11
38 340 70
297 342 61
289 298 88
137 73 39
59 312 72
320 368 9
4 33 18
68 247 20
169 203 77
72 252 2
371 306 23
54 272 57
137 119 38
73 205 35
386 173 5
276 293 6
32 73 86
229 196 83
382 106 17
358 242 63
189 162 70
240 69 13
238 125 86
215 10 65
321 86 48
396 76 84
243 231 31
205 108 95
285 300 51
86 157 41
210 105 31
288 184 77
258 218 73
160 307 99
314 11 36
49 246 60
202 302 65
383 141 50
76 106 73
345 151 45
273 56 70
384 395 80
183 62 26
167 242 50
173 280 10
385 178 29
277 344 46
28 228 88
38 244 70
46 122 99
114 386 93
233 210 68
363 283 94
301 110 81
263 373 55
218 162 54
100 334 40
122 261 66
145 126 36
304 217 44
18 74 62
363 117 76
196 5 83
151 116 79
151 396 12
367 172 87
331 3 33
236 387 60
337 211 2
76 308 55
177 28 85
8 265 22
163 241 89
357 151 39
58 139 32
280 160 41
34 186 66
81 126 61
157 243 70
79 28 44
39 368 71
344 351 56
64 360 60
270 82 42
393 310 63
341 115 33
135 317 15
112 271 92
392 73 50
287 38 41
5 7 71
132 71 21
373 222 74
103 74 8
360 381 23
338 382 5
114 108 13
252 228 33
238 112 63
238 108 20
396 35 40
46 170 30
76 273 15
58 137 75
46 33 2
86 253 51
342 389 31
191 218 81
73 300 95
261 271 70
299 178 23
282 299 88
332 262 22
203 146 53
242 283 92
36 10 64
223 149 14
54 169 92
315 182 100
250 240 36
33 285 8
308 137 1
23 286 50
141 103 31
21 149 6
279 325 45
52 63 3
203 24 58
242 359 51
278 227 67
250 21 31
340 3 67
71 93 65
344 389 37
60 366 71
314 80 62
121 116 17
261 209 1
369 386 54
82 295 89
79 67 56
117 129 20
83 302 30
322 110 84
108 3 7
339 199 6
64 179 90
362 364 58
349 187 36
161 199 48
144 326 58
95 338 81
4 332 45
340 2 95
163 43 47
338 292 38
146 370 26
36 156 36
11 384 2
322 98 80
292 194 72
350 334 31
155 143 65
86 145 41
185 172 61
55 336 75
158 26 88
376 194 85
302 99 89
192 106 20
379 97 3
341 62 13
141 90 79
105 234 74
368 252 47
54 200 61
224 338 91
180 23 62
204 212 38
143 122 1
286 74 34
141 85 30
72 361 77
89 276 91
272 281 72
255 109 22
96 326 73
301 289 82
202 30 31
270 52 31
370 382 7
321 53 30
355 131 19
175 20 13
54 333 72
258 355 87
286 89 37
51 241 82
330 256 96
5 303 55
183 380 24
236 150 43
345 112 1
112 128 27
195 83 5
302 283 32
377 62 68
241 94 94
242 76 99
330 33 6
69 134 72
155 297 46
30 223 58
197 328 17
76 166 71
371 262 75
223 346 94
283 62 6
84 189 18
384 354 25
59 48 54
368 262 20
198 287 55
324 117 44
263 67 81
103 79 40
88 321 77
107 200 75
224 364 95
249 240 48
19 225 53
283 187 64
372 344 41
211 248 11
150 313 37
380 272 74
390 92 82
398 353 100
16 115 2
246 244 19
9 391 8
254 319 84
289 331 53
2 178 43
124 103 74
375 366 89
162 126 44
331 24 69
346 139 7
19 212 16
80 108 68
234 313 76
191 43 21
353 56 14
246 45 95
214 265 11
253 304 73
34 67 44
205 217 2
289 239 34
137 243 56
48 167 43
126 109 38
256 15 76
56 124 39
395 0 29
5 60 64
259 0 68
101 317 64
219 111 71
376 58 52
122 70 31
45 130 15
287 281 60
62 286 94
208 64 61
135 119 13
23 338 82
302 340 62
320 319 27
61 229 38
250 185 96
320 398 37
213 289 97
170 4 29
220 110 29
196 158 2
35 284 27
55 288 64
364 301 24
46 318 11
9 155 90
259 237 59
102 175 38
139 38 76
330 357 30
164 141 64
212 57 68
285 18 36
229 89 62
358 189 27
339 22 37
26 264 19
232 64 49
184 85 25
226 271 49
199 127 68
8 210 77
144 217 98
85 200 54
265 149 43
238 134 87
321 210 72
100 86 42
316 227 10
71 338 40
127 329 19
215 74 10
60 399 93
261 374 23
191 359 65
139 167 28
334 194 52
379 265 82
32 324 28
309 175 36
224 76 20
125 127 18
201 340 91
168 155 82
117 116 86
348 241 80
362 49 69
134 355 6
264 359 57
96 166 53
244 376 79
249 255 84
177 277 10
194 224 13
26 198 60
72 335 50
62 8 60
140 23 6
338 225 41
150 254 24
360 19 51
216 337 15
300 298 28
68 187 21
58 240 93
170 263 90
319 72 2
240 83 33
301 154 100
207 323 8
365 219 45
181 255 82
212 44 32
0 25 83
343 84 11
12 225 23
12 354 54
68 22 32
283 244 60
71 287 65
226 282 75
38 131 41
201 325 34
214 84 26
260 166 98
211 241 74
361 68 66
176 248 21
3 145 77
19 70 74
340 396 72
124 307 97
101 163 16
332 172 80
202 189 11
387 104 41
353 344 58
298 69 11
16 14 45
14 360 61
207 30 22
54 366 25
376 221 28
91 69 40
36 141 78
158 285 93
306 387 17
28 389 12
76 21 4
155 157 86
194 300 57
391 84 20
106 308 100
305 222 90
313 160 47
239 148 24
194 217 6
127 387 63
271 300 20
215 85 32
35 251 79
114 358 37
339 90 91
176 58 82
154 388 14
87 158 94
284 187 67
40 395 61
90 204 16
271 291 61
281 392 14
386 137 53
188 112 69
186 267 43
45 160 29
296 372 65
384 149 94
175 340 16
300 231 54
56 85 92
64 17 85
0 2 68
106 244 61
299 119 1
84 66 8
24 330 18
59 182 15
344 46 23
181 214 83
344 183 7
217 348 58
343 135 69
140 19 12
376 345 44
331 306 48
202 299 41
140 233 33
118 108 40
190 215 93
329 7 86
304 52 36
53 324 19
288 81 84
245 188 73
292 343 7
85 128 32
148 82 25
220 237 5
56 231 35
180 31 57
271 30 81
153 384 71
382 146 64
101 295 57
233 213 34
383 43 15
196 246 43
12 27 65
223 107 95
176 189 6
151 214 78
186 95 52
155 189 27
298 372 14
154 71 63
145 40 77
236 105 61
297 333 51
70 316 90
125 76 46
47 257 10
390 371 41
19 4 38
205 121 16
301 9 96
186 238 34
67 258 80
147 265 99
348 98 36
161 45 80
188 310 36
97 253 37
337 23 62
67 241 92
51 323 32
66 96 50
314 164 4
179 23 35
383 196 44
238 296 9
350 37 39
393 346 50
239 344 19
147 386 33
394 291 91
364 288 86
352 127 42
126 352 86
4 114 43
313 33 13
60 337 36
269 387 50
173 155 3
232 271 53
327 197 37
263 11 84
195 136 2
203 25 2
115 348 58
98 82 45
54 271 93
218 225 37
98 214 98
67 163 78
44 106 52
246 174 90
279 155 35
53 68 91
317 326 35
32 235 91
172 382 68
162 15 46
320 147 26
308 298 23
361 84 14
18 325 6
159 58 17
11 347 43
292 25 23
338 266 72
390 246 55
23 251 99
391 20 50
349 284 21
320 186 69
266 297 97
276 5 18
49 265 9
133 286 12
228 89 59
242 204 52
215 121 8
30 128 31
312 276 63
110 368 78
177 383 2
101 396 79
181 314 10
4 236 30
385 163 32
227 13 44
76 94 75
67 331 27
362 97 11
205 58 90
370 142 78
33 15 82
72 6 42
206 345 81
33 11 47
376 291 75
81 251 80
224 65 92
267 165 65
394 248 62
352 296 80
385 242 67
91 240 22
75 325 29
388 345 89
6 268 51
147 126 31
112 375 87
177 335 81
171 196 97
261 128 9
302 86 66
268 356 11
167 208 37
302 192 76
55 252 93
361 88 58
182 23 14
91 264 39
324 19 6
354 15 33
218 321 52
50 322 73
232 144 96
62 49 19
262 279 17
373 389 77
330 142 92
251 60 72
165 237 77
247 259 92
135 274 92
196 98 49
207 369 8
350 185 85
144 35 48
262 269 98
244 340 58
25 122 93
173 69 70
326 318 27
225 116 48
360 204 69
197 99 56
58 264 89
108 377 72
21 388 54
78 175 92
329 223 24
299 125 71
151 383 21
115 323 94
27 100 94
314 372 49
330 28 96
13 304 53
225 13 73
378 1 17
274 194 5
150 355 53
358 83 12
5 267 58
10 85 12
85 263 19
18 356 52
159 339 17
356 21 70
88 307 74
53 211 20
254 194 58
180 380 19
40 271 66
296 45 28
77 125 68
111 194 37
276 193 6
193 261 62
154 137 48
201 209 51
134 38 45
111 23 5
139 19 58
176 178 63
73 399 11
127 158 50
246 78 9
54 387 54
222 248 18
125 5 74
141 265 41
185 199 65
289 240 66
248 133 68
147 161 29
334 118 93
280 354 68
169 248 50
27 228 77
375 176 65
149 49 71
221 325 95
283 136 9
113 377 18
52 4 21
358 138 45
395 112 71
284 110 40
44 35 100
248 42 98
327 378 86
92 9 89
49 384 88
394 37 70
96 259 73
96 353 65
89 162 37
67 346 13
137 280 59
91 129 60
191 95 48
181 190 75
146 211 73
348 137 53
54 77 60
358 111 42
15 346 5
92 195 64
132 399 4
236 231 2
11 315 13
137 135 26
202 45 29
179 229 54
96 250 28
35 360 42
290 237 51
287 70 76
72 366 23
275 344 95
203 58 21
78 30 87
113 207 94
57 356 37
316 77 66
80 335 67
224 114 34
100 265 81
265 189 58
151 314 82
230 127 23
329 101 22
308 290 50
145 382 15
239 100 22
156 365 23
125 245 85
131 323 91
284 211 39
211 62 38
40 20 10
107 307 82
152 103 39
253 85 29
253 24 86
139 118 56
128 218 62
3 247 65
374 223 23
358 116 20
48 25 25
196 92 88
85 217 71
362 343 54
207 300 39
259 64 99
78 210 94
256 248 14
194 374 3
133 378 67
74 354 42
44 252 91
70 250 49
131 278 13
84 243 83
33 208 19
44 343 23
96 278 1
133 287 25
351 64 91
93 161 70
223 341 68
24 365 60
318 237 49
313 134 50
4 57 15
397 285 22
221 228 40
129 276 77
156 148 11
263 1 40
283 317 90
275 11 79
87 22 95
356 283 84
294 55 81
345 175 63
9 284 94
382 180 93
240 26 100
64 159 58
381 359 58
391 327 87
68 88 77
185 320 88
292 245 2
357 259 7
55 30 18
161 180 22
211 46 42
365 77 96
276 363 49
228 184 21
235 282 1
379 195 60
250 216 86
310 331 21
322 203 42
6 155 45
82 61 4
319 202 38
300 12 55
104 48 70
105 301 54
397 249 79
146 258 11
280 105 41
214 246 11
139 137 15
210 94 30
180 69 44
215 173 50
107 110 31
322 280 76
252 335 5
163 331 69
287 387 59
289 97 8
398 383 81
215 103 100
312 180 35
180 125 8
41 330 70
16 202 45
313 141 35
390 53 39
111 313 55
98 320 34
178 288 60
22 221 10
86 106 44
26 20 98
87 56 86
172 129 72
158 198 21
300 349 85
294 115 72
196 304 8
171 118 14
321 331 39
285 37 61
255 298 86
301 53 75
217 181 21
213 135 81
2 206 36
277 123 51
267 166 89
312 42 15
193 177 28
235 395 71
47 64 37
165 44 23
314 219 49
81 258 24
229 48 19
225 5 81
316 386 20
191 341 54
237 304 40
300 263 11
109 331 42
43 329 57
3 201 24
330 296 14
65 357 99
220 270 87
14 272 72
344 27 27
261 151 81
241 362 76
393 216 7
219 11 91
84 94 21
63 127 49
369 290 69
388 4 58
198 290 88
270 77 25
381 198 31
129 142 79
157 27 71
127 125 18
105 297 51
43 378 53
115 272 82
395 87 22
36 103 98
253 205 38
2 173 49
384 51 68
107 208 72
39 191 79
15 77 53
353 351 71
152 15 61
399 226 62
40 206 97
154 227 11
17 137 53
141 54 46
178 101 66
246 183 68
385 100 59
308 385 6
28 159 74
151 75 15
215 120 22
172 245 76
4 91 34
180 313 32
299 286 80
385 235 96
229 198 41
386 379 90
348 44 61
206 92 39
151 3 1
59 387 58
43 320 77
258 224 76
206 224 99
148 242 34
246 169 93
348 103 89
145 315 67
9 323 37
236 330 76
267 390 86
179 187 29
201 284 70
117 262 29
241 363 28
98 354 63
115 187 70
115 172 41
56 383 30
158 71 12
6 173 35
55 251 62
398 284 61
124 367 24
379 353 54
167 219 99
267 124 47
279 228 36
120 375 45
93 285 32
320 318 43
115 212 58
204 22 53
192 65 49
190 297 39
224 367 46
7 190 50
122 256 4
141 30 21
363 153 95
59 0 63
85 267 59
176 262 63
360 39 49
65 200 97
21 336 100
223 378 100
28 14 56
23 171 65
260 233 42
350 198 59
109 88 9
86 302 74
151 333 89
194 377 81
35 62 69
191 258 83
131 367 29
45 184 59
19 333 12
268 242 51
294 341 28
45 93 16
278 386 50
360 231 57
72 99 22
352 176 85
384 304 78
230 319 23
204 375 14
113 87 21
265 32 16
299 213 97
174 47 63
191 20 28
392 291 69
345 288 36
31 159 69
379 43 1
248 17 8
379 321 89
320 47 41
109 349 18
317 93 60
27 260 3
230 234 92
174 259 90
152 223 98
232 379 92
312 37 4
183 291 41
11 312 8
193 126 48
225 316 25
269 79 43
266 28 45
333 21 100
303 173 7
157 366 60
119 45 65
387 8 66
295 222 10
353 177 33
58 203 17
242 26 90
59 298 55
229 278 53
346 251 17
250 66 53
397 208 100
328 320 91
114 344 9
1 21 95
293 3 55
37 4 89
127 6 70
330 344 21
61 159 12
3 383 98
23 9 64
74 51 20
338 4 31
68 190 94
74 233 73
86 282 42
127 68 38
383 101 100
30 346 16
174 265 1
397 233 94
66 203 58
229 299 80
323 47 72
335 374 89
248 367 99
88 210 12
7 209 94
39 154 20
370 175 95
90 283 2
39 46 5
262 12 15
180 314 47
326 62 36
107 23 76
30 139 69
104 369 34
70 357 87
175 270 86
24 31 61
324 159 90
164 210 62
103 181 68
316 6 58
102 180 34
287 290 87
62 9 98
350 67 58
249 2 13
199 382 10
242 213 6
158 265 93
56 334 53
175 299 42
366 157 95
319 22 75
396 277 1
335 245 28
315 40 68
297 341 60
98 273 94
253 282 24
191 257 81
156 254 29
12 24 23
302 300 97
367 244 37
130 312 87
13 298 11
133 333 78
32 100 96
228 152 42
330 41 46
219 120 54
330 347 86
311 285 29
119 151 52
141 223 74
226 239 75
79 23 63
384 121 10
222 290 87
233 207 35
189 131 32
330 183 64
93 75 60
312 170 84
145 32 82
325 156 93
63 181 58
141 202 44
160 232 8
210 260 65
252 18 56
184 52 8
293 138 23
261 320 35
127 291 67
344 374 64
231 108 68
379 137 95
171 135 38
290 311 80
105 66 55
208 191 35
186 378 95
167 265 88
283 185 43
245 343 99
383 77 62
185 295 59
10 209 89
190 160 79
66 219 47
28 77 99
331 179 59
29 194 74
397 110 77
32 52 73
185 22 62
178 130 15
146 135 11
11 35 99
303 299 93
19 78 25
137 286 89
254 10 45
36 218 44
17 339 100
179 346 84
43 52 63
353 151 12
294 93 44
100 64 80
370 389 75
91 289 7
257 251 65
270 54 45
351 31 82
371 54 93
138 359 73
203 1 61
202 293 87
19 350 11
249 72 64
359 292 34
91 231 75
3 95 52
239 324 17
387 294 68
260 145 16
62 92 34
37 194 10
349 309 21
49 173 90
252 55 99
272 85 60
333 291 62
278 53 37
313 378 18
203 279 98
96 152 47
233 253 57
296 264 81
114 13 7
192 79 99
343 146 48
281 292 14
158 353 83
32 4 56
46 338 11
287 13 49
394 240 49
386 168 10
317 167 28
209 7 35
354 39 38
16 187 6
258 325 70
319 58 84
371 113 57
196 239 32
84 7 92
227 312 21
319 382 51
13 397 31
5 91 94
330 290 2
139 369 73
234 81 75
205 182 82
282 83 34
224 264 5
172 334 94
102 309 72
296 69 71
13 389 28
298 20 8
170 142 81
342 170 68
388 16 20
83 329 80
182 139 19
385 190 26
65 140 95
117 54 65
94 289 77
191 172 22
145 298 53
353 214 51
277 266 29
113 44 82
387 268 57
41 392 83
77 309 94
97 339 35
72 165 16
220 396 52
181 361 63
377 333 24
5 156 11
321 273 79
10 350 8
234 192 34
263 208 26
308 102 11
15 281 5
358 35 22
352 356 41
26 303 96
50 200 2
241 318 22
333 265 61
323 78 33
298 366 82
187 192 63
248 342 98
286 134 33
33 99 48
167 231 46
57 346 42
78 111 32
139 226 62
218 148 96
94 277 20
38 162 95
238 204 25
343 333 74
27 140 24
3 262 5
285 45 87
168 153 87
345 100 67
51 314 28
195 182 14
140 297 97
307 216 17
350 301 81
237 19 6
362 116 64
79 372 40
265 86 21
158 223 2
302 294 67
115 94 86
275 299 53
291 31 6
361 29 32
99 13 87
6 15 94
47 248 58
85 376 88
54 379 81
395 257 5
261 20 36
343 1 18
221 15 99
123 234 52
33 69 86
164 379 32
185 116 72
265 183 91
127 139 60
283 72 53
277 118 54
32 225 20
85 226 66
291 238 4
213 151 70
345 56 93
235 354 70
240 77 25
9 298 61
289 88 17
331 77 94
199 68 33
327 360 18
350 58 100
338 360 99
6 254 78
246 184 55
276 97 43
180 103 85
229 355 30
202 112 94
130 225 21
303 89 45
106 163 1
374 82 47
257 16 52
80 60 2
68 230 19
36 147 78
245 54 25
20 30 32
298 137 56
226 344 33
237 372 14
114 74 66
143 215 93
388 186 2
69 4 9
38 126 36
328 145 65
22 184 75
338 128 19
399 221 70
235 46 33
206 201 79
47 367 2
170 362 1
379 216 12
301 145 70
97 80 96
289 151 78
306 158 95
10 336 90
339 46 76
379 30 62
30 82 60
12 96 36
251 364 15
82 176 79
103 128 66
42 365 6
72 182 96
135 106 84
364 131 60
340 321 15
256 378 75
294 349 86
313 311 96
100 207 18
41 321 22
51 378 31
0 30 100
331 158 62
259 65 42
334 313 90
380 282 45
199 72 78
88 153 27
171 5 98
206 354 15
34 16 29
153 300 1
295 22 56
29 277 82
259 123 5
121 394 35
71 344 73
59 385 16
115 22 6
159 167 92
95 124 75
198 51 85
116 320 57
2 124 51
303 78 75
135 316 41
331 257 39
74 124 79
88 240 45
212 88 41
0 349 46
218 392 79
291 317 94
293 200 76
104 21 23
192 230 15
33 189 37
368 335 88
37 34 3
176 338 51
272 276 8
306 73 83
28 238 7
352 360 56
205 183 32
272 56 69
194 196 85
286 273 12
71 337 97
91 148 10
236 346 95
160 133 52
256 286 15
117 52 30
272 44 42
285 229 18
246 339 68
309 93 99
206 68 100
352 27 4
266 128 82
11 94 19
13 353 72
164 298 68
105 193 2
189 319 65
144 173 52
8 359 81
82 109 14
268 232 66
266 57 40
65 12 45
35 136 27
101 215 12
22 35 23
352 320 82
67 197 30
43 303 11
11 56 43
276 218 83
49 214 69
180 228 66
86 1 2
376 8 72
97 383 72
340 135 38
191 151 6
322 163 62
315 102 2
307 200 89
286 237 50
396 240 35
35 214 69
17 170 23
293 218 89
7 318 54
384 319 87
58 131 97
346 175 82
205 249 40
201 260 9
368 242 87
231 257 75
315 350 71
224 189 65
129 23 89
130 266 54
346 197 88
225 210 63
174 27 43
4 177 23
378 215 16
136 60 59
154 255 81
234 330 100
232 384 86
141 77 21
239 362 33
300 109 24
39 132 37
156 140 62
189 289 36
359 308 18
112 146 8
299 79 70
328 359 64
46 215 72
299 11 20
224 83 67
109 254 92
60 4 7
189 40 74
91 362 45
78 355 100
35 125 15
22 173 94
51 161 16
116 386 16
41 147 6
369 293 22
275 218 70
131 144 32
311 210 82
161 114 8
78 180 11
56 354 65
382 197 83
199 124 97
23 292 69
243 49 26
5 25 18
224 385 45
301 49 52
343 374 50
166 181 5
166 237 74
331 20 29
86 126 91
268 16 81
244 173 25
35 216 75
212 170 66
364 68 26
312 283 18
98 315 23
48 291 27
71 144 12
293 328 27
345 300 11
22 43 32
334 365 95
154 192 48
339 301 89
21 144 71
228 221 78
244 183 15
202 340 8
227 21 16
295 344 49
329 35 68
96 162 68
197 201 71
317 120 40
238 46 63
43 51 49
65 189 3
29 300 20
319 393 93
57 372 19
56 77 49
188 272 72
391 166 92
248 163 44
342 319 13
352 364 25
341 160 59
198 264 100
140 366 95
399 104 4
322 387 5
181 391 58
148 393 30
243 246 70
143 283 91
150 194 82
199 388 74
365 174 73
151 297 18
262 191 76
393 367 50
321 101 38
290 313 29
215 382 94
93 349 32
4 203 9
210 174 7
105 388 41
21 191 26
276 202 60
318 34 71
113 170 42
49 132 96
178 134 44
41 333 34
333 278 94
100 209 19
110 105 70
220 305 88
139 52 83
57 277 43
138 391 93
113 363 33
6 135 41
28 20 78
162 73 43
83 363 77
106 134 84
224 72 12
276 170 28
141 386 33
373 108 31
135 11 40
65 83 12
364 362 95
225 397 94
191 105 14
178 12 24
8 166 62
315 156 42
150 30 10
192 290 2
40 313 99
230 169 85
165 314 64
329 229 48
224 106 79
25 371 28
328 7 73
381 99 27
41 372 86
41 13 82
217 154 58
56 159 57
170 96 62
247 273 92
265 268 9
109 177 4
336 146 53
283 362 33
278 342 12
399 331 48
225 354 52
88 387 1
147 205 5
205 102 96
204 78 1
256 92 30
268 105 98
198 136 94
64 273 91
24 20 11
27 347 7
67 372 89
222 381 36
260 95 11
176 239 10
23 2 55
61 141 74
389 338 5
44 134 27
63 137 83
21 39 28
247 317 82
73 85 31
159 305 84
84 305 41
300 96 80
205 222 66
311 108 88
184 120 54
100 167 46
205 221 15
11 16 19
29 308 39
223 340 5
107 236 64
159 289 85
366 162 89
287 174 20
216 369 81
118 239 1
142 32 96
66 373 20
96 189 50
284 313 80
108 206 41
35 294 44
198 211 74
216 371 36
190 386 97
21 282 16
399 252 40
190 23 92
56 43 40
191 0 52
175 171 94
191 96 70
108 203 31
93 186 74
95 179 39
246 130 86
381 331 4
266 30 27
382 64 69
163 366 74
335 385 13
102 254 59
145 84 76
57 84 2
289 369 9
260 366 54
348 247 1
289 321 16
358 292 99
62 13 30
352 114 74
209 341 56
279 327 3
398 247 70
98 291 68
399 205 24
189 355 11
387 364 45
307 361 52
120 276 95
321 245 97
252 344 42
16 246 18
64 271 95
32 378 100
102 274 88
19 280 44
98 95 84
41 36 68
286 390 100
122 172 93
248 1 22
265 186 54
43 147 70
167 309 61
296 203 69
307 191 18
215 366 38
196 141 2
140 108 86
9 5 10
69 262 90
85 210 24
150 59 41
102 329 76
324 205 83
86 339 25
27 151 76
398 244 18
273 382 58
241 141 11
97 9 9
177 22 36
140 344 24
238 197 85
225 228 38
79 299 40
176 109 59
256 269 11
389 243 91
150 203 99
143 312 77
204 279 61
145 243 7
156 117 45
332 207 47
386 328 22
123 390 45
169 262 25
350 184 4
328 162 32
51 121 34
269 318 57
229 234 12
193 155 46
22 126 7
397 140 41
6 158 32
290 143 18
56 389 87
214 128 56
337 186 19
270 80 57
136 57 68
209 219 24
106 256 89
267 188 30
315 37 87
319 179 64
133 241 56
287 273 23
301 162 11
88 118 8
240 128 26
306 48 12
40 35 92
34 152 65
256 231 73
80 165 84
195 74 74
171 263 56
155 86 97
310 114 53
100 378 97
160 352 42
162 2 57
227 207 38
15 321 10
244 250 19
56 242 5
271 321 12
253 335 4
201 253 20
41 226 33
350 263 6
303 225 52
0 99 18
130 252 42
1 244 39
169 178 56
335 44 20
123 26 43
329 21 22
379 276 91
36 133 68
250 169 48
371 225 21
48 26 55
213 101 92
307 333 91
135 13 10
209 235 41
41 329 65
361 397 79
131 22 5
263 147 90
252 210 27
208 181 68
356 245 67
196 150 95
75 51 76
64 276 93
166 48 63
261 394 12
393 214 24
229 66 96
252 187 55
278 216 4
398 14 1
297 181 94
122 289 43
61 375 83
281 154 58
309 163 21
136 329 60
180 219 1
309 103 97
327 164 11
51 103 81
66 156 42
49 328 75
247 200 86
76 240 32
179 33 74
332 36 53
386 391 34
308 80 73
383 175 1
110 167 99
324 92 86
207 395 18
379 139 53
117 80 75
323 195 95
310 384 10
369 161 49
362 308 78
25 280 56
235 171 34
73 367 44
355 304 46
278 30 100
134 114 39
38 190 59
367 138 51
85 51 35
62 317 25
335 65 66
96 35 79
195 372 13
86 44 39
36 346 49
48 47 35
383 142 57
385 253 36
133 246 87
320 397 36
64 164 50
23 312 74
172 307 68
328 143 72
183 225 76
179 365 4
144 59 40
3 289 74
131 281 65
389 91 16
79 195 55
52 39 52
105 78 40
154 143 52
231 253 23
50 74 98
174 279 55
148 9 45
277 292 92
346 120 97
41 395 91
34 275 58
245 81 86
259 194 34
18 264 1
363 311 80
307 8 16
61 246 87
375 235 94
235 270 78
331 285 57
266 72 16
249 273 100
149 105 92
229 186 7
25 353 63
383 223 69
201 268 21
357 183 83
8 47 17
286 360 13
47 328 98
190 186 46
305 56 67
318 26 54
365 338 77
197 88 30
90 4 69
378 34 84
362 399 75
62 393 64
173 53 9
81 212 16
2 71 36
16 340 15
222 1 78
35 201 30
239 85 15
264 257 100
342 264 16
0 150 13
124 167 88
111 256 97
337 67 15
65 11 55
157 9 28
19 256 4
305 62 35
1 334 50
220 155 76
31 55 78
292 9 83
148 64 15
335 197 11
239 55 18
47 158 55
118 121 78
232 397 68
38 196 47
198 268 69
194 180 10
26 187 38
382 355 44
329 11 84
160 72 47
325 91 67
232 203 18
235 114 71
277 9 89
248 85 46
182 341 6
262 65 55
375 265 5
187 55 68
281 328 63
113 206 73
207 273 62
200 284 42
288 35 35
359 235 20
84 147 32
186 87 9
395 55 62
210 269 70
255 337 3
345 287 55
136 231 59
249 11 29
76 69 26
118 152 94
87 204 23
91 226 4
189 341 99
38 1 33
100 241 86
164 102 42
365 12 59
52 333 89
139 376 66
83 241 35
171 44 76
256 188 79
110 238 1
320 30 9
283 357 12
273 190 65
312 158 11
343 392 28
330 46 50
24 50 10
63 238 18
225 388 21
302 346 77
84 378 83
39 285 10
142 358 43
220 325 25
394 80 25
242 275 64
32 258 46
288 7 72
364 20 39
284 152 16
242 120 26
364 138 5
134 188 34
170 351 20
203 90 79
51 123 19
72 289 71
360 275 89
187 100 7
19 240 70
276 233 21
52 124 61
294 268 21
82 368 45
256 349 75
96 47 88
328 115 57
231 28 76
243 136 69
55 197 15
375 80 23
353 24 49
23 33 9
73 91 56
1 193 48
240 96 89
296 307 81
80 1 70
259 302 69
88 151 2
203 252 35
183 377 73
58 199 23
91 94 50
340 228 92
153 11 57
202 256 2
215 138 95
338 169 92
365 199 98
381 247 87
309 142 79
120 352 38
119 207 86
46 250 87
45 319 60
120 247 1
43 28 18
199 165 74
45 247 2
371 261 96
8 277 41
305 70 68
258 4 45
398 235 64
336 195 57
93 57 48
282 338 9
84 273 86
111 166 60
279 384 37
280 381 26
296 332 43
382 69 55
222 139 60
75 387 62
297 99 26
42 47 99
31 262 58
106 392 26
349 172 85
225 371 53
371 154 17
98 91 77
109 375 38
307 16 32
211 127 22
122 10 41
340 66 70
395 23 23
323 93 94
178 251 27
272 295 88
47 282 81
231 359 70
26 352 10
315 23 13
375 19 19
302 384 29
309 5 60
31 345 76
17 77 2
371 174 42
263 329 4
113 26 69
177 161 55
228 257 20
3 285 77
387 120 54
299 341 99
60 217 40
253 218 100
246 1 92
177 258 2
309 131 63
119 340 94
112 260 36
214 16 11
384 177 11
84 387 27
283 336 95
357 20 23
178 177 96
387 258 62
268 215 19
195 298 73
238 207 3
54 6 68
306 255 3
361 38 38
242 341 48
13 146 29
142 37 86
247 94 7
255 275 26
230 392 71
325 288 32
83 239 54
48 187 65
171 85 26
127 154 55
264 85 40
356 229 42
377 66 5
32 58 55
123 363 72
171 102 38
82 385 10
65 371 80
143 338 67
226 139 79
331 139 49
13 125 16
327 66 26
350 290 96
131 161 45
121 261 45
187 248 15
342 301 43
354 279 92
99 39 33
287 87 21
307 1 64
242 350 61
212 324 8
344 372 1
11 155 54
131 143 75
364 172 52
337 95 20
89 205 77
281 26 34
223 288 18
209 105 84
10 263 65
185 244 92
390 353 62
124 354 3
122 113 76
184 2 90
299 382 27
392 399 48
199 58 37
303 73 35
82 40 54
357 212 30
0 194 27
70 354 50
77 149 33
230 325 55
233 160 56
387 370 35
194 13 95
338 53 94
60 35 18
227 152 12
371 78 19
312 382 23
7 176 53
168 166 53
223 89 98
59 44 19
365 81 38
295 273 5
393 312 65
279 326 34
357 285 15
313 258 51
371 395 43
96 285 41
330 310 26
195 35 62
228 396 40
82 85 90
111 10 99
391 385 87
27 153 84
345 302 51
205 323 57
90 64 14
284 320 92
369 266 24
331 128 53
295 202 44
243 211 38
139 268 65
392 140 72
297 64 53
145 237 23
156 34 9
257 279 11
137 158 61
267 363 17
251 73 23
244 206 93
22 268 38
247 194 45
111 141 35
152 229 36
171 152 55
87 154 21
266 114 28
388 11 21
53 177 28
363 323 2
248 348 31
67 23 82
332 258 94
328 66 8
115 57 55
351 393 58
139 211 26
102 267 22
337 93 3
253 232 51
226 14 81
328 318 42
332 266 94
161 236 44
365 212 100
54 149 22
121 362 77
340 214 52
101 193 35
154 229 66
276 72 8
391 285 83
131 152 76
26 136 96
382 1 51
298 193 85
380 233 16
184 296 2
252 33 74
87 127 7
371 358 91
283 92 46
205 372 32
83 316 96
360 29 54
319 128 33
258 52 15
254 303 94
383 182 8
166 62 37
144 179 29
352 79 47
257 239 69
13 84 29
40 378 6
108 197 40
266 156 19
340 88 33
381 98 91
51 145 78
138 214 83
214 350 13
256 7 54
279 235 80
146 275 1
345 285 71
385 95 20
109 351 30
68 283 11
82 339 77
391 102 41
162 361 28
308 328 29
391 77 61
210 6 40
102 38 27
47 196 91
359 378 17
385 278 93
127 355 23
380 24 80
212 272 65
323 50 39
137 111 44
60 64 96
195 34 34
308 360 39
25 186 67
140 208 72
46 107 61
278 226 100
365 169 88
374 8 8
393 125 57
239 366 22
59 149 70
269 53 22
86 381 2
106 239 74
121 348 96
393 173 34
106 103 77
55 115 17
96 236 78
40 368 58
265 15 38
161 336 81
392 212 58
338 340 8
78 205 43
394 185 40
112 208 16
31 11 80
15 209 36
365 205 69
297 142 59
122 96 64
6 323 13
327 371 93
31 21 18
193 47 78
2 256 2
119 254 32
369 220 49
24 186 1
260 173 33
298 267 68
281 124 22
63 82 7
139 371 35
396 341 86
181 325 57
8 295 87
182 233 99
261 347 40
85 377 68
209 190 62
140 223 17
88 183 12
238 206 80
338 115 88
221 374 26
288 241 12
115 243 98
374 184 20
50 49 62
305 392 78
257 276 83
273 143 68
97 169 18
163 212 92
106 381 89
70 11 100
33 55 22
249 1 56
260 399 46
288 258 73
145 313 12
292 173 37
350 48 80
3 346 21
175 220 20
85 197 64
173 151 24
1 305 72
220 249 21
160 82 22
295 234 92
360 146 65
191 328 82
190 154 33
11 63 52
275 64 31
102 172 70
206 276 2
88 150 64
39 118 1
336 174 62
379 19 47
35 359 29
237 229 63
41 115 84
368 367 84
220 210 16
248 218 73
306 132 59
94 146 60
17 158 69
393 139 48
231 399 45
180 280 79
74 60 50
26 51 30
378 45 85
233 387 71
16 178 21
107 393 100
112 234 60
344 82 12
357 393 14
237 116 1
149 1 55
67 170 41
166 149 3
314 338 85
112 398 87
310 297 86
260 267 100
264 123 59
180 385 15
166 348 87
40 163 60
29 187 60
122 236 2
138 86 91
82 64 72
236 391 20
73 327 90
209 399 41
321 242 61
399 233 23
154 86 39
117 201 50
324 1 33
335 107 56
40 106 7
238 339 9
94 11 72
340 296 26
143 392 2
339 167 15
139 1 71
251 379 28
317 147 23
106 243 12
134 197 73
307 347 91
211 90 14
357 49 96
167 109 78
334 184 91
332 387 66
229 77 55
85 40 35
363 61 58
300 371 6
277 242 44
240 343 100
248 279 77
125 227 47
225 117 34
98 97 13
172 278 72
25 198 40
298 114 8
181 340 6
211 384 57
86 152 81
267 158 40
140 362 82
70 88 20
130 164 28
233 359 89
117 50 25
48 399 56
237 231 94
385 307 76
273 10 80
302 297 68
211 271 52
20 328 40
275 45 80
364 82 37
386 350 74
127 168 68
255 279 81
278 280 14
75 370 52
84 160 97
67 347 92
215 288 77
199 297 71
53 214 74
300 172 20
61 136 46
346 298 84
351 272 37
82 78 5
146 373 24
254 134 42
216 276 57
183 296 36
393 200 9
294 94 84
387 25 29
136 350 4
162 197 96
139 96 48
15 229 76
365 260 93
22 4 80
80 367 60
242 308 61
137 16 50
312 198 79
370 76 85
17 343 73
157 60 55
344 245 62
172 230 35
213 99 5
205 335 84
181 306 38
5 115 21
59 74 11
235 94 93
43 317 82
131 347 97
330 77 87
59 398 23
217 42 82
43 194 63
338 32 50
88 388 33
324 374 76
239 287 11
248 391 100
295 208 19
32 327 76
378 355 5
224 102 95
103 96 43
146 261 73
48 272 83
82 251 41
6 140 92
147 243 76
240 219 61
377 339 98
49 251 54
271 211 47
200 224 76
155 58 18
11 369 94
84 125 55
316 294 32
142 86 66
42 177 83
243 129 71
301 200 50
256 213 77
393 53 61
206 179 42
189 339 72
153 52 60
247 363 19
252 174 14
321 272 31
135 296 59
15 68 10
154 187 21
209 366 95
373 342 55
215 352 29
325 314 68
129 209 90
97 271 50
192 56 61
51 44 71
388 377 72
321 114 94
355 88 46
169 172 39
8 365 89
203 307 93
395 7 91
88 65 50
86 56 99
189 120 77
152 363 75
251 237 3
102 45 19
143 49 85
340 44 1
335 251 58
66 372 94
11 382 93
266 394 19
184 295 71
206 44 51
91 241 30
143 322 10
229 124 41
171 255 7
329 34 53
221 147 29
211 135 82
374 278 40
140 75 64
355 126 71
286 299 66
339 70 80
52 91 10
246 257 68
133 117 17
322 347 92
70 60 95
15 242 3
207 346 36
218 128 31
72 257 27
247 294 80
186 64 38
367 343 87
272 99 25
131 215 83
353 388 66
20 171 41
359 310 71
186 204 68
271 14 69
84 226 76
251 77 36
77 15 20
331 70 16
353 191 94
382 253 17
208 229 34
317 129 87
79 116 84
394 65 42
26 16 66
43 308 31
289 211 17
147 312 87
258 146 51
176 352 79
133 328 54
362 179 23
170 364 83
319 163 75
54 17 92
10 382 9
36 165 5
88 37 95
183 217 66
97 221 73
77 69 82
259 72 97
347 194 87
157 175 11
274 288 83
98 86 32
157 4 64
37 248 14
358 49 93
169 387 32
338 65 22
175 232 86
336 261 75
390 303 83
10 186 32
33 200 70
244 61 12
42 363 85
224 314 86
298 189 3
358 172 61
352 163 53
66 1 71
234 180 38
161 167 49
122 177 5
113 325 88
46 106 61
154 209 11
381 18 81
37 116 43
149 99 61
105 158 70
375 273 51
222 166 85
289 40 80
67 13 25
201 259 90
313 194 65
276 85 39
40 45 2
373 42 80
173 83 1
309 153 34
310 243 13
178 315 26
76 261 23
211 129 17
200 197 69
307 310 85
58 74 75
372 308 79
116 55 23
235 31 87
290 28 48
27 284 100
63 94 47
266 138 56
188 165 56
95 346 28
93 106 43
218 45 66
133 37 38
260 363 63
27 332 42
293 144 29
78 243 76
338 164 23
25 246 11
318 45 30
165 313 88
197 214 79
134 39 24
342 216 100
136 176 96
273 84 8
327 79 70
329 93 76
225 119 91
83 317 23
15 135 17
277 189 27
188 281 11
306 114 34
359 55 61
236 274 92
377 302 12
107 112 82
104 328 89
148 333 38
67 390 10
291 92 97
332 348 57
362 48 75
150 225 54
100 68 73
51 200 28
366 224 1
308 368 97
379 59 22
392 236 14
117 300 68
33 168 82
248 99 21
317 13 32
374 300 16
336 205 1
34 209 86
136 308 85
77 193 82
152 136 15
188 342 27
122 267 62
21 399 58
135 78 5
290 114 42
57 249 12
167 45 31
305 239 90
300 274 51
38 224 95
16 300 52
392 50 90
274 286 90
209 169 100
147 332 76
72 235 64
69 323 1
103 44 26
53 391 17
346 159 79
77 218 81
354 112 98
319 372 47
311 274 17
128 300 77
272 118 22
81 252 76
150 171 12
3 173 65
368 230 79
149 184 91
274 385 89
356 102 64
309 208 43
153 171 66
325 21 73
99 188 11
150 202 69
38 376 82
169 116 4
248 351 34
360 141 83
151 263 49
342 174 57
265 70 33
101 323 79
107 73 1
397 312 48
384 100 22
23 228 67
145 1 62
124 37 67
35 199 11
21 297 20
255 357 31
24 370 86
110 361 65
315 164 28
76 200 10
266 339 82
4 202 100
218 385 94
212 19 75
127 183 44
87 255 74
38 179 88
224 344 36
315 263 29
36 167 100
213 328 78
251 274 61
271 124 95
202 38 32
224 44 99
59 33 67
96 145 21
143 212 21
142 192 83
332 53 59
6 250 28
67 365 31
197 312 55
261 32 58
319 370 8
198 257 67
144 93 42
320 230 20
56 92 23
30 21 6
263 250 98
370 130 88
85 198 97
32 177 56
140 397 13
317 296 41
80 29 18
375 128 33
235 62 78
171 379 87
50 302 21
48 86 12
152 345 13
345 375 12
194 220 71
379 215 69
310 342 60
148 151 71
398 77 69
353 342 7
222 201 33
29 150 72
292 177 49
81 72 24
257 244 82
207 353 58
270 120 84
7 361 51
211 238 59
258 266 45
322 217 4
147 171 81
378 114 32
41 288 51
256 100 94
51 147 81
384 393 39
344 156 79
305 212 37
334 131 54
74 128 9
90 335 22
190 182 66
255 191 16
163 9 8
123 269 73
26 186 63
365 55 96
390 159 8
390 291 98
208 154 9
221 64 84
39 202 2
281 313 56
337 205 71
237 316 50
270 280 100
252 175 30
26 305 63
260 373 50
292 189 52
135 72 63
112 37 67
73 342 98
54 114 4
200 204 57
359 5 97
30 191 16
99 87 77
260 329 12
347 358 32
92 243 65
178 17 27
319 331 50
285 339 8
380 104 46
86 148 89
357 74 100
317 152 75
202 111 4
204 81 22
141 53 82
66 314 59
50 9 6
397 283 54
170 260 18
101 34 96
85 133 96
51 34 46
10 384 91
201 204 61
374 193 33
386 376 32
159 201 98
97 130 71
374 151 63
373 192 44
132 270 51
345 284 56
256 99 90
240 170 4
45 349 94
375 230 63
394 256 71
333 312 74
16 152 28
374 322 35
194 104 77
328 176 79
182 280 15
91 182 90
209 159 94
323 247 52
35 325 44
66 182 26
330 159 52
343 172 96
311 376 78
279 80 49
231 265 55
168 49 4
265 386 9
266 325 79
60 257 43
285 340 4
25 155 81
382 116 92
358 399 92
25 330 94
58 12 45
354 387 88
166 352 97
275 234 18
11 337 86
160 129 22
14 390 84
273 298 19
145 329 76
50 94 23
351 359 54
290 343 91
33 337 23
213 125 6
338 288 88
246 308 24
233 369 46
274 37 81
334 50 86
233 377 13
341 169 16
95 156 75
39 55 84
245 242 3
280 276 17
51 90 48
350 391 2
108 269 1
134 345 69
349 109 80
18 48 37
45 241 75
347 314 22
150 351 88
259 244 87
166 130 34
71 121 58
89 186 55
139 324 92
133 245 69
388 72 21
234 309 56
373 61 88
350 208 53
253 327 72
372 179 29
276 320 85
398 103 77
216 124 26
48 185 55
353 184 47
134 146 48
217 125 74
337 46 44
90 41 13
258 7 78
313 169 38
242 305 45
274 238 50
280 194 25
354 283 64
343 44 92
232 347 67
198 73 76
63 364 79
237 329 78
97 59 19
309 348 45
286 72 57
59 319 21
95 84 99
144 283 6
233 61 86
2 353 99
316 53 17
293 157 62
365 82 31
197 172 62
168 144 58
37 218 13
245 52 44
154 129 17
244 201 81
302 352 31
115 276 86
258 165 50
15 157 92
83 307 13
243 368 98
12 368 47
366 81 31
58 90 36
130 184 28
201 27 14
289 68 1
32 106 84
378 91 70
254 151 94
71 53 34
175 183 30
352 192 98
231 200 5
108 13 39
228 366 82
141 84 59
79 44 5
140 147 59
281 345 57
237 327 68
124 237 89
399 139 21
33 312 22
103 215 41
197 332 22
348 366 69
271 175 66
257 334 44
135 241 38
34 268 3
282 1 56
161 329 5
370 75 43
248 148 99
140 47 51
259 82 61
197 7 64
82 235 12
344 264 11
37 0 14
53 340 73
204 306 53
349 159 89
232 328 50
336 114 66
147 385 68
252 389 17
319 172 72
287 177 15
157 77 66
30 73 17
21 207 16
52 131 73
227 38 55
213 117 99
165 60 37
374 77 65
61 134 81
153 222 71
304 246 71
142 107 70
312 340 21
47 393 44
389 36 17
15 2 97
311 343 85
373 348 88
353 289 61
293 137 95
187 193 78
350 327 52
259 225 2
332 174 83
357 331 52
170 149 54
350 326 63
145 96 64
361 82 4
167 121 18
298 169 21
55 26 71
155 288 72
356 23 72
68 86 64
265 282 98
374 173 38
6 335 22
43 159 24
164 341 88
225 395 62
181 122 40
213 52 84
93 392 14
155 138 17
8 138 88
101 147 55
43 21 78
228 312 96
151 168 27
237 281 39
285 290 98
200 141 11
3 239 45
122 164 76
161 349 67
339 181 93
246 334 28
297 388 80
309 201 31
263 126 40
179 217 3
6 212 48
394 328 35
119 374 27
48 308 59
128 67 39
351 328 73
25 350 94
276 78 68
86 211 78
218 48 79
56 229 10
385 72 91
158 130 69
154 122 96
312 219 35
12 10 21
146 144 51
366 4 57
213 8 42
391 272 32
107 147 82
364 371 88
66 274 65
71 45 77
267 333 46
31 22 43
378 371 41
209 299 74
10 393 43
216 134 34
141 281 25
313 285 30
216 233 63
74 152 22
102 147 25
284 396 31
39 319 65
365 41 84
119 73 85
281 344 72
221 158 46
257 103 52
124 15 25
23 255 20
71 199 53
83 151 78
234 288 43
293 266 67
83 60 84
235 108 18
151 45 23
49 147 89
104 359 96
293 34 79
138 217 82
195 3 74
384 138 92
338 367 34
321 190 31
203 195 61
216 156 3
258 190 45
108 170 34
343 275 73
30 182 61
255 120 83
349 237 55
39 3 90
241 195 54
216 286 52
202 217 3
348 336 95
153 247 27
150 116 52
42 281 39
211 311 27
24 242 92
355 180 11
262 28 38
390 106 81
37 165 48
11 167 94
228 317 41
242 179 80
315 251 13
269 163 91
374 211 83
312 338 28
54 240 88
139 57 6
186 61 11
47 169 55
379 293 10
299 137 50
267 295 36
100 91 86
250 374 51
292 144 98
175 25 50
361 27 4
265 107 69
182 20 39
309 75 78
81 245 41
205 308 88
267 232 65
139 75 72
178 164 47
320 81 47
240 154 52
139 130 32
82 191 15
239 352 93
237 181 97
122 186 25
149 45 18
54 187 52
397 66 54
278 110 12
350 258 24
323 25 89
327 268 53
270 274 53
14 246 79
362 76 70
50 120 57
36 120 46
235 157 75
67 167 95
199 102 55
277 126 44
145 81 52
169 353 37
220 312 11
263 292 84
159 333 70
164 66 26
314 81 72
138 74 35
77 239 68
156 23 82
188 224 72
47 246 72
381 129 56
383 120 91
173 191 8
29 207 79
390 179 25
111 146 30
12 286 17
213 91 34
340 162 37
252 311 19
63 200 96
226 95 75
326 186 52
266 55 73
79 338 14
143 105 4
299 171 31
156 146 45
293 215 83
18 296 80
227 373 100
187 295 12
337 369 15
144 146 78
196 77 16
363 144 72
100 303 49
20 210 9
161 378 59
172 158 52
9 148 85
377 380 69
178 361 77
274 5 24
55 179 28
269 33 47
18 177 94
395 114 26
183 204 39
248 98 26
126 190 49
336 217 70
394 366 39
168 265 57
76 359 62
7 96 24
32 208 93
260 374 82
197 167 5
198 375 99
261 29 73
344 190 90
319 196 53
33 205 59
317 9 60
331 369 13
350 370 77
265 184 15
245 106 51
12 68 39
183 327 1
254 260 13
173 214 40
331 366 67
221 232 46
54 264 75
392 254 58
193 67 31
216 91 38
80 82 56
339 395 46
350 213 88
106 26 60
361 173 66
243 306 14
219 9 64
32 103 68
244 286 98
264 38 24
2 251 39
151 217 2
204 387 32
101 38 10
332 217 64
221 189 69
40 364 4
93 80 65
177 268 95
328 53 92
282 23 22
37 96 10
52 371 39
232 152 57
182 335 32
396 109 95
312 242 8
398 339 73
95 118 92
279 273 21
340 323 7
350 13 86
224 135 78
336 310 75
357 15 56
329 31 57
306 107 49
6 83 23
355 101 58
4 247 7
96 151 56
185 63 76
98 311 17
140 264 52
319 6 84
384 155 93
293 85 25
55 275 89
371 115 69
158 280 22
232 289 81
230 108 89
250 197 10
188 105 99
66 238 78
164 281 29
250 230 47
377 327 51
238 91 75
62 104 91
191 399 64
236 126 73
207 168 85
344 30 35
323 7 61
15 164 83
224 168 61
167 320 95
222 117 44
219 230 33
246 91 35
143 178 64
160 248 42
173 117 3
7 330 13
219 31 43
95 74 10
262 92 58
1 171 99
245 43 96
124 228 95
397 261 93
377 183 2
255 165 23
329 379 58
331 357 14
353 396 96
141 168 85
170 104 13
224 255 7
241 333 24
153 228 17
102 210 29
265 157 36
301 43 29
17 125 33
116 99 42
184 256 75
100 221 53
243 168 95
310 182 84
325 294 35
180 248 42
330 200 23
129 150 74
100 362 54
27 322 3
61 270 41
258 290 46
281 331 24
334 250 9
135 334 54
94 336 11
165 224 64
75 312 91
64 6 88
176 391 49
45 304 99
2 140 24
196 312 25
135 22 58
95 33 99
100 318 83
127 219 15
5 193 53
362 289 100
232 360 3
26 8 16
354 56 22
49 12 10
121 140 33
57 321 53
332 81 95
2 148 70
87 131 74
370 298 18
316 29 92
185 60 43
264 81 15
310 227 92
72 103 52
99 199 20
190 69 68
218 349 26
102 394 58
158 327 48
42 290 93
319 350 55
254 245 80
339 225 44
290 178 67
185 370 98
370 146 87
298 9 16
341 182 16
181 322 46
108 87 55
307 109 61
348 128 70
78 86 88
205 233 73
244 272 86
269 22 39
123 92 97
359 126 74
97 361 22
113 127 99
168 65 3
259 111 41
183 64 89
55 135 8
309 216 28
255 42 100
373 382 15
195 40 29
147 144 97
5 214 72
95 31 17
311 150 25
367 305 30
257 366 13
201 168 53
123 221 79
167 340 85
6 159 85
167 96 12
334 185 84
106 98 98
64 361 18
248 381 72
15 57 33
220 19 90
392 332 67
235 204 99
45 99 27
306 308 29
360 389 83
105 267 37
217 190 47
110 47 48
315 309 2
177 208 32
60 52 77
347 73 89
205 26 68
299 156 89
365 135 72
171 129 31
140 217 34
355 192 68
8 344 32
255 203 39
76 289 37
244 101 36
162 272 32
185 371 54
167 125 46
253 180 57
383 121 72
340 111 91
312 157 98
41 172 22
339 238 100
271 123 26
172 249 39
42 348 59
41 346 3
5 174 77
57 65 7
184 253 18
252 201 5
24 373 4
386 101 94
285 94 44
155 54 70
288 75 37
168 133 90
9 142 5
191 255 37
18 78 76
169 347 29
320 343 45
306 183 68
198 145 48
92 205 64
32 111 82
192 12 92
10 358 91
381 118 67
7 37 91
36 196 27
150 68 91
22 333 100
358 127 43
18 86 13
240 94 22
15 130 15
348 66 44
178 128 98
77 395 91
192 131 5
224 254 89
292 132 98
117 258 94
206 18 19
7 84 81
387 295 11
62 292 95
49 97 86
273 123 43
170 37 25
242 327 19
95 157 88
33 389 10
175 315 83
389 308 96
21 130 36
114 212 51
273 217 4
250 11 62
296 369 66
259 305 34
5 37 8
194 122 58
41 222 34
150 220 96
36 245 8
88 17 1
351 228 77
298 329 11
7 186 72
388 253 50
232 56 7
141 273 3
24 208 52
244 20 55
348 181 36
40 125 45
48 388 99
153 233 85
243 208 42
215 219 88
66 276 59
234 30 16
67 90 46
16 96 43
60 102 57
53 380 40
227 344 48
166 380 41
284 239 48
361 212 68
383 335 49
335 228 71
366 117 73
358 43 67
246 187 96
281 133 1
142 129 12
310 204 86
119 320 78
199 295 19
229 84 89
288 378 76
86 163 95
30 350 49
80 325 66
85 103 75
235 234 98
267 128 42
132 135 20
267 236 24
305 135 12
22 342 56
393 308 76
297 329 63
233 293 7
296 313 6
261 353 32
331 344 35
145 390 5
207 232 38
18 232 22
121 200 18
317 65 33
67 115 23
45 354 59
161 213 1
3 121 71
398 184 74
284 50 82
255 37 92
362 196 2
380 147 34
142 344 90
172 318 75
381 221 37
131 87 42
378 210 58
333 250 72
0 293 69
2 296 60
10 210 63
205 105 61
367 95 44
391 366 38
359 396 57
250 140 18
88 322 38
356 398 19
207 299 32
51 326 57
88 304 20
272 279 88
37 74 33
91 185 79
119 113 10
326 21 52
339 49 26
77 30 9
246 186 15
187 386 24
46 380 43
105 174 93
396 195 20
174 187 81
262 106 17
175 217 30
325 168 81
48 221 95
326 255 89
77 325 79
185 365 9
218 180 71
167 80 24
59 81 97
31 338 73
98 206 56
31 195 62
333 111 43
19 232 1
197 139 5
341 204 95
57 2 94
57 76 31
124 323 30
364 263 22
256 156 92
226 161 28
312 137 38
67 356 54
193 232 40
56 362 71
375 79 46
278 7 40
12 244 61
111 323 59
348 302 85
357 336 10
130 111 40
321 362 16
388 155 16
4 264 83
386 43 21
144 118 26
164 184 92
243 360 55
229 181 95
233 127 9
9 386 99
251 371 50
167 258 33
324 380 83
308 55 21
285 267 70
231 389 92
50 45 47
16 31 62
228 298 69
323 29 22
213 76 98
263 218 16
329 384 30
388 134 52
315 95 43
56 350 25
368 248 86
332 210 2
173 367 19
155 398 25
247 398 8
49 350 33
262 362 34
162 345 6
251 181 22
0 278 32
354 5 73
52 157 25
326 6 82
86 388 53
247 50 69
346 192 6
108 310 9
245 187 49
337 171 44
272 376 23
148 194 44
322 262 16
127 37 63
188 370 24
393 194 5
141 331 40
73 122 74
370 35 2
379 51 74
10 390 77
374 311 51
195 380 10
381 334 80
37 93 77
258 11 48
168 81 44
252 296 5
355 299 58
168 64 60
18 40 45
375 288 14
16 259 25
66 308 99
92 253 39
338 172 18
308 169 28
390 383 51
37 251 76
27 29 8
54 196 59
230 19 58
352 63 72
300 138 55
188 48 63
379 247 25
61 377 80
132 183 19
320 392 93
398 41 69
142 357 54
399 53 15
272 257 50
249 12 49
121 230 41
111 137 1
7 75 29
182 154 99
365 391 13
211 280 35
105 161 50
142 172 6
193 19 77
224 7 58
136 154 10
174 287 36
124 330 66
67 65 42
110 291 82
106 1 49
237 217 48
285 288 58
206 69 72
124 219 39
279 263 81
216 169 52
179 91 35
171 375 57
150 147 37
20 222 43
339 55 34
386 69 37
180 106 27
282 321 41
326 217 29
251 220 81
394 281 33
59 353 48
350 241 16
20 97 25
51 313 29
392 371 72
395 282 40
164 385 18
240 188 39
331 217 95
42 55 41
193 210 44
311 298 1
55 286 29
343 16 96
57 253 8
290 170 71
122 207 58
307 81 46
22 327 4
205 22 65
376 222 72
359 295 32
68 275 58
15 92 13
207 354 82
227 91 60
123 163 49
350 253 16
390 350 32
80 283 52
223 246 81
282 110 19
304 239 26
137 217 32
381 299 99
327 184 80
61 392 72
103 168 8
153 209 19
217 192 41
146 174 51
306 53 53
76 342 88
268 290 25
120 229 91
357 248 63
269 332 53
337 63 59
114 340 91
189 395 67
67 92 88
216 153 55
244 190 37
377 7 34
60 183 46
66 208 52
18 30 91
59 282 11
33 38 51
58 294 90
75 270 68
358 311 70
214 240 50
43 292 8
373 218 97
80 74 55
0 76 58
3 90 99
74 92 54
168 357 63
350 325 87
237 100 69
319 61 96
289 63 6
132 38 8
136 133 14
389 90 13
188 65 70
236 244 82
276 17 49
87 207 51
372 247 91
4 59 17
308 262 93
127 363 56
362 234 68
346 320 80
86 310 27
383 237 77
219 134 15
253 375 43
397 324 22
186 363 100
157 368 52
344 1 82
260 227 41
91 96 51
310 180 29
90 3 92
357 362 97
191 287 94
255 50 10
88 74 23
56 292 79
257 205 34
44 390 53
105 102 7
228 189 65
212 266 4
80 73 15
289 196 1
346 387 54
59 349 48
76 275 100
363 342 29
77 53 52
278 295 55
288 357 79
205 286 82
270 156 40
98 276 40
83 256 56
68 298 73
73 358 28
153 175 98
129 230 18
121 62 2
105 165 41
364 37 81
380 393 100
323 348 73
134 116 44
97 7 3
370 234 72
21 107 19
165 187 99
267 342 57
193 61 86
328 299 14
197 378 47
375 5 17
128 91 4
257 353 84
234 223 41
112 39 29
158 51 60
68 17 87
209 264 29
296 312 82
129 324 17
2 315 68
307 329 47
22 73 54
176 85 15
183 325 19
201 298 13
356 353 68
297 368 55
173 38 11
250 161 82
301 61 16
180 245 32
209 346 81
219 98 63
350 254 17
258 104 36
269 202 53
23 41 53
193 248 12
297 43 15
396 161 96
51 335 25
359 25 53
389 323 20
361 253 6
46 322 70
377 190 68
264 161 66
382 326 30
175 167 73
348 256 54
261 292 79
275 131 79
163 302 60
15 5 3
11 350 87
161 362 85
310 68 48
182 167 7
58 133 47
82 255 83
195 78 61
153 212 13
264 58 69
154 161 50
96 26 45
291 43 55
359 135 13
38 394 50
201 301 47
352 71 22
223 184 13
232 337 33
341 74 82
20 120 78
353 348 81
148 22 36
203 242 94
373 157 78
210 83 87
252 125 39
351 17 31
92 391 48
189 8 100
215 101 84
124 85 59
81 99 60
230 324 6
101 138 25
389 204 54
97 33 88
205 309 32
254 74 38
54 131 56
49 322 4
343 38 89
200 378 37
197 231 63
359 146 47
388 326 74
380 141 48
120 284 56
182 32 41
228 163 40
57 307 77
319 209 9
128 21 90
189 392 76
380 296 36
60 141 30
385 399 92
66 251 92
46 368 90
255 49 5
209 203 2
132 225 2
0 18 16
392 17 79
231 158 77
134 15 100
166 92 55
15 208 27
193 136 10
195 99 70
58 232 75
144 396 68
110 231 85
119 222 29
131 180 16
173 193 50
98 24 63
13 273 1
221 144 67
69 361 90
21 233 18
239 89 7
381 32 29
201 372 77
190 335 72
216 111 59
348 124 58
390 365 98
155 249 63
151 111 85
59 70 17
172 37 27
178 319 15
369 84 18
364 71 65
384 208 52
37 30 95
172 52 95
184 230 62
288 275 28
282 314 78
286 267 8
81 155 76
235 383 80
39 326 15
259 273 35
245 177 87
8 221 58
73 244 89
81 349 87
234 71 97
83 222 63
59 127 40
176 329 54
332 104 37
17 3 12
71 20 4
392 122 9
109 358 53
231 278 100
124 8 81
314 239 6
324 377 38
135 351 24
177 172 33
189 365 58
100 275 98
247 11 10
267 252 6
213 384 59
368 174 85
167 271 43
340 202 75
73 272 48
263 165 49
178 311 25
181 317 50
215 393 33
237 287 92
279 301 89
201 312 54
157 92 87
23 335 40
51 208 34
52 117 75
151 296 30
292 313 33
79 69 18
120 273 5
169 334 5
362 192 1
273 379 21
50 289 7
143 288 6
108 94 41
372 229 88
162 3 54
228 249 87
32 384 36
88 71 56
15 302 32
104 26 98
350 269 22
206 87 17
342 289 92
136 49 32
329 349 74
381 71 20
96 269 46
280 185 43
113 94 38
273 380 68
197 180 66
214 233 43
315 15 22
220 265 33
333 239 44
85 25 100
31 300 76
377 216 37
83 20 19
385 218 55
123 308 70
220 139 77
188 23 6
367 4 44
144 120 32
245 167 56
66 253 82
295 78 75
133 321 10
222 198 11
225 36 8
327 279 82
117 72 17
58 43 38
376 231 64
372 36 11
225 215 82
308 221 26
76 391 22
261 190 88
113 235 26
116 160 32
311 235 3
211 43 91
353 179 79
48 43 67
353 183 3
218 166 93
145 151 98
389 251 17
219 141 10
271 314 71
299 356 92
76 230 67
313 135 45
381 385 32
339 96 54
366 82 7
162 165 27
167 325 81
236 137 6
132 301 43
285 155 44
7 294 17
113 379 97
80 233 18
278 235 59
233 0 98
183 29 87
265 343 82
176 291 60
126 255 84
192 313 78
384 74 47
234 186 46
99 91 13
5 294 60
299 323 50
322 302 39
97 72 1
139 20 62
331 176 72
137 350 33
275 156 7
274 127 2
142 81 59
168 38 71
231 375 15
371 334 17
355 164 77
276 225 48
209 229 6
179 373 7
395 220 31
19 327 11
7 187 33
215 227 17
76 101 40
361 293 3
318 298 11
63 88 84
52 243 51
13 213 1
294 230 88
317 54 72
212 118 49
111 211 50
92 88 93
46 372 97
50 259 86
89 334 13
235 102 48
148 73 87
84 272 27
95 19 12
38 344 17
188 275 95
374 138 29
94 373 80
16 186 47
236 152 73
172 313 97
148 304 14
9 129 98
121 132 77
262 334 16
114 221 29
376 275 71
343 180 16
187 120 58
306 5 5
7 364 62
190 261 22
392 270 32
37 137 48
237 375 75
37 247 88
82 331 72
65 230 62
263 314 1
285 230 34
352 308 48
190 337 97
378 186 31
304 250 43
240 350 13
211 284 88
245 320 46
255 252 10
346 270 4
19 82 98
118 128 58
47 266 24
178 390 80
17 247 92
237 102 22
250 36 7
0 155 55
196 315 66
41 178 80
338 61 45
395 189 10
347 287 1
336 8 55
186 384 11
182 213 86
277 335 6
200 353 30
226 224 11
96 342 81
331 301 76
395 351 100
195 345 49
342 270 81
83 73 44
228 113 68
22 160 42
78 351 57
391 130 83
317 82 50
366 172 56
160 373 57
317 253 63
297 116 49
274 173 80
51 41 44
217 92 31
84 128 51
163 236 92
191 210 7
76 285 18
235 140 76
59 172 79
260 35 67
127 345 47
127 94 65
271 137 81
362 309 33
227 315 46
143 45 22
204 29 33
364 178 66
255 327 58
63 7 31
276 172 80
20 45 68
154 23 40
219 87 91
112 78 72
383 166 91
84 118 7
116 82 34
235 363 55
45 174 47
134 337 34
236 376 5
236 163 67
279 77 89
160 390 26
334 370 88
365 343 51
324 260 62
40 331 63
71 309 92
160 387 88
382 113 50
202 251 46
352 22 3
156 65 46
88 284 41
100 156 23
103 342 74
190 390 31
17 1 12
175 282 46
284 268 68
148 253 82
280 92 10
45 88 91
43 68 81
346 385 1
287 106 50
115 373 70
250 365 59
394 33 7
306 348 88
85 223 16
324 253 90
23 322 22
84 284 22
340 394 22
151 122 73
207 198 44
64 307 92
176 399 55
8 382 43
4 282 44
149 16 67
94 137 47
224 350 56
73 105 31
174 85 57
349 49 89
58 288 37
398 166 83
132 198 65
295 385 10
69 393 33
342 218 4
184 42 58
170 282 4
188 234 41
178 240 34
311 193 86
207 29 70
394 230 76
231 235 37
11 385 7
284 317 88
217 135 31
175 324 60
311 223 78
88 76 27
78 32 87
153 283 79
125 398 58
110 358 69
52 161 39
399 371 50
16 176 78
308 264 91
117 188 56
279 383 27
101 30 91
63 379 3
151 177 34
13 337 6
83 375 86
56 76 68
45 122 65
177 41 32
368 161 80
246 229 26
137 147 74
293 16 59
192 150 36
189 5 59
188 67 16
110 246 11
394 79 68
223 352 23
118 9 77
69 71 62
238 233 48
249 386 17
395 100 13
378 98 58
266 300 2
298 357 39
240 40 68
14 379 42
37 304 64
12 221 58
279 108 68
209 135 95
271 306 34
298 322 30
266 40 63
282 115 41
281 307 66
129 359 53
110 264 83
395 157 27
23 104 92
157 210 66
12 370 44
379 333 34
157 166 14
174 16 35
311 126 52
28 128 55
330 264 12
396 65 62
155 244 4
148 341 6
237 50 5
297 346 76
387 42 89
384 339 74
355 346 34
17 61 100
399 44 17
366 46 86
333 117 85
184 219 22
110 192 31
117 346 4
300 244 50
33 12 55
244 182 46
25 240 35
271 165 64
52 102 40
373 234 47
339 122 69
197 57 18
309 6 63
155 4 93
215 322 9
177 193 83
23 143 5
236 311 51
1 184 29
219 380 42
207 27 75
141 377 76
375 146 45
187 128 40
299 140 42
219 61 17
185 241 38
392 130 41
75 215 69
167 310 77
252 50 76
112 250 18
164 326 29
26 80 29
375 195 20
262 341 23
354 159 11
212 202 69
384 179 49
129 50 30
128 369 47
175 383 91
193 2 94
252 365 46
334 85 98
31 28 80
272 243 43
236 182 91
223 4 95
381 396 46
386 188 86
27 279 71
92 304 58
55 93 64
133 269 5
120 140 85
127 67 58
334 149 63
166 314 98
195 63 89
247 136 8
207 248 65
162 315 1
67 176 100
295 60 14
217 73 2
93 176 39
182 320 7
186 372 14
140 244 75
62 363 70
273 368 2
50 33 67
365 341 12
206 282 83
64 78 25
150 162 36
322 119 52
93 140 39
70 388 26
55 88 24
130 141 49
75 180 75
122 316 2
321 329 92
4 12 52
144 363 67
15 142 46
273 93 16
13 372 56
131 325 98
142 140 12
115 346 82
235 123 22
239 86 70
136 121 9
265 216 16
388 252 81
261 218 4
368 117 58
178 77 43
346 182 24
161 221 17
85 264 61
366 182 99
327 318 77
155 94 57
204 5 99
268 175 90
231 36 95
61 362 15
135 284 74
361 221 30
221 271 82
55 232 79
240 250 93
65 191 65
120 259 28
9 270 91
113 65 41
167 13 55
281 89 56
215 133 17
336 62 15
21 47 5
45 0 1
93 316 87
104 180 1
99 22 99
345 78 21
332 98 89
117 103 28
261 240 97
84 99 85
331 195 45
59 42 40
125 153 74
345 308 4
358 2 33
80 265 95
14 144 26
335 179 17
338 272 15
250 311 74
182 54 65
272 397 67
44 7 14
239 353 15
87 15 7
215 343 72
212 370 54
136 52 43
252 65 38
288 145 83
278 281 87
177 292 57
354 294 91
369 328 57
96 299 69
200 195 84
339 237 97
185 106 15
268 321 86
323 272 32
275 177 82
135 330 50
396 201 55
31 266 26
246 22 29
287 154 29
330 171 16
268 56 78
240 72 19
327 388 78
257 331 22
248 71 9
208 207 69
8 347 85
135 113 51
218 345 15
55 21 44
334 307 57
187 39 25
222 376 42
121 109 52
269 141 82
166 46 65
109 192 16
119 277 64
16 72 19
232 339 46
327 323 62
135 286 11
222 34 40
315 357 67
364 226 77
244 358 77
106 89 85
162 224 14
207 348 13
87 340 61
127 21 22
127 331 90
10 317 20
37 196 56
173 54 18
327 195 87
349 75 81
13 196 71
363 361 88
6 304 66
317 35 91
92 137 54
52 2 88
393 90 18
222 210 58
206 374 95
108 308 43
222 57 74
217 338 40
129 177 13
333 76 36
136 254 89
93 97 11
62 28 4
227 86 10
5 350 97
171 13 86
27 297 100
47 133 30
271 254 76
320 185 25
134 332 71
107 210 22
170 376 16
254 267 54
41 112 35
63 49 27
316 359 99
33 376 86
383 191 48
62 270 53
4 344 38
355 270 36
358 26 11
119 343 47
89 365 64
329 89 39
320 310 29
87 185 56
272 182 39
10 291 32
83 284 57
329 324 46
377 350 3
144 96 26
377 184 26
285 251 18
384 178 31
329 377 51
216 78 83
272 321 99
82 33 35
173 79 52
340 91 91
296 145 67
251 22 99
272 65 88
350 27 49
195 322 16
338 269 38
105 145 72
11 329 52
364 379 8
354 322 39
364 231 96
281 76 91
123 112 30
70 379 33
222 193 58
268 260 45
89 260 48
35 165 44
163 258 34
116 377 33
128 194 1
252 350 12
183 185 39
75 245 96
389 240 7
8 315 42
23 64 86
242 58 77
203 270 64
362 280 13
317 393 20
15 83 20
31 340 25
157 199 78
155 388 23
268 376 61
269 11 96
197 182 100
8 179 80
392 377 65
122 120 66
78 338 55
172 202 19
263 291 44
135 60 63
6 3 55
40 306 9
145 13 67
130 187 77
165 42 77
20 87 11
102 149 36
250 198 88
254 379 53
122 18 60
366 106 65
75 365 39
369 389 45
53 336 19
292 123 87
4 348 6
12 269 89
84 286 54
338 110 67
399 247 70
371 386 12
13 25 18
269 116 85
342 39 41
179 81 63
207 252 37
179 112 34
339 120 86
389 167 35
281 228 34
104 367 34
22 28 8
228 341 24
10 333 77
232 42 56
335 62 49
222 247 44
69 213 54
5 195 20
96 86 67
151 140 95
340 216 9
87 124 16
375 119 21
117 169 43
362 379 90
12 251 41
251 128 97
12 66 21
326 32 80
388 366 75
19 261 77
0 218 47
215 283 35
243 314 52
169 331 36
134 384 84
317 232 14
207 296 42
268 106 52
24 226 75
62 36 6
90 331 54
301 199 78
136 85 87
43 20 16
348 255 78
6 364 96
226 92 87
1 162 39
13 248 85
258 47 89
302 40 24
342 196 16
150 83 94
154 286 11
356 268 62
341 277 10
398 11 78
104 50 82
9 300 53
332 292 9
333 53 85
121 114 75
303 10 16
59 207 50
92 41 30
127 122 24
133 144 92
302 274 22
1 250 41
352 66 31
288 19 99
252 199 72
392 190 28
298 218 42
318 1 27
355 103 26
141 243 59
296 201 25
164 375 39
224 182 78
96 297 15
22 142 9
43 143 53
144 209 22
137 189 79
22 38 35
280 143 58
15 231 65
183 56 9
138 21 99
226 125 68
114 291 73
386 189 29
86 297 86
165 80 19
73 291 58
32 192 75
134 163 86
276 256 83
130 248 22
374 214 49
377 212 60
121 7 14
385 251 84
117 353 72
181 248 90
112 103 56
320 395 62
166 118 69
58 165 11
126 288 93
238 356 95
260 323 10
144 356 84
367 195 39
240 384 71
173 396 64
301 159 59
182 212 33
239 22 5
398 145 24
133 97 68
130 372 57
394 31 76
28 107 47
128 278 31
86 335 53
25 180 50
187 237 28
376 234 5
54 68 42
147 127 37
314 320 24
254 256 65
109 266 42
141 40 65
393 13 65
346 369 75
64 215 18
150 280 66
281 198 40
397 363 62
367 100 85
385 6 29
120 356 30
196 26 71
357 80 100
223 57 21
114 95 3
64 46 45
199 205 37
105 169 62
266 108 10
208 339 69
346 24 17
75 269 63
335 331 14
44 99 73
214 314 14
39 117 44
16 110 86
110 17 94
305 310 29
306 159 50
231 248 23
314 30 27
303 91 54
380 155 31
41 380 85
55 25 25
367 160 73
303 178 9
160 29 13
141 323 62
80 132 84
158 37 32
281 398 11
242 362 56
237 42 31
191 175 79
260 45 84
353 368 19
203 215 95
120 79 98
155 359 75
341 379 24
343 331 6
179 377 54
352 116 7
225 27 14
140 302 40
20 219 80
383 233 41
227 145 59
260 398 70
253 369 52
104 337 66
114 65 1
230 22 33
78 54 82
81 286 63
66 20 87
327 324 59
72 64 52
188 250 67
271 58 69
377 383 79
77 368 77
231 21 65
66 83 40
188 225 16
167 39 31
255 271 51
379 357 16
130 342 85
314 195 36
75 128 8
145 257 98
145 136 97
333 390 29
67 180 93
273 9 41
251 72 24
115 35 84
41 203 84
335 156 21
366 23 17
265 375 82
97 273 41
261 321 100
136 211 99
275 22 85
17 146 73
27 209 19
24 269 71
191 391 84
26 284 74
46 389 64
217 5 82
15 372 11
79 172 37
288 333 51
287 126 63
9 87 71
231 13 22
187 294 48
12 261 22
282 90 51
116 283 4
100 337 15
38 372 83
149 72 10
336 330 3
245 313 60
310 98 76
126 96 17
73 181 17
88 236 99
232 306 11
66 376 75
277 187 4
354 194 95
97 307 89
250 114 20
374 22 39
12 136 84
359 6 9
109 394 69
5 178 90
114 39 32
0 321 14
146 64 63
277 338 10
256 162 87
280 112 91
279 75 41
169 371 23
87 14 79
182 372 42
272 328 79
356 354 36
49 231 94
308 15 15
128 241 56
167 18 1
307 367 3
291 104 70
282 189 28
17 244 14
386 175 88
355 77 46
108 397 79
391 292 37
116 25 43
197 259 98
173 380 100
75 136 44
260 194 95
30 162 98
270 79 49
160 316 8
184 9 34
349 202 48
80 59 65
185 314 23
239 162 58
291 105 77
199 265 89
309 76 6
31 392 7
2 76 32
398 126 82
52 257 88
98 14 62
249 211 28
199 97 36
156 170 96
284 45 18
119 376 2
8 67 36
366 250 72
318 275 74
178 229 79
210 177 97
397 386 29
321 162 17
30 259 41
191 58 57
204 190 76
191 339 44
67 358 91
88 179 23
59 221 85
129 315 58
198 122 66
22 175 28
127 39 88
16 318 78
148 227 77
184 215 48
102 266 84
163 313 83
103 390 2
330 382 79
287 176 83
321 345 64
101 90 36
37 293 50
175 233 64
139 107 63
285 60 60
322 383 41
155 218 74
49 168 5
328 16 24
380 308 5
73 22 9
285 240 49
272 133 69
295 126 39
168 187 70
15 393 57
274 205 58
299 164 48
172 139 50
298 173 25
225 294 85
321 174 17
348 320 60
238 86 53
17 234 71
315 260 84
313 100 96
75 131 9
186 193 9
393 87 56
222 348 98
215 394 14
99 182 92
193 267 14
325 312 38
387 172 66
315 16 98
291 391 54
355 151 20
378 327 89
26 113 99
29 82 75
9 213 67
377 54 84
292 320 40
338 251 1
105 337 54
43 277 63
31 370 1
355 207 61
25 267 100
288 36 83
396 165 18
21 54 13
197 75 43
348 325 61
341 40 86
309 210 23
276 54 39
230 38 75
176 168 16
77 143 64
274 234 21
146 270 22
269 160 5
308 71 76
201 376 99
216 136 72
242 141 93
279 19 41
147 103 29
120 149 22
121 4 28
276 192 74
312 316 65
71 147 92
362 357 27
108 200 5
364 207 74
360 317 68
320 330 75
341 238 49
187 289 9
43 207 25
311 89 66
376 96 90
217 351 51
337 150 18
17 36 99
136 21 63
246 129 1
356 206 21
158 32 100
348 214 50
50 202 8
86 83 20
357 243 50
172 331 15
268 390 86
17 327 98
377 88 15
5 398 40
295 87 58
322 396 26
75 322 51
302 137 46
349 168 76
297 68 45
381 324 44
32 294 37
349 52 32
187 130 93
171 225 46
142 233 98
174 288 32
126 362 20
202 351 20
236 65 4
115 171 99
177 369 78
33 183 39
49 121 80
262 209 43
154 214 27
27 187 70
393 189 76
344 151 31
222 289 40
232 221 43
258 84 98
6 112 31
40 345 88
11 325 7
239 255 53
241 188 44
122 131 11
217 202 26
23 254 37
45 17 86
87 305 12
166 178 18
94 158 6
269 119 37
357 32 85
43 353 70
156 342 88
331 380 75
383 304 13
392 329 16
303 163 90
134 383 66
203 33 35
193 198 61
342 255 98
161 85 2
255 353 81
264 321 58
369 184 23
89 20 40
131 70 86
326 291 22
371 149 50
317 180 80
159 303 30
108 78 51
138 166 84
217 305 6
231 220 71
105 321 71
110 276 71
99 206 84
83 305 84
95 200 25
365 197 85
205 312 94
66 86 98
396 352 80
399 230 29
52 365 45
381 325 73
341 41 41
157 123 3
246 297 52
121 79 4
251 323 58
318 181 63
226 17 22
377 5 11
204 287 38
111 359 24
370 164 88
364 387 22
113 27 49
9 283 8
203 336 91
348 389 92
198 163 34
186 162 20
271 176 73
247 338 2
9 393 98
397 368 78
122 119 96
14 188 42
255 32 53
347 364 66
223 151 4
342 70 42
17 198 76
103 343 66
281 164 4
53 239 16
366 283 45
273 297 73
157 384 69
388 12 44
293 310 27
294 339 18
115 337 69
15 365 53
206 99 87
259 311 13
222 306 6
108 321 70
21 99 97
156 182 33
10 241 24
248 91 53
29 258 18
95 146 43
70 393 20
338 85 28
56 87 62
227 28 9
268 182 32
397 137 4
307 350 79
373 296 65
133 216 54
273 170 75
11 31 58
314 86 23
165 264 34
226 111 71
39 280 1
376 229 5
52 127 13
191 124 92
41 341 28
146 237 39
171 86 30
168 134 66
93 180 45
289 183 81
358 128 67
263 252 55
72 279 73
321 25 65
392 134 28
186 195 22
219 298 76
134 240 23
74 178 89
81 125 68
105 159 55
93 5 3
310 347 80
355 326 71
211 279 17
124 41 20
1 60 4
366 140 75
329 375 39
235 255 94
189 84 46
149 189 38
111 2 13
276 353 90
301 367 26
101 211 39
35 132 72
179 122 46
175 41 9
302 391 58
0 275 94
376 219 2
331 341 3
72 54 16
239 363 54
158 341 7
141 338 61
83 278 99
77 314 3
181 270 34
347 297 59
247 234 79
202 214 93
180 270 73
260 100 25
102 94 37
399 137 83
111 298 33
369 55 73
390 115 8
130 1 75
311 183 42
366 85 40
333 356 29
11 189 52
143 99 87
267 393 62
7 136 20
127 189 37
99 178 99
367 18 35
355 114 81
308 161 1
302 296 53
67 325 19
124 55 63
72 383 91
335 61 55
322 74 96
140 283 77
220 114 84
251 386 53
323 397 27
320 165 41
59 107 78
5 59 72
40 192 55
66 82 7
385 101 9
103 177 11
97 74 28
320 202 99
312 205 34
322 312 26
22 356 17
246 179 71
147 40 73
142 397 4
319 66 82
119 395 96
185 16 97
308 270 51
11 234 47
260 372 76
154 15 58
168 125 2
87 339 15
382 50 61
214 241 18
14 396 63
21 17 40
83 21 29
167 260 16
386 316 12
229 74 7
391 229 74
242 31 93
117 292 54
77 84 78
260 370 10
48 314 68
228 291 38
204 56 34
268 283 84
36 96 28
170 378 59
184 67 62
111 186 75
12 277 93
302 141 76
173 296 54
103 257 43
211 375 6
306 154 69
7 198 80
50 383 70
387 231 27
268 190 32
308 231 21
133 99 62
64 186 36
91 353 28
81 290 27
67 353 30
371 289 6
358 68 57
227 332 90
271 43 24
285 142 13
72 171 41
43 17 69
369 201 3
314 128 23
374 36 72
364 4 77
378 105 55
84 105 42
1 317 13
7 239 95
162 334 80
383 131 26
142 63 62
7 236 42
92 171 40
90 369 24
321 266 4
41 241 34
295 200 13
16 206 100
224 283 13
396 279 63
58 88 80
349 165 8
277 306 66
321 67 22
263 389 24
173 137 48
125 378 75
204 153 41
204 117 28
100 141 3
150 97 79
118 216 38
395 359 50
154 48 7
305 115 69
187 171 45
264 339 56
133 81 5
281 95 66
137 190 36
393 230 60
196 317 74
338 109 66
20 393 35
162 339 45
193 265 90
72 344 29
56 344 29
321 222 58
247 254 60
173 159 51
179 184 89
231 234 36
359 207 4
141 398 79
53 17 64
107 118 50
33 4 63
346 350 88
224 109 47
344 10 38
294 89 16
82 193 58
80 270 45
348 190 75
397 23 99
369 182 17
77 180 28
38 378 98
11 25 68
364 346 25
293 156 49
278 293 13
42 140 71
244 62 99
259 121 88
341 231 18
37 339 35
341 113 14
320 317 55
367 361 79
380 280 88
206 113 77
244 230 77
197 133 66
72 223 97
392 324 27
395 21 34
396 276 92
151 341 5
35 22 7
107 235 98
280 367 23
60 211 41
319 352 78
164 272 85
313 53 56
111 340 52
52 88 21
231 168 30
141 194 95
239 359 64
212 343 10
330 269 56
298 159 17
84 167 62
59 218 18
60 12 72
276 10 6
186 335 41
162 217 76
374 115 57
388 188 1
65 39 47
238 278 1
131 69 87
2 285 75
393 73 33
372 194 88
56 181 20
316 200 75
387 188 95
38 37 78
233 271 63
62 254 49
24 307 51
185 367 83
310 257 25
111 234 16
180 295 55
245 393 84
364 398 86
373 240 100
26 223 2
6 8 84
373 252 29
210 227 97
76 53 76
1 4 87
254 304 88
93 51 31
174 128 34
111 362 74
383 143 12
230 369 92
264 180 27
1 10 74
372 20 50
301 229 10
94 216 94
369 284 20
362 310 34
389 340 33
236 367 31
126 292 56
80 105 92
21 201 3
317 398 95
134 187 69
342 210 59
367 40 25
244 204 1
2 390 73
208 231 10
249 119 73
263 152 29
62 168 19
325 68 73
27 130 49
249 286 49
240 21 30
63 163 43
350 366 76
294 98 97
344 296 62
316 384 82
78 275 35
81 160 98
9 192 48
331 377 80
390 141 6
91 181 6
354 93 70
259 392 77
390 140 76
294 194 1
249 303 80
335 117 100
266 276 28
138 262 29
58 46 42
114 40 31
370 208 79
308 126 35
176 19 81
214 274 39
140 39 17
195 77 47
382 118 59
347 312 52
269 96 39
292 365 83
308 21 9
202 300 47
305 128 56
289 313 61
129 195 15
215 384 95
230 207 72
364 297 72
61 217 23
160 341 12
21 314 46
314 76 98
186 280 74
391 123 62
168 329 24
164 41 19
90 337 90
172 193 75
215 210 75
182 345 6
49 128 43
156 79 35
189 277 62
285 196 82
271 270 2
363 216 25
287 198 100
99 4 73
116 125 33
182 323 54
100 319 25
196 240 91
292 183 14
188 130 16
328 388 81
36 59 87
155 66 92
347 37 73
390 168 23
182 247 30
130 279 99
358 209 59
338 286 41
106 177 64
373 37 6
158 393 37
185 21 37
375 91 40
125 147 73
337 290 74
276 49 90
47 30 14
283 26 31
385 380 43
349 380 74
160 71 40
323 6 48
130 185 32
54 79 70
20 60 50
7 258 81
392 295 37
142 395 71
277 164 26
175 140 42
112 98 83
232 160 27
258 56 87
299 61 65
245 117 18
252 241 3
360 376 78
27 251 71
104 342 28
27 71 83
99 110 24
392 165 73
30 58 47
190 78 89
337 284 7
278 41 36
229 275 12
97 278 12
378 386 97
61 259 34
32 348 86
237 397 22
331 336 16
257 369 26
372 325 56
323 374 89
274 146 43
93 221 22
77 146 21
19 291 85
307 340 65
377 138 8
207 2 71
132 397 20
171 41 40
6 171 76
74 366 21
357 389 64
135 48 88
205 91 86
228 79 68
373 325 39
98 87 64
200 1 87
399 108 42
68 79 64
1 101 41
284 103 53
345 270 38
135 180 42
254 39 33
279 174 73
283 177 2
151 252 55
210 142 21
197 351 66
170 110 13
333 11 22
340 345 94
1 290 65
99 98 73
382 137 64
324 166 89
346 7 77
102 20 32
233 239 12
370 384 97
279 234 11
68 271 12
362 162 7
318 33 59
44 251 55
383 185 60
13 245 10
133 205 43
312 237 58
254 307 27
356 128 81
286 221 27
273 253 15
203 308 13
242 121 20
216 109 44
77 289 44
286 336 100
125 48 17
99 197 29
76 123 99
132 260 57
202 19 44
186 246 71
142 290 22
221 103 93
43 76 90
394 379 17
220 384 25
270 30 97
56 302 23
391 365 54
379 288 41
62 96 5
67 141 58
74 148 99
249 376 57
111 183 43
47 267 16
210 138 92
296 395 34
179 317 38
179 62 22
14 397 10
208 361 57
369 358 41
352 87 13
365 62 63
97 35 52
308 390 8
192 104 39
143 374 6
194 37 39
196 103 94
196 195 83
1 291 4
382 136 22
256 173 26
132 45 78
280 219 92
128 364 54
261 373 19
180 304 29
335 230 15
360 193 66
213 77 78
51 130 4
138 336 89
188 296 43
205 282 99
303 184 10
59 332 69
113 18 39
378 330 61
56 112 53
43 222 67
146 299 72
303 5 17
219 93 59
119 210 64
168 397 70
235 63 44
310 96 62
30 132 31
339 223 65
255 121 34
62 37 99
283 347 38
275 311 48
30 311 15
47 238 88
211 361 91
87 370 39
48 304 46
389 163 75
365 355 60
16 251 2
279 129 98
327 6 39
158 389 86
26 252 55
295 359 81
299 339 98
332 161 41
88 242 46
24 342 60
21 329 23
113 388 47
111 120 84
61 266 48
79 253 54
188 252 42
362 355 80
161 294 2
193 375 44
122 280 77
24 235 88
277 103 82
325 197 33
321 276 65
93 355 70
369 280 88
102 291 97
16 127 28
304 365 5
276 134 59
354 133 11
88 211 56
230 193 29
274 161 54
364 166 7
325 71 10
69 59 59
363 178 37
330 16 70
17 133 10
323 250 82
145 77 56
9 172 54
66 29 97
326 50 11
72 362 70
43 359 99
378 347 72
333 259 5
323 383 47
341 135 48
343 61 86
89 314 23
81 281 56
149 176 1
124 220 24
310 302 57
198 132 48
172 123 85
91 12 81
383 288 84
134 41 7
154 195 91
131 54 48
130 275 82
382 252 78
303 197 96
309 365 24
114 330 30
324 150 58
309 132 26
43 331 47
229 294 37
118 308 77
126 74 72
162 166 62
326 147 22
379 299 99
7 211 3
313 179 72
194 375 43
290 85 1
367 83 6
309 353 9
83 323 9
148 204 70
142 91 14
336 190 94
0 395 1
224 227 90
145 113 41
130 290 71
230 194 14
96 141 36
65 3 82
276 113 9
186 340 69
336 110 94
326 344 7
109 70 2
372 271 32
102 151 75
387 176 53
343 148 47
304 383 11
15 360 55
324 7 38
57 154 30
322 53 46
187 214 22
385 388 63
263 118 32
36 376 34
44 242 81
289 260 34
18 394 30
127 292 6
175 249 29
304 40 25
181 312 63
134 115 17
49 327 69
94 91 23
172 353 17
145 246 100
249 107 86
77 360 20
304 333 37
233 75 12
46 112 27
59 373 47
29 370 63
24 30 75
237 243 61
375 20 34
134 289 6
133 21 29
35 372 87
123 189 58
349 261 75
216 208 40
383 123 91
234 94 2
205 339 37
364 44 62
221 50 83
291 89 88
221 168 41
237 252 46
13 68 65
76 328 75
138 356 12
211 215 26
113 8 2
380 391 46
346 269 55
234 98 99
100 227 22
366 360 79
273 359 14
342 384 55
242 0 1
285 124 20
268 189 72
171 183 20
35 122 16
379 287 65
204 321 68
288 219 89
264 244 90
230 74 71
28 321 93
250 180 90
56 147 91
350 119 60
146 35 14
209 75 84
68 261 54
44 33 35
257 186 66
22 359 2
136 311 89
205 167 59
56 67 16
188 298 42
19 207 13
288 295 80
139 156 1
128 346 100
254 69 35
289 221 16
332 299 7
95 380 77
41 365 56
155 208 91
224 323 28
372 212 9
365 172 51
92 239 49
149 376 63
152 273 62
238 94 32
304 368 91
380 348 39
224 398 39
2 325 51
4 215 26
185 12 41
310 87 18
292 43 54
229 40 16
310 337 59
149 88 66
125 14 82
134 111 8
70 294 66
88 11 66
22 157 78
63 235 56
380 190 38
205 6 15
85 233 81
174 316 98
9 37 21
139 29 70
384 359 58
45 172 88
202 28 61
83 204 3
300 55 34
186 60 95
188 323 74
212 186 33
368 217 32
48 385 87
123 334 31
133 148 71
276 236 70
173 228 31
229 113 36
184 164 32
48 59 56
117 12 38
283 361 14
371 0 61
328 89 27
179 312 66
256 296 30
98 335 98
77 94 90
60 139 98
69 100 45
206 52 37
194 361 23
142 125 10
273 87 67
77 10 11
275 196 19
31 98 59
229 252 42
227 287 31
88 62 74
61 112 89
51 309 58
353 208 6
132 394 60
17 310 26
163 311 95
130 244 82
65 190 47
59 64 59
238 276 47
170 313 81
154 257 45
22 59 21
28 52 68
126 32 34
93 166 43
25 193 98
356 22 18
18 204 26
240 20 66
352 28 62
377 194 80
52 40 13
350 41 62
128 206 82
114 58 36
179 231 62
346 245 43
73 57 63
377 315 81
374 354 72
125 375 91
60 271 74
232 121 74
328 391 88
248 151 67
309 52 23
35 145 56
98 145 57
208 377 96
29 305 65
102 319 54
21 59 57
92 279 97
70 384 94
286 242 30
90 189 75
188 184 95
319 258 93
136 94 52
179 354 6
288 305 61
152 181 15
356 2 4
256 121 94
350 376 97
275 380 43
150 210 88
290 219 30
362 27 61
190 307 10
158 325 5
61 50 13
88 33 42
136 242 42
247 183 54
27 40 7
308 33 55
56 216 1
97 164 51
375 309 76
349 128 27
61 6 8
364 205 57
287 380 65
241 374 89
22 261 57
140 255 100
136 220 48
282 308 31
287 308 18
152 300 83
40 241 33
280 172 48
306 262 2
303 57 70
220 128 49
157 380 96
118 324 78
74 384 40
238 371 96
289 390 15
47 289 36
265 223 88
230 145 44
287 337 64
91 123 71
272 327 3
118 218 23
312 103 98
99 19 48
36 113 31
55 229 6
250 236 72
15 294 100
288 149 46
158 271 78
168 263 45
377 75 8
346 384 92
235 159 93
129 85 81
208 166 94
314 55 86
149 237 45
46 226 32
191 59 28
137 188 32
338 141 3
203 178 76
163 152 88
249 357 100
381 206 8
107 148 40
317 34 84
100 36 34
266 37 23
163 13 52
50 392 58
36 137 69
372 38 87
213 259 34
62 128 8
33 142 70
289 157 3
390 77 4
175 258 36
341 130 78
346 148 9
282 117 42
106 274 55
216 361 80
137 161 28
321 268 42
166 23 31
93 199 88
331 281 6
83 277 29
346 37 85
395 60 62
256 107 61
388 392 35
238 290 1
152 263 20
198 352 78
161 312 8
358 197 64
329 83 84
360 337 94
187 138 44
284 44 34
90 115 62
11 129 82
213 17 38
389 356 60
169 175 84
286 13 39
292 85 71
337 9 93
19 145 17
230 385 99
136 164 47
316 273 94
59 289 23
155 264 99
174 346 66
397 4 56
79 88 84
111 302 80
254 144 55
85 80 93
108 136 97
32 0 57
4 168 35
87 46 30
27 194 86
34 302 91
215 176 44
183 195 36
334 351 54
2 74 94
200 389 21
172 316 44
175 48 76
206 237 29
220 369 78
258 381 94
194 101 29
346 19 86
328 358 18
326 341 81
7 110 59
345 364 100
252 169 57
187 302 40
209 220 75
109 173 41
153 161 75
127 234 80
96 216 28
223 254 25
164 137 68
363 247 4
67 70 89
353 196 94
125 60 32
18 13 85
10 337 30
89 114 57
217 2 65
162 246 48
323 163 15
152 113 97
257 156 19
376 108 9
362 5 38
132 37 19
160 250 74
389 45 76
122 157 40
107 229 6
156 259 21
9 205 45
154 370 78
255 14 86
355 136 32
113 41 93
388 203 30
38 227 87
396 115 41
225 353 49
210 109 75
115 74 93
350 120 28
390 167 91
356 160 17
265 311 54
87 326 21
344 5 64
267 222 39
360 20 61
113 267 54
85 299 15
133 358 72
126 396 34
234 136 97
364 340 76
381 256 98
177 388 81
349 64 40
376 340 67
319 186 58
355 216 74
165 307 13
260 251 93
128 124 20
140 3 6
139 384 64
361 80 2
85 347 16
207 95 51
391 78 7
78 179 42
118 127 39
40 382 30
152 287 29
215 125 83
50 287 15
255 96 15
380 100 50
394 178 45
88 372 63
199 47 63
294 74 95
116 70 11
64 70 83
169 132 10
18 360 88
335 82 59
197 376 66
376 380 70
355 21 55
75 285 31
332 317 27
18 168 63
397 379 57
88 49 19
5 349 34
338 185 68
253 192 87
142 67 95
336 276 73
334 122 17
302 193 39
220 388 58
71 10 88
266 198 63
297 280 96
228 86 6
285 61 66
65 380 73
391 353 92
334 198 72
17 354 88
200 40 30
34 288 66
162 332 38
145 250 83
360 2 96
65 261 51
14 351 41
200 223 21
158 86 74
34 40 36
297 216 34
4 176 100
263 186 5
58 141 17
38 155 5
154 277 92
185 397 25
153 260 97
80 51 38
153 365 23
181 12 74
304 27 33
300 69 61
222 261 54
159 280 10
242 78 28
142 381 19
149 104 25
278 238 82
333 23 20
33 358 49
114 387 50
349 231 13
125 360 93
8 130 77
209 119 41
200 92 74
396 258 68
327 259 66
203 337 76
197 159 15
387 224 26
264 67 1
397 57 24
150 120 10
96 284 3
242 388 47
151 0 82
85 55 21
22 195 36
284 16 56
255 104 12
31 364 16
226 207 50
131 13 5
118 369 91
120 309 78
247 195 19
204 207 62
255 383 84
219 13 83
130 171 76
174 329 17
72 144 36
131 158 40
285 53 46
396 132 58
67 58 15
272 164 91
257 177 71
90 315 67
146 13 49
343 312 7
113 57 25
43 257 20
80 375 6
112 222 61
202 287 37
252 79 96
229 131 62
125 333 78
206 291 81
308 45 86
95 275 76
66 168 34
371 276 93
127 248 90
166 115 69
386 240 32
280 312 6
193 254 61
237 239 32
228 393 49
221 270 36
282 92 78
293 65 30
356 230 24
0 216 12
55 82 6
317 137 28
388 83 48
275 15 10
269 145 21
30 23 21
178 323 98
231 285 83
115 397 99
221 348 97
216 50 58
365 87 51
21 351 55
87 242 66
383 108 55
223 62 87
122 114 6
205 191 62
380 48 64
72 351 50
208 34 50
71 176 48
131 73 99
347 133 93
245 221 9
282 337 14
186 295 8
265 232 87
348 6 38
240 100 95
360 68 7
164 345 85
357 345 45
385 374 82
55 150 44
161 42 18
234 18 63
246 21 97
339 33 92
255 114 13
313 230 49
314 383 20
180 290 68
220 81 79
15 384 61
323 106 14
360 344 84
101 57 21
348 179 38
209 275 83
398 368 70
294 266 24
391 338 72
148 99 77
64 227 7
347 147 32
84 121 77
37 347 55
42 9 42
94 331 45
3 61 40
134 361 92
233 392 81
114 53 82
45 64 36
54 65 95
26 280 98
231 116 20
263 397 4
330 226 99
80 4 9
222 158 30
198 269 89
97 177 53
58 20 32
112 155 23
257 200 65
86 217 14
91 310 37
18 165 14
265 20 15
377 113 24
207 150 76
81 296 29
299 154 25
381 353 55
216 160 9
155 240 91
256 75 4
196 212 86
131 234 97
377 169 8
4 68 57
283 167 69
382 330 4
304 188 95
56 341 50
130 173 54
173 272 8
236 142 65
162 289 45
331 36 67
56 62 65
67 47 5
2 87 62
224 33 6
24 113 9
79 42 20
335 330 78
219 336 32
242 219 16
171 308 96
226 80 57
265 243 92
59 288 30
92 143 72
139 222 56
222 322 21
275 162 98
372 367 48
156 245 6
25 50 31
363 300 96
44 270 7
241 349 6
172 309 79
342 378 64
135 128 48
199 258 80
200 107 9
314 258 71
44 3 85
346 33 53
312 371 16
4 296 87
44 264 3
239 72 60
0 335 9
184 173 57
62 72 29
289 199 31
164 196 81
186 361 94
71 190 20
159 203 9
275 349 96
255 227 18
287 360 21
288 326 77
342 179 89
293 211 34
123 214 88
64 269 86
259 326 82
18 267 69
395 243 58
14 224 34
246 207 54
12 310 31
197 390 93
181 57 95
222 321 51
120 383 35
0 121 54
176 60 8
135 326 34
191 230 7
205 261 47
180 208 1
239 172 26
239 105 83
68 57 77
50 210 19
335 39 71
303 88 39
28 244 95
28 382 44
161 53 10
192 103 90
40 158 11
361 375 78
317 298 24
335 275 38
128 101 40
9 80 53
18 382 18
120 138 23
376 88 81
186 263 82
216 284 81
229 62 22
178 209 21
6 382 41
69 129 81
279 368 71
328 370 25
10 396 92
156 269 82
263 394 100
122 31 75
321 69 60
165 308 33
101 65 58
293 196 81
115 293 45
63 99 93
192 198 17
112 85 64
144 210 84
79 198 90
228 133 79
243 118 87
322 221 25
258 333 35
165 89 82
69 32 49
314 88 14
241 326 92
360 182 52
373 80 60
308 233 71
55 201 61
139 90 39
11 109 53
74 69 96
12 281 42
21 224 93
145 369 22
180 131 49
200 216 68
37 254 67
211 261 26
231 224 89
275 191 90
284 1 34
248 372 22
192 223 74
297 93 84
257 263 9
333 288 40
311 84 19
282 186 17
216 388 83
256 220 75
190 246 72
175 256 35
299 112 48
316 289 24
72 302 6
163 228 65
63 323 17
388 13 41
173 147 4
219 137 81
374 109 79
99 65 37
14 71 91
235 373 3
33 40 15
53 104 58
149 287 7
95 106 14
390 146 4
248 74 25
224 305 72
112 83 96
157 294 29
378 333 65
246 396 11
107 339 9
111 349 83
222 396 42
298 367 9
92 187 87
5 363 16
253 79 1
144 314 15
79 208 25
124 191 30
263 97 74
202 8 54
174 15 2
220 196 50
4 358 99
289 61 48
322 91 36
285 102 29
53 141 88
124 295 30
45 176 99
265 231 95
317 59 1
101 269 99
360 246 53
3 335 90
207 112 98
220 54 37
234 240 90
85 50 23
365 321 50
367 227 44
350 202 84
163 202 18
147 21 96
219 28 48
227 11 19
315 234 38
81 153 43
236 209 60
390 42 7
70 54 30
38 193 30
302 166 72
311 68 84
270 384 98
76 172 72
381 191 7
354 237 76
56 160 8
168 113 38
341 127 84
144 109 76
236 44 90
212 282 40
7 189 24
331 244 62
28 393 76
297 268 10
85 151 50
131 102 50
274 248 22
100 8 63
17 49 5
205 76 49
205 199 68
233 19 97
46 25 46
389 282 19
339 216 99
341 6 75
165 362 41
245 300 33
116 304 2
115 29 27
367 30 26
321 374 31
350 159 69
132 67 93
128 388 68
269 307 82
189 224 14
263 326 23
322 7 94
387 324 37
198 102 19
381 269 56
333 136 70
294 382 63
389 281 70
332 298 17
130 24 5
185 343 3
275 83 97
313 107 14
14 81 86
139 35 37
381 28 58
79 109 22
255 292 93
115 312 75
66 206 31
32 43 22
298 330 14
140 205 71
335 182 52
10 272 93
36 262 83
264 22 76
370 386 21
224 108 54
198 203 2
55 363 93
323 363 3
119 394 41
157 132 89
397 343 58
168 359 71
351 326 37
389 256 81
306 120 79
217 399 59
122 230 13
110 164 6
21 368 30
203 47 5
38 352 96
174 14 46
350 273 84
352 253 22
150 138 10
264 61 50
331 233 71
69 146 75
162 204 68
41 255 80
194 360 75
2 83 81
120 226 7
20 229 45
210 76 37
144 79 51
224 219 14
58 216 59
38 65 97
86 303 47
237 337 43
245 153 100
348 173 67
5 145 5
368 261 32
221 126 98
0 285 67
393 207 31
118 198 43
340 119 72
370 71 83
234 252 18
331 168 55
363 38 8
184 385 93
88 25 18
294 192 70
357 129 19
87 229 65
208 379 17
63 387 18
288 135 51
49 232 6
181 189 74
195 181 67
196 108 93
0 225 54
26 323 63
48 10 96
179 161 33
300 361 20
203 4 59
316 394 66
389 248 88
360 283 89
50 80 91
257 213 9
224 218 11
55 317 95
103 92 18
302 245 21
210 330 87
101 74 34
221 13 45
65 40 4
82 380 89
376 144 63
191 98 46
274 358 3
245 260 44
6 387 97
137 150 95
285 316 79
297 167 76
242 134 27
332 280 98
55 50 83
4 359 71
138 29 38
275 342 60
345 384 2
120 65 63
345 250 68
110 256 31
39 393 21
37 295 32
321 81 73
102 296 17
169 234 56
1 178 88
295 150 13
200 181 25
88 384 44
180 190 56
162 228 94
366 101 68
103 246 16
34 99 53
377 221 63
251 6 17
26 57 44
174 3 73
247 178 70
261 166 1
199 304 13
64 299 77
207 326 66
373 205 82
260 213 46
84 156 13
198 138 44
101 204 2
166 29 92
399 380 87
172 399 38
323 114 85
57 323 91
302 328 53
39 0 18
111 13 61
333 43 3
391 206 12
255 233 97
248 352 53
69 141 40
369 298 35
169 378 22
353 66 48
262 104 99
51 371 80
346 290 99
42 72 75
55 22 48
164 34 41
271 324 45
394 186 55
33 63 94
361 380 17
174 296 48
23 138 49
384 218 41
355 300 9
292 223 96
276 20 16
190 271 62
44 213 56
35 193 11
76 231 99
24 23 28
129 144 85
34 89 42
393 155 21
380 223 48
396 263 14
351 79 89
315 208 71
128 235 46
172 29 79
149 98 3
112 235 14
66 307 94
255 360 66
231 165 51
173 152 51
59 340 88
399 181 80
334 120 22
43 345 70
61 195 99
25 12 100
75 226 7
217 120 79
350 368 77
250 290 6
150 195 88
325 220 32
93 143 61
257 212 7
276 153 26
65 363 8
171 69 22
284 225 54
15 238 4
53 293 9
377 167 70
310 313 17
246 102 36
47 314 91
155 282 69
121 50 61
330 186 4
399 191 49
374 56 9
228 175 88
284 27 30
352 157 81
17 9 44
148 48 73
361 109 92
368 172 72
133 377 85
322 266 23
144 280 90
311 164 13
353 307 49
64 306 100
360 218 62
233 235 58
288 41 14
228 144 33
229 200 99
339 250 23
104 222 74
296 310 39
333 270 68
265 273 76
177 199 58
235 208 32
275 399 89
232 171 45
176 304 78
192 205 70
269 298 54
248 119 96
68 145 74
59 146 5
384 108 33
112 183 15
232 34 60
32 232 18
396 347 35
213 378 28
100 294 84
238 209 54
290 145 3
252 159 86
215 193 5
104 252 10
38 64 87
7 249 37
333 255 70
65 114 77
308 129 33
350 136 19
362 74 45
7 224 6
123 128 89
256 0 38
42 207 12
237 323 17
24 265 22
82 172 98
383 327 10
72 305 55
244 181 43
295 149 30
350 24 99
167 11 95
121 356 46
365 148 31
369 43 73
395 277 75
230 212 56
157 172 26
175 238 94
202 165 47
138 381 100
107 316 25
27 230 41
220 116 12
55 95 45
251 372 23
27 94 20
238 320 31
122 67 85
23 120 64
223 238 59
77 261 1
296 54 100
122 2 53
310 354 80
337 239 51
84 276 61
335 221 45
315 361 98
160 176 81
144 22 81
273 106 15
74 385 79
128 167 57
241 159 17
245 374 36
395 327 40
12 336 75
302 385 82
16 219 80
228 279 79
344 99 13
71 141 75
243 397 97
341 101 19
136 177 41
260 12 30
275 335 13
178 351 11
349 238 74
273 311 70
224 38 17
280 359 22
230 56 6
58 313 24
10 334 10
192 50 6
387 329 93
217 307 12
354 22 69
361 327 48
99 256 46
286 114 56
15 344 25
23 102 77
5 255 41
133 308 2
250 175 90
255 229 92
19 173 44
57 167 44
339 305 66
74 280 28
22 366 73
249 144 81
380 353 84
184 105 75
157 369 91
212 332 77
29 268 7
155 213 13
62 284 74
397 128 73
121 23 86
44 91 88
60 309 18
186 208 82
21 160 8
291 180 20
280 28 69
266 359 42
202 88 22
64 320 88
59 139 68
330 279 18
77 184 6
92 317 20
333 198 27
181 207 79
22 189 20
192 93 92
168 173 71
144 142 75
241 244 66
260 49 62
353 23 36
206 314 37
73 235 36
297 32 42
252 196 36
63 193 62
265 16 21
347 196 4
363 223 48
213 60 23
199 132 20
2 284 93
247 288 95
225 373 52
20 220 33
293 43 79
273 344 35
235 82 54
150 160 60
134 272 1
8 70 99
54 16 31
107 111 90
105 300 51
222 244 34
134 167 46
386 233 43
148 285 50
287 307 48
7 315 50
159 98 97
92 73 19
65 42 27
241 70 90
43 306 85
259 146 81
284 140 48
209 39 39
208 365 64
120 379 69
349 285 73
353 296 60
126 269 25
108 114 91
34 52 2
260 72 62
93 214 99
116 59 61
19 190 83
32 333 61
202 399 90
17 265 48
246 181 76
29 87 50
68 60 85
360 64 83
212 371 17
337 200 50
240 316 47
378 312 39
92 333 93
353 181 89
86 296 29
394 56 57
209 44 4
384 110 37
212 341 38
17 323 23
11 171 87
83 380 28
354 205 90
153 221 94
378 336 13
83 44 95
218 238 17
216 365 95
114 167 14
100 20 31
373 349 24
125 325 28
311 178 10
76 186 53
99 113 53
10 319 14
29 62 4
1 104 40
254 208 51
4 279 71
272 160 58
307 272 60
333 222 36
14 76 36
374 147 42
88 109 43
79 75 56
302 387 84
53 373 24
5 198 54
163 28 45
306 87 30
318 226 47
318 259 44
69 397 13
322 224 43
71 281 52
267 399 5
9 210 64
166 103 19
93 395 94
302 109 33
312 167 47
250 148 75
383 298 95
44 375 86
315 106 37
70 358 22
143 16 95
294 206 6
295 16 64
271 355 50
252 92 22
287 229 32
369 25 77
132 241 25
132 339 44
278 331 30
79 278 16
361 40 88
194 398 74
299 227 30
120 267 4
80 292 100
303 213 72
210 394 76
7 388 25
384 32 24
373 223 52
218 382 13
368 47 44
367 245 22
319 60 80
119 132 71
341 249 32
66 119 74
10 230 26
135 105 64
145 91 97
295 238 99
388 26 66
12 153 37
44 223 11
312 151 22
184 38 73
107 126 84
262 10 56
285 52 98
40 222 37
326 293 55
146 150 89
356 57 81
106 350 60
222 150 78
227 260 63
99 201 43
65 44 19
149 297 4
365 353 45
17 302 55
230 275 88
117 372 1
334 221 93
186 99 19
115 36 59
169 128 79
130 366 87
159 298 47
260 284 19
61 209 84
3 108 21
166 320 94
262 388 55
107 176 14
112 62 84
204 121 69
265 95 64
296 370 82
4 208 61
6 185 5
63 306 21
121 289 29
146 300 37
271 67 5
262 316 13
296 239 95
324 254 60
248 361 72
68 132 10
306 298 63
360 213 47
73 52 68
136 259 4
37 238 17
246 221 22
89 55 54
1 63 27
214 202 76
83 80 96
179 283 82
219 321 56
291 46 45
252 240 9
280 114 55
356 386 9
229 201 75
393 96 21
17 316 24
137 2 1
183 312 5
269 128 66
235 262 83
130 105 59
272 93 11
29 63 86
234 66 20
126 186 82
165 277 16
95 365 93
187 380 29
376 397 63
359 28 44
245 20 43
286 11 1
349 132 86
37 129 88
391 16 14
380 334 4
333 316 24
26 12 7
224 56 85
49 273 97
61 257 12
83 194 33
303 11 8
242 162 86
214 360 11
323 295 77
255 8 8
112 195 9
226 203 91
76 223 18
193 79 69
82 140 74
335 262 54
346 303 13
355 362 20
60 133 56
135 291 22
71 25 73
86 277 1
208 32 15
386 20 41
353 159 13
311 194 70
330 64 47
162 37 29
203 246 82
297 228 92
79 19 13
297 394 13
99 347 2
360 293 13
166 193 16
387 373 2
107 260 93
16 51 43
32 316 74
289 117 75
218 226 77
339 42 47
333 299 36
54 375 25
156 236 15
47 221 44
66 9 36
62 261 7
372 197 23
24 101 96
69 379 66
309 186 32
184 220 31
186 396 72
10 139 72
319 374 89
183 66 86
266 286 26
118 314 1
25 187 74
65 92 23
270 182 15
106 364 80
159 192 61
214 82 57
122 274 21
32 214 76
352 288 61
67 385 74
300 23 77
98 386 45
198 216 72
205 170 73
256 271 66
389 126 38
251 343 15
22 282 7
214 250 11
156 240 2
132 5 88
342 44 68
85 256 25
188 156 17
298 253 80
327 208 26
361 165 13
110 216 76
328 255 57
228 325 1
66 343 4
365 223 71
222 335 37
327 289 74
227 51 18
337 208 40
300 302 20
79 177 65
267 96 8
174 81 29
288 179 32
345 83 49
41 6 63
285 364 97
190 114 23
216 375 7
387 301 35
219 254 77
340 393 53
130 239 35
40 350 39
280 5 96
359 30 11
225 389 59
271 316 26
232 192 23
390 137 80
381 267 84
277 99 30
176 225 8
226 94 97
18 113 27
90 209 11
34 264 63
226 276 52
153 374 91
190 314 33
107 276 97
116 370 2
394 140 73
206 177 45
312 226 74
127 40 81
229 127 68
12 202 51
266 398 76
132 177 32
201 194 64
240 194 43
101 161 69
280 155 19
187 71 67
92 383 74
394 288 8
398 269 9
354 220 96
77 356 78
142 207 84
145 170 37
323 309 23
384 379 66
184 87 85
48 98 9
217 355 28
164 240 16
29 177 36
158 245 49
17 252 77
204 37 25
376 309 55
137 72 29
233 119 84
280 20 31
146 99 66
167 115 95
148 144 15
170 287 88
109 219 9
344 53 26
351 273 38
165 319 11
159 152 77
135 336 33
70 44 57
203 61 52
47 70 15
262 254 36
388 133 50
18 317 39
42 23 36
45 274 84
383 79 33
50 123 85
365 270 10
298 348 59
61 63 69
217 381 20
222 167 46
194 385 50
23 154 59
134 313 68
30 354 86
341 200 83
127 4 36
269 260 77
97 197 67
381 315 75
315 184 17
398 325 81
275 21 70
231 243 38
217 94 89
128 314 37
85 180 35
64 311 39
364 103 31
249 339 25
176 374 52
177 280 97
188 265 7
284 18 52
190 90 45
375 321 97
89 336 59
68 71 9
291 122 23
342 98 55
99 368 69
290 264 46
382 297 47
225 170 32
209 148 20
388 38 48
10 283 17
169 276 64
290 90 33
183 79 83
307 79 16
35 156 70
228 125 56
195 171 90
221 69 67
18 274 18
50 198 35
142 84 70
163 339 27
176 314 51
283 358 87
76 122 86
220 350 42
327 4 45
55 388 82
287 55 26
185 298 87
344 138 9
91 261 4
235 161 85
355 171 44
399 176 77
177 21 98
274 41 43
379 226 41
175 27 54
204 192 88
395 40 99
162 141 52
93 41 100
112 165 5
233 59 39
198 62 24
61 191 94
315 221 38
189 215 22
319 313 38
314 197 45
250 369 86
353 141 83
43 263 27
85 185 70
315 298 9
247 63 29
343 296 88
43 80 34
164 202 95
81 219 18
174 26 63
70 103 2
368 397 32
342 250 67
375 85 72
342 240 74
356 374 34
350 84 42
67 357 53
323 369 45
230 277 88
66 57 54
288 21 99
35 235 65
78 33 24
93 142 81
250 399 49
162 351 11
121 171 48
275 152 11
16 13 44
331 267 36
189 345 4
6 282 15
359 94 95
209 315 97
206 218 22
79 390 90
235 379 92
340 229 8
206 123 98
181 17 87
82 369 57
20 158 73
282 68 22
159 191 41
47 320 43
197 113 6
223 240 69
135 263 21
40 44 60
102 302 88
182 348 60
13 57 91
205 259 73
247 216 18
222 68 42
107 141 37
71 182 68
143 262 59
288 20 82
184 395 82
377 140 13
169 314 100
264 302 3
238 220 5
250 95 59
44 104 83
82 99 73
62 111 18
79 167 36
147 282 66
319 57 42
25 265 42
78 65 34
77 61 27
57 162 53
132 184 1
349 304 58
69 238 6
371 25 2
214 380 64
173 9 56
49 395 70
70 125 24
246 75 2
152 76 51
397 50 76
293 182 60
182 24 69
266 282 24
96 156 94
202 368 86
36 244 6
232 335 14
141 242 3
218 60 74
218 231 3
263 157 55
290 342 52
160 24 21
155 261 19
368 105 25
266 259 20
17 248 48
258 137 45
219 135 4
345 97 88
387 204 72
6 369 93
331 210 51
38 79 76
204 269 19
108 188 31
14 60 74
30 222 26
17 94 33
81 92 99
176 26 43
366 131 45
23 5 2
75 398 72
187 205 34
386 86 22
271 354 63
0 97 29
305 38 46
99 237 40
183 119 70
136 208 53
30 220 57
98 185 66
280 320 24
179 218 93
87 245 65
284 222 12
280 251 84
11 130 17
30 270 64
333 332 89
193 226 93
141 166 1
361 372 1
78 162 84
175 82 69
310 124 44
92 384 86
226 338 79
374 31 35
320 65 19
330 68 45
342 125 9
76 305 56
182 269 65
70 51 5
238 226 2
351 120 72
9 86 95
350 82 16
74 353 69
90 25 42
330 325 18
365 101 42
49 42 2
393 121 94
330 118 36
136 26 50
398 222 22
347 78 35
230 375 90
335 186 56
379 27 71
74 281 100
290 10 87
11 332 24
287 225 82
40 199 15
36 211 78
100 268 96
166 188 73
356 276 16
62 273 78
250 52 89
392 127 16
169 310 89
2 54 73
37 287 3
333 172 23
387 310 18
170 36 56
387 225 7
162 133 3
274 204 51
258 337 18
312 268 97
210 294 43
95 125 52
66 138 9
185 342 49
217 380 99
305 46 91
348 3 78
295 395 75
355 195 36
121 256 6
232 312 1
368 58 49
258 323 48
85 75 42
302 241 50
215 115 100
136 149 77
346 149 20
206 5 7
291 288 47
216 266 95
290 160 62
225 136 6
50 176 5
269 311 14
216 304 71
341 346 62
81 383 84
249 43 8
226 293 95
99 229 2
261 397 59
188 34 4
120 181 93
290 165 1
232 54 76
158 177 49
279 141 62
193 235 94
204 172 45
131 300 96
114 243 66
11 227 8
279 5 54
31 18 53
295 91 76
353 7 37
302 189 9
103 269 76
194 46 7
127 263 30
50 127 3
168 284 49
17 384 85
336 44 1
219 33 16
169 311 40
267 185 95
105 225 58
156 295 70
354 59 91
69 380 16
232 25 62
260 236 17
214 185 7
21 372 56
308 366 57
54 233 92
119 326 33
50 371 73
107 266 72
261 111 47
87 236 11
170 370 16
79 325 49
256 3 65
337 21 63
301 128 22
252 272 54
36 393 54
187 284 16
311 338 42
41 280 83
125 104 24
215 318 60
150 358 50
251 148 97
85 39 45
163 198 72
265 222 73
381 94 9
252 245 11
251 305 47
277 133 79
321 320 3
73 341 68
8 18 5
183 206 48
307 72 66
277 135 2
34 361 10
279 392 63
15 256 19
228 155 26
67 63 72
389 146 64
169 345 66
128 226 91
319 101 10
167 90 62
117 309 51
265 363 69
319 297 84
332 278 72
343 191 96
339 145 18
280 67 91
98 294 27
307 119 45
235 146 60
29 219 72
251 119 5
282 279 8
379 394 64
318 111 69
123 257 77
56 44 15
149 30 20
305 80 72
355 260 32
246 38 5
374 159 22
337 50 94
111 292 6
142 224 34
106 359 32
17 278 65
20 291 83
398 107 22
314 238 6
265 309 100
223 198 11
87 270 89
124 247 54
181 72 89
296 33 41
38 247 55
8 25 36
53 359 48
398 113 66
207 163 57
237 58 86
336 285 55
53 91 84
312 116 65
304 261 6
214 390 38
160 145 25
337 348 97
336 192 55
319 123 49
195 264 99
257 145 25
384 267 6
362 241 75
17 315 32
219 121 80
23 391 13
308 311 46
242 336 79
180 48 93
249 157 42
302 181 27
23 319 5
150 40 47
67 148 48
65 291 28
99 360 3
22 311 56
123 183 13
202 39 12
332 16 13
236 312 60
245 388 100
162 1 15
186 56 11
267 205 44
15 170 46
318 266 15
370 188 36
205 351 51
387 355 44
156 327 4
104 3 77
357 341 72
325 228 79
66 44 30
148 316 25
158 340 11
2 169 78
57 56 90
246 139 57
83 144 40
41 82 13
143 294 2
360 63 57
362 258 64
389 201 2
164 155 91
282 204 14
353 240 13
20 109 45
9 199 16
151 206 82
352 206 1
325 265 53
147 390 90
330 23 1
2 100 44
219 192 48
171 303 61
45 360 84
302 28 53
337 210 56
393 36 95
12 62 80
124 378 20
395 376 81
34 304 3
61 42 41
288 328 37
164 105 4
84 71 18
392 211 82
17 331 78
196 66 4
138 247 30
159 287 91
184 389 100
224 185 82
319 106 5
236 280 8
364 303 65
123 211 96
184 115 48
45 375 41
324 259 33
104 24 75
273 397 73
376 308 98
93 21 64
241 255 86
309 194 60
4 199 77
183 1 86
17 148 78
314 84 83
286 235 89
354 165 73
130 144 99
253 286 9
42 149 51
100 358 88
285 262 28
48 337 52
20 315 99
83 308 93
91 309 89
239 279 92
74 193 42
242 285 58
318 231 85
41 2 61
53 167 50
173 77 12
308 5 68
42 385 44
116 151 69
56 11 73
388 339 40
320 29 89
4 205 16
226 323 85
190 55 82
10 41 71
372 351 9
265 105 27
109 368 66
347 100 25
72 107 77
130 62 83
169 284 31
312 122 30
330 352 24
30 90 9
132 109 65
258 375 93
70 169 61
388 315 22
364 97 74
203 219 55
397 311 54
122 32 92
354 299 45
392 59 3
374 395 91
16 68 45
37 274 23
0 359 90
381 154 28
32 67 56
221 90 86
262 119 46
70 28 88
211 71 64
289 102 18
11 358 42
98 263 26
27 302 92
246 136 83
138 157 34
290 359 56
378 207 90
364 104 63
296 218 30
5 211 24
322 174 68
176 151 96
216 13 27
361 11 64
15 163 96
167 77 20
121 182 58
333 6 71
309 89 53
186 346 96
35 20 56
153 192 91
138 38 37
239 376 68
367 301 91
134 165 71
299 128 94
7 97 68
211 32 80
93 300 25
106 90 83
55 318 20
89 296 88
307 47 97
307 41 86
60 331 89
97 225 9
218 11 78
9 221 52
113 343 96
81 33 53
157 239 6
220 88 13
148 141 98
136 306 59
210 156 30
346 219 65
264 152 79
82 158 84
214 43 9
332 149 83
370 241 7
298 113 93
376 383 69
152 151 45
11 261 5
104 263 61
352 2 86
80 114 100
77 343 43
165 334 14
39 157 73
90 307 45
144 236 9
216 121 4
233 366 89
341 43 87
290 106 57
286 271 12
236 325 96
225 125 53
99 148 93
116 390 68
86 257 11
80 156 27
292 41 60
206 208 8
127 23 50
17 66 29
179 103 11
180 64 43
201 155 37
163 24 15
166 354 57
339 363 59
313 161 89
292 42 69
274 8 19
65 102 36
114 389 73
319 211 30
133 96 37
386 299 35
397 195 7
39 137 96
263 288 50
242 25 10
353 42 60
25 127 62
189 107 60
302 318 34
173 140 77
16 171 74
394 104 85
261 87 68
218 137 60
379 367 51
363 122 17
352 371 14
178 280 44
46 73 74
33 241 25
228 352 57
162 174 92
14 3 88
132 170 13
131 298 60
91 178 21
250 360 38
13 235 37
125 367 65
333 209 42
361 83 26
129 250 57
215 162 18
229 179 41
72 189 37
10 219 7
286 169 46
112 16 41
298 63 98
51 62 63
225 236 10
31 390 81
86 64 95
161 317 34
381 386 24
362 326 6
355 156 56
155 275 77
66 116 19
378 259 62
208 294 32
275 23 54
32 45 70
30 4 51
215 71 93
142 339 84
40 34 32
127 320 46
386 164 53
57 5 10
14 226 84
272 386 48
205 242 2
90 240 88
27 344 7
148 291 19
193 183 32
251 111 28
349 141 90
381 83 88
111 386 83
24 199 31
333 240 82
390 252 70
305 273 21
211 258 64
34 269 81
397 125 50
389 305 47
380 102 23
266 292 33
66 90 95
228 150 40
365 192 96
282 78 29
225 61 77
215 13 12
160 270 42
236 266 24
208 107 74
74 144 90
162 127 41
8 31 40
183 361 87
286 170 7
122 50 76
56 101 45
23 350 6
90 104 41
395 46 23
53 138 66
43 285 30
345 240 26
4 349 49
314 348 1
110 271 92
241 12 100
34 82 70
189 379 46
165 112 87
243 130 68
98 35 34
325 152 81
236 381 16
346 302 22
35 272 18
200 114 3
67 66 74
120 257 49
104 262 49
26 120 34
4 161 89
203 235 85
195 344 49
213 305 79
218 161 65
57 220 30
217 232 93
72 145 61
265 96 72
20 96 93
115 71 65
183 153 81
26 150 99
291 91 78
248 66 80
269 203 44
231 381 54
395 254 71
166 225 36
127 394 27
178 214 17
337 292 36
347 204 2
302 7 88
76 298 89
367 317 26
207 195 5
365 201 74
45 135 11
186 62 21
61 26 92
203 298 18
210 167 65
246 371 6
4 307 10
88 1 4
397 129 3
244 252 86
268 113 79
58 220 50
100 380 32
244 330 72
301 172 11
123 245 16
186 232 22
28 255 19
119 80 21
15 179 10
364 185 91
387 147 46
84 324 91
1 166 75
124 183 96
117 197 1
349 234 1
314 260 88
191 301 48
324 132 67
182 316 84
210 91 84
287 315 69
114 345 88
24 158 1
18 75 39
351 147 18
150 133 35
328 131 77
77 242 19
155 317 42
109 369 79
208 238 52
190 146 62
261 94 95
337 25 53
257 125 63
280 394 34
172 253 82
127 172 95
190 260 44
296 320 52
310 260 3
204 211 83
315 60 56
310 203 14
329 177 7
127 7 10
259 290 46
349 58 27
117 386 27
350 341 20
290 59 62
351 119 93
109 261 16
306 33 84
185 80 73
307 226 80
122 92 93
330 294 51
288 4 51
310 172 79
89 373 19
370 269 76
309 166 94
55 198 84
268 222 72
214 312 61
97 167 78
43 356 59
26 168 91
240 344 15
20 95 93
150 309 10
140 277 90
268 206 1
348 170 51
117 173 51
303 79 36
54 296 7
74 79 98
364 210 67
320 150 46
51 96 22
274 175 78
99 322 32
58 138 16
288 263 41
363 220 80
103 23 22
167 350 38
33 193 95
318 198 58
232 83 79
351 284 27
320 203 75
222 351 17
100 228 10
333 42 44
217 129 27
107 17 48
334 98 87
175 146 50
99 342 68
326 280 87
395 238 36
384 365 43
237 51 38
345 29 70
98 233 72
380 139 79
363 17 60
230 381 46
350 39 97
136 207 43
169 213 67
323 276 92
130 121 81
22 303 28
247 328 19
159 202 14
181 274 2
332 396 64
283 312 37
109 356 70
379 325 2
282 232 56
214 1 98
36 171 36
390 72 2
120 107 1
398 169 98
267 57 47
209 392 10
12 49 69
346 273 61
166 45 39
345 63 57
60 163 13
264 159 92
367 363 91
314 265 36
199 161 58
367 211 80
322 391 85
88 208 93
217 376 44
303 307 37
91 25 93
164 45 25
95 287 75
373 48 62
258 311 23
65 361 23
203 200 18
381 153 45
375 168 37
328 34 30
375 98 71
162 16 92
102 189 58
372 2 38
214 35 81
305 395 25
213 299 68
284 148 64
267 391 38
222 263 71
284 243 53
246 148 46
192 3 6
372 22 74
43 62 58
81 336 14
366 357 100
76 307 57
366 35 48
207 370 73
84 216 12
306 188 52
103 36 66
397 243 28
263 328 59
364 273 72
203 121 29
380 176 84
9 388 20
219 167 58
387 3 40
342 392 46
91 283 61
298 51 45
391 296 69
370 26 74
28 245 31
282 386 75
334 200 75
221 339 64
217 169 99
206 352 22
24 127 83
266 67 1
95 43 99
146 16 33
127 185 17
214 65 29
70 395 100
398 347 49
207 386 100
148 363 100
189 143 73
82 42 36
393 397 100
346 9 40
303 195 16
307 113 92
81 77 92
51 138 17
378 121 37
239 147 74
334 367 21
195 31 89
398 24 49
160 31 44
273 275 50
227 49 66
244 176 30
161 376 52
279 29 48
23 299 29
248 215 74
8 142 79
386 259 94
131 47 31
325 369 33
225 268 37
343 227 12
185 88 93
54 398 25
220 91 49
38 91 8
222 126 68
332 224 16
121 34 60
372 134 80
370 60 31
232 248 58
104 225 57
274 240 3
69 396 40
369 318 80
165 318 77
210 46 31
304 159 79
250 342 2
122 252 2
114 156 79
321 382 62
181 349 37
153 94 4
293 5 58
100 172 65
5 137 54
119 241 36
28 363 53
72 170 20
43 288 30
293 23 48
1 204 96
121 108 14
31 206 86
24 218 92
103 71 10
241 218 44
132 155 85
28 256 3
60 94 92
247 356 42
16 214 98
129 43 88
167 293 43
34 232 28
142 80 51
230 383 16
32 234 31
344 51 49
236 356 72
342 284 7
182 329 61
43 269 17
40 198 38
128 313 6
105 46 20
75 362 19
227 32 20
119 47 55
49 229 81
115 321 9
381 243 30
279 214 93
40 14 53
228 97 2
328 20 30
229 25 69
216 99 65
248 315 37
103 267 65
143 63 56
77 92 21
376 61 73
132 251 72
291 314 24
154 263 100
69 221 86
212 383 85
149 29 59
354 341 78
351 1 83
163 67 14
266 241 43
321 96 55
325 388 79
212 132 68
188 362 77
288 341 73
272 23 93
353 244 9
220 56 31
211 266 14
320 187 96
361 199 75
320 166 68
269 151 74
242 356 74
143 13 32
26 158 18
253 187 83
204 282 57
255 127 70
183 8 92
136 193 74
181 309 56
92 321 66
13 80 6
280 317 18
147 12 65
13 305 54
86 17 72
268 25 8
296 171 64
329 290 63
166 180 19
120 66 92
45 2 5
224 365 68
136 16 64
331 184 57
301 19 72
65 69 15
45 224 13
146 55 58
101 313 60
199 153 53
178 332 68
223 111 45
33 331 45
385 394 76
149 365 30
371 209 12
235 5 30
145 374 69
262 14 14
28 134 54
263 23 84
304 80 32
322 158 12
94 357 41
214 85 72
333 345 93
47 50 13
240 15 99
99 9 1
201 157 40
301 233 100
201 140 77
339 224 34
222 123 4
141 350 21
236 357 2
352 105 4
68 32 54
316 147 42
222 67 51
292 344 33
242 236 78
211 323 48
34 245 46
229 171 93
58 389 17
323 135 83
276 361 77
379 125 24
270 298 71
60 57 74
306 92 67
8 302 90
274 214 42
86 49 16
127 61 70
106 393 9
61 109 49
234 343 4
70 90 55
375 136 43
368 209 3
40 347 94
217 68 100
307 82 89
180 178 68
58 84 28
398 52 85
179 13 60
325 224 38
348 37 11
22 92 100
41 105 31
120 321 36
93 169 92
348 288 16
255 29 90
15 146 93
55 39 38
22 337 22
88 389 16
6 75 90
314 192 98
26 82 41
234 364 33
370 246 96
287 73 91
174 304 82
344 248 17
288 185 53
309 289 9
301 326 84
185 281 96
358 203 7
353 254 54
91 286 50
266 345 85
215 271 83
381 165 70
23 371 67
238 365 68
240 102 29
107 289 41
31 371 13
130 358 24
11 291 71
161 285 47
207 161 29
9 157 90
209 45 1
337 36 75
216 333 100
357 150 5
319 175 39
23 49 32
336 56 66
231 53 62
174 227 23
89 266 25
222 172 91
281 166 81
241 249 6
183 324 35
269 312 13
196 4 59
374 134 20
118 168 95
34 132 81
359 51 46
312 191 12
149 85 78
367 101 8
361 273 76
203 372 47
4 18 20
320 83 31
21 192 93
74 76 95
196 21 98
184 236 34
169 258 13
44 96 51
108 351 14
131 156 89
250 281 55
379 13 49
375 225 71
42 71 36
260 234 16
296 384 42
388 15 89
256 146 37
281 27 17
374 182 53
153 160 42
30 149 81
190 216 86
157 337 73
45 313 45
328 2 87
299 187 1
236 60 13
399 68 15
259 227 87
330 303 36
150 101 66
116 163 33
109 102 90
367 253 91
300 340 62
299 107 71
5 340 76
21 74 77
342 347 17
339 56 30
213 144 60
76 46 100
105 157 61
390 293 48
38 176 68
105 103 18
265 326 12
141 216 4
200 343 68
293 242 73
325 260 7
146 316 27
148 215 30
13 206 29
298 316 49
158 183 94
143 296 5
327 333 90
137 78 44
122 121 50
143 84 75
384 213 67
225 94 88
63 398 78
36 191 45
0 377 50
179 393 27
290 257 54
81 279 83
25 298 21
66 176 30
20 127 60
213 337 10
209 391 99
29 20 5
117 194 45
147 340 96
352 34 80
236 310 34
194 263 39
228 198 84
370 286 60
154 333 81
73 262 63
391 181 28
278 218 67
140 35 70
334 128 51
395 343 29
389 108 50
116 196 42
67 252 9
282 94 24
333 128 15
24 369 95
201 398 4
218 387 85
24 43 30
220 252 2
256 151 43
184 133 72
382 87 32
375 387 17
351 141 67
156 184 81
267 4 66
373 247 63
342 232 93
160 155 14
277 356 70
301 20 70
354 298 20
12 59 50
321 63 37
379 28 45
48 379 89
313 220 66
264 236 81
42 313 25
166 229 8
296 122 9
169 367 40
361 259 69
163 113 32
24 361 91
58 9 78
362 46 54
140 381 29
78 293 64
275 103 30
216 342 23
111 6 60
259 324 77
29 93 57
26 145 64
291 399 80
274 297 1
306 343 94
117 151 13
289 62 16
94 71 28
52 168 27
275 74 14
234 45 38
177 352 75
341 227 93
217 253 84
116 225 1
17 128 57
194 226 49
263 261 8
299 338 35
279 182 61
229 247 60
352 277 16
141 13 71
28 357 28
328 161 5
89 271 8
174 243 59
296 181 53
85 101 28
364 332 22
20 279 53
68 243 17
268 204 91
371 232 83
87 132 65
80 243 62
112 330 63
19 58 4
23 280 9
139 387 71
35 89 93
4 390 67
168 178 51
222 111 35
391 32 69
251 273 78
368 199 89
361 278 90
201 153 50
262 5 77
210 40 10
337 107 74
160 368 93
350 291 63
311 354 66
292 26 10
86 300 60
56 42 8
93 237 81
25 372 3
206 43 56
273 31 21
155 206 15
307 383 40
265 98 100
301 16 50
31 108 64
211 336 21
157 75 30
23 225 21
57 111 85
68 193 94
279 358 19
118 14 99
234 171 89
33 314 59
214 245 7
125 29 62
66 258 85
259 187 52
376 132 16
180 305 79
310 188 77
107 356 79
149 362 2
382 357 92
81 370 100
245 84 90
192 389 78
66 195 30
134 204 96
384 227 58
17 25 45
381 13 44
273 120 49
239 45 69
134 161 51
207 302 71
258 6 63
353 291 61
87 48 56
223 277 72
106 304 24
228 74 36
24 56 92
226 363 34
61 323 82
332 216 92
278 73 61
220 103 85
145 233 94
212 17 5
122 315 10
397 321 55
41 185 82
121 214 4
357 117 19
271 327 72
89 324 89
301 292 41
335 81 37
13 341 18
227 55 5
335 180 28
105 332 72
381 180 83
124 337 89
137 191 29
301 168 47
270 121 31
368 11 14
218 232 4
78 312 12
48 38 92
306 217 27
148 197 66
306 325 70
128 360 64
325 126 86
255 321 38
150 217 81
314 209 73
137 94 21
281 277 82
105 16 60
178 102 25
281 353 68
13 371 34
319 309 35
16 185 23
226 249 40
186 393 9
13 160 65
223 360 53
367 304 99
84 130 63
195 75 19
199 325 72
229 280 69
181 24 27
23 8 8
155 285 60
207 337 20
71 263 16
241 92 62
164 144 98
40 249 88
169 369 22
186 311 43
232 380 8
134 340 99
32 248 64
140 198 20
380 377 10
323 127 33
190 170 12
250 270 7
353 311 22
92 105 93
92 85 28
269 305 48
13 82 32
72 50 33
61 11 82
243 388 36
151 29 72
22 235 36
237 356 58
234 379 28
325 48 41
134 44 99
363 267 94
53 379 18
375 361 49
69 93 88
54 282 3
327 284 55
397 269 32
99 74 56
342 134 53
93 394 73
255 346 57
349 371 45
320 363 41
141 300 76
346 110 14
162 358 80
7 51 73
4 20 25
241 338 31
270 315 62
14 298 57
392 175 47
37 108 45
131 42 83
98 13 99
276 165 5
332 190 51
168 92 94
34 127 75
99 61 29
262 51 19
46 145 60
205 77 84
68 353 14
369 96 11
280 54 15
76 398 97
227 211 70
188 351 36
0 109 81
273 221 24
122 308 4
221 373 45
18 261 50
275 393 37
241 144 59
161 130 21
34 252 66
174 252 31
177 289 71
34 265 67
341 390 92
325 82 74
296 176 55
6 118 99
96 199 41
274 193 56
126 275 38
106 297 55
102 141 95
227 167 52
157 47 83
22 179 51
371 116 54
321 136 45
250 382 3
377 274 17
34 157 74
186 173 62
278 309 31
242 11 93
230 354 63
197 11 56
213 203 64
116 244 10
303 345 7
203 91 8
256 164 34
124 150 82
346 207 22
94 320 82
144 77 67
126 57 4
337 66 71
204 352 11
249 359 65
39 198 47
359 130 79
255 226 98
104 169 24
177 332 88
245 131 89
186 147 5
320 39 15
360 31 94
329 354 91
34 161 55
341 121 66
208 272 99
224 124 98
19 55 82
107 360 28
82 345 4
191 7 99
74 85 93
64 85 15
337 49 2
379 189 13
183 186 94
311 137 85
84 384 33
124 326 64
273 237 44
236 342 36
236 351 13
173 273 24
206 89 76
252 193 2
216 46 30
42 287 1
97 115 52
181 16 13
134 215 85
246 282 51
395 207 30
64 372 60
170 390 8
291 113 45
133 55 32
296 13 35
236 151 78
70 2 86
249 146 8
269 6 89
126 64 70
322 58 61
75 276 18
96 146 94
388 207 12
45 276 17
92 291 24
203 210 38
104 38 4
239 374 43
202 370 55
145 262 6
203 320 72
176 48 48
329 264 97
243 327 29
178 71 8
355 384 100
163 143 70
85 63 40
366 41 70
342 60 57
270 53 40
65 345 20
295 240 30
364 43 55
246 343 2
117 208 4
268 24 39
38 89 12
153 262 90
0 14 16
97 13 83
318 128 59
168 174 10
162 94 55
87 198 47
76 64 98
249 49 5
285 72 75
122 253 21
320 158 1
193 16 71
37 157 20
219 147 91
88 355 17
204 236 21
136 70 37
63 80 90
299 389 4
149 382 60
182 366 20
376 386 6
190 212 69
54 382 15
385 130 84
393 280 80
83 218 19
28 360 61
84 206 58
160 231 93
260 356 36
359 186 54
44 295 15
399 5 77
91 268 17
333 33 91
290 217 96
41 386 74
210 340 17
298 386 48
382 161 50
59 375 9
327 204 14
27 52 88
7 343 46
15 379 58
178 72 68
54 281 52
12 76 28
21 204 48
358 46 29
33 106 64
141 25 51
232 358 8
200 196 79
56 91 97
165 129 100
301 30 60
192 317 33
345 99 87
36 112 38
194 6 94
305 174 48
377 316 30
243 120 80
337 273 45
169 209 38
217 124 63
185 33 53
344 364 43
120 118 6
230 125 55
152 122 20
276 154 22
287 188 10
349 278 3
391 346 45
288 156 61
57 266 34
93 27 91
102 114 50
5 269 69
124 366 63
76 173 96
168 376 4
261 376 26
234 214 33
231 281 26
55 76 57
389 105 13
168 388 26
288 367 57
328 348 10
40 32 81
41 104 17
323 275 85
337 32 75
224 306 56
375 124 40
98 133 32
211 245 7
103 288 98
188 283 1
21 49 21
76 256 8
60 219 9
65 344 23
193 180 39
192 77 29
192 392 92
76 27 43
304 116 24
333 284 18
296 285 81
295 129 9
273 363 95
348 385 64
136 366 69
220 166 32
302 82 84
59 30 33
87 295 77
153 193 21
314 198 3
165 205 4
169 109 57
385 292 24
173 341 50
38 194 57
321 138 23
48 124 20
316 12 54
319 245 52
143 170 28
289 142 25
370 255 59
329 311 31
399 72 33
358 131 52
168 190 55
61 324 77
45 229 78
333 34 62
76 18 21
157 315 97
149 193 9
113 106 18
223 256 61
22 373 66
92 274 4
263 294 89
113 139 52
338 86 44
112 61 66
15 177 74
25 209 54
70 346 2
136 170 32
171 20 98
57 55 10
37 185 82
303 331 100
88 375 37
65 364 68
336 29 83
117 130 38
51 328 43
352 37 31
13 340 32
131 85 14
383 248 30
309 80 28
282 378 68
28 390 64
360 318 94
220 231 1
59 371 94
386 165 25
221 171 10
308 321 49
390 125 49
61 113 47
309 370 86
211 254 8
270 15 1
375 285 84
6 48 5
85 318 92
299 159 18
349 155 64
53 124 78
117 398 67
311 272 54
132 137 92
56 38 19
364 385 69
242 30 87
342 97 24
157 205 74
166 110 95
233 305 66
187 16 30
385 129 56
366 253 30
343 165 7
343 181 94
27 399 47
163 288 42
309 223 28
64 106 70
46 329 65
2 294 98
309 234 67
266 47 30
228 90 59
397 260 3
175 378 96
9 30 66
220 87 41
352 69 46
107 155 64
82 346 100
90 181 72
129 382 48
141 302 33
109 68 23
196 151 55
298 89 96
80 362 61
306 284 70
236 27 23
143 20 29
359 43 69
154 11 45
318 2 79
148 60 78
394 45 85
116 257 27
272 4 39
191 228 97
137 5 72
317 387 29
101 70 83
109 249 23
367 388 30
268 170 63
152 70 58
28 269 88
159 140 81
153 235 4
148 279 97
113 200 22
32 250 41
391 172 99
336 109 5
254 55 2
293 132 75
94 258 30
211 166 73
156 108 83
245 22 78
32 161 80
113 66 28
138 321 84
148 396 93
107 5 29
245 284 15
64 116 8
377 373 8
139 346 85
339 6 45
377 193 64
190 97 8
29 31 2
151 42 98
388 374 51
260 93 31
314 106 83
382 241 34
162 381 69
82 62 19
41 86 27
16 236 72
177 385 73
218 284 37
376 12 69
131 53 65
89 269 21
149 19 13
189 159 6
322 215 60
277 265 75
370 204 86
282 252 70
87 335 87
15 363 23
348 74 80
298 247 28
249 271 3
389 333 62
300 290 77
109 357 6
252 149 88
373 346 20
30 186 56
110 342 38
355 17 36
43 176 42
192 182 29
129 151 78
268 308 94
133 98 38
88 239 19
383 266 68
262 123 50
274 58 18
226 208 51
53 179 52
32 286 42
197 126 41
107 264 67
196 268 34
389 178 64
31 119 82
164 222 64
141 252 97
68 294 33
357 144 59
56 210 99
334 384 8
19 273 58
60 258 81
359 196 30
80 160 33
18 67 58
245 241 64
247 117 92
111 37 12
118 125 25
75 375 73
100 264 9
7 106 3
326 399 84
63 335 66
66 91 27
10 63 64
368 71 76
98 274 22
5 13 22
308 349 26
192 391 75
348 26 91
331 16 24
274 88 11
159 174 55
185 250 5
370 155 76
236 57 45
54 248 14
0 394 78
128 136 32
338 43 61
25 100 65
148 97 80
272 318 48
83 129 72
104 300 19
173 16 93
84 362 39
294 52 13
36 254 81
264 369 36
215 91 25
339 230 93
345 51 45
363 399 92
309 139 88
361 103 54
257 50 36
27 327 94
294 19 75
266 140 94
67 300 89
315 330 40
306 257 76
128 324 80
199 169 29
160 259 45
272 216 71
219 154 50
185 391 20
29 139 87
322 361 41
4 254 83
150 35 23
93 96 85
183 335 84
160 220 62
228 269 72
253 116 59
205 140 54
104 220 92
135 300 34
263 385 7
129 87 20
381 174 93
399 218 72
76 40 57
243 81 95
310 57 50
255 154 2
360 332 79
249 189 57
200 156 31
54 364 72
88 273 41
245 105 5
106 164 37
238 48 21
251 377 98
62 263 84
180 243 57
123 37 80
168 386 13
57 120 84
147 324 83
308 253 8
149 102 85
190 195 57
13 141 70
157 95 37
230 4 31
375 349 77
303 2 36
140 124 45
74 86 36
366 188 73
104 141 80
190 128 7
161 168 55
299 123 79
11 108 80
39 192 47
309 37 69
15 224 75
40 335 23
191 366 13
44 389 95
96 232 95
75 152 66
170 332 17
380 389 16
391 352 63
98 357 35
31 260 80
119 68 76
112 42 82
201 96 24
207 344 35
53 346 76
296 59 14
304 131 33
94 167 55
342 36 51
277 334 41
244 238 47
34 148 44
4 313 99
283 350 54
7 76 29
235 121 68
133 223 30
150 275 40
238 376 44
72 247 25
70 226 31
365 17 78
394 276 2
66 381 37
329 45 100
162 198 53
71 289 1
148 159 73
358 290 16
331 35 53
107 250 30
17 104 70
390 260 84
56 378 20
147 192 58
138 26 14
6 286 63
299 236 90
251 124 6
181 388 14
280 4 53
111 76 57
263 248 64
208 13 46
244 308 85
363 229 67
371 284 4
155 193 60
129 218 25
389 130 74
282 214 9
63 358 84
273 210 65
195 142 28
98 117 67
52 194 72
360 21 7
112 255 22
92 314 83
346 180 41
104 331 75
119 133 26
87 347 72
269 330 25
378 10 30
39 375 29
329 173 57
133 12 51
48 312 34
346 242 6
381 194 8
331 111 50
42 186 23
30 121 92
178 376 89
69 104 33
204 191 31
162 229 97
200 48 8
315 367 50
122 194 15
359 397 87
346 260 44
240 129 23
336 227 88
182 141 6
267 131 83
20 303 4
319 269 25
310 48 54
295 189 66
0 136 52
49 149 21
107 274 42
282 243 32
4 159 66
384 335 80
53 132 4
257 47 84
68 120 90
282 339 77
106 328 71
380 191 93
254 298 43
394 340 55
80 235 91
393 396 85
189 61 16
9 81 59
97 70 70
218 18 92
287 57 60
301 222 69
37 159 87
38 253 52
384 2 56
151 323 8
85 22 33
92 264 89
85 2 54
49 155 6
100 263 60
284 39 72
68 103 46
109 340 42
390 360 83
233 345 47
180 390 74
61 101 99
260 228 61
391 93 11
7 34 17
65 15 22
24 206 25
168 289 64
90 271 64
96 225 73
203 386 65
158 5 72
146 107 78
381 36 75
312 378 72
340 210 26
85 312 91
318 75 97
55 398 41
254 297 74
346 333 58
204 76 23
217 329 24
353 381 15
10 74 94
114 200 44
123 64 32
124 53 61
253 377 60
379 341 62
89 51 17
154 321 74
322 96 73
3 359 20
159 125 36
386 58 76
71 7 10
185 213 70
151 247 16
149 270 72
250 196 1
383 10 79
335 351 81
181 65 23
350 160 87
235 96 12
389 151 72
138 278 41
137 255 45
185 46 50
115 134 71
297 15 72
184 208 73
343 294 12
366 150 57
271 82 93
325 24 23
198 112 37
73 82 72
159 200 48
149 117 8
382 82 35
231 307 83
173 320 37
129 356 58
196 230 65
84 269 81
45 192 12
251 312 83
392 340 60
286 392 56
272 21 31
80 10 6
375 4 59
120 297 18
379 34 62
142 271 23
329 150 79
179 8 77
311 139 20
117 131 68
379 47 60
290 31 65
202 261 45
107 95 96
257 356 25
68 233 43
289 202 46
9 61 82
320 369 90
336 171 45
122 71 84
346 60 13
14 39 9
117 289 87
130 224 99
96 34 30
184 59 31
167 99 89
245 366 100
365 124 65
148 190 87
33 143 76
364 35 70
72 7 85
150 341 39
287 235 23
238 261 56
343 276 40
215 16 34
397 388 77
53 66 75
256 82 95
306 375 86
43 48 86
210 356 73
72 152 71
390 275 73
95 172 11
190 98 97
365 170 23
164 172 70
176 17 93
177 46 94
191 358 81
106 180 21
155 360 4
102 336 47
183 124 2
218 347 74
31 36 81
353 323 87
334 276 41
43 4 1
140 203 63
299 111 27
358 383 57
330 398 63
101 140 20
315 142 38
30 217 39
220 26 54
388 177 11
377 357 66
282 79 4
377 115 7
120 8 45
6 352 46
142 93 21
63 185 35
97 89 6
326 295 59
278 249 16
113 16 65
171 277 7
341 320 60
352 125 84
145 131 88
109 93 31
241 294 4
76 365 67
301 25 85
136 247 56
268 132 68
116 398 1
125 253 83
90 47 78
53 175 1
318 174 2
394 59 28
150 71 48
295 315 5
106 241 8
125 266 44
118 390 17
275 114 47
88 341 4
9 156 65
245 259 92
69 152 71
5 55 12
160 213 56
199 222 99
196 57 74
396 144 86
248 89 19
363 344 39
69 15 97
103 107 39
86 187 75
195 283 29
223 102 68
377 126 75
161 55 33
143 315 3
83 19 1
287 311 33
159 147 39
360 78 26
303 30 8
131 387 1
288 88 15
35 347 18
318 286 96
210 369 74
273 64 42
383 110 83
189 288 68
20 94 100
268 84 100
251 290 55
23 88 61
225 181 33
218 110 27
333 155 92
381 151 6
234 382 59
197 359 88
338 262 43
152 356 93
191 388 36
293 116 18
321 109 90
84 23 27
330 160 73
211 367 55
121 75 98
350 17 16
93 187 37
257 261 43
374 108 48
89 222 43
200 345 34
175 80 37
15 339 79
88 48 8
68 95 17
6 392 45
101 266 19
386 250 8
217 93 100
67 275 55
45 232 51
129 291 32
313 211 72
130 46 78
333 200 77
383 221 53
82 322 51
254 17 35
44 158 22
65 194 76
368 104 29
366 47 28
19 322 44
100 122 99
171 239 2
101 37 28
86 307 40
28 320 66
341 211 100
25 379 32
261 78 48
247 54 70
357 234 88
154 385 79
327 238 1
219 286 74
321 288 11
136 182 94
88 10 18
377 343 46
333 210 67
86 288 20
43 302 40
127 335 63
253 58 56
384 150 37
66 369 85
5 386 38
78 324 73
335 149 23
13 182 77
180 334 25
182 319 68
228 236 88
280 175 22
211 358 75
232 49 14
286 349 47
262 323 86
199 247 80
259 336 57
49 211 100
6 136 52
91 104 39
334 47 26
128 73 33
224 153 78
221 122 24
229 369 43
274 226 47
271 219 73
278 219 96
324 0 69
288 101 16
28 355 64
214 244 47
177 18 48
366 288 72
165 96 22
97 24 90
289 20 70
245 381 51
266 356 57
124 258 27
320 252 43
167 301 51
351 187 53
30 170 8
168 250 18
352 275 68
83 213 77
105 58 11
132 36 74
275 159 43
89 382 86
142 101 20
101 51 89
7 139 16
216 349 78
5 367 94
152 392 40
41 62 21
336 155 14
373 104 12
210 217 6
343 231 12
113 361 81
14 213 89
192 382 24
145 380 87
301 138 31
95 315 20
289 253 22
266 62 83
316 341 32
305 289 34
315 268 54
330 389 57
388 7 30
207 298 13
76 247 74
14 133 43
149 286 61
66 65 58
387 201 5
296 379 84
119 173 67
191 9 87
85 310 14
202 301 60
195 230 1
97 233 68
316 257 88
179 172 66
241 332 54
244 315 41
135 321 60
3 182 32
137 328 37
192 173 88
163 304 71
263 225 12
68 180 48
276 174 82
160 2 98
37 342 42
17 26 86
27 362 97
373 365 78
314 42 1
364 336 55
314 58 4
62 322 64
155 102 95
122 97 60
233 316 28
160 361 4
138 273 49
0 159 58
16 309 97
205 253 70
206 235 88
308 399 41
296 127 26
4 293 96
256 240 16
38 314 94
248 47 90
207 307 84
380 337 96
136 100 100
390 157 57
360 115 90
346 285 69
0 188 69
376 155 63
105 293 32
280 285 29
196 389 21
27 204 44
148 390 50
159 39 86
29 307 38
143 14 5
37 358 36
168 146 94
328 190 78
271 162 51
108 291 83
12 267 69
86 258 94
97 387 41
145 373 3
27 136 23
353 329 85
274 151 54
61 236 65
61 265 65
329 10 4
133 397 7
239 254 61
229 153 80
45 195 76
269 196 96
350 189 1
201 191 54
291 155 17
344 338 82
305 16 14
322 229 30
302 19 3
157 217 10
247 299 89
21 157 45
174 80 98
351 114 82
272 62 59
383 263 49
79 331 4
85 120 10
303 122 41
297 278 40
122 75 99
359 36 53
230 382 61
378 291 61
210 12 7
125 53 34
131 392 50
44 18 22
338 35 28
316 115 73
172 255 27
76 232 55
176 380 12
270 350 87
348 146 87
303 209 73
338 55 79
0 397 31
367 270 43
57 113 1
259 11 71
86 55 55
115 30 94
143 254 20
278 351 5
107 165 66
315 55 79
220 177 61
121 192 66
330 383 16
2 120 52
344 129 90
92 322 72
172 127 54
65 24 93
347 168 78
191 30 59
297 285 13
377 145 9
121 269 22
301 379 67
300 208 40
327 291 7
196 254 47
376 326 46
338 50 80
210 221 86
138 314 24
204 331 63
46 111 85
373 121 4
371 158 40
98 42 18
364 201 44
157 140 34
41 290 11
144 15 94
318 229 26
140 275 40
325 273 20
209 178 13
115 205 86
245 25 28
206 297 36
191 322 10
163 297 3
10 83 52
34 358 91
37 114 35
222 332 57
101 399 11
330 177 24
345 244 33
231 45 93
162 32 49
16 354 58
125 139 87
33 333 24
102 133 37
63 224 39
174 263 1
97 87 1
149 84 93
168 315 46
59 362 31
371 220 4
318 394 17
177 302 73
165 11 67
333 78 91
260 25 18
187 304 36
28 237 67
226 73 31
273 179 49
374 186 75
185 89 42
36 206 7
64 340 29
334 40 32
334 4 100
134 19 13
331 32 77
273 330 86
3 230 93
23 217 54
361 308 27
183 331 75
205 152 50
316 265 72
104 364 75
362 341 86
179 171 31
59 36 3
251 78 44
168 201 25
214 108 62
83 318 77
125 255 12
222 278 89
125 9 80
85 290 47
17 42 11
152 280 95
63 43 25
314 66 75
196 143 68
395 346 70
289 33 66
48 361 1
91 277 63
383 15 5
147 99 62
78 337 97
191 155 14
282 192 95
66 109 37
362 151 20
255 80 36
91 84 47
111 296 8
51 178 80
34 395 38
11 174 20
210 239 32
319 34 22
272 26 2
392 237 47
139 150 51
230 362 56
254 138 90
377 46 66
155 67 96
3 233 79
378 332 28
73 288 33
110 314 52
52 35 67
118 283 36
357 94 4
117 161 3
128 15 11
205 297 92
84 183 48
78 264 20
232 100 24
152 376 78
273 286 65
19 349 43
354 393 33
279 192 31
342 112 55
373 311 23
26 92 67
205 0 58
384 129 48
171 23 36
355 293 12
142 13 44
30 216 23
51 154 61
293 99 8
213 13 28
89 67 11
115 258 65
287 305 11
202 3 35
373 82 44
359 0 60
282 297 33
38 9 52
397 24 30
190 32 55
198 36 79
250 43 16
175 294 15
86 59 5
396 31 71
341 314 27
264 127 92
175 109 86
309 197 11
49 359 36
181 177 19
8 320 25
281 109 88
134 79 62
346 176 29
79 346 56
248 185 39
112 86 82
131 82 11
104 330 42
54 3 89
357 275 55
346 28 59
7 359 68
82 47 55
81 371 2
191 93 30
15 397 10
210 384 42
257 63 30
227 118 68
31 310 33
212 265 15
82 35 36
251 144 87
262 270 60
107 345 34
255 231 72
76 175 74
175 311 88
89 145 29
349 121 92
67 3 53
290 102 66
368 3 96
2 171 37
301 396 68
163 277 90
74 287 80
182 255 55
213 397 8
122 68 87
306 366 38
119 223 5
348 314 16
349 270 23
66 302 54
210 122 32
140 100 88
287 72 58
307 345 19
328 172 18
150 377 8
150 141 55
91 169 16
225 242 68
14 145 85
247 296 86
108 347 13
360 379 44
271 201 47
194 44 96
91 93 1
161 65 62
306 347 31
356 340 71
7 383 75
132 68 49
150 256 33
100 115 30
159 14 37
113 355 20
262 223 78
205 269 86
110 24 82
229 142 78
249 26 52
66 189 9
81 364 11
227 162 35
48 277 35
124 265 67
260 393 44
251 185 54
4 194 56
114 123 99
211 134 40
294 59 23
89 364 4
194 151 52
358 90 50
6 218 100
354 314 43
6 261 80
299 215 87
142 39 2
117 282 85
3 256 33
142 389 2
130 356 44
116 202 36
175 226 40
179 287 54
132 52 32
7 369 92
280 161 16
345 6 58
367 56 56
370 149 12
237 300 55
172 390 68
140 354 60
373 68 24
349 354 21
194 142 44
339 274 15
215 381 81
181 101 70
108 221 70
398 131 26
329 304 81
263 80 95
369 40 44
306 104 82
139 286 48
132 231 23
225 305 52
357 121 62
20 62 85
174 283 18
30 248 15
237 9 86
320 268 40
213 2 5
162 74 29
248 271 16
279 121 86
158 349 51
236 14 25
239 140 41
329 244 71
124 56 50
0 364 27
284 266 93
278 258 28
341 236 70
346 10 91
33 37 45
243 33 31
35 113 2
82 296 37
183 346 5
32 238 2
68 372 40
325 5 4
388 78 15
273 202 33
27 197 88
16 165 4
108 42 30
219 74 55
85 178 97
314 87 39
92 99 100
276 122 95
96 281 48
242 3 95
105 264 95
195 278 37
391 141 81
324 297 36
185 30 52
197 273 13
313 365 18
274 338 33
342 100 34
162 168 60
149 11 93
190 270 35
27 196 90
45 18 85
399 87 29
305 66 72
104 119 1
363 396 19
85 211 17
265 153 84
158 72 52
178 260 20
258 115 22
278 199 52
80 313 68
335 125 34
306 237 95
288 234 16
191 8 67
110 337 33
239 60 75
306 125 66
130 81 8
62 107 49
196 342 67
150 219 63
287 89 46
362 205 82
240 4 34
10 162 85
137 289 17
99 77 84
57 125 16
16 247 5
351 343 89
298 217 98
79 4 95
87 235 28
86 76 76
384 107 5
194 145 74
243 383 14
98 223 4
384 205 27
151 99 22
18 77 50
355 146 25
40 38 40
200 293 26
367 385 6
74 361 31
180 205 43
170 172 10
277 297 45
188 391 26
272 308 61
127 95 76
171 55 88
92 238 68
337 274 89
218 157 83
49 256 15
328 5 66
385 161 94
91 176 71
319 398 70
201 310 71
109 198 76
296 305 19
77 212 50
61 343 25
293 281 75
88 177 43
236 259 60
137 317 17
49 212 21
76 47 88
334 22 89
226 390 71
340 98 59
271 360 71
110 340 81
182 99 72
28 73 45
387 241 62
56 120 52
169 133 18
179 380 10
362 296 16
72 47 18
233 80 27
315 256 37
31 149 17
142 211 13
233 227 32
397 232 52
383 323 17
326 244 44
137 59 50
68 359 50
224 346 79
18 304 39
218 6 43
103 24 17
3 114 59
306 144 35
112 357 12
51 73 7
15 38 66
144 261 85
362 90 60
216 383 4
39 287 24
240 297 24
280 196 73
2 167 55
152 309 59
249 63 5
81 261 60
391 228 96
50 227 90
131 160 26
63 194 68
353 316 29
116 399 61
364 117 10
69 89 67
56 53 41
230 236 1
358 103 38
227 252 35
190 213 70
77 292 62
277 231 5
176 90 48
116 161 61
94 106 38
239 275 97
127 258 38
285 249 35
239 136 46
30 264 38
224 279 31
191 116 83
97 397 75
7 150 11
289 144 76
253 7 63
40 214 48
59 63 50
93 238 84
281 360 60
107 282 62
37 294 94
299 276 60
348 134 13
268 184 21
5 286 55
204 111 54
312 38 99
84 164 13
366 12 7
303 128 44
65 1 26
391 17 45
152 109 1
368 165 9
185 302 84
98 202 71
240 19 26
272 204 38
98 224 80
56 310 90
388 71 52
113 185 1
387 209 36
388 163 70
53 381 89
52 392 25
63 139 95
297 3 100
16 308 6
329 215 74
326 16 69
44 181 61
311 237 36
105 275 54
383 63 35
35 12 59
140 57 6
218 328 8
398 171 50
125 84 4
296 36 90
255 133 6
354 10 94
276 393 62
177 341 47
77 254 64
257 379 39
51 5 20
192 270 46
299 66 74
378 53 90
17 62 28
153 240 19
141 304 85
95 328 9
332 312 91
310 170 51
362 278 75
25 145 86
122 116 43
67 52 59
292 339 5
139 299 4
392 354 99
224 221 34
293 338 82
181 54 47
115 32 1
57 365 84
145 240 86
372 265 78
53 311 98
347 127 59
251 19 57
348 97 94
383 54 49
113 345 73
49 343 95
123 51 93
234 263 32
66 318 25
318 361 21
79 163 14
238 144 32
326 122 100
244 192 69
53 149 19
287 96 68
65 80 40
102 40 49
48 22 83
292 296 29
296 360 46
253 77 18
84 293 53
322 324 49
172 5 19
117 63 27
315 392 55
270 235 26
215 31 3
25 154 93
363 332 27
172 217 100
123 356 69
95 233 60
239 63 58
239 389 13
247 250 53
50 344 80
382 132 4
37 43 66
345 332 22
193 24 94
345 272 78
250 249 36
252 113 21
128 176 36
152 111 29
62 378 92
44 232 42
293 317 48
241 22 92
187 300 5
204 378 83
82 32 14
109 271 81
56 273 78
31 171 37
284 304 26
136 174 95
190 395 30
9 316 46
265 370 94
158 335 8
305 144 15
159 41 6
152 372 86
198 206 29
352 235 75
3 298 64
353 338 15
284 290 46
262 345 54
29 127 47
361 286 66
95 9 66
27 191 99
275 398 49
46 274 46
377 344 30
220 215 20
112 194 53
80 249 54
229 164 65
157 155 17
195 23 87
164 130 29
45 9 5
175 393 76
118 322 83
373 363 11
150 221 2
258 344 84
367 91 82
128 68 90
188 268 44
238 200 14
235 136 38
129 272 3
290 132 54
41 61 50
25 340 66
319 225 79
356 235 43
267 41 48
306 97 98
360 251 77
166 1 7
196 148 53
205 195 69
315 369 54
48 120 62
152 145 41
373 160 89
113 320 91
192 351 71
307 254 25
71 91 39
204 319 34
155 348 22
281 119 84
273 285 66
205 52 54
370 160 41
19 323 56
88 8 8
365 337 25
293 259 9
129 172 45
372 156 45
113 112 4
358 277 76
346 140 12
378 295 85
151 126 75
163 374 26
200 6 59
249 64 72
106 367 64
314 178 4
75 233 50
135 206 51
131 75 14
386 143 53
342 169 40
253 207 55
121 183 34
211 206 23
64 123 97
340 274 7
18 318 26
159 4 38
44 376 46
314 145 49
31 63 4
373 107 18
143 61 75
73 289 10
185 66 22
257 336 22
259 178 35
219 348 69
0 207 87
248 308 99
58 178 35
187 124 75
215 70 28
42 304 75
261 197 80
128 298 12
245 375 17
244 342 83
394 81 30
67 292 80
298 122 42
229 161 24
44 373 69
76 208 42
241 291 74
208 310 43
79 161 33
23 79 88
142 288 75
87 188 67
399 348 91
315 122 18
72 244 47
157 169 60
125 110 62
386 51 84
389 297 22
223 245 82
160 281 1
115 374 39
24 98 49
66 196 19
59 24 29
101 238 66
194 243 80
276 152 56
129 156 73
1 365 90
10 338 48
376 226 65
113 212 9
184 282 42
6 266 18
279 210 11
368 186 38
296 49 68
39 209 87
114 280 47
390 186 89
260 362 3
102 193 47
231 92 65
118 299 41
341 152 9
370 2 15
398 18 27
294 360 79
59 152 34
285 115 90
361 162 10
288 351 49
69 51 53
204 244 27
374 267 29
179 366 68
205 398 16
282 325 25
144 227 78
77 156 52
180 215 12
363 306 77
242 223 73
291 383 79
102 289 72
310 80 83
215 207 97
143 363 50
198 278 65
373 356 86
203 263 43
303 35 60
1 259 85
2 72 84
199 326 36
194 372 24
324 170 62
63 203 61
93 60 60
273 264 57
244 159 86
261 213 1
55 228 21
94 333 33
6 165 30
282 42 8
267 231 37
154 374 75
228 140 60
157 129 84
83 88 3
106 398 5
17 388 74
184 239 17
284 106 94
154 79 68
176 180 63
219 240 90
236 79 44
42 66 29
120 340 14
120 256 64
137 51 4
257 197 71
148 171 88
395 285 28
17 269 89
144 282 40
210 43 21
94 356 14
16 205 71
294 270 8
368 141 60
196 363 27
186 345 81
180 325 17
170 300 91
193 333 73
92 240 43
399 10 78
30 266 10
332 139 93
208 93 17
146 60 37
95 382 1
125 392 31
250 338 54
256 219 86
296 365 80
336 74 18
66 267 38
145 106 53
327 294 42
225 336 74
175 159 96
193 313 71
167 10 12
117 164 91
206 198 11
105 371 84
250 1 85
104 77 5
163 84 57
349 53 92
104 47 66
243 376 67
84 11 55
364 254 43
261 34 79
210 160 59
207 182 17
355 11 11
66 73 71
150 111 61
300 169 3
340 126 22
302 356 41
150 387 38
19 57 61
214 132 4
261 89 9
76 42 54
287 63 46
77 348 29
58 120 19
90 156 27
117 312 86
25 57 36
234 5 16
380 229 47
14 395 62
391 167 62
368 166 44
332 147 55
125 202 22
167 70 61
166 302 6
161 188 17
79 379 1
388 229 91
27 205 99
348 357 54
176 328 22
395 127 61
45 67 86
326 48 32
312 136 95
42 208 53
180 40 28
118 180 63
249 265 42
50 280 94
26 73 52
130 396 71
225 325 52
32 136 80
89 48 25
135 391 31
77 60 55
270 20 31
242 241 13
213 194 72
225 77 54
170 218 8
393 391 13
275 281 14
154 318 78
150 361 8
33 169 43
31 129 69
354 137 4
259 186 69
214 255 49
315 239 64
258 226 47
353 242 97
84 65 6
262 303 87
378 134 96
18 365 77
303 106 90
265 11 34
307 327 84
326 115 17
20 216 2
4 30 35
167 230 54
384 252 42
162 367 82
362 65 67
6 28 75
261 377 60
338 232 75
300 317 89
203 269 30
319 81 61
359 137 42
226 371 83
123 204 42
190 362 22
23 146 98
284 190 90
231 316 38
3 309 46
284 49 4
296 2 13
269 49 12
205 21 25
21 96 2
383 278 30
261 359 71
69 261 28
341 168 83
83 118 62
5 187 67
265 374 47
7 207 45
71 162 50
4 49 76
335 324 5
198 365 3
245 65 69
372 222 92
163 54 75
205 373 68
137 106 42
88 70 99
47 194 75
354 235 39
286 24 17
109 302 66
247 143 85
205 246 100
68 278 51
261 101 56
221 73 8
247 392 58
248 314 39
130 137 41
232 396 68
138 93 56
220 127 86
258 324 78
153 224 80
124 123 59
73 177 70
200 362 90
288 229 72
374 57 66
12 5 74
337 139 65
372 98 93
230 97 44
393 126 25
317 359 87
95 44 45
205 161 32
149 154 32
368 6 79
85 12 100
179 3 25
12 127 52
193 14 38
214 14 33
117 351 69
143 332 82
320 281 26
387 325 45
210 258 33
153 327 49
41 292 96
162 52 95
209 363 5
87 125 21
88 272 42
331 95 55
70 290 30
68 192 55
383 4 50
272 381 98
166 70 7
54 84 48
234 139 97
168 332 13
130 79 20
5 127 50
248 221 60
169 275 70
95 103 9
281 55 60
136 347 4
279 352 28
290 115 48
149 233 3
64 374 51
9 310 82
23 30 45
384 192 86
399 242 3
20 385 7
362 73 32
263 363 98
314 335 1
244 9 13
39 121 11
313 234 74
218 133 67
138 25 8
104 261 89
125 49 26
395 2 48
122 137 100
97 191 95
23 140 51
215 301 100
5 180 98
115 13 66
124 250 43
133 89 89
387 111 56
258 182 96
184 250 73
395 246 87
68 59 98
192 218 41
288 339 58
118 350 68
234 84 10
143 349 44
40 394 53
157 48 67
346 74 35
386 274 63
327 373 65
263 246 44
332 388 35
144 95 47
241 125 24
161 51 54
385 227 38
127 281 21
56 110 85
5 356 11
73 207 63
258 225 8
371 15 65
113 138 65
243 214 97
152 296 14
30 35 13
281 244 88
12 151 65
41 120 20
64 342 5
67 84 19
278 75 45
282 13 7
233 263 84
130 174 34
152 258 31
225 206 42
396 262 26
98 7 88
289 246 25
4 250 19
281 310 80
172 273 81
125 95 51
295 3 63
154 341 16
227 379 63
287 145 51
277 96 37
198 129 9
24 173 36
175 194 87
220 394 25
57 19 71
1 348 21
172 194 33
143 8 63
384 222 86
255 384 29
376 294 63
64 338 57
378 177 59
45 47 94
52 123 66
185 32 37
244 294 97
20 377 98
114 56 25
283 171 98
254 113 31
378 318 62
135 218 40
112 177 54
178 191 55
239 141 75
2 70 27
178 113 74
328 65 41
168 346 56
150 216 30
140 121 18
300 334 99
164 133 70
255 184 44
148 320 90
389 188 29
395 340 36
272 194 48
285 382 35
385 360 64
38 298 81
352 31 11
396 226 20
345 152 92
158 399 98
293 8 21
231 395 57
235 75 39
8 139 80
256 172 63
333 105 42
346 15 80
175 234 93
14 135 9
226 149 79
119 18 66
362 242 49
92 201 1
349 386 21
309 351 46
200 21 39
190 285 22
234 215 60
284 294 11
88 123 62
258 99 11
294 76 25
14 28 67
78 152 100
386 334 9
136 237 35
217 142 49
393 153 76
55 7 51
105 228 21
353 83 29
64 110 84
21 327 53
172 303 63
304 379 36
108 379 41
34 122 32
78 84 23
281 152 95
277 236 100
376 178 66
272 297 63
123 232 81
12 103 85
133 177 99
33 252 16
157 150 32
141 227 87
165 38 54
223 26 25
52 5 1
289 156 75
153 304 20
389 186 62
116 239 5
379 103 2
277 253 63
382 310 34
82 53 49
278 34 81
146 233 4
287 393 6
153 346 37
22 139 22
84 303 27
238 41 99
172 257 40
375 209 66
48 253 39
231 209 66
60 18 25
14 0 98
291 7 69
116 352 94
288 298 61
275 130 82
55 302 98
377 44 96
272 144 89
53 360 95
369 114 66
230 175 28
183 302 83
68 164 1
301 303 96
262 290 35
305 68 72
135 318 80
303 301 9
38 133 25
244 133 90
147 212 61
260 289 51
5 88 90
365 194 78
244 134 75
43 144 94
142 330 85
222 257 16
317 189 97
351 25 23
26 165 68
352 89 18
395 78 99
312 86 25
56 182 17
180 236 31
63 161 84
58 143 2
125 269 74
180 341 44
44 228 73
299 275 93
70 353 100
194 198 64
180 366 100
359 383 85
361 155 92
199 311 83
103 364 38
357 176 76
5 52 38
280 306 94
327 367 99
348 195 44
340 254 80
332 391 30
170 194 25
376 158 84
20 73 39
16 29 96
135 212 13
353 106 44
355 143 19
292 291 51
90 318 61
235 220 72
129 286 79
78 43 100
91 301 38
297 185 59
9 137 70
195 71 43
356 45 31
369 108 51
48 17 76
168 314 9
78 360 1
310 144 88
235 55 67
267 173 91
2 151 70
74 308 16
312 148 18
284 83 74
186 318 28
231 183 77
92 218 1
277 88 35
277 394 79
86 102 26
123 247 59
211 144 91
274 344 86
199 260 33
338 342 21
47 164 63
307 46 55
1 30 9
237 369 26
149 46 19
82 279 45
323 141 2
157 307 65
63 81 80
44 60 89
311 145 63
321 13 23
66 337 24
124 33 64
165 37 80
61 314 18
249 141 41
378 357 37
176 123 74
110 319 70
179 323 88
263 109 73
14 359 71
111 279 5
198 399 90
357 34 32
359 72 91
364 390 85
151 344 20
221 297 12
333 95 86
236 396 98
224 6 22
263 240 77
145 343 34
379 280 11
81 70 55
347 356 14
399 164 24
115 58 12
366 184 74
199 36 67
261 107 93
135 150 71
26 285 2
166 231 88
385 157 91
45 142 88
127 357 29
271 187 17
38 291 85
315 140 16
242 174 93
261 249 39
106 139 64
57 130 45
30 360 85
307 221 4
247 87 68
163 194 93
210 370 11
233 84 71
212 86 42
383 387 85
51 350 38
200 256 53
255 132 12
351 339 77
101 377 27
309 92 19
280 51 4
153 282 94
72 338 89
287 171 92
112 367 11
7 393 18
378 375 17
339 137 82
129 181 93
203 16 34
214 170 67
276 98 27
24 65 8
97 295 89
146 244 57
338 37 41
6 74 45
93 331 31
215 367 85
243 183 11
247 316 3
191 25 2
109 382 47
331 100 99
95 136 48
42 141 34
174 258 98
113 205 33
383 377 5
365 180 79
184 99 30
132 387 50
241 151 34
233 106 66
164 146 7
126 136 47
252 57 95
88 2 7
247 21 36
165 140 80
239 333 62
376 313 12
318 39 73
333 147 7
186 368 53
224 328 4
375 113 94
258 102 2
29 195 52
133 307 23
2 110 80
12 34 58
240 85 35
41 295 10
153 213 41
281 218 24
174 300 60
88 367 87
144 28 72
353 349 30
47 122 79
333 391 55
390 33 77
64 333 40
17 227 19
260 271 62
360 66 7
144 323 65
74 179 45
273 68 32
262 105 83
367 73 27
309 11 10
247 355 19
192 117 32
394 111 21
395 9 11
62 299 38
184 372 93
144 386 53
28 199 4
136 34 3
162 209 82
325 223 64
389 384 98
65 4 34
205 145 88
18 167 86
101 155 13
160 109 54
147 397 97
221 230 62
276 15 91
186 179 60
277 56 39
49 252 38
7 38 87
152 142 58
179 64 35
69 193 59
198 223 64
301 150 27
290 330 72
312 356 33
249 105 52
171 256 50
149 214 51
160 230 71
278 389 39
23 365 78
252 164 21
129 392 55
14 265 8
249 67 99
164 44 96
154 258 13
116 229 35
357 378 69
178 396 44
330 109 89
128 290 76
160 97 70
127 220 72
88 247 95
11 19 87
200 220 49
32 330 76
45 168 20
16 226 14
203 322 81
146 217 73
206 149 20
347 114 50
188 128 84
315 172 57
300 289 74
148 327 54
102 155 89
24 281 40
231 17 92
163 282 41
254 216 59
92 168 15
351 34 39
207 34 9
259 367 2
199 323 31
190 327 87
313 124 19
46 71 31
105 81 70
158 28 68
127 12 53
394 199 97
251 225 26
9 371 78
298 355 67
287 256 5
163 127 87
217 313 97
225 137 32
192 34 5
279 78 93
180 114 57
158 252 2
206 378 54
234 202 95
358 287 24
131 287 58
25 273 88
121 22 44
9 337 30
281 171 90
240 74 57
96 168 6
235 302 87
286 52 72
290 397 19
106 147 15
72 333 71
55 3 69
6 148 34
17 364 5
276 196 79
383 7 85
170 191 93
153 14 82
88 189 2
301 240 30
70 315 41
390 66 14
99 236 6
193 347 16
251 9 13
197 286 12
95 393 25
4 224 82
119 118 21
338 284 15
158 77 38
204 297 33
327 28 46
304 46 14
191 156 52
196 162 7
6 90 54
322 187 48
31 145 56
192 111 26
128 93 4
225 51 1
62 59 61
24 316 90
351 392 57
249 272 99
137 206 5
313 106 28
122 62 40
41 287 34
310 154 91
128 34 97
322 81 35
292 47 67
232 10 87
358 120 91
244 328 42
368 156 55
101 185 1
174 240 58
27 22 45
34 17 95
57 43 3
59 80 40
325 138 58
293 33 30
387 98 92
314 212 46
336 128 78
183 165 88
162 18 47
208 394 76
137 122 33
23 297 23
255 241 51
256 83 72
226 212 60
253 190 94
112 90 53
105 243 36
255 222 53
373 91 90
270 388 34
192 398 100
233 399 14
331 186 25
298 186 72
249 168 8
337 266 71
300 272 43
47 391 45
364 258 78
47 309 6
303 329 15
309 39 93
54 177 57
200 49 22
20 366 73
355 385 94
248 277 73
366 330 4
112 91 21
351 122 67
96 327 73
189 279 80
223 158 8
101 381 75
139 84 82
102 318 9
118 246 25
174 214 80
143 0 92
37 365 68
308 81 3
182 338 43
262 21 53
354 156 62
230 12 66
279 270 93
27 173 42
72 15 84
149 63 62
219 75 83
243 201 46
384 36 25
295 127 76
86 254 28
391 374 49
83 275 79
210 176 24
106 136 26
238 174 19
132 19 47
200 3 11
320 333 75
136 125 39
149 137 97
214 300 100
30 92 97
359 286 59
173 208 45
264 0 40
396 112 77
201 129 48
220 78 50
1 399 98
361 140 63
244 125 75
23 38 72
121 101 33
356 186 58
370 47 71
100 229 90
261 349 49
373 85 56
79 378 20
235 398 13
340 69 4
342 282 70
249 380 27
266 27 23
274 113 84
381 175 46
166 345 47
176 188 96
395 374 67
330 309 68
176 358 77
39 273 43
227 212 38
112 321 55
66 365 26
297 357 70
310 318 99
336 220 97
223 130 17
292 175 89
199 316 12
352 208 65
111 245 35
177 60 47
169 302 27
325 262 22
74 47 67
262 141 1
203 395 80
367 256 57
90 214 33
302 392 11
51 104 75
225 175 41
187 195 60
78 224 12
321 187 85
286 254 21
208 121 27
261 312 68
364 329 58
235 321 12
104 175 16
151 226 18
170 348 43
221 51 46
374 67 11
242 116 13
188 211 75
126 251 58
225 335 19
272 76 42
189 293 22
185 25 57
34 191 38
105 355 63
254 108 89
348 1 36
260 19 92
27 26 60
306 229 3
262 0 79
281 283 11
130 201 6
229 272 56
341 27 4
285 4 67
94 72 8
270 303 54
169 391 17
274 90 89
85 381 47
358 95 60
278 2 17
364 248 89
259 317 66
379 115 31
289 188 19
55 158 30
362 353 78
376 151 56
262 157 1
192 279 31
378 208 75
40 208 92
80 109 81
253 229 65
67 100 22
398 154 49
142 301 41
92 320 11
91 139 24
297 20 15
306 165 56
19 300 51
344 191 30
116 354 52
5 45 57
10 8 35
317 283 3
261 206 72
289 341 27
107 225 1
328 87 66
44 93 29
236 297 2
62 331 65
319 191 66
100 83 53
200 64 69
126 148 36
241 134 32
166 112 85
284 335 15
231 277 60
208 342 9
335 194 78
46 342 37
99 104 57
362 373 47
355 176 91
39 160 38
28 194 40
236 93 72
347 236 77
309 219 69
337 192 86
237 198 90
341 199 90
383 352 6
97 170 88
384 334 6
131 139 7
323 314 81
14 335 41
211 273 11
237 280 88
19 377 24
81 361 81
399 145 22
89 182 78
204 348 87
137 248 77
342 247 89
169 199 28
158 6 11
4 345 20
350 210 19
127 300 45
68 270 55
355 378 26
266 133 11
227 25 36
198 116 88
162 268 16
126 172 84
115 315 52
196 6 87
315 249 47
326 216 5
174 201 50
168 70 26
146 68 18
194 351 23
219 177 85
280 94 92
390 181 22
56 385 74
133 102 17
15 299 63
368 181 86
60 294 73
321 68 32
359 355 58
201 311 93
221 334 96
55 205 15
9 314 23
132 309 34
78 370 33
372 44 24
314 296 55
37 100 67
187 172 71
33 94 95
11 320 43
12 22 75
236 113 55
199 353 40
4 316 38
33 83 36
36 139 75
11 209 27
351 270 98
207 295 35
296 393 57
274 257 2
290 303 12
93 10 11
289 350 48
215 243 30
255 35 91
166 236 76
178 188 26
268 298 72
376 384 4
244 145 40
115 366 98
16 301 38
185 160 56
310 380 92
224 211 2
102 286 54
238 214 92
187 299 2
396 159 41
67 344 33
102 275 85
399 257 34
148 267 49
80 171 10
317 388 99
81 56 11
205 193 81
278 290 1
206 159 38
197 153 41
262 61 85
254 50 4
183 301 94
50 235 77
296 103 62
271 398 67
315 89 48
109 359 48
236 10 54
277 301 1
5 295 59
172 342 49
78 165 12
391 143 62
303 252 83
398 359 4
3 348 82
18 128 45
133 206 57
13 1 45
132 352 90
283 115 59
225 385 70
201 101 38
112 396 78
237 267 41
148 283 74
355 137 18
306 26 42
109 316 92
381 364 64
394 170 64
363 118 19
69 211 71
92 327 9
363 136 73
315 351 8
339 92 5
266 324 1
200 365 36
113 68 11
345 34 97
177 58 64
366 392 23
303 96 55
76 347 52
157 364 11
233 318 79
48 309 29
315 118 83
177 314 21
397 191 64
280 335 1
47 125 51
73 359 95
388 244 40
149 211 73
121 16 28
86 68 9
349 243 94
276 307 74
157 365 7
101 12 23
238 29 79
60 121 65
177 194 26
379 62 68
326 353 96
91 357 43
303 370 15
125 118 43
331 140 58
372 192 44
257 324 68
110 357 54
106 228 10
230 335 58
59 160 36
136 206 40
78 16 77
295 380 79
236 9 35
167 218 87
1 115 33
298 199 27
312 399 75
184 333 89
183 52 55
206 390 21
198 32 15
353 355 39
10 354 46
297 199 3
58 325 38
92 268 42
311 5 58
341 117 71
4 187 61
155 225 96
95 129 71
119 314 7
12 337 27
173 103 88
339 176 55
19 97 70
340 170 10
96 335 3
9 212 58
375 197 49
123 381 27
246 378 96
74 388 12
375 337 52
174 147 79
353 259 70
215 143 21
323 393 13
127 44 18
187 328 91
238 51 70
21 262 80
395 399 64
115 368 11
25 29 68
14 169 85
95 147 60
137 9 90
362 259 39
394 146 90
175 47 78
226 60 59
188 131 36
114 364 80
317 28 20
263 177 32
207 209 94
331 56 88
342 366 41
278 306 35
165 340 35
65 320 31
242 29 22
136 318 44
184 91 29
254 367 17
267 111 55
125 363 75
113 204 15
178 267 29
330 152 97
1 175 51
213 209 94
193 304 43
274 265 42
80 121 58
232 47 8
60 174 87
58 362 3
307 396 8
216 41 82
349 180 100
254 333 100
375 261 93
128 165 23
125 105 8
66 115 22
393 275 93
147 337 89
303 143 27
367 103 14
198 13 57
307 223 70
246 79 53
92 86 81
211 376 53
380 25 38
239 123 42
237 24 87
251 12 61
393 306 46
129 109 66
324 181 18
68 167 9
50 6 68
109 222 63
154 180 55
58 387 37
176 190 96
364 127 15
298 47 85
120 393 57
297 161 16
316 280 36
39 101 56
216 241 95
260 219 35
397 370 81
397 344 84
286 43 36
107 193 21
118 358 86
150 271 38
198 310 97
179 175 38
168 106 64
210 47 12
284 246 5
370 213 64
117 328 26
90 292 52
34 113 93
308 97 46
2 50 19
315 312 76
256 228 73
287 98 86
196 72 22
93 59 51
268 187 46
24 129 20
95 331 64
2 335 83
39 239 85
84 244 55
328 386 98
161 66 59
3 179 6
66 287 70
10 385 48
132 55 53
366 29 67
66 137 10
379 246 94
396 378 45
338 91 42
359 257 69
235 61 34
76 233 95
245 72 51
379 86 72
239 399 22
20 200 72
245 74 42
117 352 87
18 46 86
216 61 82
21 33 54
153 273 24
169 51 75
231 376 65
93 19 7
291 170 44
94 126 68
139 357 33
224 201 78
320 298 91
230 9 84
258 291 35
12 172 13
26 72 85
140 292 43
46 331 50
324 255 15
319 236 52
10 266 75
333 244 56
328 242 27
181 142 10
376 348 46
18 374 20
379 29 35
350 212 25
272 100 26
116 63 87
372 262 2
115 277 63
321 346 9
23 382 81
125 200 8
231 396 41
244 128 83
298 196 93
100 51 15
7 317 45
334 290 97
141 349 89
164 159 17
221 314 26
202 62 36
263 9 43
350 243 57
118 141 56
340 200 10
380 27 38
49 11 77
352 220 23
171 333 9
169 144 46
228 23 86
267 126 75
92 211 32
35 338 13
60 345 73
74 310 8
266 317 91
279 346 16
371 305 62
117 3 3
245 48 45
158 232 38
117 317 90
258 105 89
12 9 16
341 395 97
177 117 57
14 381 2
24 100 57
148 258 25
232 208 2
27 184 46
251 167 37
32 61 66
87 296 100
204 43 25
91 159 85
214 30 8
153 281 9
324 293 81
355 66 33
131 103 77
291 14 3
255 16 44
63 331 31
313 30 47
353 352 24
34 340 66
375 236 90
177 64 86
339 197 65
180 387 69
90 111 91
51 163 82
392 253 8
31 320 71
269 290 91
5 366 65
296 96 64
386 297 98
134 1 73
53 27 52
394 251 77
288 166 18
30 119 34
215 338 15
155 324 96
313 208 69
352 132 85
232 97 1
121 240 21
19 63 23
88 139 80
258 35 25
295 52 25
300 15 40
282 343 16
376 319 72
40 323 20
211 268 56
316 154 97
340 238 46
351 313 11
159 115 61
43 77 20
296 213 100
150 11 92
278 189 45
80 207 85
227 239 19
235 335 89
241 65 40
348 69 54
140 20 20
256 137 10
381 375 44
271 299 48
53 210 25
318 356 93
122 17 53
366 385 39
190 70 37
25 368 82
42 351 71
381 172 63
188 161 84
70 172 77
62 354 40
71 52 3
22 281 25
112 167 53
52 362 70
216 253 2
151 360 66
393 162 10
198 91 41
375 394 26
194 250 78
176 222 61
295 57 64
103 27 23
298 363 91
36 321 100
40 290 39
366 1 18
16 143 76
89 220 32
236 49 31
236 98 98
220 358 24
190 62 44
179 291 92
17 171 75
186 5 1
85 192 18
378 102 8
217 275 52
349 326 66
56 157 53
255 372 45
310 316 90
277 19 38
20 55 92
185 134 59
34 185 69
114 397 7
238 141 1
253 118 78
297 37 40
170 145 66
91 49 12
248 324 68
26 327 72
137 84 39
172 203 31
279 91 42
388 209 36
292 397 54
197 268 6
311 335 65
73 352 51
334 352 64
119 245 1
74 195 85
88 72 16
19 159 49
117 113 25
30 56 23
55 223 50
202 58 77
363 270 89
180 87 55
212 4 54
203 36 82
194 143 41
196 385 48
286 7 75
0 113 84
329 250 80
389 123 68
106 357 17
58 144 23
100 370 31
112 135 88
38 295 15
60 227 56
387 279 38
269 182 12
155 292 41
128 158 47
347 317 3
380 265 86
74 191 97
135 111 24
216 167 58
56 218 5
65 232 41
349 92 34
31 84 25
201 248 76
147 178 96
337 349 42
173 42 79
71 191 20
226 41 24
144 259 91
143 244 5
25 345 74
24 77 55
89 75 13
170 275 38
207 185 27
238 317 47
31 168 25
260 30 19
123 274 52
140 137 90
364 275 78
118 295 65
145 101 19
175 148 74
222 361 32
388 130 66
395 43 48
54 92 64
288 14 76
54 151 57
331 249 8
128 316 48
160 12 11
336 356 96
239 42 33
379 231 100
248 56 82
30 390 85
237 317 95
332 251 1
124 286 4
67 323 62
105 54 22
274 190 90
343 308 60
397 75 68
375 165 76
77 280 19
276 62 53
380 69 94
234 356 11
155 76 49
4 281 38
110 147 14
206 250 97
218 31 51
225 165 81
140 167 57
91 205 79
355 149 78
253 163 55
238 138 65
272 253 50
272 315 69
269 103 92
205 11 48
106 348 20
348 112 23
327 189 63
238 199 71
309 394 7
349 399 97
59 283 66
393 217 62
120 397 11
78 10 42
89 211 1
335 294 50
353 256 33
374 125 78
38 205 5
159 94 64
240 258 2
78 20 10
373 359 63
25 269 70
55 17 10
279 198 21
388 172 77
208 175 25
152 285 80
71 200 77
387 345 93
216 344 48
322 195 99
76 63 33
103 58 68
157 0 70
78 218 38
29 137 42
66 362 1
307 288 57
24 182 77
262 24 76
389 311 37
9 96 49
331 180 47
183 39 52
327 375 87
15 18 74
189 275 61
313 337 38
114 169 59
159 204 8
55 81 12
177 113 48
106 7 41
146 208 98
132 181 91
311 384 88
227 281 95
117 278 32
277 285 97
231 135 46
109 147 93
117 250 84
302 156 20
359 171 68
283 379 62
282 176 42
151 197 42
52 328 37
75 163 21
244 385 2
218 257 58
360 170 21
4 34 50
279 351 25
43 352 21
17 181 100
321 95 5
246 337 41
370 327 8
29 265 76
28 298 35
294 219 2
349 189 55
163 128 39
336 121 79
269 39 69
358 64 67
136 225 88
349 336 7
277 372 17
263 81 37
49 215 71
51 14 71
330 335 2
311 195 19
191 161 99
345 312 76
129 108 62
328 165 26
231 358 75
265 131 94
200 226 89
94 150 66
371 102 27
340 193 9
307 95 32
63 196 100
328 96 55
228 121 94
301 55 86
189 398 59
251 14 89
340 189 87
284 301 99
58 377 41
87 382 74
168 99 35
316 31 82
173 374 55
293 329 32
159 214 85
219 371 28
46 383 82
218 197 89
317 379 6
397 148 21
322 137 73
163 382 50
379 26 46
153 120 73
120 221 100
59 265 22
234 346 37
286 210 59
178 374 95
107 128 44
298 178 60
312 233 49
350 342 84
0 131 33
155 310 28
237 203 95
318 332 48
199 82 52
172 367 3
2 115 16
374 351 68
171 366 86
186 20 52
86 379 82
183 344 4
220 258 6
79 243 96
152 359 14
60 329 34
357 42 62
149 20 32
72 196 41
141 264 41
133 38 66
366 340 86
201 103 97
200 206 59
387 337 26
38 241 83
137 344 82
93 398 5
320 19 12
283 226 81
331 152 32
300 16 98
149 307 26
128 213 62
53 306 55
247 198 60
62 147 3
136 395 23
359 152 97
159 83 15
346 195 50
254 362 11
91 212 43
35 104 86
23 163 45
97 16 38
284 260 48
191 298 61
261 238 63
278 382 94
301 182 49
76 85 14
190 312 74
349 301 91
387 320 100
198 96 24
36 352 20
291 163 28
99 28 41
107 386 35
102 84 4
393 168 86
88 335 83
333 330 20
244 187 53
178 97 4
144 300 16
83 87 60
173 217 75
171 300 54
89 229 65
119 278 34
378 72 61
27 70 97
60 90 71
241 317 43
372 232 15
135 285 89
119 312 3
391 2 84
80 145 27
127 233 47
342 23 34
157 331 4
93 68 43
125 37 65
279 64 83
39 180 93
285 8 32
130 271 51
256 103 15
322 345 61
97 382 65
61 234 53
181 61 53
344 303 34
149 174 75
348 42 27
197 313 72
26 177 28
112 58 40
383 117 39
231 89 99
337 11 24
121 189 1
282 52 3
216 289 2
298 300 36
134 254 98
288 309 19
250 280 34
102 206 15
321 147 87
16 267 51
20 117 13
29 313 38
28 225 68
372 53 94
71 177 65
292 258 92
365 340 21
336 43 13
137 112 85
211 202 99
71 271 97
39 102 88
3 307 1
6 16 21
198 316 62
322 60 49
201 335 63
341 265 82
184 329 98
46 377 52
393 175 96
395 197 54
168 171 51
206 132 15
136 343 45
211 297 51
50 22 49
21 166 49
69 359 28
259 180 54
375 139 10
68 84 52
336 296 32
355 266 63
89 341 100
365 213 81
145 58 87
268 140 6
137 397 47
163 161 67
76 75 54
312 78 70
113 140 77
147 279 95
368 129 21
106 312 77
333 41 77
123 16 96
77 112 60
273 279 73
265 72 47
252 353 25
84 231 27
394 99 70
290 285 97
362 52 81
387 276 67
144 302 45
179 124 60
375 172 45
15 334 73
100 45 97
311 358 55
5 204 26
69 26 62
390 178 40
2 386 53
356 363 18
5 102 63
21 255 13
189 249 86
10 304 71
277 29 48
23 177 30
347 384 28
329 346 61
13 155 67
274 7 9
149 185 19
38 118 6
216 33 29
1 11 30
268 367 3
278 217 34
279 82 11
290 61 70
387 240 48
349 329 62
379 145 79
94 354 62
255 15 52
32 345 97
373 59 22
121 286 27
216 150 62
121 142 38
344 388 38
235 57 99
281 155 39
251 301 6
193 1 10
15 364 43
145 178 50
181 147 31
54 23 86
42 336 88
237 158 95
179 120 92
161 136 40
345 289 9
131 30 36
221 175 74
203 240 89
265 94 27
320 155 44
163 48 46
176 80 49
60 142 50
245 44 23
161 19 56
352 3 85
123 106 57
57 334 68
166 67 97
20 65 12
36 267 22
288 217 85
143 329 41
86 108 96
48 264 24
275 7 77
106 326 88
356 151 82
389 162 28
352 247 63
322 124 17
23 82 94
256 144 12
197 283 89
128 310 67
278 89 8
63 104 100
193 204 17
367 264 31
95 91 100
363 187 65
360 345 52
392 167 66
225 112 73
21 158 66
42 1 47
253 220 59
399 211 79
155 392 39
144 394 92
121 148 35
217 356 97
2 105 16
221 399 34
18 45 65
319 323 67
41 72 13
77 235 26
300 163 41
199 83 99
318 22 25
359 14 13
102 354 99
374 148 53
119 46 75
373 354 20
140 191 65
135 157 76
358 280 81
88 97 46
7 354 62
93 325 26
219 66 83
357 222 49
206 240 9
300 29 22
294 21 49
64 77 12
212 194 46
28 148 84
141 61 92
141 120 22
32 271 47
379 135 94
59 214 99
114 117 27
222 187 59
242 375 91
128 291 58
49 27 4
298 254 48
69 173 48
140 197 64
7 399 77
196 242 99
218 313 61
236 158 4
54 306 8
291 246 33
105 28 32
168 104 74
240 237 62
346 121 57
113 178 26
389 353 7
134 151 51
71 357 30
28 48 83
199 17 2
235 233 43
64 393 66
347 103 63
26 74 55
119 391 70
321 204 56
373 380 34
370 167 5
340 131 62
183 75 41
169 296 20
69 73 7
176 293 6
6 4 98
102 12 9
115 325 13
359 109 44
253 373 40
62 124 66
369 173 34
218 204 75
238 234 67
81 327 49
21 81 32
384 185 45
385 169 7
378 313 74
372 297 81
386 210 89
291 9 89
270 165 96
22 219 93
223 126 33
340 301 40
31 52 13
13 233 65
304 130 77
33 386 86
226 138 81
81 360 13
332 255 60
240 291 38
304 122 9
146 33 52
162 147 54
234 68 11
240 110 77
303 346 68
264 136 69
178 45 19
88 386 97
348 399 95
305 186 64
163 231 27
134 67 93
261 2 59
212 372 79
22 45 62
143 159 62
372 30 86
365 96 100
119 191 5
21 363 56
281 309 84
182 109 22
111 228 21
93 113 85
42 312 74
232 388 42
363 338 15
271 84 68
144 274 20
233 298 36
233 220 26
322 109 13
130 59 72
202 346 78
308 388 6
35 190 77
262 349 76
204 216 26
256 116 62
215 395 75
283 63 39
207 126 3
200 392 45
176 129 7
26 348 21
77 370 64
247 199 4
14 202 32
162 243 72
258 194 52
249 191 71
225 45 23
383 146 68
317 165 60
123 312 72
273 398 97
164 242 44
29 81 7
148 308 63
94 23 99
97 179 21
398 159 91
254 80 57
41 383 27
160 197 24
257 134 73
153 96 14
44 255 70
387 143 36
31 247 43
382 111 73
3 255 86
18 226 75
208 21 89
147 91 38
14 84 100
214 40 34
326 309 99
359 256 52
29 126 66
2 158 58
264 361 99
390 212 65
185 98 56
395 228 4
55 105 27
182 287 27
382 288 23
292 232 96
139 378 6
355 127 2
185 378 43
23 227 37
204 34 93
19 76 57
289 324 74
331 245 21
300 320 28
160 394 76
343 329 72
120 36 23
124 223 45
230 57 9
253 200 74
240 132 52
98 119 80
284 23 64
38 321 17
214 296 31
177 311 25
352 218 50
281 339 35
385 365 44
393 39 37
397 220 86
215 79 4
136 235 5
202 123 95
285 365 45
22 67 4
18 215 25
114 33 77
396 379 15
62 324 93
149 255 62
317 360 80
119 306 14
268 40 42
233 14 38
358 136 74
108 20 2
97 166 68
350 304 81
371 364 74
265 261 5
140 8 85
384 77 38
59 280 7
326 156 63
68 155 95
78 27 77
183 89 45
335 356 6
381 317 44
371 359 48
277 324 20
83 366 71
152 8 94
138 301 60
284 160 36
180 37 88
61 219 38
153 167 57
231 65 47
237 253 33
23 212 21
7 107 69
356 92 8
333 298 73
110 299 74
281 18 54
136 117 97
208 118 100
226 11 14
366 252 85
143 219 42
214 191 92
336 282 57
306 342 23
282 43 45
252 373 61
327 275 49
278 234 19
266 269 52
290 201 30
261 348 38
239 196 83
347 376 74
54 268 41
266 2 55
157 389 71
383 36 96
176 38 97
320 350 91
285 342 98
122 36 43
343 290 65
134 217 100
64 327 56
83 38 52
98 27 23
106 51 97
224 287 63
7 336 17
11 262 85
56 47 63
57 139 54
363 76 8
336 34 22
71 172 32
8 214 97
360 116 25
190 245 41
389 247 31
222 191 45
375 260 82
308 378 82
35 327 15
231 27 3
330 105 30
297 52 12
352 258 43
22 203 55
83 350 4
271 180 85
76 121 19
229 182 66
72 26 15
332 169 84
242 40 42
235 367 74
261 37 39
338 149 36
145 211 29
263 40 71
180 44 73
235 292 45
204 268 41
327 19 89
151 288 52
89 147 97
139 289 55
356 384 54
141 56 100
383 153 35
220 218 48
292 54 55
399 259 19
274 320 39
162 46 62
221 177 25
213 326 44
25 130 22
200 93 49
195 312 65
379 382 22
135 35 90
36 148 20
3 56 68
309 182 61
205 307 34
316 307 90
205 303 46
1 301 78
127 299 47
217 72 40
143 220 42
0 22 49
251 259 22
232 135 38
71 383 75
338 79 40
189 118 93
163 396 25
203 398 9
88 244 78
29 168 49
198 230 43
56 285 49
361 3 63
174 229 21
373 152 87
0 251 81
71 290 5
96 25 99
6 228 9
3 136 13
361 328 78
271 346 49
130 189 42
326 375 22
45 382 18
253 115 57
215 260 43
186 266 23
393 383 41
76 26 75
239 67 67
235 160 57
18 265 54
320 180 91
256 282 83
121 296 33
218 124 95
345 399 49
39 261 25
329 15 50
395 239 43
103 310 88
190 385 82
154 133 44
22 196 38
259 269 18
89 264 5
376 23 81
73 121 31
23 28 63
243 172 26
277 375 29
0 247 45
388 284 88
122 178 98
95 352 8
141 36 47
223 242 91
173 252 67
168 90 46
21 60 33
312 169 85
122 377 76
36 1 27
193 189 13
63 390 42
285 284 5
26 95 42
335 395 63
258 326 54
138 358 42
347 6 97
301 243 18
123 249 36
101 49 33
105 380 97
10 69 31
205 156 93
2 44 94
43 232 18
70 63 34
92 294 76
3 169 15
324 16 33
177 187 18
198 196 47
287 159 28
140 151 85
33 162 71
52 178 20
214 279 31
34 14 53
250 244 6
228 214 17
20 266 75
303 380 27
182 385 27
151 64 7
236 253 5
142 156 46
143 108 42
68 106 50
313 361 22
307 385 100
291 312 58
12 173 21
258 372 96
219 12 46
212 249 49
359 339 47
216 220 5
6 41 58
160 93 54
80 63 69
348 328 15
202 163 84
328 78 59
137 228 41
330 236 44
36 129 31
163 55 47
287 187 51
107 201 40
61 381 3
16 179 54
325 267 38
141 222 7
268 167 77
303 50 93
191 5 42
114 105 16
397 347 67
34 1 11
146 100 83
76 161 70
212 314 94
266 19 56
105 217 2
227 64 15
398 254 6
31 2 13
97 210 69
199 277 77
334 271 58
147 59 47
78 353 53
227 173 32
311 239 46
342 10 69
201 136 21
180 258 18
158 226 60
220 263 44
255 394 29
252 22 78
340 329 35
368 337 28
54 343 86
229 375 68
381 323 31
362 287 64
24 249 29
71 283 63
123 185 6
135 139 42
16 126 92
126 356 58
288 175 8
41 59 87
112 325 51
182 393 84
61 243 90
245 35 7
136 74 81
368 299 38
192 102 100
345 0 84
184 155 71
309 10 63
171 39 26
363 58 39
304 331 55
82 195 20
354 107 44
283 68 96
351 277 72
366 324 3
5 216 9
15 324 95
376 317 85
81 135 41
128 277 89
283 173 89
179 298 54
159 144 64
179 88 84
205 333 56
240 116 64
385 153 93
242 80 18
204 126 24
145 229 39
335 359 40
259 177 95
312 214 29
243 205 44
359 299 41
22 39 63
157 255 45
325 246 58
350 133 17
44 61 32
24 136 75
36 84 13
196 13 27
191 348 7
19 358 47
222 8 46
213 129 2
24 47 19
311 4 58
340 371 93
93 236 42
252 97 22
165 1 43
92 197 81
273 280 36
259 78 97
26 291 48
103 317 77
189 60 53
71 74 87
286 247 91
60 27 22
117 187 13
360 15 51
35 72 35
339 219 42
16 277 33
53 226 77
325 12 96
234 143 58
202 326 64
397 332 94
227 304 55
371 99 41
153 361 79
295 165 63
37 223 21
272 292 53
245 200 14
357 299 99
238 286 76
329 188 75
66 120 47
11 134 88
138 208 36
186 161 79
316 298 47
388 193 78
386 54 21
237 345 30
317 127 4
204 130 64
371 176 50
25 37 28
376 154 3
191 227 81
32 301 34
280 124 51
361 234 73
51 159 98
77 327 67
96 375 92
331 92 35
55 36 43
164 56 82
19 314 33
172 369 41
212 195 72
240 58 22
245 257 59
265 134 79
340 224 96
191 279 40
200 395 10
349 308 23
55 185 90
372 74 81
305 351 78
74 57 56
74 398 84
258 128 98
112 18 18
293 141 42
176 223 28
204 159 70
299 377 56
65 306 53
74 154 56
145 44 96
87 344 7
36 158 22
357 210 95
114 175 86
259 35 8
337 373 60
314 17 3
205 329 12
147 201 66
190 27 10
269 90 28
295 39 50
62 118 56
63 272 16
180 171 97
305 96 17
64 144 23
280 116 19
20 259 26
320 229 96
0 287 61
101 52 49
371 256 97
40 210 44
353 376 53
191 88 55
37 80 99
348 53 82
332 134 67
263 269 34
92 328 53
135 16 93
289 270 79
308 380 77
52 346 43
195 39 11
132 223 33
320 212 29
163 76 28
300 139 68
300 254 100
224 258 17
375 93 5
249 270 60
375 145 29
67 94 69
99 234 68
368 293 73
319 157 27
279 52 14
245 273 73
186 240 54
375 83 3
3 374 36
99 166 20
316 178 85
316 145 54
254 266 86
276 385 14
245 27 31
37 252 63
194 378 55
176 133 17
383 235 7
55 167 77
60 104 35
364 85 79
343 182 21
17 57 69
397 319 77
296 7 75
89 68 82
174 196 48
37 313 83
162 341 87
222 110 45
198 118 59
5 177 48
219 60 78
185 68 49
156 60 63
205 176 62
202 70 12
169 227 81
303 253 89
157 141 72
108 113 43
225 148 91
338 30 3
306 351 58
95 300 38
310 345 53
277 26 34
211 20 37
250 75 38
286 151 22
256 287 24
103 397 62
1 45 47
106 91 22
141 9 87
45 85 71
146 247 32
144 203 53
359 151 70
161 144 64
293 101 51
255 398 96
226 82 16
187 185 52
179 341 63
55 285 6
200 28 88
47 184 53
266 219 1
247 60 82
390 305 36
393 348 79
99 271 31
308 3 56
202 308 84
90 362 19
0 195 43
252 220 80
390 344 11
200 348 17
271 275 55
88 313 79
97 148 35
127 171 87
29 5 33
9 128 27
269 344 18
144 197 8
56 126 89
235 269 10
158 179 84
385 370 55
9 187 45
13 268 64
315 285 99
383 303 32
63 277 96
293 9 80
103 226 74
91 333 31
386 217 40
46 194 78
315 390 23
341 228 89
388 49 53
209 208 1
250 172 93
61 15 29
104 120 75
110 153 37
92 378 97
237 110 9
367 249 95
9 294 61
195 94 42
309 85 71
45 359 2
179 156 91
108 27 84
160 326 72
235 211 25
15 132 32
357 399 42
245 358 50
96 59 41
41 134 10
86 39 53
258 261 93
295 378 80
308 145 20
168 59 31
243 189 1
111 69 88
133 316 45
0 315 10
217 220 93
177 129 77
236 62 72
236 282 48
365 255 76
329 235 37
50 358 74
367 352 22
379 36 54
179 376 100
87 397 80
8 175 35
171 397 23
146 168 45
298 362 95
10 278 87
54 230 63
220 353 78
146 343 39
354 99 56
333 251 11
344 331 51
395 276 50
172 168 6
297 227 14
362 238 76
392 319 97
230 366 12
308 240 22
175 358 91
326 45 5
308 128 15
240 166 57
272 188 71
0 365 4
117 144 46
152 370 38
259 144 81
108 82 53
53 67 7
269 291 20
199 306 10
323 46 61
269 25 42
155 336 11
314 166 79
132 338 42
217 302 29
331 94 98
76 384 51
15 249 48
180 91 81
4 233 43
391 273 18
27 199 64
260 268 25
272 15 26
372 352 7
148 350 92
171 385 44
279 275 89
226 19 32
322 196 14
160 261 68
383 13 76
59 186 70
47 140 60
109 321 60
261 57 83
204 69 49
333 127 42
189 38 89
66 8 22
20 234 54
314 131 74
272 168 62
304 50 35
111 102 73
33 80 59
360 151 87
119 352 97
174 59 54
176 251 54
333 73 70
240 95 53
367 171 70
98 54 42
229 59 31
264 323 54
28 175 97
306 14 12
370 144 43
334 258 14
205 357 22
325 355 39
392 323 98
248 169 48
226 110 85
285 90 44
24 268 90
155 354 23
166 299 52
141 0 12
51 340 84
27 5 44
340 327 37
223 377 52
358 0 40
124 319 46
7 95 80
95 323 88
47 38 5
394 46 94
327 168 38
91 248 21
157 28 58
154 247 53
278 268 42
376 126 4
245 40 3
156 333 100
28 379 13
158 34 89
183 149 64
287 141 37
298 133 99
265 136 10
243 72 98
163 12 2
243 291 18
177 173 35
90 195 43
353 399 47
73 204 72
27 165 49
239 97 47
232 58 7
116 35 89
261 344 71
116 378 90
13 63 26
109 99 66
178 300 65
30 377 29
244 240 68
259 242 21
22 383 59
260 307 47
280 323 59
60 273 9
30 158 53
284 81 70
340 264 52
115 367 57
5 103 8
384 182 69
62 210 21
312 174 97
384 153 99
389 2 51
68 352 88
41 208 52
230 303 40
351 81 9
99 102 19
272 207 91
206 88 21
145 182 19
273 94 85
88 30 11
38 211 98
167 226 64
243 325 82
338 13 90
98 364 90
197 340 17
275 336 98
232 354 78
257 365 45
213 245 53
393 362 32
217 33 82
391 332 37
154 146 17
168 35 69
346 262 77
262 96 78
99 171 42
108 195 54
30 117 35
57 382 81
302 71 49
57 216 74
87 116 27
174 21 43
136 107 50
339 133 88
146 295 100
239 207 18
169 211 78
48 289 20
257 245 18
195 47 84
319 30 7
365 339 53
24 312 5
366 130 57
122 81 56
110 341 37
138 372 88
101 88 77
212 193 87
282 91 76
142 116 30
156 278 67
96 175 8
157 100 55
259 12 26
63 374 12
310 9 8
340 306 68
262 43 41
173 30 93
246 357 8
267 171 28
83 388 8
158 396 16
281 65 49
220 161 82
304 79 86
286 68 95
352 135 89
294 43 49
131 166 41
18 187 16
163 240 27
184 198 18
173 111 69
117 105 6
121 2 4
2 396 21
191 159 45
212 321 96
124 298 73
40 391 74
72 259 8
361 196 72
377 159 85
315 167 89
44 183 38
176 31 66
361 13 83
69 222 33
197 83 22
52 334 41
316 125 90
206 259 15
208 302 45
347 391 18
120 152 5
23 195 7
42 224 83
369 20 36
225 82 63
278 20 50
163 229 66
228 264 63
72 185 64
242 289 82
59 161 38
315 225 73
305 363 7
62 65 28
34 370 61
121 30 49
382 186 48
27 311 36
369 166 3
135 92 54
206 373 68
188 307 32
334 44 100
250 138 47
36 293 67
36 116 76
306 326 47
85 165 7
314 26 41
217 197 63
202 341 11
338 154 25
5 246 52
10 6 38
78 304 83
271 366 53
54 332 10
119 70 41
88 260 21
194 269 97
196 50 11
363 188 41
350 252 93
147 18 35
228 381 9
101 316 33
0 139 39
330 211 6
108 187 51
340 244 61
352 57 65
286 124 83
244 112 85
340 250 65
270 140 52
321 277 66
198 387 41
332 153 1
122 20 97
198 390 67
149 21 97
294 5 12
88 161 82
198 293 9
224 247 5
260 85 60
248 168 90
388 240 66
24 344 74
224 370 57
220 168 91
250 340 10
240 34 94
335 95 61
252 265 77
128 266 41
245 314 10
312 239 99
4 2 5
364 91 37
373 190 8
53 378 85
275 382 41
107 281 59
241 36 80
289 295 60
95 392 48
140 288 53
88 16 56
390 268 29
116 53 41
299 235 16
170 155 12
184 46 65
60 262 93
216 382 5
293 203 5
294 393 46
289 160 100
382 141 75
30 51 6
112 35 57
265 224 82
94 325 97
331 102 55
23 101 33
346 53 82
300 197 94
41 369 91
313 391 74
4 24 87
242 342 89
382 202 84
65 315 47
131 49 15
36 92 62
204 341 53
229 318 95
277 384 29
211 269 34
23 168 44
385 9 49
287 147 84
239 37 46
329 241 51
311 158 34
69 28 38
378 111 30
203 220 90
66 89 76
126 70 21
132 51 88
68 257 20
105 176 6
323 304 9
179 92 16
332 223 8
331 127 72
300 223 90
158 7 13
164 58 56
313 155 76
150 243 68
127 290 33
32 168 98
239 303 15
238 381 29
33 60 52
317 15 40
257 22 45
232 253 39
88 246 34
310 4 55
6 302 40
386 180 42
334 177 4
269 59 4
176 46 20
231 284 55
139 385 34
344 178 36
298 141 5
229 268 69
206 243 86
338 120 57
111 218 25
373 209 72
144 112 64
7 340 61
168 58 30
358 261 13
134 242 60
207 279 73
288 89 99
1 144 68
9 383 100
183 180 70
212 322 73
6 366 6
339 161 4
21 80 40
337 187 51
5 168 78
2 146 22
178 333 76
310 219 5
297 12 52
237 268 73
183 28 24
153 396 28
165 354 34
278 294 81
3 100 5
141 101 97
392 233 40
358 227 40
104 352 94
258 180 39
362 180 87
264 34 49
323 293 87
14 33 67
40 122 100
11 43 55
398 242 42
53 33 56
221 337 91
336 272 59
276 362 12
303 180 63
321 196 34
23 368 52
110 345 51
115 327 79
352 376 84
10 81 75
148 342 3
169 6 23
129 232 63
205 341 76
339 195 41
151 132 100
185 323 16
272 92 99
81 276 55
350 31 93
1 180 34
191 165 46
166 0 60
63 396 18
88 261 75
218 279 7
122 254 21
31 141 26
38 24 99
209 212 58
109 376 24
146 287 1
144 7 17
112 350 17
226 230 67
41 34 61
231 360 19
36 48 98
238 89 37
158 275 47
331 33 62
276 313 91
232 6 12
355 240 91
292 150 99
137 153 91
18 42 24
48 220 100
377 71 57
141 143 22
324 309 41
46 319 24
256 293 99
249 33 89
119 315 72
139 201 80
70 56 39
252 161 26
302 96 28
10 397 90
330 282 63
346 208 80
296 157 96
288 399 10
347 283 4
375 293 26
245 214 18
60 50 65
183 118 73
194 298 6
172 92 37
13 115 67
328 368 22
203 59 89
44 266 15
19 292 63
81 324 26
52 111 51
384 240 55
93 379 55
104 254 76
6 156 37
64 195 25
287 117 8
160 25 95
34 77 28
391 164 49
36 44 82
231 374 13
206 199 91
271 309 42
179 213 36
175 161 75
393 71 36
160 173 75
240 182 87
37 115 51
104 45 30
253 267 36
339 157 56
385 293 23
324 11 9
334 2 64
148 329 41
207 330 12
60 322 15
145 399 70
52 387 8
255 56 70
288 311 89
62 2 31
200 358 15
291 235 56
21 236 60
51 2 46
341 142 47
370 206 10
124 358 59
251 135 59
222 365 53
71 11 14
200 17 24
271 102 15
171 73 8
119 175 89
281 250 37
275 48 99
294 212 12
92 395 29
364 334 98
85 177 25
159 86 68
268 71 33
307 171 30
103 308 67
340 277 50
328 94 27
319 270 88
82 69 59
15 47 71
171 346 56
142 82 22
136 92 22
103 35 59
233 96 73
292 22 44
355 317 80
184 110 82
124 336 59
308 238 54
369 112 87
21 46 83
248 70 9
368 373 1
251 284 55
16 231 35
211 111 10
167 306 33
329 254 15
29 175 64
301 120 12
62 125 30
348 393 50
344 301 87
122 126 88
22 255 27
10 208 43
36 117 81
335 390 90
293 228 63
369 282 67
352 80 72
264 112 41
69 360 3
170 67 68
335 231 36
117 86 31
348 144 21
221 194 93
30 303 10
100 147 58
348 223 78
76 50 42
85 76 14
220 93 85
80 332 23
226 205 63
286 217 80
240 399 16
355 306 86
97 283 31
76 72 48
179 46 75
386 264 5
348 374 3
59 303 11
243 329 97
259 332 26
112 60 87
287 329 17
210 175 85
308 139 55
259 276 3
272 260 69
128 312 90
366 299 16
109 276 33
323 74 24
96 395 11
294 336 59
120 151 91
131 36 2
36 246 78
197 212 94
34 31 38
343 89 94
175 355 95
200 277 5
384 171 68
273 46 5
299 158 77
283 393 4
66 106 97
253 66 78
197 66 99
39 295 16
168 353 42
217 223 2
362 201 50
192 213 62
117 257 50
388 170 21
320 37 51
177 344 15
74 206 48
135 380 48
305 55 66
240 390 29
6 287 54
269 74 79
351 6 44
182 295 15
344 234 5
259 301 100
282 7 60
105 205 3
126 258 14
348 73 84
287 369 79
296 343 1
202 95 18
396 41 59
36 154 66
140 289 67
184 196 18
302 379 7
166 106 8
63 97 8
201 119 28
106 56 72
235 390 17
316 366 77
85 110 9
257 376 40
347 32 79
179 390 53
122 195 23
60 368 27
115 158 11
294 375 72
287 24 29
246 293 38
169 182 41
242 108 39
103 282 100
175 179 41
147 157 86
227 320 81
288 284 50
279 49 99
333 207 42
351 216 27
2 45 100
176 351 44
35 211 66
392 210 95
310 288 67
13 265 95
138 12 68
364 142 55
241 69 67
334 182 69
358 393 44
246 390 27
377 0 74
300 351 73
278 250 95
389 215 8
387 344 71
60 87 78
169 263 59
197 179 70
275 363 7
41 176 59
17 335 45
329 248 35
54 11 45
232 295 92
35 27 62
262 153 98
180 309 37
245 33 83
336 383 74
39 94 12
87 55 89
134 92 13
394 121 50
199 190 9
297 308 53
45 279 50
90 169 86
218 21 48
274 331 64
160 289 82
273 166 95
323 196 27
280 1 89
189 301 4
384 375 74
81 114 68
26 326 65
127 121 2
295 85 42
130 177 33
118 169 85
92 385 77
393 75 53
320 17 57
72 321 54
198 246 21
342 388 67
146 241 31
394 280 55
332 369 90
283 293 4
7 126 23
288 365 55
151 18 83
74 39 90
170 232 61
315 194 12
280 278 23
81 315 18
208 311 96
161 220 19
305 126 83
390 313 9
341 96 71
311 233 64
118 19 20
65 118 44
318 346 71
119 392 63
82 182 39
65 332 93
396 236 16
23 4 19
145 130 26
78 155 39
284 259 87
121 212 85
304 387 54
65 238 26
370 290 80
289 366 24
195 10 27
369 119 18
265 312 54
110 205 89
272 120 48
371 63 8
296 351 95
324 395 10
380 341 19
175 390 2
273 79 20
334 342 90
61 232 56
26 98 56
306 102 84
187 8 59
155 205 3
110 389 88
118 64 44
261 3 81
330 73 29
95 3 34
269 334 26
124 383 99
69 3 29
253 188 60
39 282 84
368 277 22
122 297 63
37 24 54
125 32 11
146 145 76
127 62 62
331 31 7
259 48 51
268 275 24
318 66 3
44 26 5
294 84 61
307 134 62
297 287 55
389 216 43
336 30 27
315 397 63
226 0 85
365 330 15
53 217 64
101 119 97
53 386 76
13 299 23
86 366 39
63 205 68
271 369 36
214 109 61
214 309 41
310 393 56
149 354 83
105 7 42
179 265 44
322 365 34
109 138 46
251 392 22
222 206 69
155 137 27
343 382 16
399 124 44
266 169 74
268 299 40
365 94 30
121 307 9
29 73 21
184 365 98
378 75 53
210 74 64
51 53 15
4 47 47
211 152 10
245 297 28
198 79 14
285 304 79
98 20 2
208 59 49
260 175 95
255 166 83
230 310 7
86 372 94
61 272 29
163 291 37
166 319 13
138 315 42
396 271 62
334 3 45
196 355 55
395 384 36
227 384 96
389 335 58
232 14 48
280 315 10
72 178 21
356 184 73
377 294 36
322 79 79
105 14 96
324 361 6
363 257 65
6 308 11
328 252 16
399 260 9
212 27 87
270 247 63
263 347 58
344 108 64
223 119 99
73 346 11
111 301 98
31 381 100
347 205 86
356 193 49
244 76 74
140 160 4
134 21 98
172 240 75
78 240 67
188 17 11
253 251 97
222 142 99
88 216 59
376 69 48
343 79 10
116 293 51
193 3 92
227 180 29
47 215 89
357 338 87
51 79 20
208 133 74
217 300 17
97 343 51
190 158 56
161 104 26
14 25 50
19 244 21
232 89 82
231 10 80
396 38 80
48 34 8
40 155 69
39 224 36
344 334 39
358 55 25
246 114 43
250 156 38
327 267 17
246 264 39
250 366 34
384 70 56
7 70 93
370 190 49
2 144 92
365 384 97
33 385 27
381 345 67
313 373 63
91 122 57
98 105 93
391 36 21
356 379 13
292 130 16
24 8 2
14 56 65
229 347 59
247 148 24
329 165 42
181 104 70
96 279 78
356 104 27
354 173 30
256 86 28
388 379 95
261 221 17
155 21 24
116 348 98
85 369 13
13 65 74
143 111 71
291 73 9
292 383 30
117 85 52
184 228 59
216 320 62
278 283 19
160 344 90
70 26 70
92 247 67
277 237 98
83 154 95
108 398 16
389 148 31
142 118 33
156 280 45
268 192 55
26 67 4
229 64 79
262 255 16
130 80 60
88 309 43
62 216 7
329 160 73
300 84 12
173 397 4
326 49 36
199 185 89
391 28 62
41 250 6
310 89 77
297 304 8
79 322 28
100 127 94
162 173 19
136 271 66
362 306 5
364 63 70
32 18 23
120 232 33
39 42 92
16 85 24
316 355 46
20 51 98
179 190 92
52 398 80
157 198 48
183 251 95
258 109 87
393 208 96
201 302 51
9 258 23
199 77 40
163 388 61
41 300 6
277 93 54
258 361 63
299 52 25
40 337 28
66 152 94
386 62 91
347 228 89
235 370 50
185 209 30
198 24 16
4 74 42
376 224 82
52 230 89
188 260 73
357 359 73
126 59 40
67 283 76
251 221 33
102 112 46
356 66 83
59 164 78
51 187 66
82 268 35
88 323 2
363 185 87
81 112 13
129 168 78
181 92 67
114 385 92
263 54 60
333 171 58
228 165 43
254 79 6
115 27 27
78 386 31
87 111 58
51 181 2
177 78 63
315 151 76
201 290 74
384 170 41
67 327 7
233 280 100
213 349 65
393 16 99
109 396 29
365 185 27
191 176 23
346 186 76
304 35 3
73 227 3
184 124 3
357 335 77
281 274 4
104 377 96
0 95 55
308 195 17
258 89 27
51 92 84
121 208 30
24 389 26
2 357 69
125 161 71
284 58 49
113 285 52
35 376 38
176 235 68
287 22 28
320 234 87
277 166 12
52 350 71
109 311 6
260 123 58
42 26 38
68 355 46
332 30 95
132 371 88
72 39 5
226 61 27
359 27 7
338 352 94
271 90 22
335 377 55
374 34 82
30 355 15
217 19 72
194 110 59
328 57 41
126 50 46
68 334 65
268 0 7
33 102 27
183 332 47
328 112 2
89 387 76
326 178 37
214 171 83
14 357 68
86 346 61
144 136 61
64 154 38
368 398 50
350 280 51
325 234 8
92 392 55
8 193 99
182 44 77
212 152 95
367 316 90
313 389 74
242 240 21
121 32 20
205 150 94
315 117 13
159 128 69
63 285 8
390 386 50
273 63 16
263 258 97
17 267 19
184 234 42
18 119 29
290 350 12
12 81 46
194 99 12
371 122 3
362 307 55
9 207 36
145 340 14
145 300 93
44 157 31
122 311 82
250 396 50
152 47 13
397 43 35
150 174 73
153 321 28
297 354 50
266 385 27
33 203 46
350 7 81
250 266 18
241 217 62
53 326 96
243 349 83
109 180 4
76 146 79
347 213 19
2 155 48
352 358 92
372 40 17
346 248 15
22 233 69
242 170 84
219 308 30
91 192 82
348 224 12
163 126 9
304 229 34
66 158 9
247 289 71
128 337 98
176 63 47
217 233 5
239 361 87
204 273 45
43 231 18
363 14 81
331 121 71
196 180 26
386 154 38
108 370 47
353 231 55
389 225 49
378 15 80
229 359 38
119 125 71
343 48 58
20 196 60
20 40 34
272 105 66
141 102 90
267 15 42
91 214 8
96 82 99
151 212 71
81 384 89
164 215 14
267 44 25
322 367 80
311 382 90
16 145 19
181 359 29
246 134 45
104 271 73
98 151 73
292 195 68
261 222 31
221 37 72
0 312 31
186 181 96
126 253 20
179 279 23
217 241 22
368 310 30
232 123 59
250 57 90
102 139 73
47 188 23
172 73 1
361 197 47
326 69 96
319 335 69
305 251 83
348 158 24
169 38 62
393 84 90
226 244 67
278 356 37
192 227 69
22 279 55
178 42 70
205 197 91
194 126 89
32 16 6
46 165 8
198 301 58
293 255 59
192 354 72
128 140 96
22 78 98
124 111 50
318 240 3
184 235 73
110 16 35
394 209 14
187 331 42
305 250 84
75 89 16
177 14 89
178 379 18
143 250 31
124 224 26
311 38 17
47 181 47
107 26 60
393 68 80
283 21 26
180 384 83
61 135 71
163 181 68
99 94 60
256 244 89
191 41 56
314 242 57
386 73 44
27 145 95
315 310 3
242 379 19
138 80 83
5 291 50
163 367 81
212 172 3
303 181 57
294 17 14
361 136 77
59 96 28
392 164 57
188 382 59
33 43 13
281 390 15
255 24 29
247 96 3
93 374 66
43 265 75
356 259 1
303 69 27
259 278 14
81 75 71
305 104 81
370 297 51
215 325 92
273 70 82
144 123 73
257 65 47
373 63 59
281 94 33
105 95 53
3 110 52
93 241 45
279 216 99
43 226 69
260 107 60
162 275 28
235 288 83
372 300 87
107 86 90
282 209 41
17 107 85
287 390 36
356 138 41
232 62 28
389 279 6
61 328 6
68 211 39
343 14 14
82 9 18
385 23 77
238 314 59
289 256 22
259 320 12
276 43 46
182 29 63
354 375 42
238 113 33
289 86 1
230 321 99
14 364 100
212 21 81
367 233 69
337 24 93
221 196 45
105 156 45
187 281 48
201 210 40
295 10 65
73 99 85
258 305 1
33 195 11
31 373 81
389 181 98
70 399 56
213 264 66
329 327 60
77 82 33
176 142 80
333 174 48
38 231 85
312 388 64
341 365 1
188 181 39
136 326 16
192 258 93
356 266 1
251 98 57
186 12 91
345 206 37
192 144 45
188 2 65
5 305 46
327 102 48
310 77 50
257 67 45
390 43 35
312 150 67
327 201 37
50 278 21
157 146 35
304 127 91
310 242 61
103 85 52
297 255 28
73 79 42
180 127 75
36 170 83
219 38 92
55 217 78
210 346 9
150 388 97
240 28 83
3 40 6
363 195 48
212 178 49
28 179 48
157 19 33
315 129 10
219 250 94
50 87 100
121 129 97
223 211 69
325 53 89
126 207 48
237 66 52
39 341 97
88 344 6
178 203 44
283 22 32
47 212 75
359 106 85
260 186 36
88 297 11
348 68 48
68 168 69
322 121 92
349 43 93
306 153 67
147 113 62
363 234 100
190 57 80
223 44 27
45 52 63
176 360 11
209 59 65
49 276 30
184 384 66
99 250 90
64 321 85
24 106 24
332 2 87
187 19 74
374 136 8
72 83 7
2 351 2
270 354 81
22 217 75
345 228 51
60 269 1
287 205 42
296 269 33
160 227 31
69 43 30
181 62 61
363 36 46
208 167 75
301 228 83
207 18 26
344 238 42
253 394 59
87 19 81
178 399 73
56 155 69
168 333 5
118 383 8
120 60 57
359 278 24
281 233 57
378 136 59
367 21 93
51 357 59
392 179 11
218 194 37
296 271 90
62 283 21
31 96 12
0 54 32
171 249 82
18 117 93
287 124 77
197 161 70
158 197 32
189 295 19
245 316 72
53 43 5
236 157 52
312 320 80
300 151 84
173 177 55
198 249 22
176 341 95
86 345 55
280 83 57
10 46 58
44 319 38
260 54 27
90 105 16
328 148 33
157 276 20
168 53 31
219 274 3
167 343 66
337 52 77
48 63 73
48 273 9
117 89 63
66 339 25
12 329 2
84 395 43
297 267 74
134 302 6
77 142 92
392 366 96
123 161 33
148 167 3
135 360 7
81 227 36
351 247 11
117 167 36
245 184 47
291 376 16
125 342 30
129 183 26
32 284 99
308 193 32
179 51 84
57 34 23
67 312 52
374 385 78
286 9 18
59 380 54
394 144 69
344 205 16
379 114 98
97 393 79
174 136 76
44 288 52
222 329 63
353 8 41
42 38 41
300 89 45
139 308 89
297 29 61
247 90 93
173 104 86
195 53 92
302 108 13
143 140 91
158 377 86
371 311 64
363 108 54
98 242 44
188 322 37
346 66 19
299 163 78
350 246 16
24 350 91
334 32 44
104 338 2
131 386 82
122 55 72
52 8 24
389 250 97
283 355 26
125 278 14
388 125 20
294 16 48
216 7 25
384 126 96
5 313 45
143 369 96
345 323 96
382 187 30
200 50 3
147 270 45
226 221 55
30 369 40
303 124 6
291 127 16
102 273 90
160 95 86
150 249 64
248 95 36
50 155 57
232 274 89
391 189 15
271 244 20
238 302 53
139 318 21
103 383 40
349 273 8
176 77 43
386 380 39
34 237 3
141 339 21
92 359 6
168 72 3
78 129 53
294 134 18
101 346 74
242 6 80
328 237 44
152 24 72
200 124 75
72 62 40
12 53 44
245 79 38
242 225 64
388 390 78
108 158 11
75 337 76
376 24 86
247 339 10
357 69 60
329 259 22
76 209 5
234 101 13
169 31 15
41 192 47
320 75 74
41 165 66
114 338 6
264 36 5
257 121 62
367 371 36
29 38 80
301 185 76
130 306 6
169 251 12
123 85 40
376 145 55
84 348 67
34 176 98
245 101 48
236 326 70
370 223 55
80 388 30
142 127 11
257 35 84
70 78 12
112 236 82
295 297 92
320 68 55
340 57 87
333 181 59
331 322 9
38 128 82
183 366 3
107 143 91
19 2 22
249 133 17
193 207 100
13 214 78
80 278 74
371 241 83
249 25 36
80 85 45
134 185 8
14 301 4
116 226 11
75 218 72
226 324 39
389 128 20
29 117 20
26 84 90
289 176 81
55 63 85
32 165 38
39 286 89
155 318 98
319 122 69
304 224 72
322 148 11
353 113 30
399 86 10
184 7 48
73 297 75
232 268 55
143 234 97
364 120 31
274 9 34
13 230 75
15 1 74
277 107 31
167 369 33
274 140 54
112 47 96
318 328 25
313 332 15
115 151 17
208 6 13
153 78 29
351 368 94
91 294 53
54 383 69
173 215 91
339 311 39
135 392 68
80 123 67
217 294 1
5 40 39
254 263 64
375 2 34
221 9 90
329 272 71
79 377 37
125 219 22
290 267 8
379 307 100
373 136 30
109 189 70
182 259 58
225 88 91
91 27 41
21 209 95
334 333 3
327 47 11
188 280 4
182 138 76
123 226 82
201 149 95
262 75 68
150 227 45
30 262 69
246 322 19
291 50 12
23 56 62
291 245 98
79 200 95
63 229 38
399 192 5
218 302 46
41 397 16
338 329 38
378 62 73
329 32 72
154 362 12
102 284 87
72 255 50
283 248 58
253 293 6
109 11 45
80 258 92
390 174 50
183 215 100
238 205 95
389 358 64
230 308 40
26 255 2
305 202 20
319 249 18
97 326 97
265 252 26
367 364 87
387 278 46
238 180 92
228 206 72
57 212 51
367 184 17
158 79 21
288 64 75
393 18 8
154 320 25
35 333 7
195 123 57
366 297 95
119 102 89
223 157 11
42 358 86
63 87 28
260 99 69
170 97 12
171 125 40
159 195 86
270 115 10
180 115 40
21 218 56
43 387 100
121 83 28
70 141 70
245 163 36
295 267 43
338 275 16
159 290 31
85 334 49
123 237 51
210 242 50
346 277 54
371 132 100
174 281 82
355 319 66
109 37 70
83 377 5
22 8 6
111 254 10
165 379 56
170 78 75
113 128 26
299 174 8
285 205 47
72 379 74
271 262 5
289 125 17
262 390 68
229 248 82
340 103 45
349 15 79
325 360 24
204 374 81
329 40 64
193 269 6
170 207 42
12 119 27
77 232 69
93 83 96
164 373 28
292 40 79
351 229 13
188 288 9
90 387 30
68 175 80
220 324 35
27 283 53
353 226 34
100 339 32
318 143 72
271 210 18
20 9 4
29 60 69
171 220 46
367 155 45
157 21 95
205 25 61
349 76 53
350 139 45
26 42 54
264 328 66
141 92 89
46 348 39
318 359 95
280 205 63
148 203 55
234 170 83
79 235 76
398 124 1
244 139 35
371 180 39
23 96 47
175 204 77
320 305 41
133 109 12
376 385 39
161 48 99
191 99 88
267 317 83
272 162 56
59 331 10
207 281 23
260 354 70
281 165 90
171 114 26
39 292 72
146 330 28
195 48 92
86 336 3
126 318 56
9 312 51
385 187 36
73 169 8
244 172 51
274 116 12
87 230 67
121 239 92
91 194 95
98 171 56
35 275 68
32 369 70
64 302 56
172 277 90
257 250 93
250 274 37
164 383 92
76 274 18
377 311 56
216 94 66
40 295 84
391 52 36
139 7 28
248 234 68
31 238 51
106 35 100
198 155 46
1 25 57
145 378 48
127 304 68
214 316 74
318 133 1
145 347 55
47 392 6
22 322 51
18 281 25
0 367 52
369 345 78
34 97 27
343 298 32
343 58 56
61 358 78
218 17 78
341 335 94
242 61 33
397 373 2
119 138 52
240 144 40
376 31 81
380 50 86
116 66 88
385 152 7
19 309 35
350 54 27
30 344 54
288 277 54
247 360 12
49 37 5
166 144 25
344 207 7
276 367 87
198 78 16
184 397 64
81 242 28
164 211 26
176 169 97
66 93 76
110 316 81
31 313 20
317 66 81
334 380 23
359 368 13
29 16 75
264 31 73
187 212 51
122 59 35
318 334 46
7 68 9
321 361 43
77 267 62
362 215 60
91 43 49
146 339 12
132 239 30
159 380 21
180 263 29
156 57 86
154 359 46
283 353 94
334 63 12
101 80 31
264 215 96
382 390 34
350 38 72
278 9 6
7 162 36
94 380 99
196 62 99
168 186 90
370 348 65
273 81 81
53 271 82
95 14 57
143 242 7
263 327 81
180 202 62
64 40 42
392 347 15
394 332 42
256 321 81
398 155 93
211 377 54
17 71 43
255 258 18
157 268 71
324 173 55
327 245 2
290 171 37
334 18 44
47 222 77
155 325 31
240 176 48
47 79 8
205 216 35
139 329 62
356 255 41
185 92 89
55 272 92
161 237 25
322 370 66
239 66 73
344 80 75
110 201 59
178 189 77
235 360 82
34 10 50
2 210 23
171 229 64
351 157 5
319 365 63
175 329 57
74 36 93
5 264 48
145 21 75
181 347 45
356 70 77
275 203 21
32 240 83
203 198 81
193 362 85
23 218 25
81 48 73
10 200 56
101 167 15
250 126 57
322 177 63
66 118 51
1 384 4
378 192 80
374 152 56
234 243 55
220 295 36
229 31 98
283 123 66
229 353 53
157 2 37
371 24 83
220 89 68
217 144 78
126 236 10
363 397 99
375 396 58
384 347 97
240 165 65
50 380 14
304 34 18
158 135 98
141 383 91
261 189 91
17 100 31
31 306 35
192 234 22
216 274 15
203 384 29
389 342 5
361 151 10
79 222 64
333 205 51
222 36 35
218 318 64
116 361 91
114 220 21
4 218 65
8 11 13
274 244 46
194 206 75
368 173 6
343 36 60
121 387 57
397 280 52
35 177 12
119 144 46
379 162 36
256 384 19
99 244 82
316 343 66
76 199 20
240 66 47
209 82 89
328 181 4
373 387 38
45 378 82
245 350 85
338 391 49
4 204 59
356 165 13
204 353 18
5 105 69
250 112 12
233 44 68
216 214 68
79 113 66
291 203 4
226 62 99
343 277 47
278 129 20
100 52 82
312 109 25
239 185 60
100 146 9
239 274 5
285 376 79
363 20 86
297 225 75
300 240 18
270 383 50
280 396 11
45 91 28
169 385 12
381 35 87
336 269 6
11 13 88
296 146 6
104 144 71
383 206 63
159 0 61
226 134 32
227 284 94
222 136 79
268 238 83
321 385 27
321 73 10
244 29 73
286 388 73
148 236 71
245 152 91
12 74 25
8 288 82
204 233 45
185 387 75
160 126 13
342 385 62
311 175 54
249 140 13
87 260 45
341 143 7
179 297 15
90 306 87
86 103 38
238 298 56
257 71 96
275 29 3
114 29 16
241 227 38
55 8 13
250 245 31
97 399 28
359 116 49
238 27 14
0 110 80
155 127 52
172 79 78
374 94 100
91 213 72
362 214 70
168 381 5
244 163 85
0 52 97
100 186 67
153 270 79
396 181 85
173 118 63
316 315 40
156 228 63
218 42 63
91 223 18
358 191 95
161 124 89
257 350 61
214 93 39
365 127 98
255 68 80
124 244 33
254 286 88
85 382 3
85 396 73
331 209 68
79 6 59
335 18 69
382 63 35
318 399 78
224 119 31
190 92 4
21 104 78
342 139 47
227 376 89
263 379 63
205 92 59
184 73 75
367 146 7
335 193 71
275 18 43
193 256 84
139 143 90
274 167 18
196 343 61
142 85 26
393 4 39
286 106 47
15 69 85
349 260 80
119 110 38
62 249 99
72 297 4
59 85 15
86 242 9
104 61 67
179 63 69
291 264 65
9 397 56
148 361 81
151 355 49
183 241 41
255 87 85
143 59 13
361 229 68
42 214 100
251 390 20
99 314 10
120 156 95
309 301 88
89 156 92
164 92 1
217 340 60
138 24 1
133 5 64
359 154 24
337 145 65
220 146 19
242 111 2
45 294 5
154 16 81
109 62 58
363 366 96
48 351 21
121 107 57
388 233 16
197 338 23
97 239 14
299 263 94
72 108 87
362 273 49
246 2 65
40 129 41
66 247 65
84 162 43
338 276 35
395 342 48
358 246 100
208 392 36
175 133 97
290 339 33
35 34 14
369 364 43
232 38 46
225 93 9
176 279 9
259 251 59
354 149 31
151 317 87
54 13 47
75 267 78
163 144 34
113 310 49
217 283 55
221 315 64
59 248 11
234 103 38
107 211 24
230 206 34
206 54 14
168 309 5
99 137 100
372 182 2
274 57 91
314 117 41
240 195 33
147 101 82
348 240 74
332 176 24
280 72 2
203 81 98
1 149 6
172 267 25
278 151 15
105 202 59
146 65 48
292 269 41
78 209 16
13 210 40
8 341 41
314 360 42
298 336 58
237 17 85
222 97 15
82 225 5
234 41 14
187 190 89
28 50 80
57 46 63
48 343 60
128 107 55
18 52 58
150 386 46
397 219 83
359 385 89
381 241 71
86 57 67
363 227 51
156 83 80
310 236 11
81 295 7
73 199 42
65 28 37
184 139 86
218 297 85
53 134 58
31 214 41
96 4 98
360 292 14
96 382 48
249 123 34
36 55 60
360 110 80
87 89 14
237 162 15
303 95 42
54 377 54
205 393 92
110 45 73
151 130 19
143 214 32
330 43 90
94 149 31
134 350 48
307 34 96
110 296 56
392 28 67
251 71 33
36 306 97
59 199 70
168 350 80
332 267 96
222 27 55
212 40 47
350 132 62
290 273 20
201 84 15
362 63 35
184 308 88
17 48 50
201 179 4
28 348 72
140 314 17
100 125 31
157 45 16
381 273 63
346 324 65
39 385 48
98 3 37
266 285 53
84 337 83
251 334 8
179 225 76
189 267 67
125 256 78
229 351 8
286 97 50
87 301 26
1 173 42
152 102 60
19 128 98
133 58 45
173 107 64
148 174 29
121 36 57
282 342 55
143 101 75
53 30 97
22 338 43
311 27 39
170 254 98
106 59 77
214 227 39
158 368 55
164 350 14
354 225 65
4 257 35
93 351 29
271 383 23
200 189 10
334 64 6
232 112 79
341 106 52
134 377 77
294 73 27
233 132 85
91 114 96
2 179 18
174 170 95
77 132 69
35 168 35
48 320 12
286 234 63
356 76 75
219 353 48
374 276 6
317 63 87
41 385 17
221 62 59
32 308 33
273 185 31
186 165 89
148 358 76
59 201 34
39 116 8
165 7 47
141 258 4
265 51 61
202 82 98
167 48 53
61 69 41
381 246 55
156 25 63
219 319 6
106 34 76
214 324 96
340 31 44
221 387 51
356 246 71
351 12 48
294 227 63
230 378 15
181 100 59
129 9 24
85 136 19
118 110 49
29 365 16
280 38 30
242 296 98
341 97 82
172 265 8
311 249 22
188 339 79
101 2 12
243 249 85
11 272 4
227 84 23
2 220 8
326 163 86
103 47 37
273 290 5
95 341 3
325 160 37
344 85 74
84 254 91
277 76 58
166 399 14
384 216 21
26 253 7
40 33 98
387 198 58
167 117 15
265 88 87
383 44 51
340 143 2
376 258 76
27 206 95
289 165 45
152 208 54
194 103 84
259 209 100
310 56 44
337 368 6
1 59 57
75 55 29
202 284 12
159 270 65
191 351 83
157 231 49
240 46 18
398 19 77
102 55 21
346 91 43
139 8 11
312 166 28
158 139 56
172 131 15
225 168 100
330 164 89
225 253 19
187 275 21
73 322 37
123 300 81
291 1 89
139 386 100
77 364 96
283 64 99
8 12 32
110 88 100
136 241 28
292 46 76
331 324 58
220 129 29
338 191 16
121 80 45
83 334 6
32 300 77
372 371 23
366 126 17
165 159 47
202 317 19
286 275 78
51 16 53
133 330 74
327 48 65
147 38 46
178 394 65
308 79 87
160 328 49
114 333 18
139 24 73
305 394 45
202 205 7
307 305 64
151 282 13
360 99 25
375 110 71
322 165 6
308 125 47
372 391 85
96 283 84
150 360 34
78 29 87
206 212 64
372 135 93
201 52 41
221 206 34
246 25 67
286 357 77
312 372 96
225 216 82
203 88 1
309 332 13
1 224 4
129 212 80
230 191 10
162 5 55
122 159 11
399 16 82
366 92 68
69 377 1
203 70 94
271 263 41
2 376 16
106 3 25
292 225 71
197 141 10
73 242 100
296 223 20
188 101 81
26 236 19
62 153 24
267 330 51
196 74 18
382 327 32
359 62 33
330 86 29
278 396 24
380 49 69
169 295 94
40 189 68
399 251 66
234 370 49
187 145 59
55 273 7
230 262 25
299 72 68
82 3 29
5 138 7
251 29 72
42 190 4
254 289 89
382 36 57
60 387 57
254 81 63
156 1 19
200 202 45
75 244 73
138 191 15
364 307 66
36 135 26
13 258 13
301 155 73
391 91 87
130 334 29
1 298 28
11 82 42
298 377 60
363 71 98
258 217 29
266 167 50
101 236 48
36 309 8
321 378 59
275 337 62
368 96 13
333 114 95
263 180 6
232 139 31
272 334 46
287 193 57
230 20 76
311 339 93
9 122 64
325 186 7
331 238 4
148 11 36
393 281 68
147 268 68
290 218 96
222 189 33
227 226 22
332 222 81
258 306 12
69 215 69
300 132 90
296 397 31
363 238 49
264 307 91
216 326 57
352 248 2
20 84 79
127 153 72
330 324 58
248 395 4
334 165 32
277 308 66
398 241 83
247 98 84
66 38 90
316 128 6
146 186 36
216 281 83
52 280 24
232 263 48
25 71 97
385 42 61
205 95 20
149 225 11
14 277 44
107 331 35
88 91 89
253 160 49
197 60 53
389 268 90
144 313 65
207 364 95
20 267 12
221 99 81
14 44 64
260 350 12
79 133 19
175 168 18
218 108 94
152 81 67
139 85 52
162 138 17
13 394 58
264 138 36
38 225 16
83 348 67
110 98 24
212 277 77
347 191 99
339 138 64
286 320 15
11 275 49
225 166 98
23 90 21
91 172 89
154 265 73
48 384 55
389 330 9
352 325 49
168 275 28
222 190 50
269 75 96
158 146 80
192 209 7
181 126 91
244 255 31
72 122 78
328 279 19
49 216 30
169 69 83
183 283 1
30 366 98
160 28 12
395 286 27
132 257 60
272 396 19
237 378 4
343 26 47
77 68 15
129 231 59
161 298 12
179 177 36
75 63 70
131 40 14
240 372 67
127 364 85
295 136 60
369 131 62
208 266 15
215 178 83
97 395 42
133 140 86
95 342 66
143 186 42
9 169 41
355 383 48
357 360 28
63 15 9
325 101 89
176 92 1
184 388 5
38 55 69
393 339 53
269 192 82
319 292 82
292 8 89
49 267 88
337 322 34
123 344 41
68 253 19
329 209 54
380 338 72
223 387 37
376 281 22
365 95 24
322 234 44
249 367 66
151 185 99
183 247 98
205 301 53
123 137 53
388 230 88
313 113 23
371 111 9
85 115 15
366 54 7
237 370 10
72 291 17
386 127 63
170 181 26
113 162 69
77 291 76
63 105 97
55 247 53
230 399 63
182 30 24
329 185 68
275 147 34
301 79 23
212 46 36
171 137 65
165 245 74
190 79 61
292 204 34
203 119 74
381 214 24
393 271 10
266 63 1
33 383 38
206 244 27
371 133 15
392 33 14
250 59 25
388 137 14
68 34 36
85 59 82
144 130 20
266 126 99
296 196 81
264 141 51
153 71 66
251 198 7
317 67 91
32 12 17
151 101 32
22 263 80
318 212 32
81 32 10
355 37 73
294 299 82
356 262 60
182 392 100
386 389 61
302 128 26
143 18 29
195 273 59
20 287 45
294 47 75
289 334 34
170 159 94
230 384 15
286 47 66
73 328 12
54 8 78
374 365 9
37 392 19
186 144 5
235 271 92
380 375 89
292 95 28
16 2 56
277 105 85
328 39 5
393 347 6
137 335 59
295 95 55
223 343 88
41 205 8
210 333 9
138 375 22
210 363 87
16 364 100
14 110 1
28 154 66
88 266 25
149 280 87
176 390 69
232 319 70
232 32 83
205 235 18
240 314 61
240 48 17
48 246 14
87 361 38
141 58 29
314 16 12
95 17 36
2 373 57
43 229 7
74 89 27
175 174 74
27 246 85
319 31 28
40 348 75
211 52 95
72 318 10
279 294 44
135 161 22
331 368 78
146 188 34
93 381 49
173 121 5
13 207 68
387 103 31
390 76 99
247 375 31
51 39 89
82 131 3
61 353 59
150 43 78
151 262 24
158 231 45
179 370 38
76 201 41
159 80 97
329 374 74
221 330 43
10 395 27
33 188 40
295 205 38
119 362 76
172 65 25
11 146 11
263 115 98
103 121 53
245 382 85
381 26 72
306 264 27
191 382 68
43 376 35
320 394 23
249 350 78
302 56 34
398 58 87
91 379 12
87 163 33
73 149 51
375 351 19
336 5 2
273 197 64
164 79 66
186 132 69
34 228 80
290 301 44
152 156 12
23 124 90
322 351 59
172 109 83
21 249 87
264 233 29
166 358 86
337 230 27
40 102 38
8 361 50
109 182 38
99 125 97
162 216 91
144 309 8
50 88 33
334 154 81
26 99 32
62 127 52
126 191 60
185 220 96
310 375 27
10 348 98
306 231 52
33 44 93
188 62 39
267 256 1
24 291 25
166 120 84
220 278 96
356 210 63
124 3 28
200 102 59
209 284 99
38 264 58
41 143 45
105 62 21
102 371 10
231 366 65
17 352 5
126 393 27
140 358 57
399 172 80
10 105 100
340 81 37
207 382 37
215 8 61
201 360 95
351 378 83
76 23 98
22 393 87
197 103 78
265 180 71
396 34 44
192 47 81
152 305 13
245 304 26
165 14 44
276 100 25
142 235 81
106 370 47
322 63 20
375 26 58
102 324 84
135 386 34
164 342 82
379 257 5
36 186 94
350 55 55
182 180 99
177 56 74
279 271 36
175 222 77
351 237 17
55 47 67
339 84 69
379 266 68
184 370 37
97 76 62
117 269 4
186 124 65
236 131 87
171 31 51
358 274 78
38 97 39
358 56 36
382 361 59
94 207 29
174 272 46
111 173 29
170 280 29
202 271 7
349 171 4
396 385 90
289 326 1
68 135 14
342 253 20
43 169 85
301 102 69
239 39 97
10 269 37
307 207 54
17 162 85
0 162 93
190 239 9
240 333 51
273 378 60
139 202 31
380 82 100
289 154 35
364 46 33
307 369 10
385 150 52
317 172 8
336 186 8
322 267 28
53 50 31
235 311 39
10 88 19
235 162 94
81 83 27
363 207 60
134 303 38
127 34 17
76 205 80
339 357 91
203 194 59
91 0 82
132 375 82
40 43 17
74 127 92
146 83 53
220 195 9
262 125 15
347 192 80
289 370 60
328 175 12
288 200 41
389 347 84
271 205 1
283 159 81
220 197 65
296 70 16
254 157 75
22 112 77
364 66 23
145 202 58
298 36 7
104 228 73
103 66 82
130 210 73
58 385 68
342 29 71
113 276 67
233 268 21
256 390 23
395 227 48
190 202 79
339 128 64
14 31 37
276 337 48
100 93 25
105 283 99
189 26 50
239 252 86
40 126 13
366 246 8
115 52 12
222 133 78
324 40 97
369 54 49
303 22 1
45 299 68
330 247 100
166 366 76
188 83 48
376 232 30
115 63 55
236 194 60
354 258 33
313 358 21
144 293 7
152 364 85
294 277 96
324 112 13
327 105 86
383 220 56
330 88 13
226 155 83
178 95 84
22 174 22
270 375 45
258 41 27
123 174 6
203 199 54
322 252 89
87 252 59
188 371 51
146 164 71
111 316 30
226 160 63
25 11 76
292 254 19
17 347 36
205 299 38
122 60 90
223 380 79
362 125 61
103 396 70
27 386 37
244 102 64
179 72 1
237 149 23
137 32 34
237 21 63
397 318 72
368 332 47
304 313 72
344 325 82
191 350 89
291 189 43
111 155 57
200 325 87
96 240 88
312 101 11
346 141 6
146 45 12
63 106 54
194 48 89
74 291 62
195 339 6
33 42 91
115 24 42
4 26 91
232 320 97
185 41 39
323 385 74
323 338 28
386 29 65
347 50 83
150 189 8
162 287 69
209 337 66
291 225 61
184 20 3
193 239 82
318 228 70
346 388 47
183 35 100
369 49 95
45 395 65
202 212 92
143 225 29
201 285 51
309 133 78
376 76 55
199 331 4
12 268 15
145 351 17
190 42 78
305 334 29
217 385 1
141 385 35
214 56 84
197 53 83
111 110 44
135 329 48
97 381 79
19 265 85
74 50 63
392 368 5
226 124 9
399 294 25
374 342 56
333 225 27
363 201 29
54 139 36
120 362 14
241 185 96
140 311 80
169 139 43
256 310 13
39 135 57
336 253 5
52 191 8
97 81 48
28 132 42
195 103 13
295 178 93
286 211 92
143 273 56
344 58 8
322 247 55
32 10 38
249 220 15
218 153 27
194 357 48
116 351 20
353 109 28
283 53 91
147 137 37
194 29 98
206 10 44
198 238 85
392 6 67
119 305 26
159 260 95
386 132 63
309 68 83
189 273 9
89 333 67
313 97 39
67 37 20
318 115 48
329 114 100
231 48 31
47 5 25
121 381 96
361 230 72
319 308 29
99 227 84
307 121 25
191 289 49
72 324 39
168 311 84
254 364 52
366 133 21
184 307 42
322 320 39
390 240 50
45 390 52
385 114 28
320 370 82
52 344 68
21 358 42
24 103 44
106 290 59
193 394 92
384 285 64
374 303 25
71 298 60
146 62 34
170 251 76
273 147 49
57 338 39
335 208 13
355 147 10
223 270 74
314 387 88
277 245 77
209 165 58
297 118 41
202 151 61
259 149 77
127 78 42
385 10 20
314 336 21
227 59 9
369 107 80
260 60 83
330 345 94
1 160 95
36 138 39
395 223 8
179 150 35
92 120 15
272 274 60
300 127 65
395 271 78
96 276 73
55 308 58
131 187 16
214 130 95
245 82 15
28 332 14
256 161 64
286 107 12
239 223 19
319 166 48
230 17 37
333 341 52
217 258 95
155 305 47
59 110 4
179 223 44
63 128 37
332 132 49
95 78 23
184 330 96
362 282 3
160 15 29
398 182 62
266 383 89
351 307 67
252 82 7
157 299 52
10 213 16
113 151 46
274 91 51
264 259 47
315 247 82
91 392 91
28 190 36
142 322 88
358 394 82
281 84 34
237 202 70
8 243 23
95 329 87
172 343 73
205 71 71
279 125 79
259 299 59
288 3 46
323 154 94
276 26 56
398 332 64
287 149 12
75 260 20
170 173 47
147 230 17
50 290 20
96 38 61
299 195 52
214 332 74
158 85 1
142 214 23
20 86 55
267 42 56
255 331 40
269 238 70
364 182 62
226 398 47
250 193 43
327 176 21
300 185 98
275 52 55
232 266 42
284 57 7
180 289 96
394 20 59
252 269 22
275 120 74
396 225 21
101 221 52
211 281 24
181 79 93
71 183 95
310 183 9
54 197 56
295 281 71
382 399 66
15 301 93
285 39 80
360 357 22
231 289 26
159 26 45
219 361 84
289 123 53
362 388 43
25 300 40
166 342 55
171 242 53
183 162 19
269 302 88
279 231 50
73 126 55
379 262 65
125 343 81
101 386 78
275 221 46
387 7 38
134 244 18
31 360 70
109 65 54
315 99 73
89 174 55
137 39 63
234 42 74
133 85 5
39 140 9
210 50 55
89 141 54
330 393 68
240 22 64
70 373 94
64 13 50
320 48 47
43 298 72
23 240 35
379 55 14
383 267 73
128 28 59
156 205 12
218 58 70
258 322 34
112 127 75
175 280 84
333 361 94
315 126 44
261 63 18
350 247 80
250 368 95
91 175 94
33 299 21
399 46 51
341 289 28
136 303 71
105 125 61
212 64 36
398 54 86
268 10 66
14 191 89
102 353 75
93 250 19
28 75 69
95 166 84
18 387 24
374 19 37
47 275 34
234 327 100
265 151 56
387 70 30
331 51 21
282 368 49
228 360 90
295 83 18
167 381 58
261 41 18
229 175 50
155 186 59
195 155 74
360 243 96
103 247 29
101 334 58
288 358 20
103 112 73
20 245 36
63 254 24
319 47 13
53 276 67
129 399 56
394 374 50
392 303 54
249 56 1
341 360 74
387 186 38
136 156 75
5 382 34
251 336 33
104 91 18
338 369 86
190 204 34
183 90 63
33 355 4
10 284 10
194 43 50
235 148 17
16 326 59
221 295 62
229 58 32
354 72 82
230 345 52
164 267 12
159 158 50
61 160 2
381 301 37
113 144 65
231 333 57
367 223 89
324 32 68
259 75 81
281 147 55
33 47 6
305 319 93
298 285 10
19 73 52
283 202 98
398 68 100
169 64 88
271 146 74
316 190 15
345 103 31
201 26 12
287 71 15
358 182 44
0 160 88
244 303 27
386 325 80
143 57 14
321 292 46
62 304 4
182 76 63
388 338 6
199 334 69
176 41 56
217 91 42
152 101 36
204 104 80
390 343 93
123 311 8
370 101 48
356 135 67
299 384 68
163 307 34
312 183 48
271 265 19
286 85 47
129 185 59
151 191 98
271 259 64
241 120 45
153 22 51
313 79 7
113 348 35
92 62 24
64 91 17
125 329 81
154 21 59
331 4 28
295 215 97
96 329 7
303 44 4
3 23 40
50 135 19
166 136 91
86 374 16
118 269 83
329 168 76
45 34 97
363 191 98
27 335 100
168 252 32
76 126 34
44 360 70
113 315 92
224 339 80
84 2 47
355 144 78
217 260 51
58 85 26
265 139 9
309 111 51
349 303 100
59 233 59
87 183 94
67 207 37
214 393 38
165 243 1
202 174 14
179 248 24
190 150 22
20 164 8
215 347 75
352 82 10
293 396 68
186 45 74
356 294 51
396 48 78
109 128 31
193 228 45
182 189 23
264 345 98
180 132 96
279 73 14
196 333 43
84 96 10
237 193 60
299 81 49
82 348 83
186 293 87
189 108 41
25 317 29
339 246 70
345 54 28
140 31 10
128 304 70
195 166 58
48 173 46
218 278 60
333 112 23
267 230 78
74 235 66
114 77 84
356 203 15
113 3 99
336 331 25
390 207 10
178 241 32
0 122 15
292 340 54
248 251 13
389 43 29
194 36 76
294 36 34
157 376 62
109 294 3
213 33 42
313 14 83
121 178 39
301 183 15
186 30 13
182 222 22
62 106 27
214 53 45
35 112 17
388 162 15
176 246 63
16 241 72
342 313 40
26 40 5
297 283 12
158 50 83
0 331 63
64 141 8
25 77 1
263 7 76
42 230 95
270 106 63
57 11 23
347 143 50
24 234 88
113 100 93
360 300 53
123 111 36
392 350 86
305 90 89
19 6 78
130 255 65
360 216 14
220 228 71
218 51 51
285 156 16
54 209 17
27 137 74
190 48 75
117 58 30
380 235 69
202 253 8
30 91 72
188 0 33
41 387 5
290 345 24
296 189 76
369 18 8
146 266 99
182 86 46
48 93 61
229 204 62
111 34 61
263 192 87
117 4 63
363 8 45
340 7 80
230 330 91
319 229 92
43 321 97
285 123 58
47 232 38
358 329 29
328 106 62
206 319 91
332 264 92
217 134 42
77 25 91
58 16 12
296 138 85
28 289 31
352 35 28
367 285 67
25 313 14
29 399 93
245 86 10
194 131 46
152 319 8
140 248 30
343 320 93
318 392 59
324 392 52
63 246 84
312 297 71
24 222 11
284 233 75
150 9 8
68 72 65
297 257 14
67 293 12
203 334 67
21 85 51
102 47 19
154 91 21
335 291 30
151 345 5
195 218 14
55 371 40
385 364 15
379 8 92
100 158 68
315 243 19
79 212 42
51 237 78
307 299 28
124 172 95
98 361 19
105 61 78
25 395 34
389 113 12
313 259 5
302 365 39
281 139 37
398 156 17
342 367 27
215 140 66
355 331 72
35 304 69
76 254 39
350 392 39
153 362 95
109 301 94
20 212 2
121 378 19
43 163 84
223 253 75
350 365 18
164 397 89
182 330 16
233 364 57
356 392 4
201 188 72
245 209 23
240 279 39
229 243 60
247 4 31
27 247 85
144 320 74
243 235 12
40 244 47
85 351 63
305 259 15
210 380 4
100 43 35
224 82 17
291 42 56
54 228 77
276 182 59
83 136 48
291 341 16
145 310 73
196 75 80
237 59 80
147 357 27
311 141 7
139 242 69
313 356 84
159 55 1
151 227 29
398 391 67
29 83 96
223 192 76
136 344 47
357 110 38
32 185 43
283 140 3
51 32 11
25 282 11
30 339 6
111 320 50
61 278 22
75 178 96
250 163 61
261 92 50
118 270 56
370 100 96
321 317 26
64 241 44
216 329 47
36 81 34
113 48 97
152 384 22
74 392 7
207 118 64
153 204 30
179 148 59
86 61 63
324 234 64
140 373 49
115 211 83
375 360 53
165 111 75
326 299 92
111 368 11
355 152 33
359 261 81
77 215 32
44 227 73
182 277 90
185 78 48
256 17 39
70 283 21
309 29 44
195 102 36
317 206 10
147 66 83
205 36 79
223 105 79
167 107 3
101 255 32
203 245 77
222 26 6
329 261 76
37 63 52
200 105 35
243 272 14
179 204 77
14 65 51
122 262 14
137 229 95
111 324 61
344 292 27
234 393 99
206 72 13
21 187 32
77 206 49
198 66 92
126 337 79
372 219 21
305 357 46
158 15 17
148 380 24
366 80 72
281 367 23
139 221 15
96 122 72
19 83 16
20 85 14
110 196 62
161 83 11
352 46 8
223 311 100
146 354 63
45 361 71
53 156 76
254 200 76
351 245 58
92 235 78
120 349 19
370 83 58
217 270 35
171 181 91
160 194 38
295 7 85
253 172 67
335 281 89
300 4 70
174 177 96
101 21 53
325 106 49
123 343 38
81 193 22
65 119 76
245 271 97
222 285 27
268 142 76
291 214 7
308 26 1
228 53 14
247 25 75
206 176 95
386 237 96
339 119 33
81 228 65
268 120 69
134 23 9
240 140 5
142 49 52
16 11 74
299 380 2
201 41 78
165 178 86
181 227 77
257 282 5
368 131 99
67 27 5
56 345 95
164 224 77
284 214 38
229 140 97
262 266 71
236 25 56
394 215 68
12 380 11
114 317 32
368 193 8
78 37 5
38 127 18
49 161 97
209 308 79
345 233 68
35 369 81
46 306 62
167 360 18
34 347 38
99 169 33
41 24 43
315 56 11
209 193 34
150 324 96
312 155 81
339 66 1
341 312 12
93 220 59
243 348 51
369 259 19
61 7 48
157 351 9
64 263 58
88 213 30
263 44 4
334 247 50
300 341 56
170 176 40
218 183 4
184 292 49
346 396 69
195 174 59
83 114 79
320 127 34
370 289 72
395 44 72
348 193 89
165 251 52
23 65 22
342 368 1
164 21 41
213 14 14
127 93 88
22 133 45
143 280 68
220 187 91
323 140 84
88 378 7
284 20 36
193 144 90
390 262 54
53 41 56
203 234 46
51 191 36
142 228 49
91 320 77
375 140 90
163 140 84
73 58 93
142 269 83
166 75 71
390 17 10
3 42 16
143 77 53
188 264 88
354 123 60
156 29 91
50 367 70
101 304 32
137 102 69
381 294 24
197 266 62
280 65 98
298 297 88
124 345 56
104 270 45
46 94 18
226 303 8
284 66 97
122 309 40
252 101 39
289 135 7
263 10 80
362 111 63
15 273 4
280 378 54
87 167 15
299 20 99
185 255 34
393 243 58
302 321 92
236 281 44
121 345 93
350 386 96
391 298 56
105 115 16
271 154 83
168 260 83
377 20 38
101 247 40
11 232 81
285 180 12
189 221 95
346 372 75
333 313 22
28 366 89
271 98 86
174 206 24
279 376 45
113 270 98
236 332 13
361 81 45
261 301 51
315 296 84
112 347 79
276 282 91
108 252 5
54 85 41
223 68 21
280 34 53
11 247 84
267 68 2
64 268 18
18 351 43
125 280 8
173 153 66
125 23 49
73 316 95
37 89 99
399 12 62
120 77 21
271 395 14
55 390 86
326 204 100
171 267 43
235 384 61
80 213 98
192 4 2
275 356 20
255 365 13
172 300 73
237 141 44
293 363 6
266 155 60
188 289 3
359 324 18
213 398 77
38 145 93
351 7 21
160 382 25
142 110 51
298 18 18
189 169 46
311 331 50
136 98 48
68 366 34
336 211 72
294 340 94
353 210 9
146 34 70
64 373 35
73 245 36
271 168 16
343 286 59
29 239 25
308 303 100
156 52 66
289 47 64
51 158 34
396 338 32
308 56 44
351 280 95
392 158 29
310 181 3
112 229 43
113 130 68
389 246 61
282 93 32
116 132 28
84 62 35
37 121 30
388 348 51
124 302 24
310 97 17
358 179 50
95 369 60
271 248 51
7 348 36
216 226 63
85 339 8
304 221 10
138 180 44
193 242 73
282 133 2
323 84 60
32 321 91
23 332 59
368 318 21
152 198 40
388 316 83
13 17 21
387 389 3
245 13 82
257 312 64
345 330 62
193 234 86
263 340 14
212 214 59
94 114 61
62 205 51
196 127 74
152 34 47
41 81 53
272 61 41
391 324 79
11 398 27
21 4 27
53 166 41
273 244 70
399 276 87
62 52 84
144 122 87
104 382 26
262 182 81
118 385 63
323 207 37
395 269 99
300 234 90
203 312 30
369 218 94
149 40 23
372 204 7
364 264 20
109 176 36
53 145 10
326 100 54
39 255 43
212 275 94
189 333 77
283 360 64
310 118 21
46 249 55
184 78 73
222 230 61
52 209 19
238 223 72
175 86 9
74 247 32
121 231 78
197 211 58
127 56 85
70 264 6
60 154 94
90 297 23
212 353 26
157 71 29
358 152 45
55 190 37
340 55 58
292 299 87
237 221 11
23 267 45
33 319 18
22 252 98
315 85 33
328 173 80
189 33 1
295 151 69
280 310 7
47 361 43
9 230 86
310 378 22
380 29 46
198 332 23
19 121 48
253 307 74
238 16 79
168 21 39
338 163 52
283 288 100
71 310 69
111 391 43
86 18 36
203 207 38
348 82 51
288 56 76
182 273 14
239 10 34
390 110 76
271 241 36
159 17 2
41 217 56
117 178 17
161 354 66
344 176 78
60 290 18
102 315 60
185 96 46
15 367 91
240 227 72
243 161 48
5 183 41
6 253 3
190 378 57
92 310 76
399 245 42
11 391 18
114 252 27
204 259 39
238 396 36
92 282 9
356 367 87
245 325 9
62 209 77
256 65 50
185 263 56
68 344 2
146 87 28
113 317 84
353 277 92
27 375 60
178 65 99
108 36 33
141 341 88
103 197 90
391 286 8
63 339 24
372 380 78
152 147 67
12 143 20
119 291 96
220 348 100
295 304 57
207 313 47
300 193 92
174 238 24
35 210 81
123 139 52
345 94 50
343 210 12
323 88 51
185 131 44
375 282 74
1 222 86
313 372 15
231 194 44
112 64 20
124 348 90
241 73 76
43 289 82
63 89 74
92 346 83
90 234 77
255 244 82
389 6 65
126 260 29
326 319 95
3 75 2
146 92 9
66 95 9
103 264 74
63 109 64
190 183 98
386 79 65
155 95 15
120 161 16
183 131 19
80 173 84
342 242 22
167 307 63
262 315 39
316 302 90
89 396 50
385 171 25
286 244 60
142 99 70
239 387 6
242 380 21
319 143 22
92 0 6
14 391 7
148 354 55
363 298 55
359 131 33
2 392 80
318 386 20
60 200 98
124 74 25
395 206 41
219 129 43
377 322 87
156 190 7
32 66 59
137 250 37
98 297 66
298 346 61
137 18 13
245 127 28
273 278 43
41 19 81
365 316 64
176 349 71
2 29 6
399 38 4
323 259 5
66 334 95
350 349 59
64 205 35
160 389 96
115 228 12
278 243 42
130 127 39
39 62 47
34 332 32
54 69 93
26 276 4
286 23 62
288 91 62
113 277 95
248 131 48
8 326 41
250 39 71
25 178 1
114 226 62
81 18 96
76 38 52
271 385 65
44 188 72
208 332 9
218 67 87
213 168 39
0 320 62
77 57 99
273 38 68
275 187 24
304 167 16
334 91 41
376 119 100
30 184 95
187 219 54
352 372 53
367 112 10
13 153 3
230 391 60
42 50 1
85 320 82
98 19 15
5 197 25
260 278 67
81 259 80
77 167 43
279 79 47
109 81 83
342 59 23
15 53 30
52 309 57
260 55 49
266 233 72
12 326 48
226 38 58
295 141 31
71 133 58
220 59 78
136 126 100
178 265 3
216 338 20
378 23 55
328 125 15
278 311 79
245 338 39
11 37 74
234 264 42
234 205 98
172 298 20
154 30 57
167 251 89
78 200 28
86 142 14
31 311 41
374 145 35
109 303 39
14 151 92
208 202 40
213 67 52
145 260 26
370 277 86
275 28 51
234 177 79
212 174 81
397 320 68
115 262 62
287 276 24
356 218 16
321 282 71
343 347 38
334 160 7
74 118 58
300 57 65
254 346 78
137 162 28
58 207 46
144 372 93
272 306 82
132 275 45
337 372 76
308 85 98
202 396 94
76 272 3
360 335 26
181 71 7
264 46 81
71 302 9
156 13 44
247 134 92
215 35 20
102 27 49
152 54 95
250 107 84
16 339 65
60 296 78
103 141 71
119 321 68
176 244 34
181 397 94
372 218 74
5 141 53
53 384 76
296 260 1
104 195 9
377 394 80
275 109 1
270 63 77
147 93 67
241 1 97
147 273 99
46 177 64
239 262 5
306 370 42
211 3 34
221 35 43
72 16 91
363 376 31
168 239 33
272 155 16
250 275 84
344 208 67
46 26 44
337 202 66
199 236 56
267 71 85
39 142 31
271 116 72
122 147 100
169 215 43
266 215 9
398 228 31
332 374 69
389 8 98
31 174 68
242 228 83
110 152 37
195 399 80
383 251 47
53 137 22
341 337 6
222 118 77
107 399 60
232 90 62
80 345 62
212 375 6
171 296 100
257 247 26
61 98 44
129 1 18
42 175 47
38 170 78
84 117 44
141 313 98
337 109 100
192 97 72
160 331 84
187 353 66
302 295 34
203 123 83
113 7 6
278 17 18
300 321 66
12 31 38
39 136 62
80 289 14
74 227 12
339 89 91
21 159 91
328 295 23
153 368 35
394 77 60
151 136 45
264 50 6
146 38 14
223 353 50
57 397 49
77 274 22
8 330 20
209 68 72
326 213 80
30 96 65
23 150 58
181 366 64
30 188 13
336 271 43
192 248 19
337 51 66
399 182 15
217 267 69
144 186 59
330 67 78
389 322 63
324 69 66
368 377 43
342 143 22
166 138 48
50 139 43
73 135 15
313 212 81
93 182 89
203 363 88
133 211 18
372 310 84
355 374 39
313 93 96
337 48 84
191 24 9
128 352 66
281 194 85
272 205 16
304 294 53
33 346 6
299 102 34
134 241 67
158 363 55
82 36 56
125 300 93
316 243 99
78 26 80
66 223 64
173 268 37
62 22 32
193 316 6
84 391 73
395 370 36
321 61 2
79 139 59
87 105 54
384 165 38
166 375 80
220 243 57
134 33 82
209 70 86
41 275 69
194 112 70
184 142 24
120 396 67
46 364 28
283 222 2
226 393 25
92 158 17
341 216 85
89 360 91
249 209 48
378 19 48
199 146 95
77 238 41
253 42 93
356 157 96
22 70 41
325 393 57
122 288 67
377 188 9
96 64 75
2 96 96
168 123 80
258 303 39
119 284 33
372 249 98
211 294 83
257 175 100
250 116 1
62 160 29
235 36 8
89 36 30
359 251 32
13 51 35
309 143 49
337 88 88
185 389 50
354 195 78
248 282 83
182 79 48
199 261 14
150 77 86
325 366 41
215 106 37
82 160 58
218 210 33
367 310 48
353 347 47
15 128 76
310 104 74
161 253 13
171 72 3
203 188 25
236 352 93
363 362 97
237 98 62
69 203 28
259 129 70
59 121 8
357 155 24
228 255 82
329 279 60
392 390 82
131 21 38
254 133 19
226 301 63
280 90 75
60 44 34
250 213 29
69 29 71
304 38 66
394 265 80
315 334 68
268 156 21
156 161 22
62 145 33
251 0 83
120 220 21
161 375 4
333 154 53
245 36 88
251 281 44
120 80 91
348 289 69
254 146 83
157 303 23
49 259 91
244 122 63
249 197 52
5 38 73
381 38 1
141 337 86
8 307 61
346 368 100
56 227 46
58 379 50
353 340 7
118 194 58
374 62 72
377 207 26
60 103 75
28 395 33
198 107 26
40 9 90
163 180 14
388 283 91
391 14 16
41 136 44
213 23 5
391 310 50
67 261 21
105 207 60
281 342 23
86 210 1
278 90 2
82 359 8
303 250 26
250 83 13
366 83 17
149 114 87
102 379 66
337 147 92
198 8 67
160 5 49
295 110 36
203 68 80
97 134 4
121 213 81
232 363 13
135 185 94
393 298 42
207 214 64
259 16 50
231 126 31
204 298 37
374 359 90
128 215 56
8 140 68
281 243 65
171 0 98
286 69 62
43 75 48
332 19 100
7 180 15
224 298 40
363 317 100
241 58 1
159 313 59
183 279 4
108 29 8
238 273 62
86 251 12
10 121 65
291 151 29
10 232 86
379 308 6
285 227 2
312 181 77
363 171 47
143 333 70
43 100 8
222 317 15
350 396 6
335 66 64
375 253 45
321 326 68
372 172 23
316 36 31
17 262 94
369 378 47
5 22 4
132 360 11
258 169 50
222 298 55
297 271 52
176 44 88
319 266 82
220 311 30
69 233 51
30 265 1
26 110 49
264 168 72
385 283 10
345 107 21
187 231 49
8 195 9
320 167 77
15 307 35
254 326 9
194 84 1
383 393 52
70 17 73
246 164 5
324 172 71
43 230 74
5 235 44
280 248 35
59 197 92
115 299 77
358 154 29
118 321 77
135 374 41
117 147 38
88 38 51
24 27 56
393 151 76
301 320 84
335 205 18
288 57 20
158 206 28
141 366 11
261 0 11
282 311 2
379 23 72
10 196 51
17 249 92
22 305 60
260 39 82
200 341 30
313 197 62
11 34 71
147 92 72
16 47 37
377 290 34
215 61 39
141 6 62
327 18 94
380 230 98
345 104 53
33 132 73
82 210 97
71 367 58
59 247 40
47 227 79
390 396 33
151 54 39
21 69 83
111 192 13
181 250 100
19 325 6
393 100 6
19 106 62
371 238 25
151 69 45
137 265 17
4 151 81
299 256 75
41 117 100
132 347 49
207 224 63
293 166 58
35 98 48
309 125 43
63 221 52
38 289 7
223 136 75
352 179 58
197 243 60
267 318 21
205 275 62
51 344 17
66 142 74
220 356 73
121 113 98
147 245 51
145 341 70
368 97 21
209 200 90
291 176 52
134 203 66
307 106 34
322 189 64
165 383 14
369 372 32
4 21 69
238 391 76
24 283 5
310 300 17
381 126 20
34 283 93
24 68 27
83 238 82
334 164 41
35 180 6
380 364 82
233 289 79
61 295 45
30 255 10
376 98 49
59 313 7
66 103 96
84 279 29
391 329 39
12 226 9
211 9 6
156 198 77
268 394 66
60 126 37
196 142 86
46 97 62
206 255 59
140 285 24
370 191 99
277 213 5
78 267 38
298 305 21
178 398 96
143 115 3
49 152 88
111 116 80
24 204 7
162 356 33
177 310 1
240 220 96
222 144 73
48 363 24
304 262 25
252 134 72
158 174 45
134 31 80
376 236 41
21 164 22
281 10 6
367 263 63
35 234 37
342 71 63
102 11 52
177 137 65
246 338 61
328 355 11
13 139 17
342 318 83
336 366 78
76 284 77
269 316 5
184 24 55
380 144 22
397 28 34
79 332 68
368 366 7
373 123 18
394 287 51
386 107 62
376 372 73
158 344 33
146 180 98
90 275 76
385 7 79
90 136 60
59 376 16
365 221 50
111 203 95
22 146 30
47 213 37
173 210 58
10 347 35
282 295 32
40 231 12
30 288 34
90 31 45
383 397 5
200 121 84
177 229 96
287 232 78
378 182 18
268 83 13
17 203 10
291 387 47
303 113 70
79 227 38
230 124 3
280 147 27
300 305 92
274 106 95
128 281 55
363 120 45
152 106 16
291 329 95
305 95 76
366 273 7
300 145 63
235 359 58
157 17 83
14 159 66
8 178 85
192 253 3
125 399 66
235 147 92
80 146 91
170 118 12
289 94 44
301 74 35
322 94 93
229 310 80
101 262 40
53 86 16
169 376 73
330 76 6
163 300 88
153 43 45
301 310 94
379 256 28
367 278 19
227 349 91
62 4 71
289 362 98
5 74 66
169 137 79
373 216 33
154 242 58
369 366 37
213 172 66
317 390 3
243 52 30
270 28 78
242 309 9
91 86 25
256 79 41
178 292 56
88 3 89
341 13 41
180 209 13
91 184 66
367 157 12
207 325 69
323 362 37
38 160 94
141 41 59
328 211 43
172 336 72
165 227 26
277 156 20
211 91 2
287 218 3
312 330 67
10 357 50
9 358 87
103 307 32
124 13 50
340 122 87
221 213 60
86 354 22
29 230 47
52 24 69
89 77 17
94 202 85
315 124 11
303 60 32
322 3 91
229 249 83
346 337 43
140 172 98
47 395 99
63 83 98
341 397 28
377 157 8
141 262 69
26 47 48
255 390 77
346 194 13
243 217 69
60 395 13
368 38 22
81 45 92
59 15 19
235 134 58
394 54 33
315 103 53
275 90 34
137 367 54
186 196 16
102 203 30
228 142 64
288 379 3
356 116 62
257 7 97
191 243 5
313 7 39
364 76 46
173 207 100
79 302 90
212 362 85
62 323 14
380 71 22
148 339 18
68 364 56
297 244 65
79 337 86
350 256 79
30 338 32
146 52 32
36 172 69
245 311 34
368 301 27
68 379 59
112 278 37
13 260 57
394 157 77
284 43 7
286 131 76
62 231 7
72 342 74
220 64 57
316 299 93
98 100 77
203 60 89
236 322 98
128 164 30
219 208 90
297 301 35
261 47 56
215 239 57
261 23 24
333 74 65
342 72 31
242 230 63
51 186 55
276 199 91
234 342 9
283 394 86
272 351 11
324 36 55
202 75 89
303 118 78
120 381 40
17 102 14
248 90 90
170 336 59
65 181 11
234 351 49
98 115 68
380 359 91
105 218 36
104 396 33
27 240 35
285 43 65
196 345 64
247 333 41
5 34 76
121 56 20
307 384 16
187 116 86
3 226 88
39 179 4
177 63 66
345 37 88
142 380 62
135 340 65
136 40 62
316 25 32
301 177 32
378 278 70
61 41 14
179 107 91
326 75 93
75 124 80
225 367 40
15 309 7
236 147 45
233 242 86
389 378 8
89 233 16
71 212 9
22 110 50
97 147 50
81 88 50
166 140 87
239 259 41
229 174 53
361 190 26
43 33 37
341 197 48
387 19 34
361 85 63
186 279 22
107 254 40
223 141 57
298 181 11
279 112 62
360 310 89
291 388 12
10 389 12
300 115 79
290 222 95
377 247 48
123 321 75
87 392 54
390 196 73
274 201 81
304 352 15
63 13 17
204 357 70
24 41 69
392 266 18
391 64 33
123 336 21
240 383 85
286 248 74
149 192 4
354 377 15
114 181 8
70 386 97
374 301 52
335 172 66
58 315 84
90 186 99
202 135 4
394 42 3
229 331 88
34 18 82
365 281 50
120 132 12
205 172 47
344 77 62
390 194 67
205 319 18
32 158 11
103 219 28
394 5 67
330 57 3
360 373 74
322 24 12
98 143 36
203 379 74
369 0 13
220 306 79
185 20 2
29 21 77
105 59 99
245 333 63
388 287 36
226 245 56
324 262 91
312 322 90
217 45 36
266 60 37
330 169 86
354 66 52
304 268 44
126 112 42
243 318 56
287 104 66
104 380 65
17 39 90
221 43 11
384 388 35
63 52 13
373 74 12
172 335 46
282 394 88
89 32 20
6 394 97
375 54 78
323 312 11
337 228 26
363 80 28
127 385 74
62 372 7
368 179 16
103 279 1
385 54 10
125 391 42
196 287 10
313 315 36
310 368 30
87 142 69
296 16 74
82 307 49
248 243 56
326 385 57
64 246 79
317 107 46
6 34 31
324 167 43
38 320 14
291 8 20
139 312 76
178 371 38
109 161 13
147 63 5
332 110 25
23 366 80
60 63 57
79 266 69
217 281 60
126 197 52
214 176 91
153 252 16
311 252 36
284 115 61
271 143 20
16 155 10
162 307 12
375 167 95
284 367 13
176 89 92
164 238 21
362 92 86
41 169 59
281 341 19
306 174 27
278 371 80
361 167 48
380 164 92
230 52 92
187 121 89
118 182 82
351 91 56
373 47 16
12 272 79
231 372 31
270 148 7
24 48 60
325 36 100
145 272 64
49 213 40
302 46 32
68 12 69
107 56 48
158 64 54
278 132 74
66 10 79
259 88 32
197 310 61
78 133 21
85 391 80
122 386 76
267 139 93
48 333 74
283 75 26
218 372 87
83 116 77
296 314 49
14 255 14
296 169 34
288 138 84
286 330 91
252 346 87
86 294 58
391 150 51
138 322 26
102 118 86
274 124 94
230 81 89
162 135 99
153 33 67
139 216 18
270 60 44
158 360 49
233 164 74
172 333 33
326 228 7
236 123 97
78 206 97
265 85 92
5 8 93
103 306 58
358 21 3
371 397 74
196 86 14
374 178 99
392 351 72
349 79 13
224 183 73
109 295 78
372 121 55
270 345 5
216 2 27
207 226 91
175 305 18
329 314 37
93 40 59
26 267 24
339 333 21
117 334 24
204 128 54
65 106 12
201 126 47
77 166 60
98 374 73
125 206 32
164 38 86
366 377 27
386 5 99
253 342 56
146 284 26
313 295 53
256 225 58
390 164 84
179 268 34
246 224 7
308 382 39
281 318 70
365 289 32
394 193 67
32 46 52
283 214 34
74 350 23
192 347 62
78 182 24
36 56 65
230 349 91
40 386 17
153 104 86
192 6 9
381 116 45
144 354 17
302 197 47
146 395 74
157 180 71
56 274 30
239 337 40
102 177 44
98 83 24
255 71 25
305 189 89
165 101 55
181 271 19
96 386 39
174 368 27
364 283 1
5 208 61
321 383 88
151 57 82
65 150 91
271 297 2
7 147 93
8 79 59
95 7 19
29 345 42
26 105 28
265 341 7
304 42 80
6 365 71
283 314 10
331 329 47
396 264 12
283 2 82
366 238 78
360 245 23
250 97 49
263 300 68
376 130 73
151 157 9
389 210 8
22 144 62
135 307 30
370 55 72
264 311 100
18 68 58
70 203 68
130 158 15
30 107 41
359 356 39
392 396 78
324 333 16
257 286 97
289 317 77
299 0 5
155 182 44
340 68 20
171 64 25
184 21 11
82 138 71
246 27 95
367 194 2
315 160 26
289 96 3
93 281 96
147 263 19
91 330 55
33 326 95
149 112 93
350 220 28
196 19 30
291 319 98
101 363 68
55 54 63
98 189 13
74 300 76
316 24 68
75 188 84
292 286 53
65 215 39
259 327 68
126 87 52
347 248 70
58 95 93
66 294 36
355 380 91
169 351 25
47 273 51
172 181 2
151 156 86
261 316 9
313 248 68
191 212 34
307 224 33
189 4 15
351 50 72
128 338 12
336 369 98
29 279 59
224 388 60
216 272 27
44 101 22
40 310 82
102 162 86
388 247 41
334 145 83
338 381 83
312 115 15
54 93 91
189 13 20
250 288 10
11 303 15
108 270 33
304 243 49
56 10 30
194 346 89
315 48 25
380 57 67
55 134 45
287 346 50
146 193 40
311 276 63
193 5 58
194 56 43
342 46 24
394 169 64
0 124 88
165 352 73
256 190 49
55 333 54
77 388 85
134 305 17
2 189 95
207 65 100
206 85 90
217 375 38
92 298 76
348 142 77
178 75 70
260 328 24
277 223 15
172 197 65
328 239 86
302 221 99
73 398 34
257 280 99
180 19 45
371 165 89
209 194 98
138 307 15
58 371 25
312 190 62
293 46 12
19 279 38
307 84 46
366 295 58
59 311 10
378 173 16
371 272 58
253 226 37
360 47 5
339 259 15
186 202 95
245 306 64
143 358 31
121 60 57
60 89 22
78 289 49
239 109 90
299 220 5
127 247 84
127 33 63
359 311 28
383 201 94
369 34 80
37 158 11
94 198 52
349 383 34
376 241 17
392 216 53
83 6 25
304 372 94
182 300 92
346 166 59
11 75 62
277 68 83
387 353 52
349 71 97
100 346 1
379 314 36
134 327 83
309 8 12
334 363 65
288 157 26
382 263 84
220 46 18
62 133 83
93 266 38
69 188 20
340 364 11
287 160 50
116 180 85
6 397 34
291 121 1
137 389 96
166 131 15
313 170 62
360 343 27
249 236 82
267 322 60
145 31 79
293 54 58
139 178 73
335 398 27
39 228 78
292 327 47
391 120 80
364 392 26
314 246 38
200 317 32
148 359 64
220 178 41
206 47 58
204 312 84
241 367 57
52 87 27
373 84 18
393 327 4
329 46 94
271 55 4
109 362 64
115 322 44
3 120 58
368 190 61
233 215 90
263 143 37
321 356 6
299 284 25
306 24 58
345 366 31
106 8 35
335 9 1
46 6 45
169 83 49
315 338 58
191 91 68
96 32 80
311 103 99
114 276 78
334 174 65
100 260 62
43 240 74
228 226 93
292 169 59
358 5 85
284 318 62
355 28 40
277 286 33
388 65 74
6 240 31
315 192 54
191 73 68
219 204 53
325 59 88
218 339 87
264 314 20
44 24 21
311 328 5
129 192 78
372 169 85
125 130 17
44 234 57
190 130 88
17 5 86
29 278 3
31 287 1
235 388 64
223 183 52
343 47 25
223 144 3
374 286 15
190 326 74
296 220 69
114 267 77
349 360 58
29 208 96
313 299 56
138 170 65
10 386 3
7 250 56
175 77 91
100 131 7
81 166 27
105 398 84
192 10 23
309 71 4
249 224 52
382 179 24
280 313 45
247 52 9
281 193 52
13 333 70
17 349 90
78 70 16
378 11 73
304 63 92
36 195 31
79 371 43
114 395 82
105 349 96
204 254 4
369 143 77
327 120 59
343 270 41
319 43 11
256 154 76
186 380 44
363 249 85
207 222 47
170 31 34
105 379 2
40 354 47
289 174 8
265 221 23
257 338 36
165 355 43
305 262 21
204 265 60
331 346 14
208 326 94
88 63 40
89 338 68
352 191 6
161 73 25
245 195 36
345 82 30
277 389 56
69 373 67
123 346 59
191 150 90
247 45 41
170 168 95
158 167 23
394 123 21
162 19 47
376 118 83
41 133 22
353 28 53
21 92 6
125 244 39
239 273 37
73 84 56
41 50 98
42 240 11
345 339 35
325 177 100
394 179 21
87 310 80
240 255 88
280 10 20
355 165 33
148 395 3
36 178 73
362 170 45
104 63 47
275 51 60
242 206 29
387 75 60
94 118 93
312 277 79
39 398 56
382 103 21
298 147 11
290 130 68
93 269 74
134 280 21
275 167 10
111 168 89
8 219 97
393 51 69
129 228 54
25 303 22
93 63 65
219 187 38
204 197 8
194 8 19
302 256 43
133 36 22
172 376 7
180 179 92
317 146 44
138 362 21
367 98 93
302 190 44
198 77 23
298 8 86
254 396 90
162 151 7
66 241 32
281 7 15
314 104 62
121 238 64
285 107 70
120 348 24
295 123 68
84 390 96
153 29 31
14 248 84
285 169 95
305 333 17
51 255 50
64 237 67
249 311 65
68 357 30
253 219 67
356 238 44
10 260 69
157 37 46
247 245 47
340 236 36
394 384 98
67 320 25
220 351 64
348 107 47
370 131 84
252 254 17
59 324 73
124 399 87
177 214 71
277 74 72
82 19 77
294 65 24
40 37 11
395 356 3
81 6 3
73 368 14
326 241 57
46 178 77
269 58 44
376 127 85
200 5 28
308 359 32
21 395 91
363 246 88
242 186 9
273 372 17
0 222 40
21 176 23
323 333 54
164 262 16
48 117 25
239 270 41
107 292 89
301 64 73
299 364 99
263 274 97
109 75 63
20 361 47
342 308 18
100 251 49
198 46 31
231 309 97
288 300 85
229 231 66
88 23 92
227 175 99
55 28 67
148 35 85
23 396 92
9 62 74
292 380 45
278 28 45
101 201 97
283 285 23
327 269 71
69 40 40
97 27 15
1 215 11
282 267 32
19 220 94
222 386 81
352 128 23
94 143 32
301 98 86
158 207 43
169 266 61
271 280 66
92 110 56
179 214 57
81 284 40
116 237 69
138 335 26
112 242 36
79 115 62
314 275 20
240 278 7
77 394 87
200 183 80
215 328 10
121 276 55
257 108 7
29 170 21
125 377 45
194 79 13
58 361 54
373 377 9
55 227 63
275 182 93
325 362 25
351 191 52
162 285 55
375 207 55
392 231 34
202 249 21
119 325 50
253 64 29
120 387 66
331 395 35
152 383 44
42 37 33
140 73 84
358 350 34
395 109 50
397 384 53
34 251 15
339 327 9
375 296 8
294 133 5
152 141 7
221 322 71
327 148 71
166 240 29
272 19 39
377 308 89
336 129 12
379 269 93
192 187 21
229 265 96
339 258 37
116 171 66
8 187 17
336 234 26
286 399 13
357 132 37
138 399 67
398 320 32
78 207 45
203 224 70
391 29 55
77 290 47
11 238 19
189 99 7
264 148 82
195 186 98
293 168 87
244 372 12
13 89 90
25 276 48
80 200 95
368 64 69
182 26 46
386 12 71
338 60 90
353 189 56
368 120 79
158 262 13
112 87 84
189 212 72
305 208 93
51 277 44
190 360 36
26 30 91
152 250 94
10 135 58
112 351 46
372 363 62
224 342 50
162 397 41
233 130 82
399 134 15
296 38 26
228 342 84
340 89 69
225 86 20
77 48 26
168 73 21
27 229 17
204 397 47
254 201 45
350 382 4
204 186 82
350 177 53
304 254 77
316 234 86
130 329 2
101 9 58
92 313 73
347 222 89
229 320 95
324 296 23
34 396 69
253 380 48
81 358 90
236 64 37
31 187 4
281 64 60
265 40 16
379 252 20
303 165 27
160 140 92
5 281 61
198 193 3
284 192 52
155 161 64
320 238 88
302 207 29
64 185 25
216 301 18
126 113 89
316 284 44
17 72 64
192 132 98
217 86 63
276 55 40
189 22 71
251 296 20
12 125 13
255 284 84
17 210 34
86 325 63
61 241 44
108 9 93
356 34 14
1 49 95
1 286 3
60 56 56
251 311 96
149 292 5
277 10 48
398 123 96
296 352 72
153 305 2
123 306 91
106 361 7
59 142 42
138 325 47
292 20 34
87 332 51
36 329 79
35 276 10
290 72 87
148 104 40
19 381 100
246 8 75
376 134 58
250 207 45
281 332 92
246 46 68
114 205 4
334 8 59
261 161 9
344 358 17
239 26 25
255 158 33
294 285 28
101 296 17
228 13 50
116 227 89
32 287 60
69 39 67
8 216 18
91 246 69
102 207 84
344 226 10
228 40 31
243 287 56
352 236 99
316 229 98
119 270 62
211 370 33
80 387 69
65 144 52
236 171 81
169 226 39
234 325 77
78 135 1
268 79 18
375 58 68
2 60 61
245 367 87
80 30 66
284 293 10
309 261 36
139 93 7
238 115 33
56 217 42
398 118 66
367 235 80
288 153 66
339 306 18
44 109 30
386 372 84
371 203 36
268 161 62
99 223 54
390 156 57
289 382 41
179 183 27
258 138 89
49 298 22
350 69 61
333 383 26
32 130 72
324 278 73
281 268 73
86 332 59
384 235 33
26 117 98
140 364 4
131 217 15
145 141 93
120 168 38
219 313 52
327 343 49
19 53 83
236 172 94
283 122 44
119 215 96
303 308 35
349 271 60
302 247 75
149 127 2
73 212 18
286 230 40
125 123 51
136 50 8
73 284 84
118 96 89
41 368 13
166 338 52
174 110 99
179 321 34
159 222 85
69 271 77
61 43 81
63 77 81
326 188 85
33 329 36
239 302 45
108 165 92
297 135 67
92 145 77
16 199 96
309 108 23
136 93 4
254 93 13
357 59 60
147 277 54
255 297 6
18 206 18
342 25 91
233 189 93
303 214 37
384 256 90
90 65 38
141 244 34
293 287 43
194 302 9
59 345 12
219 20 30
271 341 97
367 289 68
186 214 94
215 109 46
45 78 95
393 219 91
236 320 32
307 163 21
149 353 91
159 187 69
226 204 58
168 6 42
105 281 52
94 272 51
382 53 58
354 182 84
288 310 93
48 44 53
363 180 31
91 384 67
343 363 60
229 10 92
140 337 37
166 91 6
374 183 51
196 221 76
199 133 89
52 249 68
260 346 26
202 126 14
357 283 82
54 391 51
255 12 87
119 171 18
110 173 2
149 209 67
371 190 17
305 1 14
2 137 96
381 156 11
220 191 100
130 33 33
319 231 34
188 68 100
398 390 80
45 269 58
321 389 18
132 210 53
53 344 76
297 195 98
244 296 52
290 260 37
143 228 31
70 99 79
312 295 84
153 223 51
286 294 75
214 326 4
271 250 87
381 352 71
276 356 100
205 175 44
147 175 92
278 87 53
320 49 82
294 274 67
76 314 90
138 70 79
342 182 20
396 92 82
214 304 53
367 141 98
65 148 57
34 306 70
69 345 93
218 320 14
236 211 54
200 108 29
214 239 53
131 191 10
145 238 55
22 226 34
92 278 26
72 60 93
381 76 31
390 361 78
26 228 88
54 361 94
24 293 42
227 27 34
191 216 68
399 126 14
99 265 76
72 97 38
261 145 24
201 9 48
216 47 42
5 111 60
212 98 13
109 43 49
352 319 5
168 326 17
271 10 21
382 189 88
303 32 14
381 344 3
47 258 69
218 164 66
72 104 90
310 32 83
360 173 62
182 59 22
73 33 18
116 258 17
373 316 20
260 357 20
314 175 85
143 60 29
373 226 75
18 54 71
146 187 5
161 23 9
39 298 47
84 302 18
295 187 61
330 237 69
353 156 54
110 290 88
19 130 41
247 215 75
164 55 7
148 0 31
333 292 61
201 186 52
265 284 77
283 139 51
367 276 24
298 117 24
260 46 32
366 300 35
387 73 78
270 304 87
105 394 71
217 298 88
150 226 43
349 373 25
296 390 34
61 188 87
38 265 31
220 242 19
233 368 16
149 163 14
124 104 41
357 130 54
74 155 98
303 187 27
393 305 61
84 155 33
79 186 92
291 162 5
379 126 15
84 104 83
19 198 85
360 267 38
250 122 55
237 233 69
122 338 89
220 113 29
273 235 29
69 17 43
353 14 80
37 148 73
227 195 90
102 370 64
365 229 90
94 171 81
187 385 100
11 243 1
381 125 81
157 101 38
173 19 8
361 390 13
260 215 48
281 32 100
9 240 93
72 125 27
288 95 64
71 51 73
148 139 5
297 243 13
42 343 44
129 191 16
112 148 94
371 235 57
137 140 98
171 295 74
352 17 78
354 210 67
127 236 5
137 121 31
371 35 13
42 399 77
40 176 18
197 129 58
360 282 32
257 53 28
384 265 39
399 77 51
120 255 31
316 254 94
255 192 96
259 53 25
256 387 74
29 274 6
124 314 1
178 387 50
73 97 89
377 182 24
84 342 15
237 385 28
306 160 12
62 290 32
168 387 55
147 362 73
220 131 100
121 209 48
134 171 46
332 90 70
365 299 70
236 230 60
225 16 83
72 372 54
35 166 82
74 218 87
214 48 57
389 321 35
81 222 35
309 335 25
281 288 65
154 181 88
101 133 10
284 394 60
280 55 93
95 12 65
358 14 91
359 87 72
353 233 50
35 2 3
191 143 54
223 161 46
6 259 51
310 223 7
143 168 91
326 397 86
326 398 22
27 73 86
374 263 67
75 126 58
115 339 69
15 288 19
178 81 26
321 261 47
282 66 52
227 134 80
258 310 48
228 295 18
324 344 12
153 131 85
311 365 28
98 203 9
26 207 30
168 145 56
148 23 17
366 393 83
243 305 65
159 234 10
70 192 53
120 110 47
256 141 36
302 198 20
151 332 65
326 370 14
53 155 3
257 27 11
381 366 55
262 63 86
384 266 2
389 59 12
250 286 58
203 104 31
250 139 3
74 255 99
387 130 91
68 316 98
136 279 46
40 77 2
197 17 60
145 200 88
112 38 28
315 7 85
94 51 88
209 19 76
162 399 66
362 288 92
276 51 67
399 213 3
173 209 98
201 243 51
152 234 26
227 146 8
201 380 99
141 81 7
1 116 46
359 110 17
200 175 57
96 20 29
50 270 6
326 263 72
349 186 26
227 383 63
281 222 67
216 9 98
292 363 73
305 98 23
175 91 44
370 108 97
167 159 98
317 270 47
67 328 16
134 298 28
382 380 39
132 89 73
312 143 34
28 61 15
256 274 34
150 139 82
275 376 77
370 162 3
307 122 35
365 110 5
304 101 99
41 225 57
357 61 96
264 365 69
374 259 17
297 155 100
28 116 25
87 357 85
323 313 38
212 283 12
175 166 34
189 286 70
43 138 30
266 59 36
113 252 94
13 199 65
368 330 56
5 120 33
128 336 15
277 112 83
261 317 13
127 117 25
314 149 82
123 352 37
353 93 62
154 234 18
352 194 27
391 195 39
87 72 42
261 100 67
0 257 93
306 317 21
5 200 86
183 199 68
314 215 66
12 361 20
226 171 59
118 82 86
55 249 16
262 169 19
188 4 45
238 97 21
385 244 51
87 153 13
308 299 99
94 185 84
307 102 71
49 394 80
52 239 10
325 112 11
4 274 67
307 196 13
15 99 18
317 130 80
360 208 52
205 4 67
258 234 92
66 69 63
100 300 35
334 81 20
200 384 1
40 262 94
333 57 45
16 75 20
7 108 51
188 350 100
396 307 16
240 235 28
159 105 81
397 317 32
341 348 80
184 223 39
46 265 87
247 346 84
11 318 25
18 103 53
317 49 13
350 294 3
187 184 21
111 175 69
293 177 57
118 112 22
270 259 76
188 262 78
181 281 19
220 326 98
301 350 91
339 389 7
297 129 35
198 47 37
103 161 6
347 174 81
218 72 80
390 282 56
156 347 57
377 243 91
43 215 88
336 382 39
114 240 21
266 217 85
165 391 11
4 374 84
356 85 58
265 10 66
286 212 82
98 5 47
306 29 78
196 227 80
46 209 2
158 294 93
145 267 88
205 239 51
116 30 75
22 60 39
65 111 64
317 340 16
212 139 76
305 47 85
186 74 51
397 338 65
71 202 85
386 206 66
115 283 11
208 90 14
193 368 65
163 283 99
181 298 24
203 301 19
128 113 69
233 308 23
44 367 71
162 288 79
167 6 85
385 228 38
4 169 48
252 105 78
230 80 24
311 99 37
32 141 99
98 250 71
51 111 74
13 38 52
321 275 67
221 298 99
118 156 44
107 81 30
173 88 60
299 324 96
382 162 10
112 31 64
104 121 30
231 29 40
164 207 23
267 266 70
92 374 69
27 193 48
75 94 90
264 333 56
139 36 71
183 134 90
122 240 5
280 84 89
261 58 14
71 279 79
282 195 52
270 55 46
73 39 5
399 67 52
123 109 41
98 302 95
217 114 89
227 155 82
226 193 62
50 54 58
238 246 51
55 6 32
120 114 56
228 105 71
18 164 68
156 2 32
179 173 16
81 200 67
53 292 80
314 112 35
319 250 48
111 184 1
63 301 67
146 243 77
89 310 87
50 251 81
210 318 59
128 249 6
243 375 69
51 321 6
315 292 12
376 179 89
21 118 88
56 106 33
118 325 77
289 284 94
389 76 39
236 316 70
55 307 51
232 141 55
376 161 23
339 5 26
231 37 64
76 239 69
100 121 83
23 12 83
89 88 31
158 30 100
211 27 86
323 151 62
356 312 25
324 306 32
170 394 61
272 248 91
395 38 28
36 20 15
372 78 83
1 263 63
125 185 48
237 376 11
64 16 65
306 54 98
195 106 85
185 266 44
246 216 77
150 321 14
280 27 12
160 340 65
178 313 29
233 245 90
93 190 26
64 171 35
327 8 28
372 103 38
8 0 72
122 3 2
137 224 27
143 247 41
41 126 95
106 92 33
398 224 99
294 314 14
73 209 77
338 244 7
51 229 90
195 297 40
240 65 74
313 12 34
301 397 12
154 189 53
334 137 13
144 44 90
245 199 18
31 106 25
173 384 35
327 361 67
164 391 1
2 143 55
191 374 40
394 131 48
375 388 93
358 304 66
58 61 87
75 64 69
301 156 91
135 23 47
327 63 55
318 299 5
10 343 48
236 343 1
340 330 89
51 56 87
242 131 52
135 7 8
51 316 24
395 205 22
37 327 46
196 276 38
37 344 55
17 136 99
312 107 53
21 48 33
119 180 91
352 330 90
82 124 8
190 248 55
362 100 77
67 96 48
240 162 12
359 188 85
263 265 61
148 199 18
130 108 66
393 123 56
328 327 66
239 253 6
228 338 16
392 275 39
195 49 26
123 325 22
102 297 77
313 90 69
109 58 56
174 376 33
176 120 60
8 309 36
183 201 100
107 248 11
221 107 3
230 162 78
48 15 48
141 271 83
104 236 93
34 21 90
94 151 15
356 286 20
192 386 12
188 397 84
31 199 29
175 213 67
294 91 50
16 327 99
55 384 49
351 199 91
65 85 70
267 105 21
111 371 98
195 296 62
363 138 10
88 385 25
276 287 92
197 274 81
285 275 98
331 323 27
35 221 99
125 344 75
334 153 69
268 388 42
213 138 71
181 31 79
286 26 3
5 186 21
198 28 6
275 118 70
398 211 54
258 32 90
176 163 92
328 11 31
18 12 53
356 301 81
109 319 41
240 355 48
23 328 69
67 343 23
337 173 56
363 348 25
354 78 52
50 384 1
154 99 69
378 159 75
46 195 27
163 110 65
304 256 44
298 70 29
356 264 83
243 36 92
273 223 92
185 167 28
93 67 24
273 196 65
249 239 22
330 166 99
138 52 78
330 231 72
34 184 58
249 66 73
150 198 23
101 23 73
272 77 28
239 288 46
178 243 21
323 316 80
160 130 15
258 338 45
139 367 50
392 230 1
118 398 50
346 95 89
144 68 37
83 197 54
130 104 32
64 143 19
275 357 91
280 144 53
298 38 35
63 216 94
396 87 65
319 316 20
251 359 63
119 103 14
221 129 68
208 370 98
200 100 16
256 42 33
65 362 68
257 170 70
277 161 19
222 33 60
324 379 88
163 359 31
106 42 90
22 171 69
198 1 50
10 125 29
89 342 83
60 369 83
120 358 14
218 100 86
55 322 65
41 348 63
279 388 58
269 68 86
179 85 39
268 80 68
93 37 46
158 41 75
145 223 53
67 218 35
250 136 31
318 168 96
55 146 41
391 232 86
209 277 26
196 338 24
299 70 41
44 47 50
381 322 62
379 45 42
330 384 80
23 57 43
244 98 87
115 155 61
317 194 53
355 271 63
332 212 12
332 55 53
14 274 94
180 47 66
271 251 94
371 390 22
23 342 90
72 1 37
279 171 42
240 16 18
308 211 54
335 26 18
299 250 90
6 333 56
392 147 14
130 66 11
163 57 62
276 376 42
344 383 54
57 122 85
392 27 69
373 131 67
349 57 90
259 352 66
112 382 97
193 339 75
379 200 2
153 76 4
61 337 92
107 262 1
347 329 69
252 13 29
171 166 74
2 30 56
137 175 91
287 372 40
73 218 88
187 127 15
339 369 29
277 42 52
41 99 64
172 264 91
165 53 66
248 152 25
334 314 82
82 23 29
178 257 72
103 152 73
115 203 52
28 337 75
23 112 35
250 220 95
81 347 60
195 125 24
39 200 18
360 118 66
134 176 91
390 267 21
306 354 37
47 159 30
156 334 37
223 37 57
277 7 21
373 93 84
309 268 62
308 39 88
218 304 49
30 52 69
111 63 89
80 239 12
239 115 5
201 178 50
37 225 76
277 186 100
314 283 36
177 303 67
388 124 47
344 243 18
136 334 50
13 194 47
178 258 97
381 37 35
179 372 19
128 274 64
179 364 39
53 120 26
129 119 92
217 1 69
30 347 38
322 333 58
207 96 57
46 110 5
152 33 54
75 339 43
350 5 54
3 244 92
383 183 86
348 11 55
224 47 4
294 26 53
123 333 90
158 106 40
326 135 4
145 118 8
116 14 14
254 125 40
353 229 32
45 70 74
97 46 44
375 262 70
283 106 27
137 322 59
269 390 14
97 226 87
76 315 25
64 239 83
171 132 19
335 131 22
141 136 82
83 332 78
247 230 63
79 17 28
42 377 28
344 64 77
381 258 46
293 234 4
299 232 30
104 325 10
59 1 62
7 178 33
160 56 39
129 83 90
337 47 16
32 75 17
289 4 10
95 243 44
260 188 94
162 139 14
249 74 79
389 120 75
315 174 59
143 36 81
154 303 64
28 391 7
284 379 4
388 148 10
4 174 80
85 333 45
90 334 47
366 256 34
151 88 86
208 232 30
139 214 82
249 60 80
383 213 73
269 348 23
380 373 62
259 176 85
394 9 26
354 91 47
308 271 13
389 387 88
393 244 83
102 98 16
288 169 29
270 374 81
7 221 90
33 352 69
385 311 97
75 182 56
4 211 85
132 106 92
352 337 60
383 88 33
114 327 34
14 392 98
176 10 24
4 310 86
71 217 76
131 304 27
132 353 90
265 255 10
328 380 10
284 341 54
205 346 90
285 333 45
125 264 44
306 220 29
227 149 76
32 241 20
312 392 77
201 114 23
23 153 27
178 320 48
8 143 83
181 368 47
178 52 87
152 84 14
84 93 23
225 366 20
259 22 85
128 279 100
63 189 54
152 105 98
247 337 87
275 214 87
229 91 9
32 186 93
299 132 40
371 350 49
184 301 42
121 243 46
39 360 83
226 341 41
6 390 39
16 103 77
94 369 5
58 125 79
115 136 10
253 361 2
157 262 89
272 206 2
348 41 72
223 263 41
359 374 13
140 79 6
78 232 14
29 17 78
115 248 62
269 24 59
200 247 9
398 243 42
251 319 34
374 131 99
270 341 39
203 329 86
250 29 58
323 108 10
108 243 66
133 194 57
229 122 69
317 122 13
229 246 55
350 242 73
371 385 79
101 94 16
209 390 12
115 359 66
344 285 49
366 69 17
104 311 56
239 71 71
368 281 19
183 198 30
259 340 69
330 75 86
186 390 92
143 397 45
28 76 96
274 129 76
396 108 50
211 327 36
166 272 74
60 287 41
199 195 8
292 70 2
387 2 73
219 42 45
315 100 62
394 122 13
167 355 31
375 247 89
158 180 38
119 200 15
132 61 2
241 323 79
334 115 69
214 187 71
70 328 45
269 258 13
138 62 43
250 309 4
312 225 22
45 98 6
28 118 99
264 279 33
60 304 96
363 378 48
137 118 10
64 300 26
84 327 26
374 27 73
115 20 74
270 342 87
80 319 31
354 147 14
110 165 46
36 215 3
53 305 2
32 159 55
364 357 59
234 289 96
93 50 10
276 346 96
118 120 76
399 344 7
376 85 17
389 115 42
19 189 73
83 225 83
306 65 9
322 43 78
10 316 15
285 77 40
218 81 89
367 221 60
321 303 88
154 92 30
185 392 18
140 84 57
104 329 77
208 33 53
188 195 89
279 161 84
263 322 82
330 45 72
168 152 64
254 160 80
397 203 39
46 325 23
388 22 51
149 125 49
91 234 91
22 289 11
43 160 28
242 10 22
357 12 90
225 152 52
293 321 14
328 376 5
330 48 60
353 61 49
347 234 19
47 343 3
280 240 92
393 270 64
328 23 23
257 181 73
259 52 22
70 143 82
346 41 43
187 59 49
15 377 88
35 41 25
314 139 56
332 86 66
95 204 23
152 340 92
99 377 97
350 143 93
98 192 56
244 111 85
13 300 22
160 287 28
84 138 72
69 139 52
308 391 25
112 329 21
19 248 19
96 117 86
121 176 15
117 8 25
29 91 16
206 338 68
358 137 69
87 226 65
150 342 89
162 7 19
265 302 59
399 116 21
101 312 8
145 372 75
109 322 99
174 241 75
92 376 82
81 256 61
80 53 3
380 88 15
153 195 76
291 27 58
144 92 27
228 131 52
60 37 41
276 248 66
353 284 87
320 195 4
158 395 39
153 295 54
337 22 44
209 330 82
383 347 77
336 304 79
177 150 43
308 48 9
2 108 49
331 383 59
398 63 96
173 387 63
181 140 48
325 157 28
16 35 50
94 204 13
144 162 95
144 375 25
380 96 91
127 204 96
158 75 23
123 254 33
44 323 88
309 318 19
100 109 31
337 45 31
264 179 97
77 346 50
93 109 69
45 186 70
226 143 65
308 361 72
31 158 75
317 136 36
233 166 39
270 310 25
6 61 60
272 355 95
121 373 98
1 131 92
324 250 48
107 171 86
330 225 81
354 268 66
11 235 36
216 118 92
11 331 57
173 290 8
5 393 88
22 223 28
373 305 78
227 300 64
331 274 30
49 324 18
396 6 17
305 103 96
194 119 82
229 317 14
362 220 47
159 343 71
205 232 8
126 193 3
106 148 56
356 170 86
277 147 49
374 47 69
228 311 9
35 99 9
65 282 86
19 134 73
316 165 8
156 386 45
211 233 44
206 76 67
46 35 72
322 269 91
394 68 23
209 265 57
259 384 57
297 300 33
65 271 23
46 282 34
184 154 100
296 328 63
74 372 53
172 49 57
87 222 67
72 12 98
260 336 26
68 151 36
103 64 82
64 96 84
379 318 74
86 232 3
210 54 28
215 308 25
180 198 53
92 175 35
370 352 97
326 355 44
0 67 91
197 29 54
151 30 4
151 321 38
25 302 41
53 333 79
184 210 48
231 357 97
239 242 91
225 315 19
309 34 81
56 359 18
131 59 76
111 113 26
265 331 56
117 179 47
5 125 90
91 380 76
320 346 44
168 74 24
234 141 76
128 318 78
256 80 15
360 304 80
124 142 35
256 20 41
20 156 30
106 390 9
6 215 86
169 357 94
128 9 57
381 56 89
383 171 35
123 122 72
287 164 81
357 343 33
56 186 99
290 372 72
44 368 91
261 14 73
252 287 55
274 148 98
370 113 6
322 241 60
240 124 77
273 247 29
165 236 81
262 145 73
100 328 53
189 56 17
368 98 45
59 250 86
160 275 14
45 366 38
143 210 74
215 363 14
248 363 13
43 2 82
163 265 86
1 313 78
30 392 80
390 255 86
223 260 42
319 187 73
321 338 70
40 280 1
177 290 93
353 119 58
360 74 3
148 233 50
37 70 24
248 68 66
173 32 43
395 268 35
170 48 21
167 124 86
79 288 85
390 109 51
385 259 60
362 53 55
94 153 41
190 10 100
336 92 2
38 359 57
324 114 16
235 283 52
237 338 9
301 116 43
51 383 90
63 311 74
94 25 74
181 301 96
28 0 33
127 241 49
116 222 33
394 44 51
35 160 77
207 288 74
69 186 1
262 324 83
20 71 29
380 254 99
395 31 67
318 186 47
136 346 91
236 389 77
4 261 68
306 309 59
351 292 68
344 56 97
208 144 33
244 203 24
74 279 30
227 66 60
188 153 42
54 57 11
363 372 34
265 248 90
71 229 38
104 339 25
48 56 13
229 178 22
107 228 5
273 261 89
96 65 35
147 5 83
380 278 71
312 365 56
12 178 3
351 224 90
200 337 15
328 285 65
27 307 48
328 371 34
148 63 17
394 134 90
169 370 58
272 126 29
84 191 66
12 374 65
75 93 34
192 319 44
124 188 13
365 259 53
209 290 36
293 349 86
31 236 24
120 63 52
279 62 78
319 279 23
170 74 43
31 71 89
8 94 29
313 23 9
371 75 14
300 214 68
51 280 91
109 320 86
261 215 42
331 86 1
70 304 60
326 159 3
141 296 90
33 122 59
313 142 39
101 160 9
348 91 39
2 295 59
290 41 93
230 371 38
165 309 48
377 57 33
98 217 98
292 121 22
214 6 19
314 225 30
330 387 22
210 196 78
217 193 57
287 20 93
10 326 16
310 287 48
47 344 63
243 95 14
291 164 48
205 330 2
202 27 69
87 369 99
254 183 32
350 75 68
320 324 58
243 149 20
147 336 82
282 62 68
322 251 52
226 223 90
51 307 49
164 263 47
236 174 12
399 258 93
156 42 65
106 68 30
388 6 39
52 76 59
212 263 56
381 135 83
326 78 55
186 140 77
120 308 68
41 236 34
385 243 2
29 250 72
28 149 26
110 388 99
191 296 18
88 29 67
216 240 70
278 175 34
346 34 41
240 56 73
161 57 90
225 292 97
362 184 7
209 369 82
38 328 10
202 94 10
155 375 52
390 315 27
80 57 2
273 187 95
148 33 83
213 285 72
183 297 87
89 35 49
321 198 9
343 211 17
146 177 91
233 64 94
157 379 29
281 138 16
20 354 46
307 319 56
202 327 59
160 131 87
284 91 18
276 167 9
243 351 21
241 371 38
49 100 33
347 156 65
66 257 46
361 314 11
182 170 4
161 135 10
236 129 56
324 378 24
4 213 65
318 245 32
136 69 85
382 286 93
301 383 73
353 238 77
359 176 41
386 268 12
127 85 14
377 229 61
309 3 54
244 154 56
258 262 16
209 313 60
77 236 16
264 196 28
14 19 92
161 347 66
169 89 4
182 334 97
280 297 94
262 167 76
88 9 35
218 329 86
185 132 89
84 341 51
25 30 5
265 138 46
163 284 32
299 280 44
201 326 100
282 216 66
387 210 2
135 305 58
315 365 56
199 42 18
13 391 33
230 89 73
286 251 70
244 391 60
321 365 40
389 87 44
41 38 31
332 228 52
346 39 57
125 260 83
229 399 94
322 398 95
264 327 57
39 252 48
184 229 3
188 286 91
157 147 38
112 227 13
333 211 21
157 206 56
82 234 56
105 250 87
117 138 92
28 270 51
241 256 6
226 290 79
350 111 15
231 39 24
357 213 16
342 381 78
14 181 12
123 380 98
230 270 100
395 154 59
326 93 94
362 122 64
98 186 32
287 83 32
69 194 26
23 372 71
318 70 49
113 378 64
99 233 77
16 149 38
370 292 17
103 19 1
333 169 88
43 282 7
147 17 36
307 80 67
200 286 61
47 327 14
283 125 93
149 91 91
161 150 17
171 141 73
39 11 68
178 165 87
341 349 45
295 394 41
283 36 88
192 28 86
338 205 96
131 261 41
302 277 28
19 217 98
24 153 27
108 126 59
241 361 100
37 350 23
373 75 99
163 371 34
293 347 99
331 171 97
146 315 27
277 117 18
383 374 29
91 2 9
40 152 19
319 130 77
359 334 52
398 352 42
264 199 33
256 11 25
19 49 18
158 300 64
154 47 100
375 134 52
11 120 36
103 272 5
35 317 95
398 66 96
206 64 63
183 240 48
18 53 26
300 8 11
36 115 24
58 150 59
260 58 45
324 327 61
202 367 29
249 375 18
228 83 38
298 215 60
120 93 10
372 375 2
61 274 58
217 59 54
139 220 67
247 126 46
262 309 40
327 236 94
306 386 64
250 358 54
9 131 21
224 118 32
383 76 65
322 268 77
238 30 46
44 279 24
162 109 78
263 167 3
273 194 82
25 292 61
364 211 52
311 86 18
115 139 61
139 255 83
187 198 66
150 2 81
105 356 56
394 105 54
163 330 71
169 78 10
328 1 69
261 322 45
382 147 16
360 106 48
357 376 21
180 377 59
292 36 94
53 152 59
377 41 16
39 163 26
386 295 3
166 329 67
254 305 91
357 286 87
376 165 92
388 331 32
170 144 68
87 275 43
3 137 72
64 394 91
1 382 78
209 91 25
171 364 29
16 86 82
234 396 98
76 39 90
82 247 96
340 233 99
169 383 9
257 237 13
73 76 10
19 46 64
239 334 100
343 205 99
113 353 48
345 357 58
155 262 38
219 350 84
99 353 52
340 39 43
337 201 38
162 213 20
188 246 35
174 60 91
111 315 53
359 386 86
324 345 74
391 176 11
4 0 61
278 15 94
93 283 16
23 180 22
334 37 26
6 255 28
197 73 40
192 66 23
153 142 67
286 132 30
146 51 5
365 241 17
85 96 83
55 130 77
373 317 95
83 157 80
264 160 8
184 172 30
224 348 47
206 332 70
154 34 52
112 149 58
46 87 60
91 186 75
230 14 95
363 318 33
209 151 51
10 197 11
278 171 93
66 226 25
86 312 29
246 34 3
264 78 65
326 304 49
139 267 85
310 306 52
119 199 23
130 246 93
123 392 79
368 170 50
252 348 33
13 118 59
259 257 70
264 268 6
6 329 65
236 215 98
340 75 29
243 96 48
127 333 6
81 307 37
165 356 85
307 359 68
321 146 98
264 147 16
18 87 93
52 308 91
359 155 60
379 100 22
373 248 63
104 157 42
226 216 88
16 45 32
223 91 58
328 286 14
256 195 64
151 237 51
11 163 54
18 91 24
238 307 73
375 151 84
82 153 90
359 388 18
299 329 48
315 346 57
74 68 70
20 301 50
362 106 51
155 320 18
275 322 86
114 361 41
130 30 66
39 67 60
264 169 75
94 86 5
66 227 91
52 367 88
207 381 5
87 31 54
376 263 14
274 396 6
214 273 55
38 387 95
264 19 39
158 385 81
257 319 39
9 382 72
72 327 88
369 302 42
1 77 64
332 359 87
198 329 2
247 145 30
358 70 46
340 232 86
24 201 58
380 0 59
86 189 54
63 296 23
2 362 67
302 239 52
14 389 57
116 88 99
367 319 89
270 283 11
207 43 3
312 334 13
343 169 47
64 297 57
190 298 44
373 198 44
155 75 48
1 129 64
269 71 32
223 3 87
319 200 30
374 37 4
58 260 57
