8000 40000
0 1 38
1 2 80
2 3 96
3 4 19
4 5 74
5 6 78
6 7 60
7 8 60
8 9 16
9 10 45
10 11 16
11 12 10
12 13 6
13 14 46
14 15 87
15 16 34
16 17 61
17 18 15
18 19 71
19 20 66
20 21 3
21 22 6
22 23 97
23 24 73
24 25 84
25 26 94
26 27 22
27 28 1
28 29 19
29 30 100
30 31 19
31 32 62
32 33 31
33 34 62
34 35 53
35 36 1
36 37 44
37 38 3
38 39 30
39 40 53
40 41 62
41 42 40
42 43 14
43 44 5
44 45 30
45 46 98
46 47 37
47 48 24
48 49 46
49 50 10
50 51 79
51 52 62
52 53 20
53 54 39
54 55 52
55 56 99
56 57 60
57 58 47
58 59 5
59 60 86
60 61 61
61 62 69
62 63 18
63 64 46
64 65 7
65 66 2
66 67 95
67 68 95
68 69 97
69 70 57
70 71 81
71 72 39
72 73 31
73 74 2
74 75 10
75 76 24
76 77 69
77 78 25
78 79 45
79 80 69
80 81 13
81 82 61
82 83 50
83 84 84
84 85 4
85 86 18
86 87 91
87 88 40
88 89 26
89 90 19
90 91 67
91 92 76
92 93 32
93 94 43
94 95 53
95 96 21
96 97 55
97 98 57
98 99 19
99 100 4
100 101 97
101 102 85
102 103 78
103 104 45
104 105 94
105 106 40
106 107 90
107 108 93
108 109 60
109 110 73
110 111 93
111 112 33
112 113 9
113 114 58
114 115 20
115 116 53
116 117 5
117 118 97
118 119 33
119 120 85
120 121 39
121 122 75
122 123 28
123 124 54
124 125 83
125 126 59
126 127 36
127 128 97
128 129 29
129 130 61
130 131 55
131 132 28
132 133 15
133 134 30
134 135 81
135 136 17
136 137 8
137 138 2
138 139 99
139 140 43
140 141 78
141 142 40
142 143 20
143 144 30
144 145 1
145 146 2
146 147 82
147 148 20
148 149 71
149 150 72
150 151 73
151 152 80
152 153 78
153 154 61
154 155 8
155 156 93
156 157 36
157 158 66
158 159 12
159 160 92
160 161 87
161 162 86
162 163 63
163 164 45
164 165 34
165 166 10
166 167 7
167 168 38
168 169 32
169 170 67
170 171 33
171 172 67
172 173 73
173 174 60
174 175 64
175 176 28
176 177 89
177 178 57
178 179 48
179 180 39
180 181 12
181 182 98
182 183 72
183 184 85
184 185 77
185 186 73
186 187 57
187 188 24
188 189 78
189 190 26
190 191 50
191 192 5
192 193 53
193 194 72
194 195 43
195 196 12
196 197 3
197 198 44
198 199 11
199 200 21
200 201 4
201 202 90
202 203 64
203 204 48
204 205 32
205 206 57
206 207 51
207 208 70
208 209 91
209 210 14
210 211 25
211 212 61
212 213 42
213 214 54
214 215 76
215 216 21
216 217 23
217 218 95
218 219 8
219 220 60
220 221 29
221 222 70
222 223 17
223 224 89
224 225 93
225 226 63
226 227 81
227 228 30
228 229 64
229 230 11
230 231 88
231 232 46
232 233 81
233 234 22
234 235 19
235 236 42
236 237 90
237 238 89
238 239 54
239 240 33
240 241 81
241 242 13
242 243 90
243 244 36
244 245 32
245 246 91
246 247 12
247 248 28
248 249 23
249 250 65
250 251 43
251 252 1
252 253 82
253 254 36
254 255 87
255 256 31
256 257 1
257 258 17
258 259 52
259 260 54
260 261 42
261 262 49
262 263 23
263 264 70
264 265 12
265 266 27
266 267 34
267 268 25
268 269 95
269 270 17
270 271 33
271 272 22
272 273 52
273 274 56
274 275 71
275 276 41
276 277 37
277 278 7
278 279 98
279 280 26
280 281 97
281 282 25
282 283 26
283 284 70
284 285 50
285 286 72
286 287 31
287 288 15
288 289 29
289 290 100
290 291 4
291 292 27
292 293 61
293 294 98
294 295 51
295 296 42
296 297 6
297 298 4
298 299 28
299 300 35
300 301 91
301 302 64
302 303 24
303 304 69
304 305 15
305 306 54
306 307 49
307 308 45
308 309 99
309 310 56
310 311 25
311 312 60
312 313 68
313 314 9
314 315 77
315 316 37
316 317 24
317 318 25
318 319 73
319 320 81
320 321 37
321 322 48
322 323 64
323 324 99
324 325 64
325 326 40
326 327 54
327 328 82
328 329 10
329 330 80
330 331 84
331 332 16
332 333 33
333 334 51
334 335 19
335 336 70
336 337 5
337 338 86
338 339 60
339 340 33
340 341 68
341 342 23
342 343 2
343 344 72
344 345 52
345 346 81
346 347 23
347 348 35
348 349 65
349 350 10
350 351 18
351 352 95
352 353 70
353 354 40
354 355 39
355 356 52
356 357 94
357 358 84
358 359 14
359 360 68
360 361 35
361 362 74
362 363 12
363 364 21
364 365 93
365 366 55
366 367 88
367 368 70
368 369 26
369 370 23
370 371 66
371 372 18
372 373 82
373 374 99
374 375 56
375 376 52
376 377 53
377 378 27
378 379 25
379 380 100
380 381 10
381 382 97
382 383 90
383 384 56
384 385 91
385 386 89
386 387 64
387 388 19
388 389 34
389 390 28
390 391 35
391 392 71
392 393 73
393 394 85
394 395 90
395 396 86
396 397 89
397 398 41
398 399 78
399 400 89
400 401 65
401 402 86
402 403 9
403 404 94
404 405 17
405 406 79
406 407 90
407 408 67
408 409 61
409 410 59
410 411 1
411 412 38
412 413 11
413 414 95
414 415 67
415 416 98
416 417 1
417 418 29
418 419 17
419 420 31
420 421 55
421 422 49
422 423 70
423 424 45
424 425 66
425 426 100
426 427 23
427 428 18
428 429 72
429 430 2
430 431 24
431 432 50
432 433 33
433 434 18
434 435 75
435 436 37
436 437 65
437 438 75
438 439 85
439 440 73
440 441 66
441 442 31
442 443 57
443 444 55
444 445 10
445 446 51
446 447 37
447 448 64
448 449 27
449 450 26
450 451 25
451 452 59
452 453 98
453 454 98
454 455 40
455 456 49
456 457 90
457 458 91
458 459 64
459 460 44
460 461 80
461 462 36
462 463 51
463 464 65
464 465 58
465 466 67
466 467 50
467 468 87
468 469 20
469 470 24
470 471 73
471 472 50
472 473 29
473 474 58
474 475 3
475 476 77
476 477 65
477 478 5
478 479 18
479 480 100
480 481 95
481 482 47
482 483 96
483 484 28
484 485 92
485 486 89
486 487 38
487 488 75
488 489 2
489 490 96
490 491 93
491 492 34
492 493 43
493 494 56
494 495 97
495 496 58
496 497 97
497 498 99
498 499 86
499 500 8
500 501 30
501 502 31
502 503 39
503 504 20
504 505 86
505 506 27
506 507 32
507 508 49
508 509 17
509 510 38
510 511 56
511 512 40
512 513 94
513 514 85
514 515 70
515 516 94
516 517 58
517 518 8
518 519 10
519 520 21
520 521 62
521 522 68
522 523 100
523 524 36
524 525 15
525 526 26
526 527 52
527 528 30
528 529 88
529 530 33
530 531 75
531 532 85
532 533 70
533 534 14
534 535 71
535 536 71
536 537 36
537 538 56
538 539 30
539 540 30
540 541 81
541 542 42
542 543 82
543 544 26
544 545 87
545 546 62
546 547 92
547 548 9
548 549 52
549 550 1
550 551 51
551 552 63
552 553 80
553 554 20
554 555 65
555 556 8
556 557 71
557 558 40
558 559 80
559 560 6
560 561 90
561 562 89
562 563 34
563 564 3
564 565 38
565 566 58
566 567 10
567 568 44
568 569 58
569 570 68
570 571 4
571 572 33
572 573 47
573 574 16
574 575 55
575 576 99
576 577 29
577 578 84
578 579 60
579 580 87
580 581 4
581 582 26
582 583 4
583 584 4
584 585 83
585 586 31
586 587 37
587 588 54
588 589 13
589 590 33
590 591 53
591 592 83
592 593 77
593 594 28
594 595 22
595 596 97
596 597 63
597 598 46
598 599 9
599 600 85
600 601 6
601 602 20
602 603 54
603 604 42
604 605 55
605 606 70
606 607 64
607 608 14
608 609 73
609 610 14
610 611 98
611 612 97
612 613 52
613 614 72
614 615 33
615 616 5
616 617 80
617 618 40
618 619 28
619 620 44
620 621 44
621 622 75
622 623 8
623 624 26
624 625 3
625 626 19
626 627 97
627 628 9
628 629 84
629 630 43
630 631 70
631 632 69
632 633 41
633 634 6
634 635 18
635 636 92
636 637 16
637 638 45
638 639 26
639 640 24
640 641 55
641 642 10
642 643 72
643 644 19
644 645 67
645 646 94
646 647 28
647 648 64
648 649 96
649 650 52
650 651 74
651 652 66
652 653 56
653 654 44
654 655 62
655 656 74
656 657 42
657 658 5
658 659 25
659 660 57
660 661 36
661 662 16
662 663 76
663 664 13
664 665 2
665 666 35
666 667 12
667 668 10
668 669 5
669 670 10
670 671 5
671 672 32
672 673 86
673 674 98
674 675 71
675 676 18
676 677 48
677 678 2
678 679 10
679 680 77
680 681 50
681 682 81
682 683 48
683 684 35
684 685 18
685 686 47
686 687 44
687 688 65
688 689 40
689 690 5
690 691 62
691 692 95
692 693 64
693 694 89
694 695 5
695 696 27
696 697 38
697 698 2
698 699 63
699 700 94
700 701 51
701 702 51
702 703 86
703 704 54
704 705 66
705 706 69
706 707 17
707 708 62
708 709 8
709 710 95
710 711 65
711 712 95
712 713 3
713 714 87
714 715 59
715 716 64
716 717 95
717 718 81
718 719 58
719 720 68
720 721 39
721 722 58
722 723 65
723 724 13
724 725 46
725 726 82
726 727 55
727 728 83
728 729 95
729 730 63
730 731 39
731 732 83
732 733 97
733 734 66
734 735 91
735 736 21
736 737 20
737 738 28
738 739 7
739 740 22
740 741 11
741 742 38
742 743 2
743 744 4
744 745 10
745 746 62
746 747 69
747 748 34
748 749 8
749 750 66
750 751 32
751 752 39
752 753 85
753 754 69
754 755 3
755 756 35
756 757 82
757 758 27
758 759 29
759 760 50
760 761 12
761 762 70
762 763 70
763 764 35
764 765 63
765 766 94
766 767 88
767 768 4
768 769 74
769 770 42
770 771 81
771 772 97
772 773 29
773 774 55
774 775 18
775 776 43
776 777 76
777 778 57
778 779 81
779 780 58
780 781 100
781 782 74
782 783 42
783 784 13
784 785 38
785 786 26
786 787 78
787 788 59
788 789 35
789 790 87
790 791 94
791 792 57
792 793 86
793 794 24
794 795 43
795 796 68
796 797 76
797 798 74
798 799 76
799 800 24
800 801 11
801 802 38
802 803 91
803 804 54
804 805 51
805 806 50
806 807 83
807 808 39
808 809 33
809 810 30
810 811 90
811 812 10
812 813 39
813 814 6
814 815 2
815 816 96
816 817 91
817 818 85
818 819 10
819 820 36
820 821 32
821 822 96
822 823 96
823 824 68
824 825 96
825 826 49
826 827 58
827 828 50
828 829 64
829 830 9
830 831 45
831 832 10
832 833 30
833 834 61
834 835 33
835 836 56
836 837 68
837 838 22
838 839 76
839 840 95
840 841 80
841 842 79
842 843 79
843 844 12
844 845 10
845 846 94
846 847 50
847 848 98
848 849 6
849 850 100
850 851 55
851 852 6
852 853 45
853 854 74
854 855 89
855 856 55
856 857 36
857 858 71
858 859 12
859 860 97
860 861 15
861 862 69
862 863 77
863 864 84
864 865 62
865 866 87
866 867 11
867 868 84
868 869 9
869 870 43
870 871 71
871 872 23
872 873 8
873 874 40
874 875 83
875 876 90
876 877 71
877 878 15
878 879 9
879 880 52
880 881 9
881 882 24
882 883 99
883 884 59
884 885 38
885 886 87
886 887 38
887 888 89
888 889 82
889 890 24
890 891 95
891 892 91
892 893 99
893 894 60
894 895 76
895 896 36
896 897 38
897 898 71
898 899 9
899 900 49
900 901 78
901 902 38
902 903 56
903 904 71
904 905 43
905 906 25
906 907 91
907 908 34
908 909 12
909 910 44
910 911 50
911 912 26
912 913 2
913 914 41
914 915 47
915 916 58
916 917 6
917 918 75
918 919 12
919 920 77
920 921 12
921 922 83
922 923 65
923 924 75
924 925 75
925 926 69
926 927 59
927 928 24
928 929 97
929 930 41
930 931 38
931 932 48
932 933 29
933 934 9
934 935 87
935 936 53
936 937 23
937 938 44
938 939 97
939 940 81
940 941 2
941 942 98
942 943 97
943 944 56
944 945 5
945 946 33
946 947 90
947 948 5
948 949 53
949 950 93
950 951 100
951 952 92
952 953 8
953 954 26
954 955 56
955 956 70
956 957 97
957 958 8
958 959 53
959 960 17
960 961 63
961 962 22
962 963 70
963 964 30
964 965 46
965 966 100
966 967 63
967 968 70
968 969 59
969 970 39
970 971 91
971 972 74
972 973 5
973 974 92
974 975 29
975 976 96
976 977 96
977 978 6
978 979 90
979 980 40
980 981 46
981 982 11
982 983 63
983 984 34
984 985 28
985 986 17
986 987 19
987 988 65
988 989 47
989 990 39
990 991 36
991 992 23
992 993 59
993 994 27
994 995 8
995 996 37
996 997 98
997 998 26
998 999 99
999 1000 46
1000 1001 70
1001 1002 4
1002 1003 54
1003 1004 28
1004 1005 31
1005 1006 42
1006 1007 82
1007 1008 61
1008 1009 69
1009 1010 28
1010 1011 17
1011 1012 14
1012 1013 92
1013 1014 8
1014 1015 83
1015 1016 95
1016 1017 95
1017 1018 42
1018 1019 73
1019 1020 59
1020 1021 62
1021 1022 92
1022 1023 42
1023 1024 9
1024 1025 94
1025 1026 88
1026 1027 87
1027 1028 56
1028 1029 5
1029 1030 17
1030 1031 3
1031 1032 42
1032 1033 38
1033 1034 78
1034 1035 82
1035 1036 49
1036 1037 99
1037 1038 99
1038 1039 16
1039 1040 38
1040 1041 60
1041 1042 75
1042 1043 39
1043 1044 40
1044 1045 97
1045 1046 83
1046 1047 85
1047 1048 57
1048 1049 84
1049 1050 7
1050 1051 47
1051 1052 4
1052 1053 42
1053 1054 14
1054 1055 28
1055 1056 2
1056 1057 6
1057 1058 8
1058 1059 87
1059 1060 70
1060 1061 82
1061 1062 54
1062 1063 100
1063 1064 75
1064 1065 100
1065 1066 92
1066 1067 56
1067 1068 59
1068 1069 77
1069 1070 73
1070 1071 95
1071 1072 76
1072 1073 85
1073 1074 38
1074 1075 25
1075 1076 25
1076 1077 46
1077 1078 21
1078 1079 13
1079 1080 26
1080 1081 96
1081 1082 28
1082 1083 61
1083 1084 21
1084 1085 23
1085 1086 88
1086 1087 68
1087 1088 76
1088 1089 62
1089 1090 5
1090 1091 36
1091 1092 27
1092 1093 12
1093 1094 3
1094 1095 68
1095 1096 50
1096 1097 53
1097 1098 48
1098 1099 78
1099 1100 84
1100 1101 53
1101 1102 31
1102 1103 86
1103 1104 82
1104 1105 56
1105 1106 97
1106 1107 57
1107 1108 9
1108 1109 88
1109 1110 80
1110 1111 41
1111 1112 59
1112 1113 14
1113 1114 49
1114 1115 3
1115 1116 43
1116 1117 76
1117 1118 79
1118 1119 63
1119 1120 64
1120 1121 71
1121 1122 81
1122 1123 22
1123 1124 91
1124 1125 14
1125 1126 62
1126 1127 2
1127 1128 99
1128 1129 36
1129 1130 61
1130 1131 59
1131 1132 64
1132 1133 40
1133 1134 56
1134 1135 44
1135 1136 10
1136 1137 91
1137 1138 73
1138 1139 35
1139 1140 55
1140 1141 52
1141 1142 46
1142 1143 79
1143 1144 92
1144 1145 40
1145 1146 30
1146 1147 63
1147 1148 53
1148 1149 87
1149 1150 70
1150 1151 95
1151 1152 80
1152 1153 15
1153 1154 46
1154 1155 93
1155 1156 85
1156 1157 50
1157 1158 77
1158 1159 26
1159 1160 7
1160 1161 46
1161 1162 5
1162 1163 99
1163 1164 63
1164 1165 50
1165 1166 35
1166 1167 33
1167 1168 21
1168 1169 64
1169 1170 58
1170 1171 25
1171 1172 35
1172 1173 8
1173 1174 54
1174 1175 13
1175 1176 47
1176 1177 13
1177 1178 59
1178 1179 16
1179 1180 41
1180 1181 14
1181 1182 70
1182 1183 65
1183 1184 19
1184 1185 19
1185 1186 70
1186 1187 35
1187 1188 42
1188 1189 90
1189 1190 88
1190 1191 48
1191 1192 52
1192 1193 67
1193 1194 98
1194 1195 18
1195 1196 61
1196 1197 20
1197 1198 23
1198 1199 5
1199 1200 83
1200 1201 17
1201 1202 35
1202 1203 28
1203 1204 35
1204 1205 18
1205 1206 4
1206 1207 9
1207 1208 55
1208 1209 13
1209 1210 54
1210 1211 47
1211 1212 36
1212 1213 21
1213 1214 90
1214 1215 37
1215 1216 13
1216 1217 51
1217 1218 34
1218 1219 70
1219 1220 33
1220 1221 4
1221 1222 10
1222 1223 80
1223 1224 49
1224 1225 63
1225 1226 69
1226 1227 9
1227 1228 52
1228 1229 88
1229 1230 16
1230 1231 93
1231 1232 38
1232 1233 7
1233 1234 1
1234 1235 28
1235 1236 87
1236 1237 81
1237 1238 9
1238 1239 75
1239 1240 60
1240 1241 19
1241 1242 99
1242 1243 21
1243 1244 54
1244 1245 38
1245 1246 93
1246 1247 49
1247 1248 24
1248 1249 62
1249 1250 76
1250 1251 37
1251 1252 54
1252 1253 47
1253 1254 73
1254 1255 75
1255 1256 7
1256 1257 4
1257 1258 15
1258 1259 26
1259 1260 14
1260 1261 72
1261 1262 69
1262 1263 90
1263 1264 85
1264 1265 52
1265 1266 75
1266 1267 54
1267 1268 4
1268 1269 11
1269 1270 87
1270 1271 45
1271 1272 36
1272 1273 54
1273 1274 40
1274 1275 25
1275 1276 11
1276 1277 27
1277 1278 74
1278 1279 38
1279 1280 19
1280 1281 3
1281 1282 57
1282 1283 33
1283 1284 85
1284 1285 22
1285 1286 9
1286 1287 33
1287 1288 54
1288 1289 12
1289 1290 24
1290 1291 90
1291 1292 35
1292 1293 60
1293 1294 48
1294 1295 68
1295 1296 36
1296 1297 79
1297 1298 65
1298 1299 50
1299 1300 48
1300 1301 9
1301 1302 59
1302 1303 54
1303 1304 74
1304 1305 59
1305 1306 56
1306 1307 75
1307 1308 59
1308 1309 44
1309 1310 57
1310 1311 13
1311 1312 38
1312 1313 29
1313 1314 34
1314 1315 37
1315 1316 90
1316 1317 65
1317 1318 61
1318 1319 58
1319 1320 25
1320 1321 36
1321 1322 50
1322 1323 99
1323 1324 34
1324 1325 61
1325 1326 94
1326 1327 24
1327 1328 1
1328 1329 11
1329 1330 23
1330 1331 16
1331 1332 37
1332 1333 25
1333 1334 49
1334 1335 17
1335 1336 86
1336 1337 19
1337 1338 9
1338 1339 29
1339 1340 81
1340 1341 18
1341 1342 6
1342 1343 90
1343 1344 85
1344 1345 9
1345 1346 6
1346 1347 53
1347 1348 2
1348 1349 42
1349 1350 70
1350 1351 99
1351 1352 100
1352 1353 12
1353 1354 90
1354 1355 40
1355 1356 58
1356 1357 97
1357 1358 92
1358 1359 87
1359 1360 1
1360 1361 82
1361 1362 98
1362 1363 26
1363 1364 50
1364 1365 18
1365 1366 73
1366 1367 67
1367 1368 83
1368 1369 93
1369 1370 72
1370 1371 56
1371 1372 54
1372 1373 58
1373 1374 48
1374 1375 28
1375 1376 84
1376 1377 77
1377 1378 21
1378 1379 19
1379 1380 97
1380 1381 33
1381 1382 72
1382 1383 43
1383 1384 20
1384 1385 51
1385 1386 74
1386 1387 25
1387 1388 53
1388 1389 12
1389 1390 71
1390 1391 62
1391 1392 77
1392 1393 29
1393 1394 9
1394 1395 59
1395 1396 51
1396 1397 16
1397 1398 94
1398 1399 49
1399 1400 33
1400 1401 54
1401 1402 60
1402 1403 6
1403 1404 37
1404 1405 34
1405 1406 46
1406 1407 14
1407 1408 55
1408 1409 7
1409 1410 55
1410 1411 99
1411 1412 21
1412 1413 33
1413 1414 69
1414 1415 81
1415 1416 9
1416 1417 26
1417 1418 14
1418 1419 69
1419 1420 1
1420 1421 77
1421 1422 12
1422 1423 60
1423 1424 48
1424 1425 48
1425 1426 61
1426 1427 42
1427 1428 80
1428 1429 35
1429 1430 11
1430 1431 93
1431 1432 86
1432 1433 84
1433 1434 75
1434 1435 97
1435 1436 41
1436 1437 13
1437 1438 94
1438 1439 74
1439 1440 100
1440 1441 94
1441 1442 21
1442 1443 19
1443 1444 38
1444 1445 7
1445 1446 93
1446 1447 75
1447 1448 73
1448 1449 58
1449 1450 5
1450 1451 85
1451 1452 79
1452 1453 14
1453 1454 83
1454 1455 80
1455 1456 76
1456 1457 21
1457 1458 80
1458 1459 17
1459 1460 83
1460 1461 17
1461 1462 19
1462 1463 82
1463 1464 24
1464 1465 67
1465 1466 64
1466 1467 53
1467 1468 91
1468 1469 36
1469 1470 32
1470 1471 88
1471 1472 59
1472 1473 40
1473 1474 69
1474 1475 82
1475 1476 46
1476 1477 44
1477 1478 72
1478 1479 38
1479 1480 90
1480 1481 47
1481 1482 63
1482 1483 31
1483 1484 54
1484 1485 75
1485 1486 44
1486 1487 51
1487 1488 58
1488 1489 24
1489 1490 36
1490 1491 90
1491 1492 40
1492 1493 39
1493 1494 54
1494 1495 55
1495 1496 7
1496 1497 91
1497 1498 23
1498 1499 63
1499 1500 55
1500 1501 12
1501 1502 44
1502 1503 94
1503 1504 34
1504 1505 63
1505 1506 74
1506 1507 34
1507 1508 70
1508 1509 14
1509 1510 17
1510 1511 80
1511 1512 88
1512 1513 63
1513 1514 50
1514 1515 54
1515 1516 75
1516 1517 90
1517 1518 58
1518 1519 79
1519 1520 100
1520 1521 16
1521 1522 76
1522 1523 32
1523 1524 71
1524 1525 25
1525 1526 78
1526 1527 75
1527 1528 15
1528 1529 4
1529 1530 21
1530 1531 57
1531 1532 72
1532 1533 77
1533 1534 50
1534 1535 88
1535 1536 76
1536 1537 35
1537 1538 11
1538 1539 83
1539 1540 54
1540 1541 12
1541 1542 38
1542 1543 85
1543 1544 46
1544 1545 13
1545 1546 61
1546 1547 40
1547 1548 51
1548 1549 80
1549 1550 54
1550 1551 15
1551 1552 49
1552 1553 23
1553 1554 41
1554 1555 73
1555 1556 78
1556 1557 73
1557 1558 2
1558 1559 65
1559 1560 60
1560 1561 70
1561 1562 57
1562 1563 55
1563 1564 72
1564 1565 26
1565 1566 60
1566 1567 35
1567 1568 83
1568 1569 19
1569 1570 96
1570 1571 91
1571 1572 35
1572 1573 59
1573 1574 23
1574 1575 41
1575 1576 43
1576 1577 47
1577 1578 29
1578 1579 95
1579 1580 62
1580 1581 16
1581 1582 92
1582 1583 59
1583 1584 14
1584 1585 51
1585 1586 11
1586 1587 62
1587 1588 26
1588 1589 2
1589 1590 73
1590 1591 88
1591 1592 60
1592 1593 94
1593 1594 11
1594 1595 57
1595 1596 92
1596 1597 70
1597 1598 80
1598 1599 93
1599 1600 3
1600 1601 71
1601 1602 66
1602 1603 16
1603 1604 78
1604 1605 58
1605 1606 38
1606 1607 61
1607 1608 7
1608 1609 43
1609 1610 8
1610 1611 74
1611 1612 11
1612 1613 94
1613 1614 85
1614 1615 93
1615 1616 92
1616 1617 46
1617 1618 13
1618 1619 12
1619 1620 24
1620 1621 99
1621 1622 17
1622 1623 84
1623 1624 19
1624 1625 13
1625 1626 84
1626 1627 93
1627 1628 34
1628 1629 87
1629 1630 32
1630 1631 52
1631 1632 23
1632 1633 60
1633 1634 61
1634 1635 40
1635 1636 38
1636 1637 6
1637 1638 75
1638 1639 34
1639 1640 21
1640 1641 81
1641 1642 79
1642 1643 1
1643 1644 61
1644 1645 34
1645 1646 12
1646 1647 40
1647 1648 42
1648 1649 54
1649 1650 87
1650 1651 92
1651 1652 93
1652 1653 35
1653 1654 47
1654 1655 35
1655 1656 49
1656 1657 74
1657 1658 92
1658 1659 46
1659 1660 59
1660 1661 23
1661 1662 4
1662 1663 46
1663 1664 92
1664 1665 15
1665 1666 25
1666 1667 18
1667 1668 58
1668 1669 50
1669 1670 17
1670 1671 42
1671 1672 4
1672 1673 92
1673 1674 32
1674 1675 37
1675 1676 79
1676 1677 59
1677 1678 28
1678 1679 64
1679 1680 23
1680 1681 2
1681 1682 22
1682 1683 67
1683 1684 52
1684 1685 18
1685 1686 98
1686 1687 97
1687 1688 46
1688 1689 15
1689 1690 56
1690 1691 42
1691 1692 87
1692 1693 9
1693 1694 54
1694 1695 100
1695 1696 19
1696 1697 51
1697 1698 30
1698 1699 60
1699 1700 31
1700 1701 7
1701 1702 40
1702 1703 75
1703 1704 43
1704 1705 21
1705 1706 80
1706 1707 90
1707 1708 35
1708 1709 21
1709 1710 47
1710 1711 20
1711 1712 63
1712 1713 4
1713 1714 38
1714 1715 48
1715 1716 84
1716 1717 57
1717 1718 59
1718 1719 7
1719 1720 30
1720 1721 78
1721 1722 72
1722 1723 46
1723 1724 53
1724 1725 53
1725 1726 54
1726 1727 45
1727 1728 49
1728 1729 41
1729 1730 50
1730 1731 56
1731 1732 77
1732 1733 16
1733 1734 11
1734 1735 19
1735 1736 34
1736 1737 87
1737 1738 8
1738 1739 95
1739 1740 76
1740 1741 38
1741 1742 28
1742 1743 28
1743 1744 90
1744 1745 65
1745 1746 53
1746 1747 41
1747 1748 81
1748 1749 3
1749 1750 98
1750 1751 16
1751 1752 84
1752 1753 72
1753 1754 87
1754 1755 66
1755 1756 41
1756 1757 3
1757 1758 56
1758 1759 23
1759 1760 26
1760 1761 24
1761 1762 20
1762 1763 68
1763 1764 51
1764 1765 2
1765 1766 60
1766 1767 11
1767 1768 34
1768 1769 80
1769 1770 57
1770 1771 18
1771 1772 89
1772 1773 66
1773 1774 56
1774 1775 24
1775 1776 73
1776 1777 10
1777 1778 81
1778 1779 25
1779 1780 99
1780 1781 73
1781 1782 61
1782 1783 86
1783 1784 81
1784 1785 84
1785 1786 97
1786 1787 40
1787 1788 95
1788 1789 67
1789 1790 15
1790 1791 21
1791 1792 41
1792 1793 30
1793 1794 33
1794 1795 90
1795 1796 9
1796 1797 2
1797 1798 64
1798 1799 9
1799 1800 74
1800 1801 21
1801 1802 85
1802 1803 3
1803 1804 13
1804 1805 19
1805 1806 88
1806 1807 59
1807 1808 65
1808 1809 43
1809 1810 71
1810 1811 90
1811 1812 92
1812 1813 82
1813 1814 63
1814 1815 35
1815 1816 34
1816 1817 26
1817 1818 83
1818 1819 38
1819 1820 37
1820 1821 60
1821 1822 4
1822 1823 27
1823 1824 84
1824 1825 63
1825 1826 35
1826 1827 41
1827 1828 78
1828 1829 56
1829 1830 37
1830 1831 44
1831 1832 87
1832 1833 30
1833 1834 22
1834 1835 95
1835 1836 98
1836 1837 77
1837 1838 78
1838 1839 15
1839 1840 12
1840 1841 87
1841 1842 57
1842 1843 49
1843 1844 99
1844 1845 90
1845 1846 48
1846 1847 80
1847 1848 19
1848 1849 43
1849 1850 49
1850 1851 3
1851 1852 52
1852 1853 27
1853 1854 75
1854 1855 55
1855 1856 70
1856 1857 64
1857 1858 41
1858 1859 26
1859 1860 22
1860 1861 14
1861 1862 65
1862 1863 84
1863 1864 43
1864 1865 99
1865 1866 14
1866 1867 53
1867 1868 91
1868 1869 18
1869 1870 70
1870 1871 28
1871 1872 69
1872 1873 2
1873 1874 83
1874 1875 92
1875 1876 53
1876 1877 12
1877 1878 82
1878 1879 58
1879 1880 50
1880 1881 28
1881 1882 7
1882 1883 56
1883 1884 41
1884 1885 66
1885 1886 50
1886 1887 83
1887 1888 73
1888 1889 21
1889 1890 11
1890 1891 2
1891 1892 15
1892 1893 14
1893 1894 27
1894 1895 91
1895 1896 27
1896 1897 88
1897 1898 74
1898 1899 60
1899 1900 26
1900 1901 61
1901 1902 64
1902 1903 67
1903 1904 50
1904 1905 18
1905 1906 58
1906 1907 92
1907 1908 84
1908 1909 42
1909 1910 41
1910 1911 39
1911 1912 78
1912 1913 52
1913 1914 43
1914 1915 5
1915 1916 36
1916 1917 17
1917 1918 96
1918 1919 74
1919 1920 19
1920 1921 9
1921 1922 10
1922 1923 61
1923 1924 78
1924 1925 25
1925 1926 7
1926 1927 39
1927 1928 84
1928 1929 29
1929 1930 44
1930 1931 36
1931 1932 92
1932 1933 72
1933 1934 73
1934 1935 30
1935 1936 62
1936 1937 57
1937 1938 95
1938 1939 48
1939 1940 40
1940 1941 67
1941 1942 96
1942 1943 94
1943 1944 14
1944 1945 74
1945 1946 49
1946 1947 22
1947 1948 27
1948 1949 4
1949 1950 54
1950 1951 27
1951 1952 17
1952 1953 60
1953 1954 85
1954 1955 6
1955 1956 85
1956 1957 50
1957 1958 96
1958 1959 60
1959 1960 16
1960 1961 34
1961 1962 63
1962 1963 78
1963 1964 48
1964 1965 11
1965 1966 35
1966 1967 8
1967 1968 36
1968 1969 73
1969 1970 42
1970 1971 50
1971 1972 71
1972 1973 69
1973 1974 60
1974 1975 44
1975 1976 46
1976 1977 25
1977 1978 8
1978 1979 82
1979 1980 8
1980 1981 80
1981 1982 1
1982 1983 70
1983 1984 97
1984 1985 28
1985 1986 1
1986 1987 60
1987 1988 11
1988 1989 37
1989 1990 32
1990 1991 10
1991 1992 81
1992 1993 92
1993 1994 97
1994 1995 14
1995 1996 80
1996 1997 96
1997 1998 70
1998 1999 45
1999 2000 53
2000 2001 19
2001 2002 9
2002 2003 55
2003 2004 96
2004 2005 88
2005 2006 76
2006 2007 74
2007 2008 64
2008 2009 81
2009 2010 76
2010 2011 66
2011 2012 73
2012 2013 70
2013 2014 64
2014 2015 85
2015 2016 99
2016 2017 25
2017 2018 91
2018 2019 49
2019 2020 65
2020 2021 23
2021 2022 70
2022 2023 99
2023 2024 6
2024 2025 95
2025 2026 67
2026 2027 4
2027 2028 5
2028 2029 71
2029 2030 59
2030 2031 93
2031 2032 100
2032 2033 19
2033 2034 56
2034 2035 57
2035 2036 48
2036 2037 92
2037 2038 32
2038 2039 4
2039 2040 13
2040 2041 70
2041 2042 74
2042 2043 30
2043 2044 20
2044 2045 93
2045 2046 12
2046 2047 98
2047 2048 43
2048 2049 95
2049 2050 80
2050 2051 48
2051 2052 75
2052 2053 87
2053 2054 6
2054 2055 85
2055 2056 46
2056 2057 32
2057 2058 53
2058 2059 83
2059 2060 65
2060 2061 4
2061 2062 66
2062 2063 60
2063 2064 37
2064 2065 24
2065 2066 57
2066 2067 13
2067 2068 49
2068 2069 8
2069 2070 89
2070 2071 70
2071 2072 54
2072 2073 34
2073 2074 45
2074 2075 73
2075 2076 41
2076 2077 7
2077 2078 58
2078 2079 32
2079 2080 81
2080 2081 54
2081 2082 54
2082 2083 80
2083 2084 67
2084 2085 32
2085 2086 74
2086 2087 63
2087 2088 53
2088 2089 89
2089 2090 43
2090 2091 62
2091 2092 88
2092 2093 24
2093 2094 42
2094 2095 3
2095 2096 47
2096 2097 88
2097 2098 100
2098 2099 3
2099 2100 1
2100 2101 88
2101 2102 19
2102 2103 53
2103 2104 39
2104 2105 94
2105 2106 94
2106 2107 80
2107 2108 8
2108 2109 100
2109 2110 1
2110 2111 36
2111 2112 6
2112 2113 77
2113 2114 9
2114 2115 41
2115 2116 4
2116 2117 48
2117 2118 48
2118 2119 63
2119 2120 59
2120 2121 88
2121 2122 28
2122 2123 99
2123 2124 40
2124 2125 77
2125 2126 10
2126 2127 42
2127 2128 34
2128 2129 43
2129 2130 53
2130 2131 74
2131 2132 74
2132 2133 24
2133 2134 1
2134 2135 12
2135 2136 47
2136 2137 36
2137 2138 30
2138 2139 29
2139 2140 86
2140 2141 30
2141 2142 72
2142 2143 24
2143 2144 59
2144 2145 5
2145 2146 28
2146 2147 2
2147 2148 92
2148 2149 99
2149 2150 5
2150 2151 43
2151 2152 11
2152 2153 39
2153 2154 40
2154 2155 68
2155 2156 13
2156 2157 22
2157 2158 96
2158 2159 95
2159 2160 80
2160 2161 79
2161 2162 26
2162 2163 9
2163 2164 59
2164 2165 42
2165 2166 99
2166 2167 88
2167 2168 89
2168 2169 95
2169 2170 61
2170 2171 47
2171 2172 91
2172 2173 62
2173 2174 99
2174 2175 17
2175 2176 75
2176 2177 100
2177 2178 7
2178 2179 24
2179 2180 41
2180 2181 95
2181 2182 84
2182 2183 65
2183 2184 24
2184 2185 61
2185 2186 84
2186 2187 52
2187 2188 13
2188 2189 24
2189 2190 5
2190 2191 18
2191 2192 39
2192 2193 23
2193 2194 4
2194 2195 19
2195 2196 96
2196 2197 78
2197 2198 83
2198 2199 36
2199 2200 81
2200 2201 6
2201 2202 63
2202 2203 97
2203 2204 22
2204 2205 89
2205 2206 52
2206 2207 93
2207 2208 60
2208 2209 100
2209 2210 53
2210 2211 18
2211 2212 27
2212 2213 40
2213 2214 52
2214 2215 76
2215 2216 50
2216 2217 70
2217 2218 100
2218 2219 16
2219 2220 90
2220 2221 82
2221 2222 47
2222 2223 23
2223 2224 63
2224 2225 23
2225 2226 75
2226 2227 54
2227 2228 4
2228 2229 60
2229 2230 90
2230 2231 59
2231 2232 87
2232 2233 10
2233 2234 46
2234 2235 88
2235 2236 40
2236 2237 27
2237 2238 28
2238 2239 13
2239 2240 48
2240 2241 89
2241 2242 5
2242 2243 96
2243 2244 86
2244 2245 87
2245 2246 4
2246 2247 81
2247 2248 33
2248 2249 66
2249 2250 94
2250 2251 56
2251 2252 74
2252 2253 9
2253 2254 29
2254 2255 41
2255 2256 26
2256 2257 38
2257 2258 1
2258 2259 26
2259 2260 70
2260 2261 73
2261 2262 5
2262 2263 50
2263 2264 54
2264 2265 9
2265 2266 97
2266 2267 23
2267 2268 11
2268 2269 69
2269 2270 90
2270 2271 8
2271 2272 100
2272 2273 86
2273 2274 7
2274 2275 50
2275 2276 89
2276 2277 49
2277 2278 52
2278 2279 60
2279 2280 91
2280 2281 83
2281 2282 58
2282 2283 35
2283 2284 67
2284 2285 68
2285 2286 55
2286 2287 57
2287 2288 87
2288 2289 27
2289 2290 74
2290 2291 88
2291 2292 53
2292 2293 80
2293 2294 87
2294 2295 66
2295 2296 25
2296 2297 86
2297 2298 16
2298 2299 87
2299 2300 17
2300 2301 71
2301 2302 34
2302 2303 84
2303 2304 24
2304 2305 70
2305 2306 94
2306 2307 69
2307 2308 11
2308 2309 62
2309 2310 70
2310 2311 76
2311 2312 19
2312 2313 16
2313 2314 89
2314 2315 89
2315 2316 97
2316 2317 88
2317 2318 47
2318 2319 3
2319 2320 88
2320 2321 83
2321 2322 1
2322 2323 13
2323 2324 82
2324 2325 34
2325 2326 23
2326 2327 75
2327 2328 91
2328 2329 17
2329 2330 1
2330 2331 82
2331 2332 56
2332 2333 84
2333 2334 76
2334 2335 51
2335 2336 26
2336 2337 1
2337 2338 20
2338 2339 29
2339 2340 9
2340 2341 62
2341 2342 33
2342 2343 99
2343 2344 56
2344 2345 64
2345 2346 12
2346 2347 26
2347 2348 38
2348 2349 64
2349 2350 1
2350 2351 54
2351 2352 82
2352 2353 78
2353 2354 13
2354 2355 11
2355 2356 29
2356 2357 77
2357 2358 2
2358 2359 55
2359 2360 44
2360 2361 97
2361 2362 85
2362 2363 35
2363 2364 40
2364 2365 64
2365 2366 18
2366 2367 94
2367 2368 76
2368 2369 11
2369 2370 79
2370 2371 94
2371 2372 18
2372 2373 69
2373 2374 78
2374 2375 7
2375 2376 95
2376 2377 31
2377 2378 17
2378 2379 71
2379 2380 78
2380 2381 7
2381 2382 71
2382 2383 59
2383 2384 48
2384 2385 35
2385 2386 6
2386 2387 63
2387 2388 8
2388 2389 5
2389 2390 86
2390 2391 88
2391 2392 100
2392 2393 98
2393 2394 68
2394 2395 97
2395 2396 45
2396 2397 75
2397 2398 65
2398 2399 14
2399 2400 60
2400 2401 76
2401 2402 39
2402 2403 3
2403 2404 7
2404 2405 3
2405 2406 83
2406 2407 33
2407 2408 38
2408 2409 49
2409 2410 82
2410 2411 78
2411 2412 26
2412 2413 69
2413 2414 1
2414 2415 45
2415 2416 16
2416 2417 28
2417 2418 47
2418 2419 100
2419 2420 95
2420 2421 43
2421 2422 11
2422 2423 46
2423 2424 86
2424 2425 17
2425 2426 53
2426 2427 80
2427 2428 83
2428 2429 70
2429 2430 30
2430 2431 23
2431 2432 84
2432 2433 9
2433 2434 78
2434 2435 69
2435 2436 24
2436 2437 66
2437 2438 14
2438 2439 28
2439 2440 87
2440 2441 96
2441 2442 97
2442 2443 16
2443 2444 4
2444 2445 44
2445 2446 74
2446 2447 95
2447 2448 91
2448 2449 42
2449 2450 86
2450 2451 64
2451 2452 97
2452 2453 40
2453 2454 77
2454 2455 28
2455 2456 45
2456 2457 99
2457 2458 32
2458 2459 41
2459 2460 33
2460 2461 90
2461 2462 73
2462 2463 23
2463 2464 75
2464 2465 22
2465 2466 21
2466 2467 4
2467 2468 87
2468 2469 66
2469 2470 72
2470 2471 37
2471 2472 57
2472 2473 87
2473 2474 48
2474 2475 48
2475 2476 55
2476 2477 97
2477 2478 16
2478 2479 19
2479 2480 21
2480 2481 87
2481 2482 10
2482 2483 78
2483 2484 16
2484 2485 78
2485 2486 46
2486 2487 85
2487 2488 54
2488 2489 77
2489 2490 2
2490 2491 63
2491 2492 80
2492 2493 14
2493 2494 30
2494 2495 4
2495 2496 92
2496 2497 93
2497 2498 97
2498 2499 62
2499 2500 19
2500 2501 80
2501 2502 47
2502 2503 49
2503 2504 1
2504 2505 12
2505 2506 60
2506 2507 13
2507 2508 61
2508 2509 69
2509 2510 25
2510 2511 44
2511 2512 56
2512 2513 21
2513 2514 23
2514 2515 50
2515 2516 17
2516 2517 7
2517 2518 66
2518 2519 59
2519 2520 33
2520 2521 27
2521 2522 60
2522 2523 80
2523 2524 44
2524 2525 32
2525 2526 99
2526 2527 46
2527 2528 15
2528 2529 2
2529 2530 47
2530 2531 8
2531 2532 69
2532 2533 40
2533 2534 40
2534 2535 48
2535 2536 98
2536 2537 61
2537 2538 73
2538 2539 30
2539 2540 66
2540 2541 70
2541 2542 76
2542 2543 87
2543 2544 96
2544 2545 78
2545 2546 91
2546 2547 4
2547 2548 73
2548 2549 49
2549 2550 75
2550 2551 11
2551 2552 15
2552 2553 25
2553 2554 11
2554 2555 99
2555 2556 58
2556 2557 15
2557 2558 2
2558 2559 50
2559 2560 49
2560 2561 62
2561 2562 22
2562 2563 71
2563 2564 35
2564 2565 56
2565 2566 78
2566 2567 1
2567 2568 95
2568 2569 33
2569 2570 8
2570 2571 52
2571 2572 54
2572 2573 9
2573 2574 89
2574 2575 36
2575 2576 9
2576 2577 4
2577 2578 83
2578 2579 8
2579 2580 36
2580 2581 40
2581 2582 33
2582 2583 14
2583 2584 98
2584 2585 57
2585 2586 21
2586 2587 69
2587 2588 70
2588 2589 81
2589 2590 83
2590 2591 21
2591 2592 5
2592 2593 17
2593 2594 68
2594 2595 11
2595 2596 96
2596 2597 64
2597 2598 13
2598 2599 71
2599 2600 90
2600 2601 4
2601 2602 60
2602 2603 94
2603 2604 62
2604 2605 6
2605 2606 62
2606 2607 55
2607 2608 30
2608 2609 71
2609 2610 94
2610 2611 88
2611 2612 95
2612 2613 72
2613 2614 63
2614 2615 81
2615 2616 79
2616 2617 34
2617 2618 62
2618 2619 82
2619 2620 49
2620 2621 9
2621 2622 67
2622 2623 90
2623 2624 56
2624 2625 55
2625 2626 60
2626 2627 82
2627 2628 79
2628 2629 46
2629 2630 49
2630 2631 65
2631 2632 5
2632 2633 53
2633 2634 17
2634 2635 74
2635 2636 44
2636 2637 9
2637 2638 73
2638 2639 7
2639 2640 60
2640 2641 25
2641 2642 66
2642 2643 16
2643 2644 48
2644 2645 88
2645 2646 62
2646 2647 22
2647 2648 33
2648 2649 98
2649 2650 48
2650 2651 34
2651 2652 75
2652 2653 19
2653 2654 88
2654 2655 79
2655 2656 44
2656 2657 66
2657 2658 5
2658 2659 50
2659 2660 17
2660 2661 56
2661 2662 3
2662 2663 72
2663 2664 66
2664 2665 23
2665 2666 34
2666 2667 100
2667 2668 55
2668 2669 98
2669 2670 50
2670 2671 66
2671 2672 9
2672 2673 20
2673 2674 41
2674 2675 69
2675 2676 23
2676 2677 8
2677 2678 42
2678 2679 4
2679 2680 21
2680 2681 26
2681 2682 85
2682 2683 47
2683 2684 18
2684 2685 87
2685 2686 97
2686 2687 73
2687 2688 42
2688 2689 75
2689 2690 85
2690 2691 43
2691 2692 63
2692 2693 35
2693 2694 74
2694 2695 38
2695 2696 77
2696 2697 99
2697 2698 51
2698 2699 5
2699 2700 55
2700 2701 87
2701 2702 52
2702 2703 58
2703 2704 59
2704 2705 44
2705 2706 3
2706 2707 73
2707 2708 40
2708 2709 49
2709 2710 61
2710 2711 88
2711 2712 60
2712 2713 91
2713 2714 80
2714 2715 43
2715 2716 66
2716 2717 28
2717 2718 100
2718 2719 60
2719 2720 29
2720 2721 92
2721 2722 36
2722 2723 22
2723 2724 39
2724 2725 63
2725 2726 47
2726 2727 64
2727 2728 84
2728 2729 74
2729 2730 24
2730 2731 14
2731 2732 78
2732 2733 72
2733 2734 41
2734 2735 91
2735 2736 61
2736 2737 18
2737 2738 64
2738 2739 24
2739 2740 38
2740 2741 98
2741 2742 52
2742 2743 19
2743 2744 42
2744 2745 86
2745 2746 7
2746 2747 50
2747 2748 44
2748 2749 25
2749 2750 10
2750 2751 88
2751 2752 41
2752 2753 45
2753 2754 60
2754 2755 52
2755 2756 58
2756 2757 36
2757 2758 67
2758 2759 60
2759 2760 10
2760 2761 17
2761 2762 66
2762 2763 40
2763 2764 32
2764 2765 97
2765 2766 40
2766 2767 26
2767 2768 86
2768 2769 66
2769 2770 1
2770 2771 33
2771 2772 59
2772 2773 78
2773 2774 60
2774 2775 14
2775 2776 40
2776 2777 97
2777 2778 24
2778 2779 46
2779 2780 24
2780 2781 24
2781 2782 89
2782 2783 8
2783 2784 45
2784 2785 17
2785 2786 34
2786 2787 52
2787 2788 45
2788 2789 34
2789 2790 67
2790 2791 83
2791 2792 15
2792 2793 44
2793 2794 45
2794 2795 25
2795 2796 59
2796 2797 62
2797 2798 95
2798 2799 71
2799 2800 26
2800 2801 17
2801 2802 36
2802 2803 17
2803 2804 38
2804 2805 4
2805 2806 61
2806 2807 74
2807 2808 36
2808 2809 67
2809 2810 54
2810 2811 48
2811 2812 79
2812 2813 85
2813 2814 71
2814 2815 81
2815 2816 45
2816 2817 59
2817 2818 87
2818 2819 87
2819 2820 56
2820 2821 21
2821 2822 54
2822 2823 12
2823 2824 4
2824 2825 27
2825 2826 99
2826 2827 6
2827 2828 13
2828 2829 54
2829 2830 24
2830 2831 94
2831 2832 6
2832 2833 4
2833 2834 65
2834 2835 13
2835 2836 23
2836 2837 46
2837 2838 19
2838 2839 94
2839 2840 9
2840 2841 32
2841 2842 11
2842 2843 51
2843 2844 59
2844 2845 5
2845 2846 69
2846 2847 15
2847 2848 40
2848 2849 99
2849 2850 48
2850 2851 97
2851 2852 69
2852 2853 1
2853 2854 2
2854 2855 96
2855 2856 33
2856 2857 64
2857 2858 98
2858 2859 87
2859 2860 59
2860 2861 46
2861 2862 26
2862 2863 52
2863 2864 53
2864 2865 49
2865 2866 35
2866 2867 67
2867 2868 54
2868 2869 14
2869 2870 13
2870 2871 3
2871 2872 14
2872 2873 31
2873 2874 15
2874 2875 71
2875 2876 94
2876 2877 21
2877 2878 74
2878 2879 68
2879 2880 17
2880 2881 97
2881 2882 19
2882 2883 10
2883 2884 74
2884 2885 68
2885 2886 16
2886 2887 45
2887 2888 24
2888 2889 87
2889 2890 97
2890 2891 18
2891 2892 26
2892 2893 70
2893 2894 67
2894 2895 84
2895 2896 98
2896 2897 95
2897 2898 38
2898 2899 69
2899 2900 2
2900 2901 50
2901 2902 25
2902 2903 62
2903 2904 84
2904 2905 87
2905 2906 87
2906 2907 58
2907 2908 77
2908 2909 4
2909 2910 12
2910 2911 94
2911 2912 80
2912 2913 69
2913 2914 92
2914 2915 68
2915 2916 61
2916 2917 22
2917 2918 95
2918 2919 66
2919 2920 83
2920 2921 40
2921 2922 67
2922 2923 66
2923 2924 58
2924 2925 11
2925 2926 35
2926 2927 66
2927 2928 16
2928 2929 100
2929 2930 61
2930 2931 5
2931 2932 32
2932 2933 98
2933 2934 87
2934 2935 41
2935 2936 100
2936 2937 88
2937 2938 76
2938 2939 79
2939 2940 10
2940 2941 57
2941 2942 29
2942 2943 74
2943 2944 11
2944 2945 88
2945 2946 66
2946 2947 41
2947 2948 77
2948 2949 33
2949 2950 93
2950 2951 67
2951 2952 44
2952 2953 81
2953 2954 91
2954 2955 77
2955 2956 88
2956 2957 80
2957 2958 32
2958 2959 44
2959 2960 87
2960 2961 82
2961 2962 38
2962 2963 13
2963 2964 30
2964 2965 55
2965 2966 65
2966 2967 1
2967 2968 33
2968 2969 33
2969 2970 64
2970 2971 37
2971 2972 61
2972 2973 40
2973 2974 57
2974 2975 70
2975 2976 39
2976 2977 39
2977 2978 55
2978 2979 45
2979 2980 60
2980 2981 24
2981 2982 55
2982 2983 38
2983 2984 45
2984 2985 23
2985 2986 2
2986 2987 8
2987 2988 59
2988 2989 61
2989 2990 17
2990 2991 67
2991 2992 65
2992 2993 62
2993 2994 76
2994 2995 47
2995 2996 51
2996 2997 38
2997 2998 55
2998 2999 87
2999 3000 96
3000 3001 52
3001 3002 85
3002 3003 48
3003 3004 92
3004 3005 3
3005 3006 82
3006 3007 35
3007 3008 11
3008 3009 39
3009 3010 15
3010 3011 40
3011 3012 53
3012 3013 59
3013 3014 25
3014 3015 54
3015 3016 48
3016 3017 61
3017 3018 40
3018 3019 77
3019 3020 55
3020 3021 82
3021 3022 75
3022 3023 72
3023 3024 72
3024 3025 96
3025 3026 53
3026 3027 2
3027 3028 83
3028 3029 20
3029 3030 44
3030 3031 1
3031 3032 90
3032 3033 65
3033 3034 8
3034 3035 90
3035 3036 96
3036 3037 25
3037 3038 66
3038 3039 93
3039 3040 39
3040 3041 7
3041 3042 20
3042 3043 94
3043 3044 48
3044 3045 36
3045 3046 20
3046 3047 11
3047 3048 17
3048 3049 49
3049 3050 62
3050 3051 26
3051 3052 53
3052 3053 29
3053 3054 68
3054 3055 31
3055 3056 93
3056 3057 81
3057 3058 54
3058 3059 54
3059 3060 59
3060 3061 32
3061 3062 9
3062 3063 62
3063 3064 72
3064 3065 72
3065 3066 40
3066 3067 28
3067 3068 98
3068 3069 42
3069 3070 83
3070 3071 13
3071 3072 53
3072 3073 19
3073 3074 13
3074 3075 69
3075 3076 86
3076 3077 19
3077 3078 80
3078 3079 53
3079 3080 19
3080 3081 71
3081 3082 30
3082 3083 11
3083 3084 80
3084 3085 57
3085 3086 19
3086 3087 26
3087 3088 92
3088 3089 97
3089 3090 43
3090 3091 49
3091 3092 9
3092 3093 81
3093 3094 82
3094 3095 56
3095 3096 38
3096 3097 5
3097 3098 53
3098 3099 64
3099 3100 12
3100 3101 96
3101 3102 1
3102 3103 61
3103 3104 64
3104 3105 82
3105 3106 52
3106 3107 89
3107 3108 60
3108 3109 23
3109 3110 80
3110 3111 22
3111 3112 65
3112 3113 62
3113 3114 18
3114 3115 42
3115 3116 37
3116 3117 84
3117 3118 91
3118 3119 91
3119 3120 77
3120 3121 36
3121 3122 56
3122 3123 24
3123 3124 26
3124 3125 79
3125 3126 31
3126 3127 28
3127 3128 74
3128 3129 83
3129 3130 86
3130 3131 43
3131 3132 68
3132 3133 67
3133 3134 81
3134 3135 10
3135 3136 77
3136 3137 63
3137 3138 15
3138 3139 46
3139 3140 43
3140 3141 59
3141 3142 16
3142 3143 17
3143 3144 24
3144 3145 74
3145 3146 87
3146 3147 87
3147 3148 48
3148 3149 22
3149 3150 54
3150 3151 10
3151 3152 18
3152 3153 3
3153 3154 32
3154 3155 65
3155 3156 24
3156 3157 61
3157 3158 21
3158 3159 55
3159 3160 64
3160 3161 24
3161 3162 26
3162 3163 40
3163 3164 64
3164 3165 60
3165 3166 6
3166 3167 50
3167 3168 15
3168 3169 99
3169 3170 28
3170 3171 14
3171 3172 60
3172 3173 70
3173 3174 68
3174 3175 41
3175 3176 45
3176 3177 43
3177 3178 45
3178 3179 72
3179 3180 73
3180 3181 70
3181 3182 2
3182 3183 100
3183 3184 35
3184 3185 13
3185 3186 82
3186 3187 11
3187 3188 61
3188 3189 73
3189 3190 34
3190 3191 58
3191 3192 91
3192 3193 28
3193 3194 78
3194 3195 8
3195 3196 27
3196 3197 9
3197 3198 65
3198 3199 90
3199 3200 60
3200 3201 20
3201 3202 41
3202 3203 33
3203 3204 37
3204 3205 23
3205 3206 35
3206 3207 36
3207 3208 62
3208 3209 7
3209 3210 45
3210 3211 52
3211 3212 84
3212 3213 7
3213 3214 67
3214 3215 81
3215 3216 7
3216 3217 24
3217 3218 65
3218 3219 55
3219 3220 28
3220 3221 89
3221 3222 60
3222 3223 66
3223 3224 69
3224 3225 54
3225 3226 24
3226 3227 33
3227 3228 46
3228 3229 34
3229 3230 20
3230 3231 67
3231 3232 6
3232 3233 100
3233 3234 38
3234 3235 67
3235 3236 37
3236 3237 56
3237 3238 100
3238 3239 74
3239 3240 45
3240 3241 47
3241 3242 34
3242 3243 7
3243 3244 59
3244 3245 57
3245 3246 9
3246 3247 96
3247 3248 97
3248 3249 18
3249 3250 64
3250 3251 70
3251 3252 76
3252 3253 21
3253 3254 18
3254 3255 54
3255 3256 41
3256 3257 10
3257 3258 43
3258 3259 46
3259 3260 83
3260 3261 76
3261 3262 1
3262 3263 35
3263 3264 31
3264 3265 67
3265 3266 99
3266 3267 80
3267 3268 48
3268 3269 93
3269 3270 39
3270 3271 24
3271 3272 12
3272 3273 40
3273 3274 98
3274 3275 16
3275 3276 3
3276 3277 100
3277 3278 74
3278 3279 93
3279 3280 77
3280 3281 54
3281 3282 25
3282 3283 85
3283 3284 68
3284 3285 53
3285 3286 10
3286 3287 63
3287 3288 26
3288 3289 9
3289 3290 79
3290 3291 76
3291 3292 87
3292 3293 13
3293 3294 61
3294 3295 83
3295 3296 51
3296 3297 79
3297 3298 16
3298 3299 71
3299 3300 7
3300 3301 4
3301 3302 12
3302 3303 31
3303 3304 23
3304 3305 27
3305 3306 35
3306 3307 37
3307 3308 39
3308 3309 9
3309 3310 35
3310 3311 94
3311 3312 24
3312 3313 56
3313 3314 51
3314 3315 31
3315 3316 83
3316 3317 40
3317 3318 28
3318 3319 45
3319 3320 95
3320 3321 61
3321 3322 88
3322 3323 52
3323 3324 17
3324 3325 92
3325 3326 79
3326 3327 50
3327 3328 58
3328 3329 100
3329 3330 57
3330 3331 86
3331 3332 40
3332 3333 21
3333 3334 51
3334 3335 94
3335 3336 40
3336 3337 12
3337 3338 54
3338 3339 82
3339 3340 63
3340 3341 39
3341 3342 68
3342 3343 88
3343 3344 54
3344 3345 87
3345 3346 73
3346 3347 81
3347 3348 15
3348 3349 80
3349 3350 22
3350 3351 31
3351 3352 82
3352 3353 9
3353 3354 33
3354 3355 41
3355 3356 3
3356 3357 18
3357 3358 16
3358 3359 70
3359 3360 23
3360 3361 35
3361 3362 96
3362 3363 98
3363 3364 58
3364 3365 65
3365 3366 94
3366 3367 83
3367 3368 58
3368 3369 14
3369 3370 48
3370 3371 87
3371 3372 32
3372 3373 93
3373 3374 61
3374 3375 49
3375 3376 14
3376 3377 61
3377 3378 90
3378 3379 77
3379 3380 83
3380 3381 18
3381 3382 32
3382 3383 51
3383 3384 96
3384 3385 40
3385 3386 83
3386 3387 15
3387 3388 67
3388 3389 37
3389 3390 13
3390 3391 7
3391 3392 48
3392 3393 3
3393 3394 51
3394 3395 14
3395 3396 24
3396 3397 97
3397 3398 8
3398 3399 55
3399 3400 78
3400 3401 97
3401 3402 13
3402 3403 44
3403 3404 60
3404 3405 32
3405 3406 94
3406 3407 51
3407 3408 88
3408 3409 44
3409 3410 28
3410 3411 11
3411 3412 86
3412 3413 65
3413 3414 1
3414 3415 22
3415 3416 2
3416 3417 62
3417 3418 61
3418 3419 66
3419 3420 37
3420 3421 16
3421 3422 39
3422 3423 7
3423 3424 57
3424 3425 79
3425 3426 20
3426 3427 46
3427 3428 22
3428 3429 6
3429 3430 49
3430 3431 100
3431 3432 76
3432 3433 6
3433 3434 62
3434 3435 70
3435 3436 30
3436 3437 99
3437 3438 44
3438 3439 24
3439 3440 18
3440 3441 15
3441 3442 8
3442 3443 13
3443 3444 79
3444 3445 31
3445 3446 27
3446 3447 11
3447 3448 18
3448 3449 70
3449 3450 70
3450 3451 7
3451 3452 62
3452 3453 51
3453 3454 64
3454 3455 100
3455 3456 23
3456 3457 82
3457 3458 24
3458 3459 62
3459 3460 23
3460 3461 31
3461 3462 18
3462 3463 63
3463 3464 66
3464 3465 53
3465 3466 85
3466 3467 43
3467 3468 73
3468 3469 14
3469 3470 80
3470 3471 89
3471 3472 41
3472 3473 45
3473 3474 66
3474 3475 20
3475 3476 36
3476 3477 37
3477 3478 53
3478 3479 42
3479 3480 49
3480 3481 83
3481 3482 18
3482 3483 74
3483 3484 39
3484 3485 77
3485 3486 97
3486 3487 2
3487 3488 25
3488 3489 42
3489 3490 14
3490 3491 49
3491 3492 42
3492 3493 2
3493 3494 80
3494 3495 26
3495 3496 59
3496 3497 77
3497 3498 69
3498 3499 14
3499 3500 19
3500 3501 54
3501 3502 62
3502 3503 22
3503 3504 33
3504 3505 2
3505 3506 84
3506 3507 25
3507 3508 63
3508 3509 98
3509 3510 20
3510 3511 81
3511 3512 7
3512 3513 96
3513 3514 5
3514 3515 49
3515 3516 38
3516 3517 11
3517 3518 27
3518 3519 55
3519 3520 65
3520 3521 46
3521 3522 50
3522 3523 85
3523 3524 27
3524 3525 10
3525 3526 15
3526 3527 49
3527 3528 13
3528 3529 16
3529 3530 87
3530 3531 33
3531 3532 25
3532 3533 74
3533 3534 66
3534 3535 48
3535 3536 82
3536 3537 38
3537 3538 62
3538 3539 40
3539 3540 86
3540 3541 46
3541 3542 40
3542 3543 79
3543 3544 96
3544 3545 90
3545 3546 14
3546 3547 96
3547 3548 11
3548 3549 79
3549 3550 66
3550 3551 32
3551 3552 95
3552 3553 69
3553 3554 81
3554 3555 44
3555 3556 8
3556 3557 26
3557 3558 28
3558 3559 85
3559 3560 94
3560 3561 4
3561 3562 26
3562 3563 91
3563 3564 79
3564 3565 47
3565 3566 83
3566 3567 64
3567 3568 50
3568 3569 66
3569 3570 39
3570 3571 90
3571 3572 46
3572 3573 64
3573 3574 23
3574 3575 62
3575 3576 89
3576 3577 7
3577 3578 46
3578 3579 52
3579 3580 89
3580 3581 16
3581 3582 11
3582 3583 74
3583 3584 99
3584 3585 52
3585 3586 45
3586 3587 69
3587 3588 5
3588 3589 5
3589 3590 4
3590 3591 9
3591 3592 75
3592 3593 72
3593 3594 66
3594 3595 8
3595 3596 81
3596 3597 8
3597 3598 11
3598 3599 2
3599 3600 4
3600 3601 96
3601 3602 51
3602 3603 74
3603 3604 39
3604 3605 36
3605 3606 47
3606 3607 30
3607 3608 100
3608 3609 35
3609 3610 98
3610 3611 78
3611 3612 95
3612 3613 67
3613 3614 79
3614 3615 19
3615 3616 36
3616 3617 18
3617 3618 42
3618 3619 10
3619 3620 55
3620 3621 67
3621 3622 84
3622 3623 77
3623 3624 7
3624 3625 27
3625 3626 43
3626 3627 3
3627 3628 9
3628 3629 9
3629 3630 52
3630 3631 97
3631 3632 90
3632 3633 30
3633 3634 79
3634 3635 77
3635 3636 23
3636 3637 63
3637 3638 98
3638 3639 39
3639 3640 67
3640 3641 21
3641 3642 2
3642 3643 13
3643 3644 26
3644 3645 62
3645 3646 27
3646 3647 78
3647 3648 7
3648 3649 65
3649 3650 96
3650 3651 54
3651 3652 48
3652 3653 5
3653 3654 90
3654 3655 97
3655 3656 33
3656 3657 80
3657 3658 13
3658 3659 30
3659 3660 48
3660 3661 98
3661 3662 12
3662 3663 61
3663 3664 49
3664 3665 59
3665 3666 93
3666 3667 75
3667 3668 53
3668 3669 82
3669 3670 62
3670 3671 66
3671 3672 16
3672 3673 13
3673 3674 5
3674 3675 34
3675 3676 12
3676 3677 93
3677 3678 60
3678 3679 23
3679 3680 10
3680 3681 38
3681 3682 38
3682 3683 44
3683 3684 56
3684 3685 44
3685 3686 39
3686 3687 62
3687 3688 17
3688 3689 95
3689 3690 28
3690 3691 25
3691 3692 93
3692 3693 13
3693 3694 68
3694 3695 20
3695 3696 50
3696 3697 89
3697 3698 2
3698 3699 65
3699 3700 100
3700 3701 29
3701 3702 68
3702 3703 82
3703 3704 32
3704 3705 87
3705 3706 88
3706 3707 85
3707 3708 26
3708 3709 92
3709 3710 55
3710 3711 26
3711 3712 64
3712 3713 76
3713 3714 23
3714 3715 47
3715 3716 98
3716 3717 85
3717 3718 75
3718 3719 73
3719 3720 56
3720 3721 78
3721 3722 19
3722 3723 66
3723 3724 6
3724 3725 18
3725 3726 33
3726 3727 55
3727 3728 76
3728 3729 99
3729 3730 27
3730 3731 94
3731 3732 54
3732 3733 5
3733 3734 73
3734 3735 17
3735 3736 11
3736 3737 14
3737 3738 69
3738 3739 73
3739 3740 10
3740 3741 82
3741 3742 97
3742 3743 22
3743 3744 49
3744 3745 51
3745 3746 16
3746 3747 85
3747 3748 35
3748 3749 74
3749 3750 42
3750 3751 55
3751 3752 76
3752 3753 60
3753 3754 75
3754 3755 51
3755 3756 62
3756 3757 30
3757 3758 11
3758 3759 57
3759 3760 16
3760 3761 69
3761 3762 10
3762 3763 88
3763 3764 58
3764 3765 64
3765 3766 88
3766 3767 77
3767 3768 44
3768 3769 17
3769 3770 17
3770 3771 47
3771 3772 56
3772 3773 1
3773 3774 82
3774 3775 25
3775 3776 75
3776 3777 73
3777 3778 89
3778 3779 100
3779 3780 28
3780 3781 10
3781 3782 20
3782 3783 41
3783 3784 88
3784 3785 81
3785 3786 66
3786 3787 21
3787 3788 32
3788 3789 56
3789 3790 75
3790 3791 74
3791 3792 82
3792 3793 62
3793 3794 62
3794 3795 19
3795 3796 69
3796 3797 36
3797 3798 38
3798 3799 79
3799 3800 54
3800 3801 56
3801 3802 53
3802 3803 1
3803 3804 85
3804 3805 77
3805 3806 84
3806 3807 4
3807 3808 84
3808 3809 75
3809 3810 2
3810 3811 21
3811 3812 75
3812 3813 96
3813 3814 76
3814 3815 37
3815 3816 68
3816 3817 33
3817 3818 76
3818 3819 15
3819 3820 85
3820 3821 31
3821 3822 48
3822 3823 88
3823 3824 51
3824 3825 100
3825 3826 13
3826 3827 37
3827 3828 39
3828 3829 45
3829 3830 65
3830 3831 73
3831 3832 79
3832 3833 89
3833 3834 22
3834 3835 60
3835 3836 14
3836 3837 40
3837 3838 67
3838 3839 42
3839 3840 1
3840 3841 70
3841 3842 18
3842 3843 1
3843 3844 3
3844 3845 62
3845 3846 17
3846 3847 36
3847 3848 19
3848 3849 80
3849 3850 39
3850 3851 10
3851 3852 41
3852 3853 59
3853 3854 88
3854 3855 49
3855 3856 52
3856 3857 65
3857 3858 73
3858 3859 7
3859 3860 11
3860 3861 58
3861 3862 23
3862 3863 57
3863 3864 71
3864 3865 57
3865 3866 6
3866 3867 61
3867 3868 49
3868 3869 68
3869 3870 60
3870 3871 81
3871 3872 61
3872 3873 27
3873 3874 3
3874 3875 83
3875 3876 33
3876 3877 50
3877 3878 64
3878 3879 8
3879 3880 15
3880 3881 6
3881 3882 70
3882 3883 34
3883 3884 75
3884 3885 79
3885 3886 99
3886 3887 71
3887 3888 21
3888 3889 79
3889 3890 83
3890 3891 52
3891 3892 53
3892 3893 45
3893 3894 38
3894 3895 15
3895 3896 13
3896 3897 33
3897 3898 74
3898 3899 44
3899 3900 24
3900 3901 9
3901 3902 38
3902 3903 23
3903 3904 7
3904 3905 60
3905 3906 81
3906 3907 74
3907 3908 77
3908 3909 100
3909 3910 74
3910 3911 94
3911 3912 30
3912 3913 65
3913 3914 18
3914 3915 43
3915 3916 64
3916 3917 64
3917 3918 50
3918 3919 79
3919 3920 18
3920 3921 12
3921 3922 69
3922 3923 41
3923 3924 100
3924 3925 84
3925 3926 75
3926 3927 39
3927 3928 74
3928 3929 58
3929 3930 96
3930 3931 59
3931 3932 21
3932 3933 19
3933 3934 57
3934 3935 37
3935 3936 98
3936 3937 34
3937 3938 17
3938 3939 3
3939 3940 71
3940 3941 3
3941 3942 59
3942 3943 84
3943 3944 59
3944 3945 28
3945 3946 70
3946 3947 52
3947 3948 93
3948 3949 30
3949 3950 79
3950 3951 95
3951 3952 6
3952 3953 26
3953 3954 86
3954 3955 43
3955 3956 23
3956 3957 88
3957 3958 38
3958 3959 85
3959 3960 47
3960 3961 19
3961 3962 49
3962 3963 81
3963 3964 44
3964 3965 46
3965 3966 94
3966 3967 49
3967 3968 71
3968 3969 14
3969 3970 64
3970 3971 9
3971 3972 5
3972 3973 73
3973 3974 91
3974 3975 50
3975 3976 91
3976 3977 44
3977 3978 79
3978 3979 73
3979 3980 1
3980 3981 77
3981 3982 6
3982 3983 16
3983 3984 23
3984 3985 62
3985 3986 14
3986 3987 14
3987 3988 40
3988 3989 76
3989 3990 93
3990 3991 66
3991 3992 48
3992 3993 96
3993 3994 2
3994 3995 7
3995 3996 29
3996 3997 6
3997 3998 5
3998 3999 29
3999 4000 4
4000 4001 27
4001 4002 28
4002 4003 25
4003 4004 28
4004 4005 91
4005 4006 79
4006 4007 25
4007 4008 98
4008 4009 28
4009 4010 38
4010 4011 76
4011 4012 43
4012 4013 45
4013 4014 85
4014 4015 78
4015 4016 27
4016 4017 7
4017 4018 16
4018 4019 49
4019 4020 86
4020 4021 4
4021 4022 5
4022 4023 7
4023 4024 62
4024 4025 91
4025 4026 57
4026 4027 14
4027 4028 35
4028 4029 54
4029 4030 32
4030 4031 42
4031 4032 78
4032 4033 35
4033 4034 9
4034 4035 90
4035 4036 24
4036 4037 3
4037 4038 74
4038 4039 67
4039 4040 55
4040 4041 97
4041 4042 13
4042 4043 57
4043 4044 89
4044 4045 94
4045 4046 40
4046 4047 6
4047 4048 83
4048 4049 42
4049 4050 79
4050 4051 27
4051 4052 63
4052 4053 74
4053 4054 50
4054 4055 99
4055 4056 98
4056 4057 26
4057 4058 15
4058 4059 66
4059 4060 73
4060 4061 20
4061 4062 20
4062 4063 57
4063 4064 34
4064 4065 47
4065 4066 31
4066 4067 98
4067 4068 95
4068 4069 61
4069 4070 97
4070 4071 35
4071 4072 19
4072 4073 12
4073 4074 3
4074 4075 16
4075 4076 73
4076 4077 23
4077 4078 42
4078 4079 26
4079 4080 9
4080 4081 86
4081 4082 69
4082 4083 57
4083 4084 55
4084 4085 53
4085 4086 99
4086 4087 12
4087 4088 23
4088 4089 87
4089 4090 41
4090 4091 73
4091 4092 55
4092 4093 7
4093 4094 80
4094 4095 71
4095 4096 55
4096 4097 55
4097 4098 62
4098 4099 9
4099 4100 23
4100 4101 46
4101 4102 85
4102 4103 49
4103 4104 43
4104 4105 17
4105 4106 15
4106 4107 95
4107 4108 67
4108 4109 85
4109 4110 22
4110 4111 67
4111 4112 10
4112 4113 47
4113 4114 87
4114 4115 42
4115 4116 47
4116 4117 66
4117 4118 75
4118 4119 55
4119 4120 30
4120 4121 7
4121 4122 79
4122 4123 52
4123 4124 12
4124 4125 81
4125 4126 36
4126 4127 46
4127 4128 98
4128 4129 6
4129 4130 80
4130 4131 79
4131 4132 50
4132 4133 21
4133 4134 34
4134 4135 26
4135 4136 88
4136 4137 17
4137 4138 55
4138 4139 34
4139 4140 76
4140 4141 76
4141 4142 76
4142 4143 52
4143 4144 2
4144 4145 21
4145 4146 13
4146 4147 88
4147 4148 66
4148 4149 88
4149 4150 17
4150 4151 88
4151 4152 26
4152 4153 24
4153 4154 95
4154 4155 46
4155 4156 57
4156 4157 99
4157 4158 76
4158 4159 78
4159 4160 56
4160 4161 3
4161 4162 56
4162 4163 7
4163 4164 10
4164 4165 47
4165 4166 35
4166 4167 91
4167 4168 29
4168 4169 54
4169 4170 40
4170 4171 50
4171 4172 80
4172 4173 11
4173 4174 38
4174 4175 66
4175 4176 46
4176 4177 83
4177 4178 40
4178 4179 39
4179 4180 10
4180 4181 78
4181 4182 45
4182 4183 97
4183 4184 20
4184 4185 21
4185 4186 19
4186 4187 53
4187 4188 10
4188 4189 29
4189 4190 36
4190 4191 80
4191 4192 76
4192 4193 58
4193 4194 28
4194 4195 64
4195 4196 32
4196 4197 80
4197 4198 65
4198 4199 40
4199 4200 20
4200 4201 92
4201 4202 90
4202 4203 54
4203 4204 53
4204 4205 16
4205 4206 45
4206 4207 70
4207 4208 56
4208 4209 80
4209 4210 17
4210 4211 32
4211 4212 62
4212 4213 86
4213 4214 37
4214 4215 91
4215 4216 90
4216 4217 28
4217 4218 17
4218 4219 99
4219 4220 51
4220 4221 15
4221 4222 60
4222 4223 21
4223 4224 4
4224 4225 19
4225 4226 37
4226 4227 90
4227 4228 74
4228 4229 66
4229 4230 83
4230 4231 16
4231 4232 32
4232 4233 45
4233 4234 80
4234 4235 62
4235 4236 97
4236 4237 9
4237 4238 86
4238 4239 89
4239 4240 12
4240 4241 81
4241 4242 74
4242 4243 51
4243 4244 32
4244 4245 97
4245 4246 99
4246 4247 42
4247 4248 49
4248 4249 99
4249 4250 13
4250 4251 67
4251 4252 73
4252 4253 64
4253 4254 33
4254 4255 17
4255 4256 100
4256 4257 89
4257 4258 98
4258 4259 43
4259 4260 66
4260 4261 17
4261 4262 13
4262 4263 2
4263 4264 69
4264 4265 56
4265 4266 10
4266 4267 53
4267 4268 3
4268 4269 72
4269 4270 83
4270 4271 90
4271 4272 21
4272 4273 8
4273 4274 38
4274 4275 74
4275 4276 98
4276 4277 19
4277 4278 34
4278 4279 86
4279 4280 30
4280 4281 82
4281 4282 92
4282 4283 55
4283 4284 12
4284 4285 72
4285 4286 76
4286 4287 32
4287 4288 99
4288 4289 48
4289 4290 91
4290 4291 83
4291 4292 66
4292 4293 46
4293 4294 32
4294 4295 36
4295 4296 26
4296 4297 50
4297 4298 82
4298 4299 83
4299 4300 88
4300 4301 34
4301 4302 53
4302 4303 18
4303 4304 25
4304 4305 72
4305 4306 12
4306 4307 83
4307 4308 9
4308 4309 11
4309 4310 72
4310 4311 24
4311 4312 43
4312 4313 15
4313 4314 91
4314 4315 35
4315 4316 74
4316 4317 46
4317 4318 20
4318 4319 75
4319 4320 62
4320 4321 66
4321 4322 44
4322 4323 63
4323 4324 58
4324 4325 36
4325 4326 74
4326 4327 85
4327 4328 81
4328 4329 48
4329 4330 85
4330 4331 98
4331 4332 26
4332 4333 64
4333 4334 4
4334 4335 13
4335 4336 74
4336 4337 68
4337 4338 11
4338 4339 33
4339 4340 32
4340 4341 69
4341 4342 1
4342 4343 7
4343 4344 69
4344 4345 18
4345 4346 17
4346 4347 86
4347 4348 66
4348 4349 23
4349 4350 100
4350 4351 84
4351 4352 8
4352 4353 28
4353 4354 8
4354 4355 65
4355 4356 35
4356 4357 70
4357 4358 87
4358 4359 52
4359 4360 22
4360 4361 31
4361 4362 37
4362 4363 22
4363 4364 7
4364 4365 4
4365 4366 77
4366 4367 31
4367 4368 41
4368 4369 66
4369 4370 76
4370 4371 94
4371 4372 91
4372 4373 88
4373 4374 24
4374 4375 77
4375 4376 81
4376 4377 79
4377 4378 6
4378 4379 67
4379 4380 90
4380 4381 27
4381 4382 66
4382 4383 91
4383 4384 88
4384 4385 68
4385 4386 1
4386 4387 57
4387 4388 17
4388 4389 12
4389 4390 39
4390 4391 45
4391 4392 38
4392 4393 47
4393 4394 23
4394 4395 87
4395 4396 39
4396 4397 55
4397 4398 13
4398 4399 39
4399 4400 42
4400 4401 98
4401 4402 81
4402 4403 12
4403 4404 48
4404 4405 43
4405 4406 2
4406 4407 5
4407 4408 43
4408 4409 74
4409 4410 3
4410 4411 92
4411 4412 97
4412 4413 29
4413 4414 13
4414 4415 86
4415 4416 71
4416 4417 30
4417 4418 98
4418 4419 92
4419 4420 83
4420 4421 76
4421 4422 70
4422 4423 81
4423 4424 84
4424 4425 2
4425 4426 99
4426 4427 97
4427 4428 63
4428 4429 73
4429 4430 56
4430 4431 31
4431 4432 63
4432 4433 83
4433 4434 54
4434 4435 29
4435 4436 64
4436 4437 88
4437 4438 45
4438 4439 12
4439 4440 22
4440 4441 71
4441 4442 13
4442 4443 55
4443 4444 7
4444 4445 10
4445 4446 27
4446 4447 25
4447 4448 5
4448 4449 2
4449 4450 57
4450 4451 47
4451 4452 29
4452 4453 31
4453 4454 83
4454 4455 60
4455 4456 8
4456 4457 30
4457 4458 23
4458 4459 30
4459 4460 74
4460 4461 75
4461 4462 60
4462 4463 5
4463 4464 7
4464 4465 91
4465 4466 88
4466 4467 86
4467 4468 88
4468 4469 67
4469 4470 34
4470 4471 60
4471 4472 35
4472 4473 90
4473 4474 99
4474 4475 19
4475 4476 63
4476 4477 8
4477 4478 54
4478 4479 24
4479 4480 84
4480 4481 80
4481 4482 29
4482 4483 4
4483 4484 43
4484 4485 59
4485 4486 27
4486 4487 100
4487 4488 79
4488 4489 86
4489 4490 58
4490 4491 53
4491 4492 66
4492 4493 7
4493 4494 26
4494 4495 84
4495 4496 23
4496 4497 60
4497 4498 49
4498 4499 12
4499 4500 74
4500 4501 10
4501 4502 53
4502 4503 91
4503 4504 4
4504 4505 67
4505 4506 87
4506 4507 83
4507 4508 7
4508 4509 88
4509 4510 96
4510 4511 58
4511 4512 3
4512 4513 52
4513 4514 70
4514 4515 44
4515 4516 9
4516 4517 32
4517 4518 92
4518 4519 44
4519 4520 47
4520 4521 78
4521 4522 14
4522 4523 61
4523 4524 35
4524 4525 90
4525 4526 17
4526 4527 45
4527 4528 18
4528 4529 61
4529 4530 95
4530 4531 64
4531 4532 45
4532 4533 60
4533 4534 79
4534 4535 71
4535 4536 64
4536 4537 24
4537 4538 68
4538 4539 52
4539 4540 14
4540 4541 11
4541 4542 24
4542 4543 39
4543 4544 79
4544 4545 49
4545 4546 98
4546 4547 66
4547 4548 27
4548 4549 96
4549 4550 28
4550 4551 61
4551 4552 48
4552 4553 75
4553 4554 99
4554 4555 51
4555 4556 27
4556 4557 64
4557 4558 41
4558 4559 8
4559 4560 90
4560 4561 26
4561 4562 1
4562 4563 37
4563 4564 4
4564 4565 48
4565 4566 61
4566 4567 5
4567 4568 91
4568 4569 15
4569 4570 24
4570 4571 28
4571 4572 47
4572 4573 98
4573 4574 46
4574 4575 34
4575 4576 48
4576 4577 49
4577 4578 63
4578 4579 20
4579 4580 47
4580 4581 62
4581 4582 45
4582 4583 29
4583 4584 48
4584 4585 21
4585 4586 60
4586 4587 52
4587 4588 54
4588 4589 1
4589 4590 86
4590 4591 1
4591 4592 5
4592 4593 22
4593 4594 84
4594 4595 4
4595 4596 85
4596 4597 11
4597 4598 29
4598 4599 34
4599 4600 47
4600 4601 81
4601 4602 44
4602 4603 58
4603 4604 22
4604 4605 52
4605 4606 40
4606 4607 30
4607 4608 5
4608 4609 94
4609 4610 28
4610 4611 40
4611 4612 82
4612 4613 9
4613 4614 29
4614 4615 62
4615 4616 82
4616 4617 12
4617 4618 54
4618 4619 35
4619 4620 88
4620 4621 51
4621 4622 58
4622 4623 88
4623 4624 3
4624 4625 50
4625 4626 68
4626 4627 71
4627 4628 5
4628 4629 100
4629 4630 46
4630 4631 14
4631 4632 93
4632 4633 28
4633 4634 17
4634 4635 40
4635 4636 39
4636 4637 43
4637 4638 73
4638 4639 42
4639 4640 89
4640 4641 91
4641 4642 68
4642 4643 72
4643 4644 26
4644 4645 61
4645 4646 68
4646 4647 31
4647 4648 30
4648 4649 83
4649 4650 72
4650 4651 96
4651 4652 96
4652 4653 83
4653 4654 73
4654 4655 1
4655 4656 87
4656 4657 64
4657 4658 1
4658 4659 6
4659 4660 72
4660 4661 26
4661 4662 83
4662 4663 6
4663 4664 5
4664 4665 61
4665 4666 88
4666 4667 69
4667 4668 26
4668 4669 12
4669 4670 67
4670 4671 39
4671 4672 81
4672 4673 46
4673 4674 67
4674 4675 37
4675 4676 10
4676 4677 13
4677 4678 60
4678 4679 42
4679 4680 55
4680 4681 76
4681 4682 91
4682 4683 8
4683 4684 41
4684 4685 9
4685 4686 33
4686 4687 36
4687 4688 75
4688 4689 95
4689 4690 42
4690 4691 67
4691 4692 65
4692 4693 68
4693 4694 65
4694 4695 37
4695 4696 89
4696 4697 60
4697 4698 60
4698 4699 2
4699 4700 51
4700 4701 64
4701 4702 14
4702 4703 92
4703 4704 12
4704 4705 62
4705 4706 16
4706 4707 88
4707 4708 18
4708 4709 73
4709 4710 64
4710 4711 13
4711 4712 75
4712 4713 91
4713 4714 53
4714 4715 7
4715 4716 83
4716 4717 54
4717 4718 100
4718 4719 15
4719 4720 83
4720 4721 2
4721 4722 70
4722 4723 43
4723 4724 54
4724 4725 30
4725 4726 45
4726 4727 49
4727 4728 9
4728 4729 58
4729 4730 40
4730 4731 5
4731 4732 92
4732 4733 13
4733 4734 81
4734 4735 56
4735 4736 22
4736 4737 35
4737 4738 47
4738 4739 73
4739 4740 82
4740 4741 66
4741 4742 7
4742 4743 85
4743 4744 39
4744 4745 70
4745 4746 86
4746 4747 43
4747 4748 41
4748 4749 68
4749 4750 8
4750 4751 28
4751 4752 55
4752 4753 31
4753 4754 87
4754 4755 79
4755 4756 60
4756 4757 45
4757 4758 23
4758 4759 80
4759 4760 39
4760 4761 83
4761 4762 46
4762 4763 86
4763 4764 58
4764 4765 92
4765 4766 76
4766 4767 44
4767 4768 10
4768 4769 32
4769 4770 89
4770 4771 59
4771 4772 2
4772 4773 38
4773 4774 38
4774 4775 61
4775 4776 3
4776 4777 71
4777 4778 40
4778 4779 69
4779 4780 53
4780 4781 38
4781 4782 52
4782 4783 17
4783 4784 17
4784 4785 44
4785 4786 65
4786 4787 15
4787 4788 5
4788 4789 90
4789 4790 77
4790 4791 35
4791 4792 95
4792 4793 16
4793 4794 34
4794 4795 3
4795 4796 52
4796 4797 65
4797 4798 38
4798 4799 64
4799 4800 1
4800 4801 35
4801 4802 39
4802 4803 8
4803 4804 80
4804 4805 41
4805 4806 60
4806 4807 32
4807 4808 11
4808 4809 68
4809 4810 85
4810 4811 61
4811 4812 54
4812 4813 37
4813 4814 85
4814 4815 22
4815 4816 59
4816 4817 99
4817 4818 56
4818 4819 46
4819 4820 11
4820 4821 69
4821 4822 17
4822 4823 15
4823 4824 98
4824 4825 49
4825 4826 23
4826 4827 3
4827 4828 98
4828 4829 51
4829 4830 54
4830 4831 97
4831 4832 14
4832 4833 39
4833 4834 10
4834 4835 4
4835 4836 21
4836 4837 4
4837 4838 93
4838 4839 39
4839 4840 42
4840 4841 17
4841 4842 40
4842 4843 3
4843 4844 32
4844 4845 76
4845 4846 15
4846 4847 46
4847 4848 49
4848 4849 29
4849 4850 14
4850 4851 91
4851 4852 84
4852 4853 12
4853 4854 38
4854 4855 96
4855 4856 38
4856 4857 32
4857 4858 48
4858 4859 89
4859 4860 45
4860 4861 61
4861 4862 100
4862 4863 83
4863 4864 55
4864 4865 99
4865 4866 9
4866 4867 29
4867 4868 61
4868 4869 97
4869 4870 16
4870 4871 39
4871 4872 4
4872 4873 39
4873 4874 98
4874 4875 35
4875 4876 78
4876 4877 55
4877 4878 99
4878 4879 16
4879 4880 48
4880 4881 56
4881 4882 54
4882 4883 55
4883 4884 17
4884 4885 77
4885 4886 25
4886 4887 84
4887 4888 84
4888 4889 45
4889 4890 36
4890 4891 31
4891 4892 83
4892 4893 26
4893 4894 71
4894 4895 20
4895 4896 18
4896 4897 6
4897 4898 51
4898 4899 35
4899 4900 68
4900 4901 28
4901 4902 24
4902 4903 97
4903 4904 84
4904 4905 56
4905 4906 55
4906 4907 35
4907 4908 17
4908 4909 59
4909 4910 59
4910 4911 14
4911 4912 100
4912 4913 45
4913 4914 16
4914 4915 63
4915 4916 82
4916 4917 49
4917 4918 21
4918 4919 41
4919 4920 79
4920 4921 100
4921 4922 74
4922 4923 89
4923 4924 31
4924 4925 63
4925 4926 33
4926 4927 57
4927 4928 80
4928 4929 63
4929 4930 47
4930 4931 21
4931 4932 74
4932 4933 40
4933 4934 15
4934 4935 4
4935 4936 86
4936 4937 48
4937 4938 72
4938 4939 55
4939 4940 91
4940 4941 23
4941 4942 14
4942 4943 97
4943 4944 60
4944 4945 91
4945 4946 60
4946 4947 73
4947 4948 36
4948 4949 54
4949 4950 46
4950 4951 87
4951 4952 4
4952 4953 14
4953 4954 75
4954 4955 80
4955 4956 55
4956 4957 13
4957 4958 6
4958 4959 80
4959 4960 69
4960 4961 28
4961 4962 47
4962 4963 88
4963 4964 4
4964 4965 95
4965 4966 97
4966 4967 15
4967 4968 95
4968 4969 47
4969 4970 52
4970 4971 99
4971 4972 10
4972 4973 49
4973 4974 76
4974 4975 87
4975 4976 50
4976 4977 59
4977 4978 31
4978 4979 38
4979 4980 50
4980 4981 29
4981 4982 53
4982 4983 21
4983 4984 57
4984 4985 77
4985 4986 45
4986 4987 39
4987 4988 61
4988 4989 52
4989 4990 92
4990 4991 50
4991 4992 37
4992 4993 58
4993 4994 73
4994 4995 87
4995 4996 90
4996 4997 99
4997 4998 46
4998 4999 41
4999 5000 45
5000 5001 83
5001 5002 61
5002 5003 77
5003 5004 60
5004 5005 58
5005 5006 81
5006 5007 96
5007 5008 48
5008 5009 21
5009 5010 100
5010 5011 11
5011 5012 6
5012 5013 86
5013 5014 1
5014 5015 44
5015 5016 65
5016 5017 85
5017 5018 30
5018 5019 90
5019 5020 25
5020 5021 7
5021 5022 32
5022 5023 89
5023 5024 26
5024 5025 45
5025 5026 4
5026 5027 52
5027 5028 98
5028 5029 63
5029 5030 23
5030 5031 93
5031 5032 74
5032 5033 2
5033 5034 77
5034 5035 48
5035 5036 93
5036 5037 69
5037 5038 4
5038 5039 73
5039 5040 88
5040 5041 70
5041 5042 53
5042 5043 14
5043 5044 64
5044 5045 30
5045 5046 65
5046 5047 36
5047 5048 82
5048 5049 81
5049 5050 34
5050 5051 28
5051 5052 74
5052 5053 22
5053 5054 53
5054 5055 96
5055 5056 80
5056 5057 1
5057 5058 100
5058 5059 100
5059 5060 21
5060 5061 68
5061 5062 100
5062 5063 83
5063 5064 9
5064 5065 30
5065 5066 1
5066 5067 2
5067 5068 5
5068 5069 74
5069 5070 35
5070 5071 84
5071 5072 64
5072 5073 75
5073 5074 7
5074 5075 15
5075 5076 1
5076 5077 76
5077 5078 94
5078 5079 77
5079 5080 83
5080 5081 66
5081 5082 81
5082 5083 77
5083 5084 89
5084 5085 85
5085 5086 71
5086 5087 62
5087 5088 11
5088 5089 9
5089 5090 40
5090 5091 49
5091 5092 73
5092 5093 8
5093 5094 29
5094 5095 41
5095 5096 69
5096 5097 41
5097 5098 3
5098 5099 7
5099 5100 31
5100 5101 35
5101 5102 55
5102 5103 12
5103 5104 64
5104 5105 81
5105 5106 58
5106 5107 95
5107 5108 70
5108 5109 8
5109 5110 1
5110 5111 96
5111 5112 11
5112 5113 53
5113 5114 87
5114 5115 30
5115 5116 69
5116 5117 8
5117 5118 12
5118 5119 51
5119 5120 85
5120 5121 80
5121 5122 25
5122 5123 71
5123 5124 48
5124 5125 6
5125 5126 15
5126 5127 8
5127 5128 72
5128 5129 41
5129 5130 67
5130 5131 30
5131 5132 22
5132 5133 24
5133 5134 87
5134 5135 29
5135 5136 41
5136 5137 81
5137 5138 30
5138 5139 93
5139 5140 16
5140 5141 41
5141 5142 27
5142 5143 91
5143 5144 3
5144 5145 33
5145 5146 59
5146 5147 48
5147 5148 85
5148 5149 23
5149 5150 55
5150 5151 65
5151 5152 22
5152 5153 98
5153 5154 4
5154 5155 61
5155 5156 22
5156 5157 36
5157 5158 42
5158 5159 65
5159 5160 76
5160 5161 13
5161 5162 19
5162 5163 89
5163 5164 72
5164 5165 51
5165 5166 87
5166 5167 45
5167 5168 46
5168 5169 59
5169 5170 83
5170 5171 63
5171 5172 56
5172 5173 8
5173 5174 64
5174 5175 69
5175 5176 53
5176 5177 25
5177 5178 47
5178 5179 72
5179 5180 24
5180 5181 83
5181 5182 31
5182 5183 81
5183 5184 29
5184 5185 56
5185 5186 57
5186 5187 53
5187 5188 12
5188 5189 15
5189 5190 92
5190 5191 78
5191 5192 73
5192 5193 28
5193 5194 41
5194 5195 50
5195 5196 16
5196 5197 29
5197 5198 89
5198 5199 14
5199 5200 83
5200 5201 63
5201 5202 73
5202 5203 6
5203 5204 28
5204 5205 75
5205 5206 41
5206 5207 32
5207 5208 11
5208 5209 1
5209 5210 19
5210 5211 52
5211 5212 79
5212 5213 5
5213 5214 72
5214 5215 28
5215 5216 60
5216 5217 71
5217 5218 90
5218 5219 7
5219 5220 59
5220 5221 84
5221 5222 47
5222 5223 1
5223 5224 35
5224 5225 25
5225 5226 95
5226 5227 75
5227 5228 9
5228 5229 32
5229 5230 94
5230 5231 11
5231 5232 83
5232 5233 37
5233 5234 13
5234 5235 28
5235 5236 57
5236 5237 85
5237 5238 87
5238 5239 32
5239 5240 58
5240 5241 79
5241 5242 91
5242 5243 90
5243 5244 95
5244 5245 44
5245 5246 43
5246 5247 91
5247 5248 38
5248 5249 38
5249 5250 94
5250 5251 97
5251 5252 68
5252 5253 9
5253 5254 12
5254 5255 69
5255 5256 5
5256 5257 50
5257 5258 57
5258 5259 39
5259 5260 94
5260 5261 64
5261 5262 85
5262 5263 71
5263 5264 68
5264 5265 1
5265 5266 14
5266 5267 17
5267 5268 26
5268 5269 72
5269 5270 88
5270 5271 67
5271 5272 19
5272 5273 97
5273 5274 28
5274 5275 77
5275 5276 13
5276 5277 96
5277 5278 68
5278 5279 71
5279 5280 95
5280 5281 30
5281 5282 27
5282 5283 11
5283 5284 48
5284 5285 79
5285 5286 64
5286 5287 65
5287 5288 100
5288 5289 5
5289 5290 11
5290 5291 37
5291 5292 50
5292 5293 96
5293 5294 39
5294 5295 51
5295 5296 87
5296 5297 44
5297 5298 48
5298 5299 46
5299 5300 12
5300 5301 21
5301 5302 64
5302 5303 37
5303 5304 78
5304 5305 37
5305 5306 1
5306 5307 6
5307 5308 86
5308 5309 77
5309 5310 19
5310 5311 42
5311 5312 56
5312 5313 83
5313 5314 42
5314 5315 86
5315 5316 72
5316 5317 22
5317 5318 38
5318 5319 66
5319 5320 87
5320 5321 48
5321 5322 74
5322 5323 89
5323 5324 65
5324 5325 22
5325 5326 80
5326 5327 68
5327 5328 76
5328 5329 61
5329 5330 4
5330 5331 30
5331 5332 40
5332 5333 14
5333 5334 94
5334 5335 66
5335 5336 13
5336 5337 74
5337 5338 74
5338 5339 32
5339 5340 98
5340 5341 65
5341 5342 6
5342 5343 40
5343 5344 69
5344 5345 72
5345 5346 47
5346 5347 20
5347 5348 58
5348 5349 90
5349 5350 9
5350 5351 29
5351 5352 5
5352 5353 37
5353 5354 67
5354 5355 6
5355 5356 83
5356 5357 12
5357 5358 79
5358 5359 52
5359 5360 55
5360 5361 27
5361 5362 10
5362 5363 84
5363 5364 69
5364 5365 2
5365 5366 25
5366 5367 38
5367 5368 92
5368 5369 34
5369 5370 84
5370 5371 2
5371 5372 71
5372 5373 13
5373 5374 95
5374 5375 42
5375 5376 4
5376 5377 50
5377 5378 74
5378 5379 41
5379 5380 34
5380 5381 54
5381 5382 91
5382 5383 60
5383 5384 27
5384 5385 1
5385 5386 73
5386 5387 47
5387 5388 88
5388 5389 97
5389 5390 5
5390 5391 52
5391 5392 40
5392 5393 68
5393 5394 77
5394 5395 32
5395 5396 46
5396 5397 78
5397 5398 27
5398 5399 78
5399 5400 22
5400 5401 53
5401 5402 14
5402 5403 98
5403 5404 86
5404 5405 13
5405 5406 58
5406 5407 2
5407 5408 8
5408 5409 78
5409 5410 39
5410 5411 81
5411 5412 37
5412 5413 13
5413 5414 19
5414 5415 27
5415 5416 44
5416 5417 2
5417 5418 34
5418 5419 30
5419 5420 35
5420 5421 78
5421 5422 74
5422 5423 52
5423 5424 23
5424 5425 35
5425 5426 65
5426 5427 38
5427 5428 58
5428 5429 1
5429 5430 57
5430 5431 30
5431 5432 67
5432 5433 65
5433 5434 55
5434 5435 98
5435 5436 88
5436 5437 85
5437 5438 68
5438 5439 3
5439 5440 55
5440 5441 90
5441 5442 83
5442 5443 79
5443 5444 61
5444 5445 79
5445 5446 30
5446 5447 46
5447 5448 21
5448 5449 40
5449 5450 16
5450 5451 31
5451 5452 90
5452 5453 7
5453 5454 72
5454 5455 23
5455 5456 94
5456 5457 25
5457 5458 61
5458 5459 49
5459 5460 48
5460 5461 75
5461 5462 6
5462 5463 48
5463 5464 68
5464 5465 6
5465 5466 59
5466 5467 96
5467 5468 100
5468 5469 95
5469 5470 24
5470 5471 79
5471 5472 54
5472 5473 100
5473 5474 66
5474 5475 55
5475 5476 65
5476 5477 97
5477 5478 57
5478 5479 8
5479 5480 78
5480 5481 37
5481 5482 21
5482 5483 23
5483 5484 73
5484 5485 20
5485 5486 62
5486 5487 15
5487 5488 90
5488 5489 63
5489 5490 85
5490 5491 79
5491 5492 32
5492 5493 58
5493 5494 28
5494 5495 15
5495 5496 99
5496 5497 82
5497 5498 53
5498 5499 64
5499 5500 91
5500 5501 39
5501 5502 17
5502 5503 68
5503 5504 65
5504 5505 26
5505 5506 81
5506 5507 35
5507 5508 95
5508 5509 92
5509 5510 34
5510 5511 30
5511 5512 73
5512 5513 47
5513 5514 54
5514 5515 90
5515 5516 7
5516 5517 71
5517 5518 69
5518 5519 7
5519 5520 70
5520 5521 15
5521 5522 94
5522 5523 1
5523 5524 50
5524 5525 64
5525 5526 24
5526 5527 45
5527 5528 5
5528 5529 14
5529 5530 42
5530 5531 96
5531 5532 31
5532 5533 53
5533 5534 77
5534 5535 25
5535 5536 36
5536 5537 51
5537 5538 95
5538 5539 68
5539 5540 97
5540 5541 8
5541 5542 63
5542 5543 28
5543 5544 93
5544 5545 81
5545 5546 77
5546 5547 46
5547 5548 55
5548 5549 55
5549 5550 19
5550 5551 44
5551 5552 46
5552 5553 5
5553 5554 57
5554 5555 17
5555 5556 87
5556 5557 45
5557 5558 49
5558 5559 21
5559 5560 90
5560 5561 5
5561 5562 68
5562 5563 85
5563 5564 14
5564 5565 99
5565 5566 100
5566 5567 80
5567 5568 53
5568 5569 86
5569 5570 40
5570 5571 25
5571 5572 66
5572 5573 97
5573 5574 11
5574 5575 20
5575 5576 64
5576 5577 96
5577 5578 50
5578 5579 100
5579 5580 41
5580 5581 72
5581 5582 96
5582 5583 99
5583 5584 53
5584 5585 57
5585 5586 22
5586 5587 26
5587 5588 46
5588 5589 44
5589 5590 92
5590 5591 60
5591 5592 18
5592 5593 8
5593 5594 22
5594 5595 63
5595 5596 2
5596 5597 99
5597 5598 2
5598 5599 20
5599 5600 83
5600 5601 80
5601 5602 74
5602 5603 91
5603 5604 36
5604 5605 95
5605 5606 70
5606 5607 97
5607 5608 40
5608 5609 53
5609 5610 96
5610 5611 98
5611 5612 97
5612 5613 76
5613 5614 40
5614 5615 17
5615 5616 86
5616 5617 48
5617 5618 78
5618 5619 72
5619 5620 31
5620 5621 25
5621 5622 24
5622 5623 65
5623 5624 46
5624 5625 67
5625 5626 79
5626 5627 17
5627 5628 97
5628 5629 57
5629 5630 77
5630 5631 78
5631 5632 86
5632 5633 50
5633 5634 61
5634 5635 2
5635 5636 84
5636 5637 1
5637 5638 79
5638 5639 36
5639 5640 38
5640 5641 93
5641 5642 56
5642 5643 23
5643 5644 81
5644 5645 64
5645 5646 5
5646 5647 23
5647 5648 81
5648 5649 33
5649 5650 18
5650 5651 85
5651 5652 52
5652 5653 73
5653 5654 81
5654 5655 10
5655 5656 26
5656 5657 43
5657 5658 25
5658 5659 3
5659 5660 41
5660 5661 49
5661 5662 90
5662 5663 67
5663 5664 1
5664 5665 12
5665 5666 91
5666 5667 29
5667 5668 16
5668 5669 40
5669 5670 100
5670 5671 92
5671 5672 96
5672 5673 100
5673 5674 50
5674 5675 5
5675 5676 52
5676 5677 77
5677 5678 49
5678 5679 38
5679 5680 64
5680 5681 40
5681 5682 10
5682 5683 76
5683 5684 4
5684 5685 92
5685 5686 6
5686 5687 96
5687 5688 45
5688 5689 58
5689 5690 28
5690 5691 36
5691 5692 63
5692 5693 79
5693 5694 100
5694 5695 26
5695 5696 39
5696 5697 57
5697 5698 58
5698 5699 36
5699 5700 42
5700 5701 66
5701 5702 85
5702 5703 25
5703 5704 91
5704 5705 20
5705 5706 88
5706 5707 92
5707 5708 98
5708 5709 11
5709 5710 3
5710 5711 51
5711 5712 84
5712 5713 23
5713 5714 76
5714 5715 4
5715 5716 23
5716 5717 4
5717 5718 96
5718 5719 18
5719 5720 15
5720 5721 87
5721 5722 68
5722 5723 29
5723 5724 23
5724 5725 96
5725 5726 44
5726 5727 59
5727 5728 72
5728 5729 44
5729 5730 57
5730 5731 59
5731 5732 43
5732 5733 52
5733 5734 33
5734 5735 76
5735 5736 84
5736 5737 29
5737 5738 15
5738 5739 36
5739 5740 44
5740 5741 90
5741 5742 91
5742 5743 95
5743 5744 85
5744 5745 90
5745 5746 41
5746 5747 42
5747 5748 77
5748 5749 79
5749 5750 83
5750 5751 48
5751 5752 89
5752 5753 50
5753 5754 55
5754 5755 21
5755 5756 21
5756 5757 60
5757 5758 26
5758 5759 19
5759 5760 30
5760 5761 34
5761 5762 60
5762 5763 86
5763 5764 4
5764 5765 21
5765 5766 64
5766 5767 8
5767 5768 37
5768 5769 7
5769 5770 30
5770 5771 95
5771 5772 88
5772 5773 51
5773 5774 47
5774 5775 41
5775 5776 10
5776 5777 82
5777 5778 83
5778 5779 84
5779 5780 5
5780 5781 34
5781 5782 73
5782 5783 70
5783 5784 78
5784 5785 78
5785 5786 36
5786 5787 66
5787 5788 83
5788 5789 16
5789 5790 52
5790 5791 88
5791 5792 47
5792 5793 54
5793 5794 5
5794 5795 29
5795 5796 30
5796 5797 43
5797 5798 94
5798 5799 4
5799 5800 40
5800 5801 13
5801 5802 55
5802 5803 77
5803 5804 54
5804 5805 1
5805 5806 60
5806 5807 42
5807 5808 7
5808 5809 53
5809 5810 37
5810 5811 6
5811 5812 73
5812 5813 98
5813 5814 21
5814 5815 23
5815 5816 21
5816 5817 31
5817 5818 2
5818 5819 31
5819 5820 44
5820 5821 24
5821 5822 89
5822 5823 1
5823 5824 6
5824 5825 73
5825 5826 20
5826 5827 97
5827 5828 32
5828 5829 23
5829 5830 74
5830 5831 67
5831 5832 65
5832 5833 75
5833 5834 42
5834 5835 85
5835 5836 76
5836 5837 43
5837 5838 61
5838 5839 31
5839 5840 90
5840 5841 33
5841 5842 82
5842 5843 72
5843 5844 26
5844 5845 82
5845 5846 28
5846 5847 19
5847 5848 13
5848 5849 38
5849 5850 34
5850 5851 91
5851 5852 100
5852 5853 81
5853 5854 41
5854 5855 99
5855 5856 23
5856 5857 76
5857 5858 77
5858 5859 40
5859 5860 55
5860 5861 60
5861 5862 15
5862 5863 67
5863 5864 39
5864 5865 8
5865 5866 42
5866 5867 55
5867 5868 76
5868 5869 71
5869 5870 3
5870 5871 17
5871 5872 27
5872 5873 79
5873 5874 52
5874 5875 59
5875 5876 27
5876 5877 96
5877 5878 63
5878 5879 5
5879 5880 49
5880 5881 27
5881 5882 37
5882 5883 61
5883 5884 95
5884 5885 30
5885 5886 64
5886 5887 72
5887 5888 13
5888 5889 76
5889 5890 57
5890 5891 11
5891 5892 79
5892 5893 52
5893 5894 71
5894 5895 51
5895 5896 18
5896 5897 37
5897 5898 98
5898 5899 94
5899 5900 45
5900 5901 83
5901 5902 16
5902 5903 70
5903 5904 19
5904 5905 72
5905 5906 10
5906 5907 47
5907 5908 81
5908 5909 93
5909 5910 13
5910 5911 70
5911 5912 13
5912 5913 73
5913 5914 86
5914 5915 87
5915 5916 35
5916 5917 28
5917 5918 4
5918 5919 81
5919 5920 6
5920 5921 20
5921 5922 15
5922 5923 35
5923 5924 22
5924 5925 34
5925 5926 67
5926 5927 98
5927 5928 16
5928 5929 86
5929 5930 12
5930 5931 71
5931 5932 77
5932 5933 73
5933 5934 68
5934 5935 57
5935 5936 44
5936 5937 95
5937 5938 55
5938 5939 50
5939 5940 32
5940 5941 39
5941 5942 49
5942 5943 17
5943 5944 51
5944 5945 79
5945 5946 39
5946 5947 74
5947 5948 91
5948 5949 39
5949 5950 2
5950 5951 3
5951 5952 79
5952 5953 84
5953 5954 13
5954 5955 2
5955 5956 80
5956 5957 71
5957 5958 62
5958 5959 98
5959 5960 85
5960 5961 44
5961 5962 10
5962 5963 24
5963 5964 56
5964 5965 71
5965 5966 51
5966 5967 82
5967 5968 71
5968 5969 55
5969 5970 54
5970 5971 97
5971 5972 55
5972 5973 6
5973 5974 43
5974 5975 51
5975 5976 31
5976 5977 72
5977 5978 49
5978 5979 87
5979 5980 12
5980 5981 18
5981 5982 97
5982 5983 81
5983 5984 72
5984 5985 56
5985 5986 96
5986 5987 40
5987 5988 23
5988 5989 14
5989 5990 88
5990 5991 87
5991 5992 81
5992 5993 16
5993 5994 68
5994 5995 31
5995 5996 63
5996 5997 30
5997 5998 32
5998 5999 88
5999 6000 82
6000 6001 68
6001 6002 51
6002 6003 80
6003 6004 8
6004 6005 26
6005 6006 32
6006 6007 63
6007 6008 94
6008 6009 58
6009 6010 86
6010 6011 84
6011 6012 99
6012 6013 91
6013 6014 63
6014 6015 2
6015 6016 25
6016 6017 68
6017 6018 17
6018 6019 6
6019 6020 19
6020 6021 55
6021 6022 2
6022 6023 29
6023 6024 40
6024 6025 31
6025 6026 20
6026 6027 36
6027 6028 42
6028 6029 63
6029 6030 94
6030 6031 34
6031 6032 44
6032 6033 74
6033 6034 88
6034 6035 41
6035 6036 61
6036 6037 7
6037 6038 25
6038 6039 79
6039 6040 36
6040 6041 29
6041 6042 9
6042 6043 44
6043 6044 34
6044 6045 69
6045 6046 68
6046 6047 34
6047 6048 8
6048 6049 6
6049 6050 21
6050 6051 38
6051 6052 39
6052 6053 95
6053 6054 99
6054 6055 65
6055 6056 79
6056 6057 68
6057 6058 74
6058 6059 64
6059 6060 12
6060 6061 20
6061 6062 79
6062 6063 42
6063 6064 79
6064 6065 76
6065 6066 61
6066 6067 11
6067 6068 100
6068 6069 28
6069 6070 33
6070 6071 28
6071 6072 95
6072 6073 44
6073 6074 92
6074 6075 99
6075 6076 2
6076 6077 7
6077 6078 46
6078 6079 52
6079 6080 98
6080 6081 18
6081 6082 11
6082 6083 98
6083 6084 55
6084 6085 12
6085 6086 98
6086 6087 41
6087 6088 56
6088 6089 74
6089 6090 19
6090 6091 71
6091 6092 59
6092 6093 43
6093 6094 21
6094 6095 35
6095 6096 52
6096 6097 40
6097 6098 8
6098 6099 27
6099 6100 61
6100 6101 21
6101 6102 52
6102 6103 49
6103 6104 75
6104 6105 27
6105 6106 64
6106 6107 29
6107 6108 55
6108 6109 66
6109 6110 69
6110 6111 97
6111 6112 15
6112 6113 61
6113 6114 60
6114 6115 8
6115 6116 18
6116 6117 8
6117 6118 93
6118 6119 96
6119 6120 7
6120 6121 30
6121 6122 44
6122 6123 10
6123 6124 70
6124 6125 60
6125 6126 46
6126 6127 63
6127 6128 10
6128 6129 65
6129 6130 56
6130 6131 27
6131 6132 65
6132 6133 2
6133 6134 71
6134 6135 97
6135 6136 38
6136 6137 26
6137 6138 57
6138 6139 68
6139 6140 46
6140 6141 71
6141 6142 68
6142 6143 62
6143 6144 59
6144 6145 32
6145 6146 53
6146 6147 28
6147 6148 25
6148 6149 60
6149 6150 1
6150 6151 87
6151 6152 18
6152 6153 95
6153 6154 12
6154 6155 11
6155 6156 45
6156 6157 16
6157 6158 62
6158 6159 95
6159 6160 22
6160 6161 74
6161 6162 94
6162 6163 89
6163 6164 1
6164 6165 21
6165 6166 78
6166 6167 59
6167 6168 63
6168 6169 71
6169 6170 38
6170 6171 69
6171 6172 6
6172 6173 41
6173 6174 63
6174 6175 2
6175 6176 39
6176 6177 59
6177 6178 94
6178 6179 26
6179 6180 55
6180 6181 46
6181 6182 94
6182 6183 96
6183 6184 23
6184 6185 40
6185 6186 73
6186 6187 84
6187 6188 62
6188 6189 19
6189 6190 74
6190 6191 68
6191 6192 22
6192 6193 98
6193 6194 67
6194 6195 11
6195 6196 50
6196 6197 1
6197 6198 75
6198 6199 44
6199 6200 33
6200 6201 10
6201 6202 90
6202 6203 75
6203 6204 9
6204 6205 92
6205 6206 81
6206 6207 44
6207 6208 87
6208 6209 26
6209 6210 82
6210 6211 44
6211 6212 52
6212 6213 73
6213 6214 44
6214 6215 1
6215 6216 100
6216 6217 59
6217 6218 23
6218 6219 62
6219 6220 55
6220 6221 64
6221 6222 68
6222 6223 25
6223 6224 71
6224 6225 72
6225 6226 21
6226 6227 10
6227 6228 66
6228 6229 20
6229 6230 82
6230 6231 88
6231 6232 6
6232 6233 74
6233 6234 92
6234 6235 2
6235 6236 3
6236 6237 25
6237 6238 36
6238 6239 22
6239 6240 2
6240 6241 28
6241 6242 8
6242 6243 25
6243 6244 92
6244 6245 7
6245 6246 36
6246 6247 46
6247 6248 43
6248 6249 74
6249 6250 22
6250 6251 61
6251 6252 60
6252 6253 68
6253 6254 60
6254 6255 9
6255 6256 38
6256 6257 96
6257 6258 34
6258 6259 84
6259 6260 89
6260 6261 81
6261 6262 39
6262 6263 83
6263 6264 50
6264 6265 94
6265 6266 29
6266 6267 55
6267 6268 79
6268 6269 21
6269 6270 40
6270 6271 62
6271 6272 52
6272 6273 75
6273 6274 26
6274 6275 74
6275 6276 99
6276 6277 53
6277 6278 30
6278 6279 7
6279 6280 78
6280 6281 38
6281 6282 43
6282 6283 93
6283 6284 21
6284 6285 59
6285 6286 80
6286 6287 54
6287 6288 34
6288 6289 27
6289 6290 87
6290 6291 37
6291 6292 92
6292 6293 90
6293 6294 86
6294 6295 67
6295 6296 4
6296 6297 79
6297 6298 79
6298 6299 46
6299 6300 42
6300 6301 64
6301 6302 88
6302 6303 25
6303 6304 64
6304 6305 71
6305 6306 84
6306 6307 43
6307 6308 50
6308 6309 45
6309 6310 54
6310 6311 65
6311 6312 15
6312 6313 94
6313 6314 79
6314 6315 7
6315 6316 42
6316 6317 83
6317 6318 51
6318 6319 30
6319 6320 79
6320 6321 45
6321 6322 60
6322 6323 3
6323 6324 21
6324 6325 31
6325 6326 60
6326 6327 51
6327 6328 41
6328 6329 6
6329 6330 47
6330 6331 50
6331 6332 3
6332 6333 93
6333 6334 22
6334 6335 11
6335 6336 29
6336 6337 77
6337 6338 72
6338 6339 41
6339 6340 2
6340 6341 66
6341 6342 41
6342 6343 27
6343 6344 93
6344 6345 16
6345 6346 12
6346 6347 17
6347 6348 52
6348 6349 8
6349 6350 79
6350 6351 19
6351 6352 95
6352 6353 67
6353 6354 75
6354 6355 89
6355 6356 73
6356 6357 82
6357 6358 83
6358 6359 69
6359 6360 45
6360 6361 12
6361 6362 81
6362 6363 29
6363 6364 1
6364 6365 31
6365 6366 93
6366 6367 25
6367 6368 45
6368 6369 52
6369 6370 56
6370 6371 54
6371 6372 26
6372 6373 36
6373 6374 75
6374 6375 36
6375 6376 8
6376 6377 83
6377 6378 88
6378 6379 79
6379 6380 83
6380 6381 31
6381 6382 22
6382 6383 92
6383 6384 81
6384 6385 96
6385 6386 79
6386 6387 33
6387 6388 64
6388 6389 36
6389 6390 38
6390 6391 51
6391 6392 28
6392 6393 95
6393 6394 24
6394 6395 88
6395 6396 32
6396 6397 11
6397 6398 91
6398 6399 40
6399 6400 8
6400 6401 56
6401 6402 83
6402 6403 51
6403 6404 35
6404 6405 20
6405 6406 53
6406 6407 86
6407 6408 80
6408 6409 68
6409 6410 89
6410 6411 84
6411 6412 35
6412 6413 86
6413 6414 47
6414 6415 75
6415 6416 42
6416 6417 44
6417 6418 2
6418 6419 62
6419 6420 30
6420 6421 17
6421 6422 46
6422 6423 68
6423 6424 42
6424 6425 18
6425 6426 73
6426 6427 70
6427 6428 39
6428 6429 23
6429 6430 49
6430 6431 12
6431 6432 43
6432 6433 17
6433 6434 75
6434 6435 1
6435 6436 87
6436 6437 72
6437 6438 54
6438 6439 74
6439 6440 79
6440 6441 52
6441 6442 30
6442 6443 17
6443 6444 55
6444 6445 9
6445 6446 35
6446 6447 2
6447 6448 42
6448 6449 17
6449 6450 74
6450 6451 90
6451 6452 89
6452 6453 25
6453 6454 13
6454 6455 36
6455 6456 64
6456 6457 11
6457 6458 59
6458 6459 23
6459 6460 12
6460 6461 52
6461 6462 22
6462 6463 61
6463 6464 32
6464 6465 25
6465 6466 17
6466 6467 6
6467 6468 25
6468 6469 40
6469 6470 27
6470 6471 24
6471 6472 34
6472 6473 22
6473 6474 75
6474 6475 96
6475 6476 58
6476 6477 62
6477 6478 99
6478 6479 56
6479 6480 42
6480 6481 42
6481 6482 76
6482 6483 43
6483 6484 88
6484 6485 55
6485 6486 68
6486 6487 70
6487 6488 42
6488 6489 71
6489 6490 76
6490 6491 18
6491 6492 21
6492 6493 51
6493 6494 33
6494 6495 42
6495 6496 55
6496 6497 88
6497 6498 58
6498 6499 64
6499 6500 3
6500 6501 54
6501 6502 95
6502 6503 12
6503 6504 70
6504 6505 61
6505 6506 50
6506 6507 12
6507 6508 94
6508 6509 34
6509 6510 44
6510 6511 15
6511 6512 99
6512 6513 70
6513 6514 52
6514 6515 21
6515 6516 12
6516 6517 40
6517 6518 77
6518 6519 90
6519 6520 68
6520 6521 21
6521 6522 78
6522 6523 51
6523 6524 96
6524 6525 42
6525 6526 78
6526 6527 2
6527 6528 62
6528 6529 80
6529 6530 86
6530 6531 7
6531 6532 68
6532 6533 48
6533 6534 41
6534 6535 57
6535 6536 89
6536 6537 63
6537 6538 23
6538 6539 69
6539 6540 72
6540 6541 26
6541 6542 89
6542 6543 1
6543 6544 74
6544 6545 73
6545 6546 70
6546 6547 54
6547 6548 76
6548 6549 84
6549 6550 47
6550 6551 83
6551 6552 88
6552 6553 85
6553 6554 21
6554 6555 49
6555 6556 13
6556 6557 34
6557 6558 29
6558 6559 80
6559 6560 54
6560 6561 46
6561 6562 52
6562 6563 19
6563 6564 83
6564 6565 86
6565 6566 41
6566 6567 89
6567 6568 49
6568 6569 47
6569 6570 2
6570 6571 8
6571 6572 41
6572 6573 39
6573 6574 65
6574 6575 81
6575 6576 2
6576 6577 91
6577 6578 29
6578 6579 21
6579 6580 21
6580 6581 7
6581 6582 5
6582 6583 88
6583 6584 48
6584 6585 39
6585 6586 19
6586 6587 55
6587 6588 75
6588 6589 97
6589 6590 85
6590 6591 7
6591 6592 55
6592 6593 65
6593 6594 99
6594 6595 8
6595 6596 46
6596 6597 38
6597 6598 52
6598 6599 81
6599 6600 99
6600 6601 44
6601 6602 24
6602 6603 100
6603 6604 95
6604 6605 56
6605 6606 5
6606 6607 33
6607 6608 45
6608 6609 23
6609 6610 8
6610 6611 36
6611 6612 73
6612 6613 38
6613 6614 61
6614 6615 7
6615 6616 71
6616 6617 37
6617 6618 38
6618 6619 47
6619 6620 37
6620 6621 73
6621 6622 5
6622 6623 66
6623 6624 35
6624 6625 71
6625 6626 93
6626 6627 1
6627 6628 38
6628 6629 22
6629 6630 84
6630 6631 67
6631 6632 85
6632 6633 49
6633 6634 38
6634 6635 1
6635 6636 64
6636 6637 81
6637 6638 10
6638 6639 78
6639 6640 11
6640 6641 55
6641 6642 5
6642 6643 7
6643 6644 59
6644 6645 77
6645 6646 43
6646 6647 59
6647 6648 55
6648 6649 79
6649 6650 53
6650 6651 76
6651 6652 36
6652 6653 81
6653 6654 68
6654 6655 52
6655 6656 76
6656 6657 15
6657 6658 2
6658 6659 68
6659 6660 21
6660 6661 63
6661 6662 72
6662 6663 75
6663 6664 39
6664 6665 17
6665 6666 67
6666 6667 20
6667 6668 35
6668 6669 90
6669 6670 40
6670 6671 75
6671 6672 16
6672 6673 91
6673 6674 26
6674 6675 76
6675 6676 61
6676 6677 60
6677 6678 44
6678 6679 66
6679 6680 78
6680 6681 89
6681 6682 86
6682 6683 58
6683 6684 55
6684 6685 64
6685 6686 76
6686 6687 16
6687 6688 31
6688 6689 48
6689 6690 42
6690 6691 72
6691 6692 72
6692 6693 28
6693 6694 39
6694 6695 21
6695 6696 59
6696 6697 32
6697 6698 19
6698 6699 25
6699 6700 60
6700 6701 22
6701 6702 87
6702 6703 43
6703 6704 87
6704 6705 91
6705 6706 73
6706 6707 51
6707 6708 75
6708 6709 19
6709 6710 56
6710 6711 8
6711 6712 59
6712 6713 70
6713 6714 14
6714 6715 39
6715 6716 45
6716 6717 83
6717 6718 46
6718 6719 66
6719 6720 96
6720 6721 80
6721 6722 44
6722 6723 28
6723 6724 55
6724 6725 70
6725 6726 54
6726 6727 27
6727 6728 64
6728 6729 94
6729 6730 75
6730 6731 64
6731 6732 23
6732 6733 33
6733 6734 53
6734 6735 27
6735 6736 83
6736 6737 20
6737 6738 47
6738 6739 70
6739 6740 28
6740 6741 22
6741 6742 66
6742 6743 60
6743 6744 83
6744 6745 27
6745 6746 7
6746 6747 67
6747 6748 78
6748 6749 82
6749 6750 83
6750 6751 78
6751 6752 47
6752 6753 77
6753 6754 99
6754 6755 19
6755 6756 79
6756 6757 9
6757 6758 78
6758 6759 70
6759 6760 75
6760 6761 37
6761 6762 16
6762 6763 44
6763 6764 22
6764 6765 4
6765 6766 47
6766 6767 26
6767 6768 27
6768 6769 4
6769 6770 42
6770 6771 88
6771 6772 89
6772 6773 25
6773 6774 83
6774 6775 56
6775 6776 64
6776 6777 4
6777 6778 86
6778 6779 67
6779 6780 79
6780 6781 33
6781 6782 43
6782 6783 90
6783 6784 21
6784 6785 89
6785 6786 52
6786 6787 33
6787 6788 74
6788 6789 91
6789 6790 44
6790 6791 100
6791 6792 67
6792 6793 83
6793 6794 10
6794 6795 85
6795 6796 75
6796 6797 25
6797 6798 82
6798 6799 58
6799 6800 71
6800 6801 7
6801 6802 97
6802 6803 10
6803 6804 83
6804 6805 100
6805 6806 91
6806 6807 33
6807 6808 94
6808 6809 75
6809 6810 81
6810 6811 81
6811 6812 68
6812 6813 86
6813 6814 1
6814 6815 100
6815 6816 47
6816 6817 25
6817 6818 58
6818 6819 5
6819 6820 31
6820 6821 42
6821 6822 32
6822 6823 14
6823 6824 97
6824 6825 3
6825 6826 90
6826 6827 37
6827 6828 85
6828 6829 79
6829 6830 41
6830 6831 57
6831 6832 2
6832 6833 32
6833 6834 9
6834 6835 66
6835 6836 32
6836 6837 24
6837 6838 2
6838 6839 2
6839 6840 2
6840 6841 77
6841 6842 92
6842 6843 63
6843 6844 71
6844 6845 77
6845 6846 31
6846 6847 4
6847 6848 14
6848 6849 84
6849 6850 52
6850 6851 62
6851 6852 1
6852 6853 57
6853 6854 94
6854 6855 63
6855 6856 42
6856 6857 87
6857 6858 41
6858 6859 59
6859 6860 40
6860 6861 59
6861 6862 7
6862 6863 100
6863 6864 64
6864 6865 76
6865 6866 74
6866 6867 45
6867 6868 68
6868 6869 71
6869 6870 14
6870 6871 39
6871 6872 58
6872 6873 23
6873 6874 57
6874 6875 60
6875 6876 87
6876 6877 93
6877 6878 38
6878 6879 93
6879 6880 38
6880 6881 35
6881 6882 62
6882 6883 53
6883 6884 64
6884 6885 22
6885 6886 47
6886 6887 100
6887 6888 45
6888 6889 99
6889 6890 50
6890 6891 65
6891 6892 87
6892 6893 81
6893 6894 47
6894 6895 72
6895 6896 94
6896 6897 60
6897 6898 51
6898 6899 6
6899 6900 95
6900 6901 46
6901 6902 84
6902 6903 68
6903 6904 37
6904 6905 68
6905 6906 87
6906 6907 38
6907 6908 12
6908 6909 95
6909 6910 93
6910 6911 17
6911 6912 64
6912 6913 51
6913 6914 6
6914 6915 70
6915 6916 65
6916 6917 70
6917 6918 98
6918 6919 65
6919 6920 7
6920 6921 28
6921 6922 56
6922 6923 16
6923 6924 75
6924 6925 64
6925 6926 82
6926 6927 60
6927 6928 42
6928 6929 18
6929 6930 21
6930 6931 71
6931 6932 5
6932 6933 46
6933 6934 58
6934 6935 67
6935 6936 46
6936 6937 84
6937 6938 95
6938 6939 17
6939 6940 7
6940 6941 2
6941 6942 69
6942 6943 78
6943 6944 3
6944 6945 61
6945 6946 18
6946 6947 70
6947 6948 46
6948 6949 84
6949 6950 46
6950 6951 81
6951 6952 69
6952 6953 97
6953 6954 92
6954 6955 54
6955 6956 64
6956 6957 49
6957 6958 96
6958 6959 41
6959 6960 89
6960 6961 16
6961 6962 59
6962 6963 58
6963 6964 84
6964 6965 28
6965 6966 65
6966 6967 93
6967 6968 8
6968 6969 59
6969 6970 75
6970 6971 60
6971 6972 10
6972 6973 36
6973 6974 60
6974 6975 6
6975 6976 71
6976 6977 4
6977 6978 7
6978 6979 43
6979 6980 24
6980 6981 9
6981 6982 92
6982 6983 61
6983 6984 62
6984 6985 89
6985 6986 25
6986 6987 89
6987 6988 70
6988 6989 66
6989 6990 60
6990 6991 22
6991 6992 51
6992 6993 87
6993 6994 98
6994 6995 89
6995 6996 69
6996 6997 20
6997 6998 38
6998 6999 74
6999 7000 81
7000 7001 29
7001 7002 89
7002 7003 81
7003 7004 13
7004 7005 100
7005 7006 21
7006 7007 4
7007 7008 22
7008 7009 90
7009 7010 70
7010 7011 63
7011 7012 61
7012 7013 98
7013 7014 62
7014 7015 47
7015 7016 95
7016 7017 85
7017 7018 78
7018 7019 7
7019 7020 13
7020 7021 34
7021 7022 35
7022 7023 7
7023 7024 44
7024 7025 98
7025 7026 40
7026 7027 82
7027 7028 67
7028 7029 86
7029 7030 90
7030 7031 94
7031 7032 31
7032 7033 9
7033 7034 56
7034 7035 39
7035 7036 79
7036 7037 8
7037 7038 42
7038 7039 22
7039 7040 17
7040 7041 23
7041 7042 48
7042 7043 47
7043 7044 6
7044 7045 27
7045 7046 95
7046 7047 11
7047 7048 8
7048 7049 17
7049 7050 44
7050 7051 15
7051 7052 53
7052 7053 98
7053 7054 99
7054 7055 76
7055 7056 17
7056 7057 97
7057 7058 12
7058 7059 44
7059 7060 1
7060 7061 28
7061 7062 16
7062 7063 80
7063 7064 21
7064 7065 33
7065 7066 64
7066 7067 30
7067 7068 22
7068 7069 24
7069 7070 3
7070 7071 13
7071 7072 83
7072 7073 26
7073 7074 37
7074 7075 36
7075 7076 36
7076 7077 68
7077 7078 31
7078 7079 7
7079 7080 98
7080 7081 22
7081 7082 18
7082 7083 81
7083 7084 90
7084 7085 15
7085 7086 78
7086 7087 35
7087 7088 8
7088 7089 87
7089 7090 99
7090 7091 16
7091 7092 28
7092 7093 9
7093 7094 10
7094 7095 49
7095 7096 83
7096 7097 31
7097 7098 71
7098 7099 57
7099 7100 62
7100 7101 81
7101 7102 16
7102 7103 14
7103 7104 48
7104 7105 59
7105 7106 79
7106 7107 51
7107 7108 31
7108 7109 15
7109 7110 32
7110 7111 63
7111 7112 1
7112 7113 28
7113 7114 18
7114 7115 49
7115 7116 88
7116 7117 9
7117 7118 45
7118 7119 46
7119 7120 99
7120 7121 31
7121 7122 40
7122 7123 83
7123 7124 72
7124 7125 6
7125 7126 29
7126 7127 42
7127 7128 37
7128 7129 46
7129 7130 20
7130 7131 73
7131 7132 35
7132 7133 58
7133 7134 55
7134 7135 67
7135 7136 100
7136 7137 78
7137 7138 67
7138 7139 87
7139 7140 20
7140 7141 32
7141 7142 5
7142 7143 54
7143 7144 13
7144 7145 85
7145 7146 57
7146 7147 99
7147 7148 77
7148 7149 89
7149 7150 95
7150 7151 38
7151 7152 2
7152 7153 20
7153 7154 53
7154 7155 49
7155 7156 48
7156 7157 75
7157 7158 66
7158 7159 50
7159 7160 56
7160 7161 49
7161 7162 69
7162 7163 84
7163 7164 66
7164 7165 37
7165 7166 12
7166 7167 86
7167 7168 80
7168 7169 41
7169 7170 13
7170 7171 33
7171 7172 70
7172 7173 46
7173 7174 42
7174 7175 77
7175 7176 52
7176 7177 13
7177 7178 91
7178 7179 20
7179 7180 89
7180 7181 96
7181 7182 82
7182 7183 18
7183 7184 52
7184 7185 57
7185 7186 74
7186 7187 58
7187 7188 52
7188 7189 49
7189 7190 87
7190 7191 65
7191 7192 41
7192 7193 23
7193 7194 98
7194 7195 56
7195 7196 94
7196 7197 38
7197 7198 75
7198 7199 67
7199 7200 28
7200 7201 15
7201 7202 14
7202 7203 58
7203 7204 86
7204 7205 19
7205 7206 17
7206 7207 28
7207 7208 86
7208 7209 22
7209 7210 50
7210 7211 19
7211 7212 41
7212 7213 83
7213 7214 91
7214 7215 29
7215 7216 61
7216 7217 93
7217 7218 58
7218 7219 97
7219 7220 56
7220 7221 58
7221 7222 38
7222 7223 15
7223 7224 79
7224 7225 38
7225 7226 26
7226 7227 80
7227 7228 94
7228 7229 37
7229 7230 90
7230 7231 9
7231 7232 34
7232 7233 56
7233 7234 73
7234 7235 85
7235 7236 58
7236 7237 80
7237 7238 34
7238 7239 18
7239 7240 99
7240 7241 68
7241 7242 3
7242 7243 23
7243 7244 26
7244 7245 22
7245 7246 53
7246 7247 88
7247 7248 53
7248 7249 25
7249 7250 59
7250 7251 27
7251 7252 76
7252 7253 1
7253 7254 63
7254 7255 88
7255 7256 61
7256 7257 80
7257 7258 6
7258 7259 63
7259 7260 38
7260 7261 76
7261 7262 24
7262 7263 16
7263 7264 27
7264 7265 46
7265 7266 56
7266 7267 36
7267 7268 20
7268 7269 10
7269 7270 30
7270 7271 49
7271 7272 24
7272 7273 93
7273 7274 95
7274 7275 5
7275 7276 95
7276 7277 30
7277 7278 61
7278 7279 21
7279 7280 93
7280 7281 24
7281 7282 79
7282 7283 91
7283 7284 59
7284 7285 47
7285 7286 1
7286 7287 47
7287 7288 78
7288 7289 77
7289 7290 71
7290 7291 16
7291 7292 62
7292 7293 49
7293 7294 77
7294 7295 43
7295 7296 52
7296 7297 60
7297 7298 71
7298 7299 100
7299 7300 94
7300 7301 77
7301 7302 38
7302 7303 40
7303 7304 71
7304 7305 83
7305 7306 48
7306 7307 18
7307 7308 68
7308 7309 4
7309 7310 77
7310 7311 21
7311 7312 5
7312 7313 35
7313 7314 65
7314 7315 52
7315 7316 23
7316 7317 62
7317 7318 68
7318 7319 92
7319 7320 47
7320 7321 51
7321 7322 78
7322 7323 51
7323 7324 13
7324 7325 6
7325 7326 63
7326 7327 4
7327 7328 28
7328 7329 56
7329 7330 86
7330 7331 44
7331 7332 93
7332 7333 84
7333 7334 100
7334 7335 17
7335 7336 80
7336 7337 3
7337 7338 76
7338 7339 45
7339 7340 22
7340 7341 24
7341 7342 34
7342 7343 5
7343 7344 47
7344 7345 73
7345 7346 78
7346 7347 12
7347 7348 92
7348 7349 61
7349 7350 19
7350 7351 29
7351 7352 93
7352 7353 18
7353 7354 70
7354 7355 38
7355 7356 62
7356 7357 81
7357 7358 20
7358 7359 40
7359 7360 6
7360 7361 76
7361 7362 57
7362 7363 13
7363 7364 66
7364 7365 78
7365 7366 22
7366 7367 24
7367 7368 56
7368 7369 68
7369 7370 86
7370 7371 57
7371 7372 84
7372 7373 93
7373 7374 93
7374 7375 39
7375 7376 37
7376 7377 7
7377 7378 32
7378 7379 2
7379 7380 75
7380 7381 83
7381 7382 44
7382 7383 53
7383 7384 9
7384 7385 78
7385 7386 29
7386 7387 24
7387 7388 42
7388 7389 35
7389 7390 30
7390 7391 4
7391 7392 34
7392 7393 97
7393 7394 30
7394 7395 67
7395 7396 5
7396 7397 94
7397 7398 64
7398 7399 27
7399 7400 60
7400 7401 62
7401 7402 66
7402 7403 68
7403 7404 20
7404 7405 32
7405 7406 30
7406 7407 85
7407 7408 62
7408 7409 95
7409 7410 60
7410 7411 89
7411 7412 51
7412 7413 74
7413 7414 36
7414 7415 28
7415 7416 92
7416 7417 29
7417 7418 34
7418 7419 97
7419 7420 46
7420 7421 2
7421 7422 68
7422 7423 72
7423 7424 55
7424 7425 71
7425 7426 35
7426 7427 63
7427 7428 44
7428 7429 100
7429 7430 80
7430 7431 32
7431 7432 28
7432 7433 34
7433 7434 15
7434 7435 8
7435 7436 32
7436 7437 45
7437 7438 85
7438 7439 27
7439 7440 9
7440 7441 35
7441 7442 100
7442 7443 84
7443 7444 55
7444 7445 94
7445 7446 99
7446 7447 19
7447 7448 94
7448 7449 38
7449 7450 46
7450 7451 93
7451 7452 20
7452 7453 7
7453 7454 17
7454 7455 10
7455 7456 24
7456 7457 17
7457 7458 72
7458 7459 60
7459 7460 28
7460 7461 16
7461 7462 35
7462 7463 97
7463 7464 45
7464 7465 45
7465 7466 92
7466 7467 51
7467 7468 19
7468 7469 25
7469 7470 1
7470 7471 48
7471 7472 7
7472 7473 67
7473 7474 91
7474 7475 76
7475 7476 65
7476 7477 76
7477 7478 28
7478 7479 58
7479 7480 18
7480 7481 91
7481 7482 30
7482 7483 82
7483 7484 12
7484 7485 76
7485 7486 95
7486 7487 6
7487 7488 79
7488 7489 1
7489 7490 47
7490 7491 22
7491 7492 87
7492 7493 67
7493 7494 25
7494 7495 42
7495 7496 72
7496 7497 41
7497 7498 86
7498 7499 89
7499 7500 36
7500 7501 90
7501 7502 76
7502 7503 91
7503 7504 30
7504 7505 32
7505 7506 30
7506 7507 70
7507 7508 11
7508 7509 28
7509 7510 45
7510 7511 20
7511 7512 73
7512 7513 19
7513 7514 95
7514 7515 35
7515 7516 61
7516 7517 43
7517 7518 87
7518 7519 84
7519 7520 83
7520 7521 12
7521 7522 18
7522 7523 74
7523 7524 49
7524 7525 54
7525 7526 12
7526 7527 29
7527 7528 69
7528 7529 50
7529 7530 95
7530 7531 30
7531 7532 14
7532 7533 60
7533 7534 74
7534 7535 44
7535 7536 64
7536 7537 17
7537 7538 59
7538 7539 12
7539 7540 40
7540 7541 55
7541 7542 36
7542 7543 91
7543 7544 5
7544 7545 35
7545 7546 22
7546 7547 74
7547 7548 2
7548 7549 66
7549 7550 59
7550 7551 94
7551 7552 11
7552 7553 83
7553 7554 88
7554 7555 57
7555 7556 53
7556 7557 66
7557 7558 70
7558 7559 90
7559 7560 42
7560 7561 40
7561 7562 57
7562 7563 33
7563 7564 95
7564 7565 2
7565 7566 9
7566 7567 83
7567 7568 26
7568 7569 81
7569 7570 78
7570 7571 11
7571 7572 10
7572 7573 58
7573 7574 8
7574 7575 47
7575 7576 37
7576 7577 12
7577 7578 10
7578 7579 99
7579 7580 59
7580 7581 22
7581 7582 23
7582 7583 7
7583 7584 90
7584 7585 60
7585 7586 79
7586 7587 74
7587 7588 70
7588 7589 4
7589 7590 62
7590 7591 66
7591 7592 87
7592 7593 54
7593 7594 23
7594 7595 11
7595 7596 88
7596 7597 18
7597 7598 79
7598 7599 57
7599 7600 75
7600 7601 30
7601 7602 57
7602 7603 94
7603 7604 25
7604 7605 82
7605 7606 43
7606 7607 99
7607 7608 80
7608 7609 26
7609 7610 4
7610 7611 97
7611 7612 79
7612 7613 44
7613 7614 25
7614 7615 35
7615 7616 15
7616 7617 6
7617 7618 12
7618 7619 6
7619 7620 3
7620 7621 70
7621 7622 53
7622 7623 46
7623 7624 22
7624 7625 23
7625 7626 99
7626 7627 62
7627 7628 58
7628 7629 26
7629 7630 14
7630 7631 58
7631 7632 69
7632 7633 36
7633 7634 90
7634 7635 83
7635 7636 75
7636 7637 83
7637 7638 8
7638 7639 48
7639 7640 90
7640 7641 36
7641 7642 80
7642 7643 37
7643 7644 16
7644 7645 81
7645 7646 6
7646 7647 33
7647 7648 56
7648 7649 21
7649 7650 16
7650 7651 9
7651 7652 84
7652 7653 47
7653 7654 36
7654 7655 49
7655 7656 92
7656 7657 85
7657 7658 57
7658 7659 23
7659 7660 19
7660 7661 39
7661 7662 14
7662 7663 81
7663 7664 58
7664 7665 83
7665 7666 77
7666 7667 39
7667 7668 79
7668 7669 46
7669 7670 28
7670 7671 31
7671 7672 21
7672 7673 94
7673 7674 2
7674 7675 12
7675 7676 68
7676 7677 94
7677 7678 8
7678 7679 69
7679 7680 43
7680 7681 54
7681 7682 61
7682 7683 4
7683 7684 94
7684 7685 48
7685 7686 32
7686 7687 41
7687 7688 25
7688 7689 17
7689 7690 66
7690 7691 66
7691 7692 62
7692 7693 98
7693 7694 34
7694 7695 57
7695 7696 93
7696 7697 72
7697 7698 85
7698 7699 7
7699 7700 23
7700 7701 42
7701 7702 24
7702 7703 12
7703 7704 52
7704 7705 62
7705 7706 78
7706 7707 94
7707 7708 5
7708 7709 67
7709 7710 70
7710 7711 8
7711 7712 65
7712 7713 36
7713 7714 24
7714 7715 56
7715 7716 69
7716 7717 41
7717 7718 95
7718 7719 84
7719 7720 5
7720 7721 82
7721 7722 32
7722 7723 62
7723 7724 44
7724 7725 38
7725 7726 90
7726 7727 26
7727 7728 97
7728 7729 11
7729 7730 45
7730 7731 36
7731 7732 76
7732 7733 42
7733 7734 54
7734 7735 68
7735 7736 54
7736 7737 66
7737 7738 28
7738 7739 8
7739 7740 22
7740 7741 40
7741 7742 29
7742 7743 19
7743 7744 56
7744 7745 16
7745 7746 3
7746 7747 83
7747 7748 91
7748 7749 5
7749 7750 16
7750 7751 42
7751 7752 23
7752 7753 17
7753 7754 52
7754 7755 88
7755 7756 72
7756 7757 56
7757 7758 10
7758 7759 24
7759 7760 32
7760 7761 51
7761 7762 97
7762 7763 74
7763 7764 27
7764 7765 96
7765 7766 32
7766 7767 23
7767 7768 84
7768 7769 89
7769 7770 6
7770 7771 94
7771 7772 47
7772 7773 92
7773 7774 38
7774 7775 64
7775 7776 32
7776 7777 63
7777 7778 29
7778 7779 41
7779 7780 10
7780 7781 76
7781 7782 32
7782 7783 54
7783 7784 5
7784 7785 68
7785 7786 79
7786 7787 43
7787 7788 40
7788 7789 74
7789 7790 45
7790 7791 83
7791 7792 90
7792 7793 15
7793 7794 66
7794 7795 84
7795 7796 1
7796 7797 55
7797 7798 95
7798 7799 85
7799 7800 24
7800 7801 44
7801 7802 11
7802 7803 38
7803 7804 77
7804 7805 92
7805 7806 51
7806 7807 26
7807 7808 44
7808 7809 85
7809 7810 25
7810 7811 49
7811 7812 55
7812 7813 52
7813 7814 28
7814 7815 31
7815 7816 91
7816 7817 58
7817 7818 22
7818 7819 33
7819 7820 89
7820 7821 4
7821 7822 56
7822 7823 28
7823 7824 83
7824 7825 1
7825 7826 72
7826 7827 98
7827 7828 70
7828 7829 97
7829 7830 33
7830 7831 40
7831 7832 24
7832 7833 73
7833 7834 22
7834 7835 35
7835 7836 86
7836 7837 68
7837 7838 83
7838 7839 81
7839 7840 45
7840 7841 95
7841 7842 14
7842 7843 41
7843 7844 39
7844 7845 79
7845 7846 62
7846 7847 27
7847 7848 46
7848 7849 100
7849 7850 79
7850 7851 3
7851 7852 100
7852 7853 61
7853 7854 20
7854 7855 66
7855 7856 46
7856 7857 69
7857 7858 44
7858 7859 13
7859 7860 31
7860 7861 94
7861 7862 20
7862 7863 19
7863 7864 7
7864 7865 63
7865 7866 89
7866 7867 23
7867 7868 42
7868 7869 31
7869 7870 50
7870 7871 55
7871 7872 92
7872 7873 42
7873 7874 78
7874 7875 17
7875 7876 14
7876 7877 18
7877 7878 57
7878 7879 42
7879 7880 45
7880 7881 76
7881 7882 80
7882 7883 90
7883 7884 73
7884 7885 9
7885 7886 70
7886 7887 40
7887 7888 35
7888 7889 11
7889 7890 81
7890 7891 2
7891 7892 6
7892 7893 67
7893 7894 16
7894 7895 61
7895 7896 34
7896 7897 17
7897 7898 8
7898 7899 24
7899 7900 24
7900 7901 3
7901 7902 84
7902 7903 84
7903 7904 95
7904 7905 98
7905 7906 31
7906 7907 14
7907 7908 27
7908 7909 24
7909 7910 28
7910 7911 87
7911 7912 28
7912 7913 93
7913 7914 4
7914 7915 42
7915 7916 93
7916 7917 6
7917 7918 22
7918 7919 4
7919 7920 43
7920 7921 58
7921 7922 1
7922 7923 40
7923 7924 86
7924 7925 3
7925 7926 74
7926 7927 59
7927 7928 95
7928 7929 2
7929 7930 79
7930 7931 79
7931 7932 32
7932 7933 31
7933 7934 25
7934 7935 5
7935 7936 70
7936 7937 59
7937 7938 37
7938 7939 40
7939 7940 57
7940 7941 98
7941 7942 1
7942 7943 55
7943 7944 7
7944 7945 28
7945 7946 54
7946 7947 71
7947 7948 57
7948 7949 28
7949 7950 76
7950 7951 91
7951 7952 14
7952 7953 38
7953 7954 52
7954 7955 55
7955 7956 20
7956 7957 6
7957 7958 10
7958 7959 43
7959 7960 42
7960 7961 84
7961 7962 17
7962 7963 81
7963 7964 23
7964 7965 23
7965 7966 32
7966 7967 23
7967 7968 26
7968 7969 82
7969 7970 9
7970 7971 94
7971 7972 9
7972 7973 10
7973 7974 20
7974 7975 46
7975 7976 6
7976 7977 34
7977 7978 63
7978 7979 88
7979 7980 29
7980 7981 9
7981 7982 28
7982 7983 22
7983 7984 34
7984 7985 76
7985 7986 67
7986 7987 6
7987 7988 88
7988 7989 50
7989 7990 76
7990 7991 45
7991 7992 73
7992 7993 34
7993 7994 49
7994 7995 40
7995 7996 70
7996 7997 53
7997 7998 56
7998 7999 17
1730 4575 21
6443 2371 77
7286 1231 55
1193 5871 27
2772 2888 41
3267 1004 68
1370 453 83
277 4678 40
2700 5577 81
1547 1972 65
7808 2078 35
7088 2698 90
2495 2378 13
1839 889 42
5184 1924 88
5379 6324 83
1128 5384 55
6594 844 40
362 1250 66
5903 4281 37
656 5370 4
2165 7918 9
240 7940 45
1249 4036 99
938 7818 17
6350 2814 66
6093 4622 51
6928 5103 29
7881 3741 77
4955 3474 42
3571 3419 62
2642 5322 57
4005 6804 65
1612 188 94
3436 5512 28
6586 1033 56
796 6236 61
129 4188 82
2028 321 48
7119 3937 100
1560 2352 66
1682 6247 77
6331 2024 61
6924 4093 11
488 1007 29
7833 746 68
7710 6775 14
2594 1214 68
7116 4753 95
4825 6126 69
43 4602 1
3432 3024 28
1147 6148 2
1810 3712 70
7544 1866 33
5002 5289 75
5217 1749 26
479 5203 14
1698 4847 13
6795 5611 5
907 5873 100
2730 1467 48
4753 7430 42
2655 1011 47
222 109 63
652 6454 26
6736 222 49
5051 6219 43
5382 4385 73
1397 3940 30
5067 5310 81
7722 3183 6
6447 7123 60
4615 1327 57
197 4002 37
555 4373 9
6718 4807 13
2727 6401 92
6904 3252 16
1146 6812 72
7931 2346 73
4203 6278 70
7955 7202 61
6337 2463 68
6700 5437 62
7567 4649 30
2029 8 76
2175 653 22
7394 5294 33
5069 1022 60
3538 129 5
5830 5477 33
7221 5320 84
4452 1018 35
1010 1076 82
755 7394 84
3685 7347 50
5198 2546 11
7154 3216 65
5831 2306 78
2390 945 90
0 109 72
2581 2852 56
2035 1185 2
736 4322 82
6809 7155 96
6588 4525 90
4115 4424 9
6498 4390 39
3039 5330 61
7910 3109 23
1922 3119 10
3840 2519 14
773 648 18
6637 7898 98
3552 3237 54
701 6988 7
7964 7130 59
3710 6499 33
2615 3811 31
2546 3221 49
5380 6876 69
4738 2521 70
1065 2917 64
5908 1026 67
4627 956 70
4581 5604 26
6027 6432 88
3407 3999 100
5841 740 62
6242 1493 68
205 6139 29
2460 3544 50
4936 6372 85
1860 1569 23
1004 4408 97
4188 864 29
3827 2384 59
2222 4330 78
688 5215 6
6659 843 98
4684 3793 55
533 1869 5
5102 2365 83
7460 332 53
3985 2174 69
3193 2018 60
2462 5223 62
1231 7183 98
6479 4358 59
1085 5841 90
2918 597 65
7261 3729 100
1519 5603 71
6163 4451 34
2868 7532 92
4237 167 74
2526 7392 6
7801 6132 84
5616 2424 34
7732 5405 63
3167 7445 76
5408 3633 31
3298 2960 94
4403 2007 80
963 2543 59
4637 7754 35
3022 6526 7
3733 2714 8
4047 1328 17
488 5264 50
7981 850 46
913 2837 95
3205 6981 12
3616 7066 99
3318 1 39
4911 5277 62
3536 3659 65
3175 491 46
6509 3319 95
5843 5190 14
7636 1581 16
1444 3819 27
4814 4202 59
889 3211 87
2704 2378 13
1300 3133 68
1301 304 74
4959 1670 70
468 1719 56
335 4761 37
6975 788 58
931 2763 26
6424 2363 55
4239 634 68
4526 4742 91
1186 3170 18
2370 7030 15
4466 1211 87
3462 2972 60
4915 644 53
7516 2552 76
3759 4692 51
6627 1606 9
2520 3814 80
5040 7326 83
2878 6267 31
2216 1561 95
5427 994 33
7001 7901 98
2605 1417 40
5776 4826 5
6413 3243 47
4130 3381 59
7965 7487 2
5378 7160 49
1193 6477 79
7604 4943 3
2734 7860 88
689 103 82
1813 2242 57
1057 2812 44
4883 5151 3
3047 931 6
1016 4795 19
7219 3674 39
6017 1730 91
3540 6682 5
1575 6563 45
6610 1595 59
2115 2824 51
6398 544 56
1745 6607 94
5051 3728 79
3563 4788 2
3313 1979 96
6930 4328 17
4840 3320 23
114 5005 48
4572 168 19
6556 476 83
4834 6301 77
2266 4187 84
1814 4343 67
2990 640 63
3534 98 17
1143 1475 75
1618 1953 39
4784 409 39
3182 6838 52
7619 3866 89
3062 2164 84
1553 1162 48
4045 58 7
206 569 56
4590 4163 57
7956 7024 21
4462 2064 96
908 389 92
784 6222 5
6578 1482 91
4330 4199 65
3609 364 34
7567 4713 85
3634 2372 46
617 7495 17
7872 1015 80
986 6054 52
5444 1966 17
2865 472 99
5525 5474 73
7591 375 15
7424 3057 10
4437 2287 8
5379 33 17
5363 443 65
2649 3286 77
3917 3309 42
5223 192 58
2682 177 18
7908 787 5
7653 7742 60
4398 5829 97
2522 918 40
3923 1895 17
775 407 18
4940 6380 21
5420 4701 55
898 3800 34
7379 6253 8
3496 2244 63
2799 5179 79
6750 7940 33
1925 5498 88
7692 6644 74
1797 3918 40
5045 3277 74
7825 4898 19
133 6393 20
2673 6483 74
2181 3360 74
4626 2976 84
4175 6433 7
6931 1449 6
7657 5536 90
1119 5218 42
3677 4388 68
3221 4948 52
4548 7972 6
1081 5062 68
6151 3168 100
1064 88 16
5841 7594 58
7036 3472 91
1020 7932 41
1666 2835 36
2422 5353 74
3870 5605 42
4712 2862 94
4750 2798 58
1950 1291 66
3773 1590 56
2520 4562 23
1680 553 75
6619 201 26
2838 3784 79
346 4511 70
2089 2644 70
5957 4539 42
6369 1566 74
4105 4880 14
3905 3524 14
2538 2090 92
3352 487 60
5552 4109 19
2305 2552 1
3324 3969 91
2285 1940 74
730 191 32
4678 837 95
1028 1395 58
3773 487 10
247 5005 72
4404 2893 41
1003 4171 26
7172 5136 20
2204 180 50
6893 973 58
4704 7125 32
4775 5015 82
6467 3437 62
5998 2365 92
2045 4576 33
1446 1316 27
1449 1589 80
1974 3077 31
3487 4441 60
4703 4717 43
539 4923 84
652 1418 9
5784 1374 78
4144 5719 22
4631 2266 2
3202 2883 82
4838 110 39
5195 6907 67
2470 6389 30
7462 2127 3
2662 1230 56
7089 5656 46
5300 4516 81
5304 7087 68
6528 7453 2
7975 5887 73
1667 2297 14
7038 5107 5
2557 1848 6
7179 1101 26
7 1765 91
1105 196 86
1675 4000 42
5399 2852 24
7293 6064 5
6080 4097 32
5443 3285 94
1677 4962 98
6430 5164 9
7476 3087 31
2991 6255 89
6126 1210 70
1215 7725 33
3148 435 14
1459 5373 97
5834 3425 58
5056 1654 73
4035 2935 32
1177 3419 21
5161 2506 75
5088 1857 40
3242 54 27
4187 1589 93
6267 6496 91
6601 2961 80
6010 2589 90
6121 6768 15
1462 5261 96
5132 3013 3
2713 6303 7
7225 3889 27
872 6499 25
659 2535 60
6470 3885 88
4367 2419 93
6869 6970 86
6280 6117 28
1173 7294 70
780 7560 86
5460 2625 34
430 4004 67
5165 1850 52
1948 959 31
2496 509 81
1417 6891 1
1098 3563 96
674 2630 69
5298 1884 76
7548 6495 88
7565 2315 32
6265 6868 81
1053 7892 71
4782 5935 9
5421 5174 26
4999 6984 64
1350 2457 6
6877 5739 96
3803 1741 85
705 3067 20
1346 6564 84
5413 4391 64
1513 3214 73
4622 4088 31
4834 3817 47
6344 6629 99
6636 7459 71
7470 843 41
6710 3750 68
5645 5576 93
2903 1135 88
2433 5802 14
900 4896 41
2450 7091 33
377 567 97
2798 5433 87
5051 1864 28
5561 1990 63
7536 6907 30
1058 6204 98
3144 4661 14
7963 85 92
4354 1772 98
449 2953 26
2857 4220 35
1372 4164 17
3525 3700 88
266 4044 13
4062 3326 14
505 7861 40
1999 3792 8
3610 5305 87
4762 4240 42
3743 3377 42
6280 6540 20
7160 6562 86
5189 5388 42
1098 3664 28
2053 368 76
7446 4102 67
2566 5970 60
2492 7965 85
3482 2076 93
13 2760 38
437 4566 21
3829 3349 87
1757 843 1
4430 7320 52
6751 2251 75
6577 1342 76
962 5862 7
7009 5792 73
7430 1854 44
5644 953 31
4099 1937 35
584 2998 75
4970 5688 72
1875 884 75
284 7342 100
864 1861 24
430 6002 19
2196 311 63
3134 649 81
3617 2729 74
3553 5492 68
6520 4071 88
6891 6185 87
5372 79 4
6224 4279 47
301 7910 81
3865 2565 99
4499 6036 28
1988 6260 54
7092 7937 40
6860 6903 10
2136 5650 54
2764 6870 1
2607 3227 96
1878 975 82
146 2698 91
6620 549 1
7935 2462 96
1929 1096 24
4300 545 19
1496 3425 56
491 2330 23
3339 2906 38
3509 7007 98
7242 6462 50
5899 2641 54
854 6719 96
2714 481 71
2381 7950 30
2517 2563 68
1314 6754 79
7326 979 72
5079 2268 13
2610 564 3
7275 6087 20
341 6570 87
4357 949 8
1375 7643 48
1975 5903 86
1112 1350 45
6831 3862 2
1698 4094 12
6155 6691 94
4019 7273 2
6556 6423 89
7846 1593 61
2273 4029 29
7027 3016 96
3146 6036 55
3563 1279 60
5529 5607 17
1554 2482 45
4026 6638 80
5237 5915 42
5164 5306 16
945 4376 41
699 6345 38
1764 3308 19
318 7606 28
1679 7645 27
7629 7756 36
5877 344 70
1432 6823 40
926 7582 71
1129 4029 77
6633 869 51
7850 4961 39
3821 6201 48
2740 6143 63
5028 1536 64
1168 3602 94
4248 7341 75
7099 6607 63
5572 6466 93
552 6562 34
4494 2509 68
5085 7410 36
4953 1188 83
4771 5510 82
4415 3056 25
1058 3407 20
7741 1899 66
2399 4515 65
7463 4807 59
5568 4208 37
6074 6591 72
1632 1545 47
3770 6407 48
1441 3025 11
4138 7069 42
2743 1594 69
3298 202 8
5520 4606 32
6829 445 73
4878 2883 25
696 3094 21
644 4363 15
1656 2383 55
718 1852 92
6791 48 40
3870 1964 13
6498 2461 35
7408 891 17
4563 7726 59
1646 5717 75
1921 4373 45
7075 2258 56
647 4276 88
1563 5830 17
2411 7331 60
2622 1610 38
7121 6078 12
2710 30 96
4016 5903 59
4779 4631 89
436 396 32
2056 3993 47
1732 1815 88
5951 696 92
3899 3390 70
2737 2094 97
4993 3558 83
3912 1522 36
7337 7276 56
4551 2393 77
3446 6494 32
2734 5800 44
6370 6787 84
2906 7886 80
6330 7527 61
4985 2713 75
4356 6440 5
6760 5958 40
3567 410 3
3215 500 68
3099 3602 59
5991 3713 36
4953 5077 49
1491 5293 75
1753 4365 12
1632 4771 30
3877 5988 3
3860 3043 22
849 7738 54
5721 3166 96
4905 3416 81
3800 2397 90
7696 4200 54
5658 4946 26
5445 3573 67
987 4087 21
3430 7 6
314 176 98
2863 1938 34
5306 3101 84
1106 4405 74
1225 6855 73
7509 4802 50
5850 5606 77
6844 7803 42
4588 2475 35
7493 5187 52
547 3978 90
1427 955 11
2622 6736 82
4913 4778 33
3149 1533 48
4443 6836 59
2720 1655 87
6811 705 9
6214 2848 85
5443 1454 28
3442 6621 17
5918 5652 79
4282 952 64
1124 1571 29
1693 4144 5
5984 2576 84
4477 5634 86
7428 5335 74
3483 2450 96
2120 5753 70
7441 1542 53
741 2071 54
422 6573 73
811 970 80
2422 6492 54
3858 4515 6
4804 1396 17
5659 3037 72
4937 7186 97
4661 5821 13
7380 971 77
5769 4733 19
1536 2627 67
3897 4987 3
4819 1990 49
3263 4229 28
2675 1090 52
5824 1580 82
6441 2059 19
6195 679 39
3489 4053 66
6848 3501 75
2214 6440 56
1094 2776 7
7462 7147 93
3102 4018 29
2623 5797 74
6691 293 87
3798 2527 34
6817 7364 5
96 397 56
4988 5925 7
3880 2596 9
5382 7779 34
4144 1436 62
2250 1892 46
3867 3803 43
6264 599 76
849 3654 84
6765 1918 12
1559 2042 51
6623 6149 38
495 7849 58
3730 953 80
291 3218 6
3399 6673 39
943 5752 5
4380 3503 95
6751 2007 27
804 3373 40
319 4933 45
6886 4620 35
4567 5230 34
2801 2524 62
852 7078 37
1850 795 41
6132 7946 97
6948 7760 57
6920 4133 61
2276 5606 52
2281 6785 64
5481 3645 30
3856 1611 76
2121 2255 17
2544 765 93
3353 449 12
3885 1375 92
4378 4882 17
4371 511 25
2539 2746 23
6816 4122 56
818 4117 76
796 7249 2
5947 7709 54
3015 6885 61
5559 637 2
5464 3152 94
6807 4605 35
1008 281 59
5969 6130 81
3251 1284 88
4298 5189 20
7193 5753 63
2172 1050 32
2477 6759 21
3810 7270 67
6083 3218 68
2384 2407 63
1472 1238 76
2983 3793 21
1806 5566 62
7553 322 100
2609 3602 47
2020 1183 45
7877 6778 21
1648 1042 96
1628 2734 77
7886 3404 84
4523 6468 3
2543 275 1
3566 3057 82
2414 7081 4
693 4042 54
3224 7305 64
3103 4969 83
965 1069 98
7483 1495 76
3562 7530 49
5412 6504 37
793 7505 43
2204 5028 34
1721 5606 63
6122 7389 93
7980 1638 4
6383 1884 74
2482 510 40
3097 1938 29
1627 2435 96
7863 7348 65
375 5741 34
7812 3241 38
1912 6414 63
3476 5123 87
6804 1445 75
7581 4340 22
5228 2609 28
6049 4744 40
3913 4865 14
3556 1940 75
2333 1826 93
467 1843 30
2313 3794 37
1344 5309 36
945 3199 96
459 6924 59
4617 7074 68
1213 133 60
2711 5317 80
3354 619 71
2258 3285 59
4037 2051 1
7471 5533 14
5290 6379 4
4063 2946 76
7832 2485 43
4115 4015 86
7279 3735 72
2877 4656 54
6382 5738 87
3548 3655 94
3800 2359 39
3803 7733 76
5577 5512 9
6909 6903 100
3844 3414 7
889 4397 4
3337 5815 88
6992 1631 23
6611 1267 56
497 436 83
7774 2491 52
3213 2327 51
3755 6715 86
5206 2439 62
1541 1405 13
4105 2382 72
6240 7786 48
1611 1819 1
1329 602 34
3006 7519 83
2744 57 99
3653 3881 33
1433 419 90
3601 3682 26
5677 2815 99
5644 401 53
773 997 73
7691 2254 64
1474 6126 4
633 174 5
6195 155 14
1510 3741 42
4847 7486 43
3656 216 30
6268 4495 2
895 6095 61
7146 4547 44
6335 4284 99
3815 2006 39
4077 7099 91
7151 6281 34
3899 4920 95
7415 457 97
7447 4071 6
3622 4378 28
7123 7670 27
1142 3777 58
2594 2260 96
2232 6589 41
5672 7990 59
439 6564 58
3138 660 45
1236 5840 44
2862 4083 7
2070 594 32
922 695 87
2425 3777 97
5703 7557 40
2679 2069 58
2777 7276 80
49 5001 82
7501 7586 68
730 4561 17
4881 7685 95
4300 6305 2
192 2061 54
3599 5506 70
5989 5865 22
7963 6937 29
7646 4305 24
4266 7060 41
775 1353 6
7819 1033 86
461 3986 85
4825 472 23
2173 4350 11
5559 2363 52
724 7922 67
4890 1066 38
6814 6177 82
1363 109 39
7165 2775 3
3454 1917 79
259 3873 34
6352 4110 58
6373 2736 34
6479 5643 24
1500 1795 76
4036 1887 27
1148 72 19
5186 1456 52
4102 3564 85
7735 636 58
5655 6907 66
1115 6980 57
1953 6943 46
4664 7406 72
5279 2976 39
739 1051 46
2099 3155 59
6936 5745 25
995 7733 60
7665 4402 25
4111 2784 70
7164 6699 97
2583 3547 89
2567 1285 53
1384 5502 27
2187 956 74
1842 413 11
394 6574 39
1111 2827 75
2525 383 50
7588 2565 72
1538 54 31
6110 7799 52
3288 6234 45
4179 4612 65
7866 6290 25
3240 5450 1
5727 6799 61
3047 708 50
5414 62 7
3936 4769 99
5916 2226 22
3163 6732 69
242 6518 85
3339 3682 31
1740 7502 14
5417 7626 12
581 551 20
3868 2782 23
4961 2031 55
7021 1005 9
2317 5722 24
2169 1708 77
3289 5779 71
59 1739 51
2933 1114 40
6929 7811 88
7637 3346 81
3555 1933 31
544 5732 32
2869 2134 27
4047 3457 78
731 6866 75
6758 100 36
5155 5497 19
2502 1859 7
5085 5612 100
78 6221 41
1806 2635 18
5547 6929 77
3553 2432 14
6493 6897 30
6528 3570 99
5816 7277 70
6814 7898 6
1801 835 67
4551 4877 54
7320 3663 16
3174 6014 44
4546 4554 28
16 3795 27
2670 4146 58
5777 7112 18
4554 4375 64
5715 4149 45
409 216 24
3594 3936 30
2481 7437 19
996 4033 66
2582 421 26
3569 3711 56
1066 2383 93
3640 6941 17
5660 2432 11
4968 6207 31
6463 7197 77
5027 911 44
5151 310 84
3996 4618 77
5171 2124 46
6454 4229 26
275 6589 64
682 651 87
3480 3993 30
2372 4363 27
1067 3456 70
7992 6360 23
1306 825 11
4680 1164 49
7017 4193 53
5335 3738 27
853 7285 65
3485 6943 13
6625 5938 63
5144 602 32
899 4972 5
1758 2059 45
1085 7195 27
1068 3080 39
7543 6569 62
7755 6679 46
5682 4055 12
4577 5887 94
2200 6865 64
1364 2727 44
7981 3712 27
6312 2233 61
7445 5233 3
7985 5573 8
5802 1784 84
3263 7795 35
7804 173 7
734 6574 69
5170 7034 65
4113 1026 54
5201 2040 99
6143 7294 76
3513 4706 4
1701 2898 10
6611 513 71
4741 3674 83
440 6866 43
3708 3752 79
7428 7575 65
2201 2493 40
4202 7451 7
2705 7780 92
2880 7848 48
5294 2842 82
5460 5996 67
5596 5722 31
2145 456 32
2744 1002 67
5244 820 4
95 4781 14
6957 5725 90
7782 3592 99
3674 3951 8
6954 5366 74
6570 4008 25
4582 3370 14
6710 7501 88
2815 1945 45
4404 5373 20
2671 815 26
7288 5048 83
199 6080 73
390 4112 85
4846 3504 64
2739 4216 55
4660 730 69
6053 6024 59
5819 1492 87
1505 1515 19
3209 456 95
4702 3172 85
998 139 53
392 875 58
1622 6555 100
2613 4330 35
2272 4770 100
2193 7732 3
3525 5881 27
5005 6707 59
5724 5933 69
5401 7144 21
5515 2819 29
1008 5550 13
2446 5409 76
6868 4957 97
619 5026 52
1472 2746 11
2628 6502 61
4630 2578 62
6215 6251 8
5626 5283 84
6473 449 68
5980 3977 86
7602 2289 30
5123 153 32
3455 7663 4
267 7631 58
1679 1332 79
5697 6196 18
1741 1883 63
3954 384 92
3868 1693 2
1153 7369 76
7808 4004 23
7294 1664 15
6029 5167 26
1863 7160 16
4591 5467 36
4749 6661 76
3947 2475 92
3583 7424 41
1323 7872 1
2337 7871 30
7249 2836 6
4516 6664 26
3662 7322 26
2125 7029 90
1573 827 95
5252 1644 91
4909 1349 23
7746 4365 46
5471 7565 20
5414 4167 31
3752 1506 8
2429 6546 10
2685 1150 58
837 4118 43
4106 6364 11
1131 3387 14
3618 5147 74
1577 6720 10
4359 1334 9
7389 1894 83
1319 2832 13
5246 2927 54
1835 5416 22
5461 437 63
141 2128 11
312 1377 46
3447 7127 52
4555 1124 84
3398 7932 35
1308 1467 70
54 5394 47
7839 5485 99
1810 5493 14
1948 7096 80
2200 856 23
6245 6856 92
6536 3062 45
5045 3913 44
1741 3502 8
2482 4587 77
786 7489 45
7526 7523 18
7622 6997 24
5899 4992 26
3792 538 88
2143 2171 92
29 5065 17
5768 2796 26
2525 5755 80
224 5444 38
2396 5014 46
1168 764 83
7185 1880 94
5218 7838 41
6948 4768 18
859 369 2
4636 7276 92
2157 1418 82
56 7994 81
1691 614 27
3309 5302 68
7723 1894 92
671 4023 78
6360 5041 14
7907 7819 35
7714 494 17
5874 2395 53
801 1705 28
6253 6527 21
3026 2085 9
740 2737 40
7851 3351 63
4116 3329 71
1332 7248 99
1101 6566 6
2251 148 8
1148 453 66
963 5819 59
6292 7430 25
3973 2447 85
3865 3567 7
5668 4889 74
7869 1391 37
2889 6022 64
4000 565 13
2892 4657 54
2398 7969 4
3796 5079 82
6871 3456 35
6371 3122 60
7128 7092 82
3287 5719 61
1990 5040 92
3339 1235 15
5014 748 3
133 5149 88
2217 1891 45
1692 2762 74
1382 2560 63
4048 7055 17
7672 7677 20
6812 5738 87
5314 3254 35
6098 152 15
5518 68 95
159 5056 59
3482 3643 53
4144 1597 1
6004 3381 75
5744 1164 45
7023 5857 27
1864 7858 82
3063 4707 18
1686 2813 24
3521 5024 7
6639 4625 42
4781 2066 74
6936 233 67
4329 3584 6
3903 5609 21
445 5014 92
2869 5616 100
4059 3841 45
3887 1045 57
2327 7334 87
6406 7235 46
5 5749 60
4689 5754 50
4949 1538 9
3711 1741 25
2002 7318 84
2683 3705 96
3894 4264 94
5052 5096 55
7189 1035 46
3006 1195 10
7439 4983 46
3574 1453 78
2419 1763 6
1316 3746 41
6825 7412 94
5683 7460 42
1001 4138 39
673 225 99
6841 5331 36
2283 5048 59
5719 875 43
7726 2451 18
7697 5184 97
1963 2315 72
3837 6214 98
5387 38 62
3301 7139 11
629 4073 34
197 1986 41
7904 1765 39
4266 5860 100
5477 6404 22
6765 1911 64
2250 332 42
1654 1874 93
157 2928 88
829 7724 71
2732 2395 34
2150 56 100
5442 6865 83
3263 1172 99
1277 5200 80
5936 4930 4
358 972 63
5064 2471 90
2949 4989 77
1072 6487 12
3202 6753 95
1114 3251 53
6174 296 49
645 7180 68
7262 5513 9
2731 7491 22
6604 6509 80
1736 1607 55
6440 7745 86
1182 2313 95
7618 1463 5
4539 1199 38
4300 7719 58
2188 5161 40
135 7862 97
4291 356 51
1144 2062 2
5610 4534 2
7458 396 67
4794 6581 35
106 7626 55
7225 3676 72
3991 6545 8
5338 5475 13
4025 6124 77
1681 3882 33
1195 6553 65
4292 1379 86
6979 1704 62
4862 1257 9
7698 5144 52
6100 583 59
5014 2129 26
250 6429 12
6542 4978 98
7475 4014 21
3639 5880 76
6931 1059 53
4375 5354 55
6520 715 27
3343 2375 86
5 6849 97
793 7340 10
6116 2101 8
6998 3580 13
815 5759 2
809 4929 63
7686 2848 91
6311 5574 24
773 5113 28
1885 2560 72
6105 6989 81
1014 3080 87
3343 4748 5
1016 2313 43
3610 1286 12
5602 3626 76
6825 846 59
4049 631 82
1533 7489 48
4108 2891 96
2869 4285 53
3153 4675 85
6374 3943 35
3775 6443 50
2708 6774 6
6655 4433 41
4703 2666 94
3935 5808 58
7342 1906 91
6351 4836 49
4222 2672 56
854 7826 24
6185 7594 11
2440 6227 17
1364 3685 45
2456 1683 4
5516 2585 88
4352 2322 56
656 2852 30
3578 5378 97
2630 3018 28
2065 1475 25
3980 3662 28
6076 5848 21
612 5674 67
169 1900 42
3914 6206 29
2709 5782 57
7562 1639 92
5935 4667 6
3700 6820 82
1585 5466 88
1468 2820 83
5781 3431 32
1511 7247 29
1013 2140 18
4153 3944 24
655 988 20
989 7550 59
7811 5878 38
2572 7386 4
4358 1017 27
7317 5619 50
5271 3628 99
304 2120 73
5376 4224 6
1616 909 12
31 3067 100
6697 6418 87
6293 4822 51
5820 2400 12
1210 4705 29
5335 3007 21
6050 7041 54
1559 619 32
144 4964 11
5106 3283 70
7465 896 64
6795 6414 54
3730 3770 37
7848 867 75
7007 944 79
6052 1344 10
4098 219 49
3229 5000 100
7569 1399 58
5381 4321 18
402 5798 7
4042 1498 68
259 1622 75
5965 5786 100
1088 5325 84
3947 1238 93
2409 126 25
5839 2978 89
2037 493 49
3600 3259 21
7892 4532 6
5196 1137 31
422 3679 63
2234 436 37
6691 1276 52
7084 4216 2
4492 7059 18
4573 1581 34
2550 5784 60
4062 1680 50
930 881 98
3116 175 25
6421 125 79
2880 2377 9
1085 2054 15
740 5579 11
5142 1592 79
7998 7499 1
5535 5109 16
1129 1947 93
6737 749 21
7640 580 62
5626 10 41
7152 7360 53
5202 2101 10
6138 7582 93
2068 3869 34
2524 3218 79
409 5454 50
7110 986 70
3207 1948 36
7453 6182 11
6425 2143 16
4161 2932 57
2986 122 16
6244 6387 37
5657 3251 20
6474 2933 38
846 377 63
1411 970 96
7887 563 79
2839 3121 51
4628 3946 92
31 4432 51
1395 3070 38
7776 6745 16
5153 2833 66
3355 6934 40
7151 5326 92
1724 758 23
4353 5833 75
4002 6055 42
4853 1353 17
1500 6379 2
5760 731 9
4454 3710 90
1391 2297 34
2621 144 12
3202 3109 55
297 4956 92
5307 5384 84
7925 1723 89
963 3783 86
4157 1252 20
7798 3696 85
7224 4007 6
7851 6908 10
2727 2424 90
5105 7527 36
5366 7426 67
525 3622 55
6684 4726 97
5221 6200 26
4975 2916 61
6749 6795 20
4329 6614 81
4501 4071 77
499 5708 39
1660 3555 57
1132 6941 11
3456 4283 97
681 3617 31
1142 5956 39
7715 7613 72
2557 7941 87
5586 7050 30
2801 5376 9
5617 5796 38
2492 141 79
5625 3541 3
3882 5049 78
1308 3058 57
3545 4031 38
108 2938 37
4207 4808 81
6788 2894 89
4194 3870 68
5827 2155 32
2220 2737 94
1555 5788 57
4617 2516 65
674 234 69
4944 5662 51
2879 4365 8
2875 3410 9
3538 1546 67
7605 2523 41
5460 3733 88
421 1899 4
7831 5737 39
4304 2138 51
3372 1944 10
5958 1005 17
3315 1519 77
3685 7202 29
5318 1979 11
5161 5376 66
5083 6596 81
3341 6601 8
6945 2189 42
7840 5582 60
2146 5677 100
58 1402 52
80 300 15
4553 6206 93
3574 7747 45
4324 7640 46
7357 7560 32
5388 1672 7
6787 3725 91
1921 4332 47
5035 3643 26
4657 6406 36
5056 1314 51
4029 480 84
7327 5312 62
2706 1541 94
4851 7297 68
1674 4206 4
5744 5930 59
6620 7582 97
429 7118 11
4804 1389 54
5521 222 65
1973 7136 46
5863 5028 51
4458 7934 75
2128 2238 84
4519 3414 9
5189 3309 73
6001 5070 70
1124 7925 45
2223 4491 50
6792 2636 45
3524 7349 86
3522 5473 55
7059 6370 21
4664 6986 97
478 5282 89
4181 2632 3
2516 3309 52
2393 7525 75
382 1666 36
1641 6852 19
3168 1004 20
2488 3398 89
3084 6199 92
5882 6095 80
4040 2155 99
7099 3722 14
465 2690 27
4693 3488 11
1255 5841 95
3097 6134 79
2146 3943 60
1446 5771 74
7530 2017 89
3926 4121 8
6197 4942 57
5326 4421 38
917 7635 13
6993 4236 71
2150 5709 3
2019 5782 66
259 1585 60
1152 4313 100
7750 4979 49
3447 508 29
4413 4831 85
396 7974 10
3442 262 33
3993 7253 61
1529 499 62
5769 3245 24
328 5481 35
7855 2121 70
5488 7065 95
7585 2144 49
6491 5618 6
6815 4304 36
564 2091 94
7572 6130 73
5263 1757 83
3592 5180 80
7751 4376 72
5199 7397 76
4137 4976 12
4320 4225 75
1014 5820 60
5038 3859 36
4980 3246 2
7763 1558 12
3930 2148 96
3939 3068 84
3394 1309 72
2215 4830 7
2391 5647 42
1905 1741 39
7728 3549 14
7130 2974 42
206 1161 23
4194 6243 97
1609 4861 9
7867 3795 85
79 287 9
5267 6461 29
6171 4476 92
2234 6836 35
5465 7385 6
1653 6262 88
6764 243 80
727 4067 86
1863 5044 85
5977 5817 21
7846 4296 16
5897 1805 63
1694 3773 80
7678 1495 68
533 7262 100
5838 198 74
6681 640 37
2875 6732 86
4436 1860 91
924 7409 33
72 1763 8
7402 2002 87
5354 3997 89
490 3679 72
4855 4987 19
7764 6439 56
7738 2691 27
4152 3958 98
688 5570 56
5375 4022 25
1155 5948 45
6002 2672 32
4174 3869 59
2356 67 26
6088 207 72
2281 2930 56
423 12 76
2265 7641 89
1921 4749 33
4862 1470 41
4615 5411 16
1519 2849 82
5576 933 57
5248 3091 35
3361 5980 57
4398 46 46
628 1355 89
5094 623 98
5654 6604 93
480 2165 38
2963 7404 57
4024 7053 67
7535 7300 74
6990 692 51
5353 3501 42
2717 3765 72
393 2295 20
1999 6324 36
3631 1417 31
5560 3072 62
6835 3863 75
3122 2178 91
940 232 26
6152 7366 91
4652 3570 54
4405 4771 95
2928 1698 81
4161 4186 48
933 2067 13
6548 4294 90
7492 6255 31
1562 6956 9
6112 4843 25
456 290 68
814 4243 73
5302 1597 60
2970 3381 51
1607 5803 31
905 4196 41
5214 3880 78
4326 6137 82
7781 1373 29
6462 568 70
2765 4446 75
5596 3504 42
6542 1107 55
5326 7438 53
7582 5114 7
2703 3651 91
4877 4698 26
683 3256 45
5421 6050 23
6353 4815 50
5579 7157 10
2141 3980 42
2104 7188 73
7170 1516 69
7137 6871 44
710 1584 87
3504 2564 41
1426 3431 24
4684 3343 53
2009 1198 33
524 1079 73
2369 4477 58
2872 3534 81
2773 3104 75
6367 7148 31
6054 582 34
7461 5955 40
1215 6341 14
2233 2765 65
6461 6986 25
333 506 84
1053 4570 86
4859 5070 53
2025 6995 56
347 4220 27
5243 7006 24
6018 6915 2
2474 4136 70
4236 128 41
2981 2379 36
5453 4347 21
581 6391 80
6424 1742 42
5416 2268 81
2271 4495 49
5927 5756 67
2870 2844 62
6470 3059 30
2436 4569 3
5963 31 38
1817 2422 41
3674 6810 82
6387 7439 27
4360 1956 67
1818 7226 34
788 3985 24
3509 5671 22
6589 1043 86
100 3320 16
714 5642 44
1949 1845 47
2329 4730 78
7094 604 89
6620 5965 43
281 4768 58
717 6292 34
138 717 55
7692 6862 81
3792 3677 1
1788 88 94
3333 2756 16
1287 5315 57
5670 7550 18
30 7108 24
3535 7507 15
1368 6114 12
6319 4561 64
6894 6827 48
5898 7956 89
5433 3471 8
5980 7942 100
3263 5799 29
913 4463 52
2434 4698 9
1393 11 97
3596 1404 84
1420 4578 92
7993 3721 29
505 2243 60
1277 4814 17
516 2281 98
6342 4352 91
4478 7800 53
1858 4885 89
2114 2626 29
902 4090 88
6453 5088 5
1317 4827 43
6454 2298 16
5894 120 46
2501 7914 59
437 1106 36
3408 3855 56
4025 4791 32
2195 5833 41
6997 6226 94
7529 6440 87
6804 4514 56
3282 6607 34
2428 999 40
852 2535 69
3739 2078 29
2037 7692 100
2502 1503 10
1184 4214 10
456 4638 12
5022 1755 37
3714 4283 44
6307 6397 82
5915 7663 43
6594 2669 57
2531 1437 78
798 416 6
102 5332 80
6460 3817 51
1047 437 24
4283 7460 94
6876 4780 71
6475 3857 81
4162 7457 98
6161 7726 75
1722 1872 82
479 1577 52
1708 995 68
7697 3240 29
7452 6823 9
3100 4092 33
7348 7481 91
2906 1252 40
2933 848 62
5363 1275 29
7744 4684 92
4730 1335 72
969 5961 9
4115 7275 34
1548 6699 42
2478 3590 51
4792 3210 8
6840 1814 44
7451 3088 91
5518 6250 61
155 857 33
4065 5023 74
2201 7936 91
5033 5071 38
575 1809 91
6982 7662 82
621 1871 54
1605 2426 72
3142 2519 18
2451 4624 16
7663 2111 51
3420 663 74
4960 2690 35
2628 6847 29
3477 3826 20
1445 1528 49
6150 5633 27
238 6137 1
1647 600 33
4285 3723 86
7545 39 94
7493 1654 11
2865 6735 15
3862 4079 66
3684 4085 91
3816 7440 84
3068 6047 50
3867 7169 12
6453 923 1
6412 2560 53
3374 3852 23
5444 1596 86
302 5030 65
6102 2100 77
418 2850 24
2192 6415 81
6811 3017 49
7226 3328 7
7822 465 21
7416 1722 65
2334 3036 18
6040 3034 68
7286 4249 62
790 3295 82
7475 6928 5
1377 1682 86
4527 7022 62
4395 316 66
3224 3057 65
2254 5584 73
5105 6895 33
5232 748 52
3416 1271 13
427 7580 45
3801 394 32
4554 6130 39
3983 6057 32
2445 6495 60
6937 4301 68
37 375 8
4530 2322 77
7057 1092 15
1829 5687 89
7786 160 80
6021 1943 48
7266 3574 10
56 3745 82
7100 2878 65
4326 3309 68
2342 5621 38
7647 4071 54
2552 3197 97
7629 7464 65
6965 2385 43
1011 5530 85
7222 2897 86
5283 3314 48
899 1591 8
4813 4616 7
5141 3306 85
4372 2340 44
1339 5989 38
6623 2828 78
1059 310 68
1553 4069 54
5768 7478 36
6679 2605 85
3780 2425 88
3435 322 48
6438 1258 37
248 6836 95
6417 1925 35
1919 5551 9
1277 7428 90
4637 3235 67
3645 7292 71
2764 6566 63
1890 310 67
1494 3135 84
2949 6134 70
2805 3097 38
2768 4268 84
1 810 25
5407 1665 25
2003 123 81
1334 2237 61
1532 5673 51
168 6925 4
1930 7220 8
586 2851 90
5981 1825 56
5920 6534 31
7676 6870 80
5603 4830 41
3946 610 5
5861 7874 62
3067 23 16
75 5333 81
2274 2075 59
5089 4694 46
3565 6907 84
7335 2119 100
3589 1229 54
6903 5308 27
6271 4726 40
4046 5168 2
1204 7462 94
626 3064 69
5836 6280 3
6362 1641 14
3896 3580 88
6635 4218 31
7438 3741 49
2182 3923 47
957 7102 81
3640 1975 56
7196 3231 92
3680 7546 2
4161 2269 68
3492 6228 64
1048 3600 61
2702 274 39
3980 1938 16
7395 1463 53
2920 107 44
155 4985 98
595 1771 51
6444 1461 6
4591 7369 64
6995 4453 58
5906 71 34
2062 6120 41
3462 3680 49
2381 5184 4
146 4721 66
4193 4948 29
2478 303 9
7956 727 49
7385 6048 69
3618 1016 5
2853 2476 60
2560 6684 84
349 5233 24
2203 7117 97
73 2572 21
7985 7672 100
4907 1529 27
2501 535 49
225 5312 25
4224 7051 97
3327 5791 73
1696 7346 11
3264 5507 20
1267 4136 79
7264 2488 81
2615 526 2
5540 5608 58
906 7259 78
979 3934 54
6274 7035 59
3280 659 49
6125 563 7
2225 3829 33
1378 7560 76
2261 7292 47
4433 5370 53
1297 6111 49
40 5908 92
6934 1579 63
7872 5352 74
1010 6194 95
5249 1060 48
6197 4573 27
371 7468 63
5759 5008 76
7129 1752 51
3544 617 62
2449 6159 66
831 1914 97
2244 7121 83
2162 4674 83
4068 4146 32
3694 5847 32
2301 4647 74
5839 560 42
6916 5033 50
5594 3508 72
4888 415 63
6877 1056 46
6049 2099 28
1934 7239 49
6542 7094 35
3026 6461 75
2851 774 11
3808 7695 100
5220 6163 46
1684 3182 51
2597 1868 99
3276 1077 79
2518 6169 49
1824 3823 93
3770 4740 18
3039 1159 51
2038 4840 92
4479 904 49
6059 4039 76
1411 6478 82
7092 4334 27
1048 1796 77
3724 7459 27
7578 5874 37
5087 1084 88
4147 661 12
7320 7471 30
1468 3925 26
3508 3253 77
3065 3362 80
7548 3650 91
1366 6977 27
570 4072 86
1179 6253 62
828 4525 11
5717 809 94
90 7298 55
7568 7787 25
3509 1052 55
2418 7743 90
2041 7776 86
6874 4371 12
4555 7579 35
3386 4492 1
585 3539 77
368 2277 55
7100 2708 37
3787 1142 62
5567 6950 17
5295 6029 44
7744 6555 78
7244 179 12
4799 4255 70
2276 6603 5
448 5348 49
6902 4282 17
1352 6499 33
6827 3521 92
6665 2122 93
7231 5027 33
3159 4418 26
404 7857 5
7864 5762 93
3555 6285 26
2606 1523 82
5359 3270 1
2614 6447 75
633 637 20
388 3089 45
3878 3565 36
7165 2565 13
7711 986 65
1179 187 3
3441 573 88
5278 2411 44
756 6108 76
7940 4848 66
4562 403 6
836 1123 89
4980 4219 21
6598 4032 86
4359 7421 29
7598 7587 56
6739 2728 73
7694 623 55
849 514 50
5142 1285 59
7826 7166 16
5225 3899 35
2912 7729 64
6412 1032 64
3442 2343 28
2988 7102 67
324 575 92
2053 6663 72
2380 3840 79
3219 249 16
7734 3534 53
6165 2426 27
2900 43 7
5348 7914 98
314 4854 66
959 3541 33
7591 6941 25
1860 4256 61
3858 3221 71
1662 544 82
1550 5942 22
5292 5905 24
1513 782 58
4609 1721 56
6892 1507 95
449 4147 9
2818 7942 24
6268 398 93
2148 1560 66
7684 4268 15
7552 4072 40
6637 5550 35
3914 3398 52
1025 2142 13
3639 4956 48
5404 5653 78
7525 4453 33
5166 337 2
3970 1297 55
7879 1347 8
6083 5430 99
1408 7566 72
1576 5647 88
1873 5635 27
3630 5238 55
3120 6796 20
3841 5853 38
1233 3945 86
4633 4117 19
845 7207 70
5393 4153 64
2384 795 43
4833 2386 13
2104 629 17
4218 2902 41
2007 4710 69
713 5471 44
4014 1398 78
7896 6730 57
4638 5499 62
2603 2263 10
7158 7806 3
2290 2788 43
5774 5198 9
197 1465 82
4714 4292 56
2225 5911 7
6500 1299 13
7160 147 69
5517 1999 31
524 5007 70
1204 4579 47
3236 4035 37
4680 1734 52
5356 3965 98
2661 1405 8
4776 716 43
3470 3573 36
2033 4129 83
2438 3882 69
4347 6911 31
2390 1454 20
687 929 72
4930 1569 45
5520 1504 40
5225 3326 15
3753 4434 37
4217 804 74
2477 440 67
7102 5326 71
2289 1729 47
1467 1547 44
1682 6540 3
6743 7173 53
1685 6886 23
43 2236 4
1019 7294 64
6202 601 46
1073 6028 65
7645 2717 78
5663 6738 56
6084 2048 17
5206 6668 12
1560 4291 90
3497 3669 27
5415 4832 50
6970 751 100
2325 4862 99
3237 7685 23
2563 2056 100
3835 6764 37
4887 7310 5
2946 7211 38
4459 3068 87
6692 6675 66
6664 4913 70
2673 2331 82
2689 306 31
6966 160 52
4660 3186 70
3977 6830 67
1121 102 55
6972 64 45
760 2743 6
1105 5803 44
648 3970 72
3229 1996 68
7021 3367 82
7691 7662 60
7070 6459 94
874 6869 40
5547 2694 18
4555 2173 87
1701 626 61
580 4028 86
6936 1702 96
5350 3238 55
4050 6663 98
1000 2209 13
6339 4454 23
7571 5451 42
2028 2615 89
4853 4491 94
1487 6695 23
7963 3950 3
7692 902 77
4875 3906 83
2701 2281 55
1913 5986 79
6271 451 33
2955 5769 51
5262 4482 96
5828 7448 36
6315 4901 73
4683 2192 55
6767 5123 43
2075 2177 9
3073 954 84
1796 1189 51
3649 6723 50
5610 293 79
1565 2807 83
3237 6646 40
2339 1534 88
489 6174 60
3343 7913 75
1334 7690 5
3671 6236 24
2020 7534 83
4829 5631 11
7565 4581 41
4004 5295 86
3718 4245 64
2041 3596 68
1509 4340 51
1864 4228 58
6484 6572 74
228 5310 64
907 2796 73
2341 4002 40
7152 2736 92
6657 441 28
6565 5865 4
752 2937 96
4338 4978 15
5653 5970 30
66 3296 17
1790 4646 94
5715 3904 92
5043 5643 74
5374 2968 40
5760 10 68
961 5645 54
3913 5401 39
3339 1776 74
6597 4174 61
593 3554 20
7551 6719 5
5799 6801 90
7980 940 89
7921 6483 21
2994 94 24
7979 5878 29
2436 5344 18
1413 6292 59
2500 7232 92
2561 6725 68
6781 1503 78
4998 7047 34
6445 1689 61
2505 2366 18
7105 7215 85
3177 3783 25
312 3587 64
2564 404 75
7410 7769 97
3504 1515 87
5411 4526 10
1257 5836 70
2778 4107 69
5204 2983 89
1164 3523 41
7209 901 76
4615 3908 5
4825 4218 33
7090 7868 84
5338 7062 5
7376 2612 11
4986 1029 6
4456 191 90
3600 7794 34
370 3506 36
2101 1703 17
6047 5513 65
4116 959 21
3868 2556 69
4734 6232 8
160 1179 90
585 4554 82
6495 6019 81
6026 1518 72
881 5355 73
3815 1251 65
6799 306 73
4971 6734 78
2392 4002 32
2860 5369 28
251 5142 73
5542 6686 88
3321 2738 77
6158 1396 57
2578 7062 98
4222 7890 52
4100 4623 94
5994 4181 97
2332 588 27
427 7436 94
1379 4239 58
4919 4444 49
5916 749 50
6144 2178 75
1355 2493 63
2449 5751 84
4556 578 74
7048 1132 26
7059 4743 59
7487 1014 68
3695 3315 85
5516 7180 35
2117 2218 72
7973 799 76
268 5157 57
2842 5558 5
6366 248 35
4433 52 77
3836 4299 2
6726 735 4
2613 2934 44
1896 2235 45
4654 579 6
7633 1156 23
5562 7378 15
3407 5118 99
437 4432 41
7446 1419 1
877 5985 57
7224 7426 14
438 769 43
3396 5660 94
3701 4339 81
4219 1437 15
7676 6 39
6481 2732 9
6996 5070 57
7316 4131 21
5815 5322 58
629 1300 61
5393 1311 14
5887 6446 31
7917 3707 38
4795 3558 18
371 5933 2
2421 7371 67
1028 1266 45
5504 6522 13
7114 3402 52
1977 4520 75
5357 2096 97
7053 4821 90
4475 1571 2
4910 647 9
4617 3132 94
5706 6933 66
7860 4997 53
2260 6303 38
6723 823 65
5752 2709 51
3759 5670 86
1991 2388 33
7389 2673 23
205 5996 35
5044 6426 75
7178 3498 52
7461 3644 64
246 2306 88
5107 104 29
7558 2349 49
3196 2735 86
7393 4002 3
5431 4651 40
4391 2108 22
7637 3431 61
5218 7471 73
1627 5 15
7494 6846 17
5447 1868 19
2107 2154 4
6405 984 46
7890 5364 32
2546 922 39
855 7925 72
1980 6836 51
2055 6755 3
1913 1784 42
452 4920 11
3849 3452 46
1839 2900 52
4693 2027 63
7524 5226 91
562 4534 64
2835 7625 39
4327 3294 72
5820 4453 46
6837 6853 93
7552 1473 34
3494 4485 40
760 3241 21
1004 3307 82
1649 286 88
4225 1266 67
3645 1659 61
7246 5534 84
3064 3768 87
3289 4546 24
3516 5839 7
1053 3717 69
6565 6739 62
1827 6657 87
3952 266 12
7302 109 12
2425 5166 70
2000 6322 84
2366 4098 50
1081 3368 58
3284 3263 24
5291 1090 89
1573 3275 6
2319 1585 2
73 4598 63
3218 2531 38
7785 1463 20
3440 2766 99
2862 2382 1
4797 6713 78
255 5993 95
2630 7136 62
4284 6970 55
123 5230 44
3096 1794 65
3109 358 42
432 5973 46
750 4396 52
7102 4513 11
3953 6581 74
1680 3070 40
7559 2532 49
3201 4569 16
6604 4028 28
6413 601 45
5662 3924 49
6790 7172 71
7861 3923 40
2061 3323 89
3263 4616 33
1769 6253 27
6071 6425 48
353 357 100
2476 1042 30
6368 6488 40
700 3937 81
7045 5353 42
5859 4299 44
394 5437 1
4872 1958 77
5444 3574 13
3782 910 65
3287 864 65
3489 5696 98
1427 300 8
2528 7523 32
2085 5067 86
846 6907 63
6180 760 17
759 6574 73
6154 2593 60
7819 2697 4
2100 3560 13
905 4078 36
4682 7985 36
7110 3802 5
2908 4506 65
5182 7210 21
1311 1160 39
7235 1126 97
4999 7935 73
6318 7455 67
2230 2765 96
1371 506 8
4824 5546 6
6277 7150 83
4238 7310 67
7039 6652 100
1202 1952 4
6106 7031 59
2519 2089 13
7855 3747 90
4786 1028 4
209 2199 69
262 4833 43
7486 7160 24
7861 675 64
2073 1293 2
7246 287 52
7318 1229 36
7373 3286 76
146 5853 28
5673 6437 21
4923 1688 76
5506 3577 22
2477 3509 49
6256 2584 79
6711 3626 30
6337 5278 84
1095 5238 69
1827 7306 28
4868 2518 56
934 7688 28
5019 1676 26
3642 2339 91
5642 835 74
5762 2427 69
2762 766 100
7380 815 57
3237 2909 7
6052 6568 26
738 5548 68
317 451 84
5382 3585 85
5093 3190 23
4177 5416 41
6177 2403 48
6426 4941 28
3650 5783 90
1649 3982 25
6734 2691 81
4713 3284 46
1840 5961 41
1708 6609 2
1821 6212 53
6573 6448 6
2827 4887 65
3025 1965 80
874 6995 80
6808 791 78
2171 2152 86
6495 2771 54
7784 422 98
3655 2146 95
327 7102 71
818 3607 75
806 6446 71
2171 249 48
6961 5687 14
3512 1018 12
1405 5647 97
7293 5545 66
6410 6190 40
2866 2690 19
1875 5142 49
2622 4414 87
5054 981 26
3467 7589 40
1358 7504 97
1225 118 1
3849 1904 34
6562 3592 21
4565 1927 44
1039 3318 72
5861 553 69
2649 6666 29
1999 4441 61
5843 4681 54
2957 7448 49
7611 2510 37
1134 6221 22
5910 844 90
5464 3583 67
4243 7604 42
5837 6803 6
1837 7073 24
6901 2980 45
1842 4686 57
7808 1075 54
2561 7242 92
664 3273 20
5985 3526 12
4678 1980 82
6458 7906 77
3110 3089 5
7635 6409 92
4835 7698 20
3423 3958 20
5938 5013 78
5478 3996 13
2441 6291 98
144 5306 49
3265 2648 29
5922 5848 32
1937 6614 18
4759 4238 80
2319 7914 63
5433 943 99
5239 230 29
2705 1 11
1015 2098 94
6711 6938 4
1868 4161 78
4537 4868 57
7767 3802 38
6324 5451 14
508 2484 40
4925 7710 70
4311 3233 29
7002 962 42
5628 3222 65
289 2991 56
7607 5669 3
915 2429 31
7368 6250 33
2927 2018 25
4273 5377 83
1574 825 90
7544 844 80
5652 1450 50
5696 6959 39
1009 3218 68
6266 4576 97
3840 1013 50
3365 5775 49
7501 3010 10
2905 156 6
6445 5484 11
3489 7893 20
4954 6528 66
6420 1591 49
1922 2387 66
5104 7277 29
7859 1888 20
5844 1072 5
451 758 87
54 2357 16
14 551 23
7966 2723 29
7927 1194 53
1927 1637 94
2678 4161 34
2918 157 88
1081 3159 70
2680 962 21
1845 3022 36
2533 6061 68
4659 2316 69
4617 4536 7
5468 1530 1
3259 7447 94
887 3018 41
5312 6168 26
3481 1016 95
468 3740 31
6999 1261 82
1392 7847 77
7412 126 90
4462 5852 38
2935 4052 11
4502 5509 32
7829 2360 73
5867 7429 88
6434 1540 17
780 1993 90
2734 2799 17
4410 4653 36
7803 1006 77
4714 3387 53
36 1623 32
3614 4214 80
2594 4723 12
775 3542 55
2026 5621 91
6341 814 63
393 1221 1
5681 2624 68
5283 195 74
3293 3626 34
5474 5355 36
1729 5342 60
324 7305 40
6382 6326 93
6424 7828 72
85 1633 63
1977 3302 100
6878 827 26
1445 7848 14
4909 2621 80
1681 684 50
1467 3808 76
7212 175 4
6535 2559 2
4773 5256 61
2920 3841 62
6525 5568 7
2739 6523 11
3958 557 14
4711 7085 53
5193 5937 17
4077 269 43
1128 3184 61
211 1434 34
1806 7808 3
6988 5783 33
6482 4702 80
6778 1020 45
7226 143 68
596 7180 52
3577 7755 44
5545 6276 8
746 1514 53
6170 6691 85
6641 4941 96
5155 5586 3
1662 6628 3
6306 3835 26
4109 5669 25
1718 997 5
4689 1609 77
1429 7945 34
6066 3347 80
4068 4931 48
7887 2165 64
233 6882 61
7566 3165 93
2389 3051 87
629 5973 18
6862 473 50
843 1047 19
5569 2728 21
4348 3529 72
520 1687 83
5380 1007 71
7224 4468 87
7228 3716 12
5954 1416 62
3429 6424 13
3454 4530 79
3187 3699 29
7527 1359 49
2682 3700 61
6280 4606 83
1308 4435 13
1438 213 47
99 7744 88
6023 360 82
5849 262 88
3742 784 65
3490 6640 97
394 6673 86
3917 4387 77
1578 6667 32
2784 2255 90
4246 3763 6
4222 1268 100
6501 6746 14
2894 1867 2
3626 5009 52
5631 6108 66
3578 7742 79
6903 4946 45
904 502 16
3808 3496 69
3175 4861 75
4305 4645 47
3105 2350 18
2218 1814 51
4604 1284 43
2725 4119 33
1365 4697 67
533 6820 83
2063 4499 50
5366 7804 71
2665 2331 60
3762 721 96
4848 6133 9
7756 7673 75
5725 1404 79
516 5632 58
4717 2862 45
2203 6866 81
7654 2935 50
2536 7452 85
4666 6770 54
2850 3635 84
1674 6806 1
3391 1932 7
4077 12 38
4186 3587 35
7845 7977 36
6179 3617 77
1068 7641 5
7101 6203 32
4565 1327 77
5967 1198 38
4574 3785 26
5043 1824 91
92 3352 14
6266 2474 27
935 5583 99
12 2469 88
1042 243 20
5702 4701 5
512 2129 87
3977 7691 42
1973 1534 46
2670 177 73
5125 5354 42
574 2160 75
1654 424 66
4343 3329 27
1437 4701 69
2090 4520 99
6869 2477 12
1935 6285 28
5388 7171 12
5089 5558 74
3532 7344 95
7294 1132 74
5142 1582 39
6746 7654 21
2639 5943 97
5484 7211 76
2163 4261 81
5109 7964 96
2021 808 44
2470 4161 62
2359 7712 2
764 1761 3
2255 445 45
419 1368 91
6986 5770 71
5416 681 53
5200 6255 66
1245 7649 40
24 3920 25
883 7422 42
7457 2532 73
284 6126 14
731 6112 52
144 1852 94
1449 691 82
6393 1080 90
3749 7529 94
6939 1486 29
7823 2664 100
3412 4444 14
1361 178 32
6952 3395 56
2474 4869 29
7415 7777 67
1226 5526 74
6295 3 12
4769 2881 92
7745 2303 93
1484 7072 66
3616 5700 86
5504 387 32
1188 2017 42
7647 3867 93
2108 3658 36
6769 1302 46
3913 3395 80
1254 5290 43
862 4299 49
180 5581 45
4239 6250 40
5440 4975 64
7749 7276 10
144 3120 56
3252 6298 58
4330 1217 33
1413 1090 29
7100 7646 48
5872 7024 67
4686 6535 68
1020 6434 86
5273 4758 40
2682 4109 82
6424 6420 38
6765 3104 12
765 7754 92
7677 728 36
5185 527 42
1336 3244 100
5436 4504 7
2852 4749 29
6176 2055 83
5313 1364 42
7179 7723 66
5470 7054 80
3882 2341 55
633 7352 49
7199 2516 45
1616 2195 96
3145 3551 39
1397 2294 20
2148 2245 87
7994 558 27
5420 2630 18
5274 2756 30
492 1726 27
1269 6147 32
7080 847 23
149 3708 81
3762 1103 88
6207 6102 80
4104 4303 68
2477 6778 15
76 5894 41
4811 7257 66
5922 69 55
7420 4237 7
2782 2934 53
3221 5243 1
3346 3976 72
6022 6889 83
1237 7035 46
3901 3264 64
5499 636 25
3904 5122 16
7019 2957 42
2634 7288 43
7945 4573 11
7223 1864 40
7603 7849 96
6072 781 52
119 5152 17
817 7968 85
1439 4658 51
7888 6787 64
163 6672 61
6398 2216 35
6898 2076 29
3443 5494 47
5393 1920 23
7156 278 55
3273 7827 29
6480 6471 56
6402 7576 46
4038 4852 89
4834 2865 83
3029 3400 42
2203 4373 27
4427 4289 50
3593 2448 45
7417 729 59
5748 3261 22
5209 1575 77
3302 7685 23
3996 4670 12
2971 3526 45
3831 4297 90
1628 3158 16
7626 7043 49
3469 7790 42
65 284 90
3983 7448 56
7688 4470 2
5656 1373 18
5230 2017 3
6485 508 95
1768 1087 52
3981 4367 22
274 480 18
2604 3997 15
4751 5679 15
4269 3190 15
7235 73 100
6465 7897 18
7053 4849 40
2695 5492 59
3332 2525 65
695 2475 23
4849 1504 53
3424 195 66
6325 2110 2
96 2345 52
47 4846 38
7702 505 59
7308 3769 42
4587 3675 93
2798 6627 63
2583 6275 24
5185 2101 75
4035 7247 75
6908 4025 68
542 1717 73
5101 6447 51
2315 5737 67
6663 3412 75
7112 6772 85
510 4203 4
5532 2068 89
7205 3965 83
2506 5461 76
5606 1760 73
3108 7540 87
6657 5795 63
3230 5325 22
1709 2847 66
2272 3397 18
1223 5946 81
2016 4081 46
7819 3086 29
7856 3845 40
3583 639 13
718 3408 60
2300 4794 17
3350 2257 44
1866 431 74
4132 246 51
4939 1196 77
830 3845 13
7452 808 71
4877 5983 20
1575 2011 78
1388 6656 96
2890 6836 22
1843 3080 33
5916 1679 42
3935 5893 2
908 5370 81
4185 2025 90
1991 1315 60
6432 560 80
210 1017 27
3188 4304 18
7260 2037 85
2105 3923 56
296 3291 54
7581 5638 13
2713 7789 12
1845 2228 78
6172 2711 36
1144 6495 86
2556 2470 17
5270 3486 57
3618 3774 2
3966 936 74
1479 702 12
5345 2732 90
7716 462 51
1125 5020 72
2851 3498 33
3228 185 14
4002 4054 49
1012 1262 48
6114 6108 50
2066 2711 49
1175 7936 56
5493 6022 85
2255 3318 22
6142 4175 5
1242 983 67
1624 4842 41
696 6765 4
2770 4962 66
2354 5674 9
4689 6075 36
2512 4616 46
2738 1894 9
5018 7942 31
1017 7744 8
5623 7028 14
2414 3333 66
3083 2632 54
3131 6735 27
4667 2744 7
3285 5243 73
66 4092 78
7548 5333 5
2470 4024 30
4673 6386 93
6266 393 36
4587 2391 86
4478 1935 1
7010 661 2
1009 5859 19
7464 4096 66
7937 3512 66
359 490 93
4204 3762 50
231 1153 69
7362 3854 45
994 7956 22
3360 515 61
4594 838 63
3633 4045 24
6536 6684 87
6271 4924 83
102 5788 70
6661 3343 21
4524 3616 65
5534 2801 64
7336 5730 14
1794 5372 10
34 7334 93
4481 900 16
759 6347 34
7319 2988 17
1714 6539 59
7465 3543 94
273 7313 32
4371 6483 36
5517 58 73
487 5584 43
2487 3194 10
1477 2179 40
6654 1397 99
6790 3950 30
77 4788 15
4022 2576 6
4628 7537 8
4217 7546 33
2920 1265 92
2708 6244 3
6043 2908 61
4251 5014 88
5104 5498 63
892 4429 15
7891 3424 74
1565 6215 3
6979 6440 22
156 670 84
3863 1152 52
7797 6633 61
3550 5879 58
883 4216 87
305 6713 62
5223 6624 51
1260 5771 60
47 4748 60
1313 6779 13
2855 7840 11
3149 3367 23
5816 1370 11
5340 1648 61
1180 5148 80
704 503 90
5492 3114 37
2506 6046 47
7715 3120 12
6908 2515 93
6481 2427 27
6911 1720 79
6603 7446 99
1966 4455 58
2224 2196 40
6592 1361 1
6095 4518 78
2713 7000 33
212 5159 57
6811 1714 61
2727 6825 79
2116 1536 52
5106 3604 66
93 7632 56
6201 5292 81
4735 4252 74
1494 4570 43
534 4395 12
5427 4771 61
2199 3151 8
2122 3436 17
4434 5550 33
5163 5763 69
5150 2980 34
2099 6038 76
5189 6189 64
3644 4427 62
91 2988 70
5615 3008 84
7540 5505 82
4100 4701 46
2017 5138 21
5438 2723 56
3812 4999 30
772 4119 96
1322 6326 98
2991 863 57
7455 378 92
329 4202 26
5799 5517 44
6817 5040 56
2724 4257 31
3218 4625 17
3985 946 58
6085 2293 93
2935 3666 9
5275 418 92
2027 720 8
6163 830 62
6503 4789 4
2340 5271 69
2180 6358 88
902 3879 54
2444 810 52
6980 3055 51
4514 6463 12
2944 7975 13
3404 331 35
2252 5681 25
2911 4482 84
173 3634 53
5756 3134 11
4616 6768 71
5885 5072 22
7877 1162 14
2530 3437 98
3398 2054 42
3649 5310 4
3918 3177 52
4570 3458 96
7933 4133 93
6552 2461 55
892 326 84
2520 7977 58
2340 7604 36
6873 7533 23
5689 1760 30
1609 4648 93
7553 6821 82
6199 5934 40
5895 4035 18
3714 6597 26
2208 4040 94
243 2917 14
6861 7092 27
6013 4116 43
855 4137 67
2959 6688 75
5747 6273 53
6106 360 73
7467 1636 71
2703 5966 47
6357 2646 75
6039 3528 33
5868 1105 63
3192 6832 98
6419 1807 5
4897 3031 44
277 568 11
3903 4811 71
6990 4105 12
6976 3608 29
7287 689 82
7492 4157 38
6172 4611 53
6336 1264 33
997 5729 19
1083 2807 30
7444 1157 80
6489 3462 23
3944 5739 27
7546 5634 53
6422 4320 24
3688 334 33
4991 3805 57
4822 3217 99
5151 7502 56
6897 2004 89
3181 3742 43
5259 7041 90
7687 3143 90
7694 5753 42
4679 4808 69
5678 7512 96
1999 1956 54
5969 5516 53
5433 2148 26
6212 4693 56
6367 5287 48
2583 6346 49
2879 4938 94
3239 4271 20
4767 7693 4
4091 1362 74
5063 3288 42
2841 4065 41
503 3273 84
4353 6276 55
1482 3977 64
1078 6546 50
5126 1352 32
1009 5248 94
1683 4839 32
5275 1920 41
4455 7271 11
5103 7466 77
2668 2948 22
7680 3972 83
2215 6831 54
1377 2788 28
1056 2285 27
2167 3507 86
242 255 78
608 4974 28
4810 1598 55
1854 4722 80
7477 4505 1
46 382 43
1531 3263 17
911 1449 68
5375 5616 46
5767 7934 73
1815 0 32
7631 7873 82
6654 7231 47
125 4436 94
6745 6478 49
6697 1648 10
6627 5910 54
7679 1224 68
4044 4564 42
7565 7014 45
1008 4794 88
3810 4097 94
3234 608 17
4008 5606 69
7414 6335 38
4664 1932 91
4438 7535 80
514 30 41
5051 187 60
2635 2545 54
3611 7286 25
6772 6319 13
5076 744 54
4714 3140 54
2331 2131 83
7195 3611 93
4011 3220 53
7122 3586 39
2048 5894 13
3807 788 13
6059 7423 23
3632 445 74
6380 2937 16
151 5001 11
2709 3969 13
5519 3315 34
118 5563 85
5589 4107 71
1113 3940 24
7319 3583 49
1510 3602 27
1595 4275 31
6660 338 41
5068 5735 25
7013 2433 22
6166 6457 33
6059 1937 36
1352 7916 78
2100 1037 26
3630 6178 51
3477 5499 34
5066 1429 82
6122 358 79
2371 4532 29
7658 1168 32
2313 1756 31
5419 4175 76
5309 1799 39
612 5755 82
2689 7812 30
5157 4329 28
189 7973 8
7146 3343 52
7543 6602 73
6526 705 94
6770 6727 74
5149 4887 61
6562 3738 41
5011 1772 80
4096 7752 55
3738 4306 58
4520 3558 95
5347 7217 63
7005 142 81
4329 7547 9
787 211 27
6329 3960 26
6772 2725 51
512 5984 18
1111 6124 26
3948 5854 89
1317 3177 36
2149 2118 35
2798 5702 71
4440 2942 91
4442 4817 10
3944 6440 79
2959 7580 65
2846 5803 25
1677 4929 89
3990 4929 99
3429 3698 19
594 7538 98
6040 6748 21
1426 2701 91
6477 2725 70
3016 6126 91
3529 4240 72
1102 3091 37
1690 5776 64
1393 7808 60
2484 5562 47
2750 5392 70
4332 7073 85
3776 6093 39
466 2009 100
4833 6019 88
6911 2597 66
3169 6850 41
899 4486 35
1827 7011 83
1613 2364 8
5642 6304 52
6683 4687 17
1436 6834 74
5494 1508 53
907 6642 55
3353 5674 20
400 2278 7
4041 6421 54
6472 6444 25
6330 4921 59
3545 6246 64
1534 6903 6
638 6989 78
604 3944 25
4513 5562 66
3275 7380 88
453 2383 3
94 1426 31
7891 4624 72
3007 4917 54
376 7012 88
7299 6502 27
5318 3697 34
4393 564 95
4640 7988 72
1883 753 73
5070 3024 29
64 6113 1
4316 3684 13
3906 4212 3
3165 5495 19
2352 6732 56
88 2407 32
1337 100 41
768 1858 30
4278 434 20
4773 4067 9
1259 5613 68
421 6031 6
883 2442 47
7172 566 65
4785 6161 27
1132 4220 84
4139 65 93
1704 4392 62
4663 3001 41
7873 7592 4
6217 7988 29
4989 6753 56
3459 476 83
2186 6583 93
1510 2833 71
5293 2325 100
2379 2104 30
4608 5804 70
1838 1317 1
1189 5721 46
1369 3086 11
5713 1900 7
3039 7777 48
114 356 61
7764 4501 72
1077 2585 16
2549 6341 45
7100 5009 29
1170 3503 19
2839 6875 8
2050 5385 39
6601 6970 31
5305 7921 35
606 5469 67
157 3585 74
3572 3896 46
6505 2069 96
5724 7406 73
7274 2259 52
6682 2881 32
3720 5800 69
967 7071 17
1655 2526 92
4750 6521 65
7830 3170 89
622 2239 38
847 5510 12
5367 2329 17
4913 62 81
6023 7194 11
4990 658 1
21 1490 44
797 4026 37
5101 4010 30
347 5683 35
1354 1433 84
5176 4574 47
4671 3962 21
3421 592 96
3717 1717 62
4133 760 74
7604 4454 99
7432 4363 38
7600 3709 18
708 203 61
315 2305 59
1282 493 55
7668 4258 15
606 2437 70
6580 4990 22
1512 1943 47
5138 5762 28
4235 1739 40
2033 2578 50
4883 7728 94
6657 5373 29
597 2906 47
3716 7126 98
755 1379 99
2859 7592 73
626 7711 94
1245 2905 23
6757 1805 42
167 3526 61
5073 5365 78
4820 270 8
4745 553 19
1683 2767 30
2783 6292 47
1275 2673 5
858 3151 15
3331 267 46
3761 6615 96
784 925 71
7570 2703 74
2479 5099 94
5162 1987 83
5140 855 28
4038 4057 70
6290 4694 89
6662 6709 8
4657 5525 25
4272 5289 38
5679 2722 2
4966 3513 90
6746 3969 49
6597 2491 41
6974 819 16
492 1651 6
5498 3041 36
2697 5704 72
1261 5942 26
406 1253 23
7623 2194 41
4380 2697 15
113 1071 16
7550 3369 81
548 1445 52
3252 3640 36
6137 6328 66
4081 3567 13
1797 5911 73
3175 5662 27
1226 3003 92
3982 515 35
440 1935 19
3188 7275 2
4159 6179 79
1367 1822 5
3921 5229 36
6191 6622 82
180 3948 25
1642 1220 74
6873 5597 47
1970 3233 91
3595 834 98
7861 6802 87
5650 5503 30
7509 1321 73
7371 1523 43
3537 2230 8
3767 3117 92
5932 3096 39
4501 2642 81
4762 3417 88
1868 380 100
3083 7652 16
6747 5562 69
845 2358 67
7307 2289 28
1591 6406 94
7346 148 61
3502 6424 3
6333 3868 20
4008 5343 33
747 1057 51
3011 1297 68
3330 6259 84
4246 7897 59
2543 1604 54
2298 4090 17
7635 1994 48
1799 5592 52
7374 4501 38
7559 7216 20
7339 5133 94
6538 2163 57
3202 2040 88
2100 2873 4
4802 2443 12
5956 450 5
3295 1754 58
5649 3141 79
4621 3642 52
5584 5485 39
5196 1279 43
3185 3399 58
1126 7584 52
550 4697 51
3811 2631 33
4066 5773 3
597 2504 92
6558 165 56
7698 3604 47
2284 3301 30
2051 3064 2
6684 2198 97
875 3509 66
3146 2552 85
6137 3415 21
4416 7201 24
4183 5948 12
4255 3206 81
1654 6245 20
1720 4050 72
5375 6400 92
2768 4017 18
7726 21 95
3607 6920 36
3999 4439 15
1504 1743 86
5181 2062 43
1811 1174 49
3831 3990 2
1720 5871 28
588 1357 63
5747 6344 78
1061 3698 52
5712 6232 74
2085 1106 17
7729 2694 83
4437 1635 58
1489 1047 13
3660 1107 27
5985 6736 47
2508 6263 84
5970 3428 61
5812 5490 52
146 4975 32
3162 5102 77
74 3401 4
3659 6815 52
5472 6654 27
5275 5503 35
6339 5362 31
5139 288 94
7462 6731 35
5179 851 35
3934 6236 77
4601 1773 99
2155 1980 25
637 7933 7
1579 5120 58
7514 7402 1
1175 5806 98
5256 7579 74
7076 2843 22
6563 5072 5
6087 6043 99
2136 1443 48
6128 6581 34
2170 1405 19
3371 5450 80
4267 3718 52
4300 2054 100
279 3192 42
4923 852 37
7247 3142 5
5565 3453 94
417 4338 10
6147 5270 9
5176 1689 4
4017 9 3
630 2022 77
4139 4676 2
304 2116 49
4112 5696 58
6951 7406 94
5162 2619 42
1086 7442 24
6279 6209 21
7771 1046 47
5406 2442 56
3433 6317 31
5910 2051 63
4750 7891 2
4268 2076 12
5291 6626 4
2014 665 78
2347 7656 88
5574 6119 60
177 3683 51
2915 2197 36
5189 5090 73
6010 6902 68
3803 1587 100
3951 7839 80
7057 3805 58
4292 3184 78
2915 5290 2
3274 1993 90
5750 1300 61
7964 7331 12
400 119 16
7120 6313 25
2868 5837 12
6488 7971 86
6298 7932 41
2352 6586 72
5444 923 79
3254 6521 85
677 2941 63
4728 54 51
347 5167 91
7783 4220 6
5887 4591 84
6904 7596 49
6954 628 49
4484 2687 34
1235 1239 41
6792 2931 53
4476 7466 67
6448 7826 70
5827 40 65
3422 2680 20
276 7286 29
1396 6147 29
1642 4134 72
2106 4638 21
1374 4792 27
711 3970 6
3346 2977 78
5765 5875 56
4596 3383 83
4526 4501 37
7715 7489 22
439 5713 68
2959 7130 28
6431 1443 19
4420 2367 22
5736 1602 9
7924 6494 81
5751 5986 73
6352 801 97
5742 4586 68
1761 6647 87
332 5941 3
3314 2984 48
1190 3290 56
7439 7338 35
3131 7707 85
7282 1 64
1348 4638 4
2960 2625 2
7265 1020 10
6033 4851 48
3611 1198 94
2111 980 95
1696 2937 3
7261 3471 31
2222 4345 87
163 4839 53
4912 5095 54
1874 734 58
3560 5177 100
5495 6681 78
7147 2490 83
4542 824 99
1819 7185 1
7621 2428 39
868 6295 48
4959 5417 9
6996 6591 75
5416 7508 20
431 637 2
6696 5290 8
2314 730 26
3419 2647 14
2158 7309 52
3762 3521 57
4099 7424 68
4242 3097 36
2010 6377 17
3542 2795 32
5934 5785 76
6412 5335 80
1872 7821 59
6293 4565 77
3874 6859 55
1 3934 37
4523 5900 72
4797 877 18
5997 2429 14
2694 533 57
7808 6652 96
7459 483 76
3546 6743 19
3760 3882 39
6641 3141 96
4928 5074 13
2831 4635 61
5321 2496 44
7278 7625 88
4865 4465 22
2598 3833 30
5403 267 33
6526 637 46
4667 2601 95
3768 3880 82
7248 996 84
6861 1179 90
5665 7573 44
3179 2001 22
5495 2989 75
2663 1439 18
7315 4858 76
3812 7467 87
2536 256 94
5150 2948 77
431 6075 77
7088 5628 73
4783 7422 49
2661 257 51
4996 112 42
55 4481 25
3434 806 97
2081 4832 18
5993 228 94
7274 4732 1
96 5888 4
1217 5618 92
2232 7142 58
5231 1618 68
2161 42 51
7878 7804 88
4930 7160 94
5273 7675 35
1664 7149 32
2332 6159 57
6934 797 52
7375 7945 15
92 1799 30
4465 4985 77
3754 4954 12
1857 2942 1
203 6057 65
7881 7141 81
7078 3681 70
7230 3726 41
4096 4199 14
3817 2728 45
1501 6201 83
4214 7318 32
4295 2065 73
301 971 59
4868 1839 71
1185 3622 66
1946 5449 88
6017 5943 51
7198 7152 82
7490 7922 81
1537 5084 9
2429 2696 99
1032 2193 53
1621 5064 45
4626 454 26
7827 7270 59
169 4455 35
5246 5751 50
6135 256 42
4898 135 72
4944 3333 7
6058 862 23
5202 1770 32
1291 2784 38
3894 6776 98
6623 7723 39
3330 4712 27
5766 2420 25
2150 1345 54
7776 4854 62
3910 7851 41
2702 1690 71
3860 1780 35
2089 4332 52
5401 2556 64
1340 3699 27
4448 285 29
5635 193 50
5000 753 26
1373 5351 11
5976 4900 92
753 7664 76
84 164 100
1995 5464 90
5148 5748 2
583 6889 83
1163 3944 84
6774 124 61
5167 5454 44
7948 1606 24
860 4991 45
3682 986 4
3891 115 63
953 6619 65
5429 4537 7
4427 2459 4
2303 3754 92
7396 6942 40
2961 4999 8
6238 7152 79
7105 4154 86
6863 6760 40
3842 7109 18
1921 3819 29
3956 424 49
6364 4310 42
2061 1832 37
1854 3473 91
1048 6671 46
4428 6483 62
6624 3794 42
3133 4150 92
269 1004 68
3347 3236 35
3563 3985 88
3661 3694 52
169 1119 23
4105 3804 25
3395 1474 87
518 4337 77
5517 3419 47
5013 3517 73
3570 5434 42
3764 4308 39
2003 3007 90
5120 2664 50
1180 6793 10
6997 107 18
3382 1089 19
5043 173 31
4160 148 68
7109 686 23
3687 7434 75
5739 7886 77
5337 1611 25
1873 5732 53
4783 1376 22
2443 6808 33
3419 1277 97
1641 5783 79
5156 1337 73
227 3824 63
4041 7807 86
2649 5447 12
7177 4563 90
7250 7811 79
5601 4980 51
2520 1330 55
5643 729 30
5431 2263 73
1906 7720 88
2083 6943 2
5047 4364 48
5654 5376 80
4857 1549 42
2094 3037 52
3062 2644 59
6884 5181 48
3613 6396 97
4644 670 78
2776 2661 42
6651 135 28
2919 4368 28
1712 4048 48
2691 2545 73
2133 4079 97
1038 1280 76
6298 793 99
6712 159 94
5592 2579 26
7409 323 80
3223 7379 94
5330 94 24
4703 7156 51
1474 6987 22
672 2168 69
2433 5440 52
5352 5707 95
7409 6584 9
335 7634 48
7370 3183 6
2481 2882 46
6505 3073 62
3458 6232 98
5752 709 50
7377 329 49
4674 4989 5
6641 4829 37
6403 3443 59
3276 7976 38
3646 7404 75
6631 5337 11
7931 864 72
3422 1312 10
7644 4952 67
1149 474 53
5260 57 89
2532 4616 68
2832 3872 83
7826 6260 88
4353 2872 16
363 2007 85
5907 7289 81
6565 2234 13
2943 7983 8
2068 5707 73
28 7264 5
1885 34 91
5162 2475 42
7811 2380 29
7301 7627 20
428 3114 71
7522 4256 43
3823 4437 23
642 5644 80
1526 3382 56
6404 2025 26
7644 3379 3
6292 1597 98
1938 477 42
6499 1861 31
3930 4405 88
2320 5696 62
4639 2830 9
2668 5551 4
1331 1175 79
7336 2000 100
3336 6244 36
2294 6870 41
1012 5916 57
7748 1136 46
5638 6636 91
7800 3476 88
3904 1817 93
64 4167 50
3900 4250 58
1610 5513 29
855 6121 83
3762 3484 32
578 4981 79
5222 3015 77
802 1253 64
5932 7041 60
7102 460 96
6219 6941 39
17 2643 39
3584 6548 35
2930 2706 61
6464 4850 13
2920 7764 91
4439 4025 19
3718 1049 100
4732 3948 64
1427 424 52
1944 6512 80
6214 396 79
6840 5664 66
2033 3475 87
2771 7147 2
1553 6601 14
1141 7804 31
6946 4552 90
1967 7091 50
4333 6474 65
3764 4362 95
409 6780 75
2664 4042 40
5181 3386 51
5009 3934 29
1374 7753 28
4869 1270 40
1565 5160 98
3163 1224 82
2154 4542 60
335 4881 18
1231 6919 80
4503 6281 96
1898 579 29
2362 7503 20
6605 4430 70
3062 657 16
3346 5142 56
4290 1499 28
3585 3838 61
5965 2619 21
6247 2343 85
2768 2588 75
6709 6775 11
3011 6701 30
1222 7115 9
7994 5134 68
3775 7919 91
5279 2905 74
2297 3109 51
3463 3647 15
2755 6582 70
7448 6076 63
6823 2749 98
1232 2133 27
5728 2043 40
4908 5416 95
3807 386 100
8 5831 61
7619 2272 84
7044 7223 33
6515 2317 46
2156 2014 15
2962 4652 3
1345 4191 43
4040 3687 53
163 7792 2
7291 4161 17
5568 2951 95
3391 1432 37
826 6387 6
4192 3488 58
4985 6824 85
6447 5461 14
1666 5711 47
3483 7282 30
2613 400 50
3897 7668 36
5877 2012 75
5557 2018 77
3317 1958 9
395 4852 85
829 79 84
7496 6516 63
4268 2574 15
1971 204 1
6373 1883 61
1101 5687 62
2430 1332 51
4229 5977 60
3700 2384 61
280 6317 4
1721 210 7
5912 4254 32
497 6370 77
3453 5753 46
7053 4103 64
5704 537 28
2025 972 81
4448 1337 33
5587 3539 79
5175 2640 50
2578 4962 56
4353 6890 74
1791 5647 95
4273 4792 68
7937 6988 9
3458 1012 42
6613 6113 87
4660 3563 8
5712 7136 87
246 345 75
4591 6070 86
7624 3185 6
2419 4774 80
3422 2686 34
25 722 96
4501 4736 48
6556 836 83
4899 531 74
1366 6138 32
7242 2565 41
5270 7624 63
6923 3956 30
1690 1274 39
3483 4348 41
3743 4605 13
4667 5196 75
584 4079 38
838 5680 86
160 2478 57
7770 2676 12
70 7666 20
728 7527 24
4169 372 100
5640 4198 86
4351 3472 40
7428 2480 60
2012 5040 35
6763 3678 30
1535 2834 23
7247 2172 91
3594 7811 66
7214 6849 13
2297 6589 19
3278 3030 100
7155 3778 1
4430 5422 53
3817 2573 17
600 2568 90
1799 6421 88
1116 3854 78
4504 5006 60
3273 5116 26
3964 6877 2
5601 2677 55
1470 4876 69
728 453 48
4510 1549 22
1667 7590 67
2684 7290 33
3230 7387 21
3338 5189 97
6969 193 75
2450 6950 67
4292 7126 76
2051 1120 94
2786 4752 39
6408 4090 40
7432 1697 88
7289 1076 94
1382 3980 36
51 2325 11
4918 4584 91
190 7698 40
5228 2426 84
5714 4201 6
1666 3909 53
4632 4440 62
5939 3241 22
2434 2946 69
2912 6780 96
5548 3551 94
6040 5738 76
6116 2124 17
4574 3356 90
3880 3801 26
7560 4228 22
2326 593 69
7131 3762 85
3670 7940 99
5435 3139 94
2898 6615 32
6755 7157 57
3973 3058 61
7476 1446 44
4327 4310 28
3568 5845 57
6660 3764 72
383 5841 89
4099 3555 72
4711 3381 14
5211 27 26
1962 558 71
3307 793 47
7271 2051 22
5821 1636 8
1452 1781 2
5988 6174 44
7000 5642 62
4539 1505 96
2282 4782 48
118 7634 36
1978 1144 74
7397 3515 11
2382 3101 46
1808 569 85
6389 2468 25
7935 5803 4
546 1026 96
1797 1544 82
7061 7028 81
571 7742 4
3823 5956 73
1066 2965 14
1474 178 45
398 1325 27
7856 520 10
2951 4713 84
5011 2610 54
5822 5297 10
929 5275 56
2533 2297 75
7521 1090 77
7183 7780 25
300 2825 29
7601 1563 58
89 2926 25
7596 5430 33
1848 758 51
7974 7102 27
5550 6810 40
1324 2979 74
3645 4195 18
7847 5072 56
2913 200 86
4831 6052 15
4884 6388 37
6852 1679 49
6209 6265 49
1160 1798 50
1561 3151 17
4890 6217 5
1831 6016 53
633 3612 66
4636 147 88
6655 6941 18
3608 4123 2
2091 3411 73
4849 2570 56
5796 5210 29
1232 6019 65
244 1461 29
6004 3989 34
360 5679 19
382 7476 41
7814 5640 74
1814 2017 80
2084 5046 65
4700 940 36
7586 3859 23
4778 7997 48
3965 5586 78
3469 17 21
7109 1711 28
46 5343 31
6450 5991 17
6353 3540 21
3950 7672 32
4019 3854 92
2540 5654 37
5779 5354 9
5060 1759 24
70 7179 72
6902 2755 51
6293 3466 34
3014 6554 71
1045 5373 18
1569 2727 68
3267 2019 35
148 6109 70
775 5158 36
3286 6697 53
534 7577 95
4761 7890 66
708 511 30
1327 2979 31
6211 4315 60
6212 5154 33
6060 2851 12
2049 6665 26
5644 7590 58
5083 7117 16
5602 5777 21
5776 3437 67
3952 1077 6
3263 7637 11
1028 6532 70
5241 4049 51
205 2744 93
1473 6814 11
4194 7753 23
1597 972 6
2907 7693 26
4391 4053 80
7731 350 58
4535 7119 40
5207 6175 48
307 6836 41
3770 6392 87
4181 2332 56
1030 777 86
1058 4699 68
7112 5400 94
7832 429 72
4007 3945 38
6858 5006 11
6348 3594 29
2296 4454 11
5669 6108 14
4086 6512 56
4848 3290 95
3682 2716 12
865 5383 51
3459 686 82
7756 1570 4
1640 6028 65
4200 6768 37
3777 526 73
4977 7994 59
7922 2247 75
7281 5916 31
1980 3597 84
4350 3240 11
7695 7457 9
2996 3486 9
4446 3098 41
4801 1684 52
4743 5556 76
443 5158 29
1875 6553 74
639 2055 86
1401 735 70
6675 6742 37
3852 4897 54
1223 2421 7
3956 1727 14
1022 7646 32
6402 4115 67
4710 4305 79
6337 5249 50
4870 2399 42
1282 3790 65
3316 7435 85
1228 1840 19
45 3468 66
6455 1619 30
7120 2031 86
4959 613 54
851 481 50
651 4873 65
2199 3720 72
7767 4759 68
2598 80 3
3848 6001 42
1718 853 84
7385 3362 81
4616 1840 88
2047 6908 4
2972 2373 21
4676 6201 43
3464 7754 20
448 7235 60
1584 6866 3
3845 162 1
4978 1942 67
2590 2488 97
2560 7294 34
7593 5441 83
465 2813 93
7247 1780 99
7997 2800 18
2084 6172 55
1787 1497 9
260 6999 95
6870 7405 41
1301 5619 41
4456 6648 86
5288 2520 40
4189 5953 49
7176 2831 93
7131 3030 17
1388 1196 92
4615 740 66
5773 1556 15
3125 3115 95
3292 1972 16
5346 7381 75
21 3585 90
7500 7070 74
2535 3663 71
4554 2022 70
6070 4737 57
7029 2401 36
3201 2399 69
1710 7248 4
1045 344 58
6960 2029 68
6410 5284 8
4917 5511 85
1399 3842 60
6963 6685 36
6040 7413 76
5589 4142 26
7125 4512 59
4264 7340 14
4372 4729 51
2518 1778 6
4358 7589 15
5131 6957 88
7949 2855 10
4101 1925 68
7017 7682 40
2029 3730 88
6885 7392 53
5363 1547 94
7136 3183 4
7624 7163 71
404 336 67
7254 573 49
5649 3682 4
4531 6739 15
3727 3753 10
6649 5654 2
3914 2183 20
19 125 42
3343 5826 9
6390 753 95
2138 4868 64
2037 4239 93
551 6202 97
4595 7097 70
2073 7394 13
5699 7539 37
3689 5704 32
322 3922 39
6181 3250 17
1334 6139 3
5995 1067 54
5236 6926 81
1057 7905 60
2770 3594 60
3378 7497 26
1336 2978 72
865 6039 26
711 2175 87
5765 6504 5
267 5209 10
1771 393 9
2677 2406 51
1795 4258 56
2141 2859 92
7727 2946 97
364 3549 31
6360 4248 2
3265 4382 28
5946 1050 22
6553 489 100
1247 2636 45
3052 4050 62
3047 5747 44
3136 3761 91
6155 4480 11
3603 6151 65
5509 7622 75
6356 5875 5
3764 2658 22
3764 4293 32
7663 5601 59
6610 88 74
477 7914 100
2180 575 88
368 6132 36
2897 7754 74
2549 832 41
6314 5072 54
192 2338 90
5246 4155 65
3734 1675 87
243 7624 44
3387 4556 18
7012 6525 93
3226 4230 94
6030 7599 44
918 5968 96
1638 2946 38
5170 5073 4
145 7111 73
5132 6684 65
3193 7217 45
4066 6810 42
6205 6929 29
5939 2591 95
5431 7520 57
3058 1297 45
2479 2047 90
5285 5505 37
7887 6288 77
972 7535 12
1729 1635 78
674 161 63
5366 1178 47
1279 2774 2
6899 6256 86
6498 178 17
4876 5916 37
3468 3325 24
6656 4971 31
1427 7544 76
1437 380 67
7673 5376 8
2017 4635 33
7217 6678 2
6094 3988 33
2800 4271 59
493 1803 21
519 3886 63
687 3334 85
4979 5744 22
7549 2709 70
4493 7523 60
4436 2978 61
2240 7815 28
5137 1397 4
2603 5790 20
7243 5070 80
4552 4670 39
5370 2606 100
1900 725 54
5337 7351 29
5485 5120 75
4860 6675 16
2813 1653 7
4973 4980 13
1509 2121 57
6681 5916 33
6269 3904 31
7529 4099 23
4967 3117 82
4851 6091 76
7903 7213 1
7323 3499 78
2048 1826 12
198 7292 39
7983 1132 19
5683 307 67
2200 351 84
6692 2351 25
455 3457 6
5343 3419 43
7454 3530 29
525 3417 41
815 6118 50
7321 5572 42
2169 3388 30
5621 6735 95
82 2136 64
3521 3151 80
2387 4877 66
884 6677 63
4467 1493 4
4081 3691 53
3702 7009 55
3699 5367 28
154 1847 51
6994 4706 18
2746 3406 67
1497 1825 78
2538 3794 97
2809 2784 37
2772 6817 60
4430 7767 72
7864 7176 58
7213 8 33
7205 7619 58
199 2927 38
6633 7166 40
2197 272 28
6568 2420 55
4898 2705 44
2007 5813 60
7159 1664 68
2590 1635 64
7461 7052 27
4263 1199 76
719 6104 57
5314 910 25
1110 6934 31
3490 2253 5
4833 1956 82
6124 6090 7
2099 1178 25
5553 7726 90
65 5069 88
1778 1597 6
7578 4921 35
379 3522 62
5656 1804 59
7237 2543 48
4430 1791 74
6825 338 26
89 2452 46
6674 1054 31
5314 3281 22
2781 3462 12
1581 311 55
5796 928 65
184 2258 6
2364 7634 95
1138 7901 71
3787 543 81
865 5893 51
2378 3718 6
7612 1140 95
6706 6236 74
4816 5314 46
1045 2849 64
7576 6177 61
6884 4632 2
1855 5475 5
152 7561 71
2509 5084 45
1186 917 77
6695 546 3
6611 6671 27
1122 5510 89
7389 5838 34
1317 4023 57
3704 2501 16
1425 4722 86
5944 3228 92
3188 6806 17
4080 3064 72
6972 6406 37
3947 7612 12
7570 3503 15
6739 1418 60
6901 5795 40
1482 34 97
2190 3232 60
5229 6394 2
1067 1018 12
6256 7376 97
6009 2560 59
297 6153 37
3430 139 76
1538 2974 76
1952 7496 73
699 3357 56
7851 2031 35
1112 7373 22
7463 4622 25
521 6385 44
3464 1081 92
2181 3600 20
5954 7063 47
5664 1822 87
1594 3067 43
2507 6043 39
4840 148 69
5797 2258 35
3851 2506 5
4785 6540 44
7919 7846 41
2850 87 62
1358 2493 66
7924 4896 45
6302 5073 26
1013 6109 74
5503 2153 33
3588 4363 89
1178 7764 46
3396 7049 84
3369 426 84
6780 4722 63
1535 3909 59
7119 4047 85
3189 2375 12
6331 3333 10
582 6582 10
5403 3327 9
2443 5464 93
4644 3005 60
6062 2326 54
2131 5632 77
2080 2054 95
3570 4240 70
6650 636 37
4756 801 59
5389 5473 1
2959 3802 45
1542 2639 63
6465 7835 14
3715 7703 82
5078 4062 89
3966 3409 94
2658 7119 91
6286 790 30
936 4360 30
1791 7678 45
5064 3873 56
6653 5642 90
3339 3316 76
141 3145 87
6610 1394 27
4975 2220 3
4179 3196 44
7887 5184 11
2914 3389 24
2457 3758 91
4487 6954 15
1901 4453 9
2554 5017 40
2690 2234 68
7451 256 69
1067 2099 69
5160 1698 85
6860 3213 6
6639 1723 16
7988 6582 44
4322 5623 23
1461 3257 61
7903 5808 79
2515 4600 83
921 4827 42
3112 2104 56
568 4614 55
1324 7113 41
5404 2747 25
3207 4588 77
7545 3860 73
7522 5515 30
7745 3325 80
6295 1092 55
2781 4376 97
426 3917 40
893 2165 46
7994 5575 31
7980 7075 33
5409 4112 35
7037 4348 36
6724 874 89
7591 1283 49
2716 4022 34
4969 336 1
4785 7449 86
2891 3052 40
5920 1392 63
3025 3005 81
1128 6399 71
7486 6836 41
5486 5669 2
4057 1729 81
555 5700 58
2943 6051 34
884 2019 84
4612 4444 97
5519 1600 98
762 669 12
7209 6264 13
2800 3143 23
6811 2822 91
5162 4050 55
4752 5948 71
2712 6662 46
972 815 82
584 3850 47
3604 2412 43
4902 4073 5
7560 974 55
6921 7625 57
1442 5696 73
6735 6497 47
5433 6088 61
4196 4518 23
6887 2701 83
3922 978 32
6788 2684 42
2699 2029 13
6958 677 44
371 6466 12
2107 2749 1
4750 3963 19
801 7104 76
6467 2208 53
3549 5793 9
2930 2293 4
6251 7234 16
1022 5177 95
7339 4575 68
2444 6488 50
871 4013 26
186 7156 36
5720 5918 64
4080 5310 25
3313 2680 5
6904 6275 53
5429 4226 48
7691 7198 33
2689 3836 30
6493 6982 76
6375 2126 52
1208 1045 71
1720 2061 66
7381 3080 13
6691 2546 95
438 6445 71
3020 7130 79
5086 2811 94
1336 1028 4
701 3085 84
7228 6844 24
6648 1652 80
7758 2897 3
1739 6286 93
2570 2456 4
3187 7342 70
1117 2346 56
6553 2192 8
521 6329 5
4814 924 58
570 3667 77
2216 3884 47
2743 3600 42
4670 7431 29
7286 620 72
1160 7077 70
2557 179 39
6851 4909 70
4989 6144 49
6687 3205 13
7889 6579 83
4037 3479 89
5818 7092 27
193 801 39
2819 4211 41
5426 132 29
6518 2017 36
3050 4643 51
591 7609 18
6096 7117 43
4869 434 96
1348 7990 46
2974 6510 30
3045 6866 54
7988 7134 63
7310 6361 22
6253 348 36
2443 4594 70
6664 7608 69
616 169 3
2693 7073 15
5985 1863 100
7243 3174 4
3328 1758 18
2476 926 62
4629 4272 37
1746 642 17
7095 1894 20
4020 5988 28
2257 7580 82
3710 947 6
6048 5834 10
2630 3575 66
5872 2236 18
4565 2285 78
6918 7424 89
2089 359 34
1344 3714 12
7417 1437 91
7761 719 56
1055 3744 50
7875 852 56
2764 5288 15
2662 5088 39
7595 4755 100
558 3001 26
4792 1574 86
127 939 54
5516 4488 41
3071 1649 27
3222 5216 8
1077 5563 52
2021 6144 32
1314 968 76
6917 6086 50
479 4577 2
4555 7791 42
1547 1540 83
5961 4494 13
2115 830 13
5681 3973 21
3258 2454 70
3801 7233 45
6441 5668 28
4987 7031 65
6667 5712 93
2340 3669 33
6148 3503 60
2459 2484 99
7955 6512 4
1317 1298 1
7140 342 7
1952 7094 12
5721 4266 4
6863 3434 74
6035 1724 59
3194 7486 51
6941 6481 34
6712 677 91
7554 4073 52
5554 595 12
6532 4522 87
1989 5115 44
3580 5072 67
2055 5653 6
7144 81 96
177 4114 1
6387 882 97
1915 1209 23
146 7894 87
2448 1562 13
339 4364 17
6863 3072 68
1754 2368 31
4492 7802 72
5635 5824 72
5332 757 88
5856 6960 74
4631 5277 43
1827 5132 43
6545 6770 1
5361 7935 74
1463 4698 48
3596 6976 76
1800 543 48
5385 1060 100
3160 6241 18
2324 2909 28
2987 5337 100
7166 7958 58
918 4219 73
1283 413 72
241 5618 11
7735 7723 31
7526 6051 20
3472 1293 56
1924 6531 52
1775 4557 35
1772 6186 76
4563 2476 10
7377 3441 66
4693 3490 91
6319 1507 82
6447 2323 14
2717 1937 94
1946 1317 88
337 1592 46
6295 6409 47
6173 7992 92
6712 4265 74
800 6965 59
5072 6227 85
746 2089 18
781 98 62
4749 3477 89
3411 5365 53
7856 2891 7
5008 7224 4
6512 7759 32
7397 7788 94
2303 2920 89
4255 7045 96
6061 7218 57
6321 960 41
4255 4514 36
6343 6337 28
6065 5011 92
6623 118 71
6472 3835 94
4676 6314 99
1041 4815 9
6284 166 73
5029 5611 63
5730 7895 46
3184 3793 34
3742 4995 4
6604 1928 94
1236 6424 89
3413 2199 64
1107 6850 12
3924 5599 22
48 1357 48
1 950 72
6797 888 96
1950 7670 30
3535 4483 65
3183 4797 68
2800 445 45
991 514 50
6365 2695 25
2366 3684 7
3844 7165 57
5534 6543 13
5535 520 67
7798 4213 69
767 3339 41
5613 7658 76
7964 6239 74
3823 1820 43
815 88 42
7412 6852 61
5774 1625 89
7356 4926 92
1042 7913 12
6992 384 100
4536 1957 25
6737 5875 83
5489 1847 32
787 1414 98
819 2368 74
6967 3603 1
2588 168 86
3726 4748 24
4144 5518 75
4524 6524 8
5488 1301 45
3104 3034 19
6173 6337 52
3328 5635 10
7123 3874 92
726 2221 13
1503 1916 27
6876 6010 93
2960 6610 18
2672 787 28
2618 4393 14
5774 1250 100
5471 1052 2
394 940 70
6754 6657 85
6770 2633 68
703 7632 71
4088 2881 92
363 7742 16
6777 1097 31
4712 1569 90
4384 6344 46
4372 7022 43
800 4949 26
3550 6014 25
759 5433 33
6985 3097 38
4980 6732 16
3448 6884 41
3580 226 92
5562 3742 81
2200 5308 15
1210 29 11
4257 4582 11
3212 3133 43
4714 7742 28
5791 1401 42
6197 152 95
272 803 69
1244 6701 97
5661 302 41
7821 249 1
7739 6989 99
2458 4394 94
565 2535 55
5234 7138 9
5439 1938 72
6189 679 53
852 7423 13
3430 7235 87
4206 3591 80
7833 922 96
7421 2633 83
7087 1798 85
6993 1685 27
4994 1642 8
2113 6693 91
1396 7324 8
2631 3201 71
4615 5405 86
6452 7793 30
3515 4081 7
5341 5992 3
4521 3013 45
5567 2474 26
4019 7661 34
241 6056 96
4351 1734 88
390 4348 30
1906 6290 86
6019 4457 21
1654 1574 63
5140 2861 46
6755 6338 46
193 5811 62
764 5845 40
7947 7865 68
6467 1854 16
865 2222 65
2638 4185 66
7193 6055 73
5996 4077 51
3228 6486 41
3496 1810 13
138 4515 58
7618 1699 80
1666 4629 13
5174 1516 94
254 3426 68
2651 3211 98
4492 6907 64
2584 7779 47
546 3320 42
1192 1967 96
3813 3234 93
7002 5791 19
5295 4382 45
191 5368 77
259 4647 59
5004 4430 6
2773 1688 21
594 6460 29
430 5019 7
4529 3524 62
2020 4394 75
2184 5073 25
6180 1096 33
6792 5924 62
6898 1492 35
1417 2719 88
7199 5941 5
5275 2801 41
949 2095 3
7835 902 80
3449 2414 69
6780 2314 76
6797 2376 44
3412 7745 19
7633 888 78
5782 7459 27
5656 6560 90
7964 1891 8
2763 3784 76
6416 3396 79
6698 6079 88
2791 2397 46
6587 4759 16
7791 2673 33
4143 7385 23
2154 4634 99
4629 5362 21
3708 6365 62
5053 2180 32
2193 1857 12
7030 912 84
2781 1838 77
284 4863 81
820 4924 86
807 4810 59
7686 3617 68
6196 1401 21
3790 3625 65
1249 226 96
119 6229 13
5893 2013 70
3436 3386 49
7386 1104 8
5387 6426 60
1721 2355 33
109 4155 8
6261 3133 84
1231 4669 38
3224 5025 95
4377 1972 24
6424 2750 62
4912 3015 87
10 6025 45
4427 2213 37
834 2920 8
7035 2780 4
4918 7903 84
5315 1468 69
3397 303 40
4844 4107 49
6476 846 56
2223 6773 90
4148 4399 61
3307 3499 8
6584 5712 93
5622 5113 62
6566 4082 6
3470 7248 60
1511 1867 26
7530 426 59
7723 2489 86
3597 7305 81
6777 1292 48
2342 7392 68
7755 2523 51
6340 1404 14
5268 6101 98
546 6977 2
6894 7185 94
4650 7151 36
6210 1860 72
4935 2118 51
4970 7932 53
7865 6895 64
3933 3542 13
3929 39 69
5422 812 55
2626 2647 8
1351 586 47
1566 802 49
2688 6278 38
3883 3724 34
3732 658 26
4402 6801 28
2844 4919 23
7817 1406 12
2580 1697 7
3784 263 97
4841 6174 62
7185 4236 34
6098 7936 4
822 7487 6
760 6844 68
7418 1067 10
7039 907 52
265 658 11
4933 1675 1
7760 6208 67
5204 6228 22
6209 2998 54
62 6379 70
4766 2581 32
4572 4488 96
4268 2395 83
7921 7853 64
3288 1936 77
3494 798 75
6214 3571 38
548 315 17
2905 6330 62
5186 954 57
7392 1340 8
6702 7440 97
5657 327 33
624 3126 89
5926 6524 61
4943 5373 95
3113 5171 49
1727 7918 73
1711 5165 42
7885 2334 22
6120 4783 77
6241 2339 34
651 3037 2
7103 3419 41
3282 4997 99
7113 3758 21
2051 7855 90
5615 3928 50
4793 3447 10
7634 3063 21
7553 2493 59
2462 2756 29
5005 3748 92
7913 2191 89
4040 2623 96
3382 1379 67
5757 137 62
6561 5437 88
2809 6857 32
3000 5473 47
1724 99 42
3195 1505 47
66 7255 98
7151 3453 97
7754 7080 15
65 4698 65
1607 545 80
2180 6269 58
900 5604 92
5237 1557 5
4903 828 99
1028 7059 10
7652 1425 35
5507 844 84
1506 3270 51
5542 6345 21
1201 7786 66
2799 2588 85
2729 7562 67
6917 3735 7
6496 5202 16
960 6319 1
513 414 20
7329 5249 91
6839 1806 26
4376 2617 96
4296 3973 22
3148 6489 49
6189 6321 15
3818 3710 79
6198 3453 34
2016 5064 33
401 622 61
3979 1221 15
6644 6492 36
3364 2252 77
6727 7635 6
6795 3172 96
2960 4543 29
1322 7294 94
6007 6948 7
6915 5717 70
4218 4999 91
117 2503 75
4593 732 51
2078 3916 56
3648 3613 21
126 6045 83
3610 7030 96
5454 2086 55
5461 7685 95
959 5307 74
6970 1026 83
3054 2880 59
4800 5896 16
29 4284 27
1843 4305 75
4262 4224 64
3289 2430 27
4324 7989 19
573 1494 5
4612 1738 69
7768 963 98
982 5239 57
7040 2160 22
3139 7776 41
1142 1428 11
10 897 86
4585 5720 79
5524 2933 55
7823 5607 44
7485 1203 67
3727 2120 68
4564 6657 45
3670 4451 60
4140 2138 86
5167 5214 99
1510 392 7
7092 3394 57
124 2016 32
7639 2944 49
3004 2653 98
1451 2431 25
2121 6662 13
4915 4088 92
1229 1855 62
969 1241 1
4613 4062 83
7986 340 70
3357 2467 47
7014 6328 79
3743 123 57
6534 6329 31
4478 1197 36
1810 686 47
5839 3398 88
2311 7760 18
7412 6097 80
7920 5147 78
6251 2367 44
1958 4758 22
2789 1093 33
4410 6053 61
3631 5644 22
5441 1615 30
6873 2642 68
5452 4368 35
3207 1700 44
2994 459 28
3639 706 80
6641 3103 86
3068 1758 2
518 3662 74
202 1692 58
3147 4054 7
6720 1810 59
6343 2587 81
4129 1656 70
2687 751 14
4968 593 92
7937 2393 66
5013 4336 83
6123 4094 85
5743 6453 32
132 2448 19
5340 5239 71
3006 7496 99
1798 5323 47
7652 2004 21
640 6911 41
2570 2992 99
2163 1261 30
4130 2883 80
7910 3461 79
3744 571 99
6979 3402 64
4832 7124 6
2733 6737 47
5185 7169 41
2180 129 92
4733 6627 2
7844 9 33
4928 1886 19
2646 1535 96
5226 2664 6
4521 2507 41
1195 3169 59
1547 5294 54
5769 6795 26
395 713 89
629 5323 43
4933 7566 63
1741 2370 26
3321 807 80
4844 2451 68
3760 5143 2
6889 5868 49
3341 1075 53
2315 917 67
7933 4904 31
4248 5079 69
4649 5099 79
7050 2350 59
6047 6228 39
1989 3289 68
5381 7217 79
3085 5334 78
7199 5798 29
476 7204 59
1046 1041 66
7738 4381 82
3957 877 32
974 4029 60
1294 2759 37
279 789 55
4574 3102 10
808 1282 81
683 7320 39
6052 6735 83
7255 1731 8
2108 5076 21
5475 6120 54
7583 5335 72
1869 7051 49
5109 3127 39
717 3406 63
602 3961 4
2201 5563 48
3507 6202 56
6413 4461 65
2219 3741 48
4605 3766 39
3107 1012 83
3084 3609 54
4829 4790 90
7486 6929 78
7123 1215 28
1393 279 11
2088 5905 28
5648 7274 99
5193 4176 9
6611 1083 58
1245 6992 64
5768 5883 65
6877 4520 95
5783 1613 42
2478 772 25
319 2870 48
7317 4794 58
630 5905 29
3920 2576 3
4502 513 28
4303 765 72
1318 1722 18
5775 6741 82
2274 3295 72
5971 4542 41
7816 5426 28
6111 1266 100
416 2763 25
3288 5472 17
682 1632 25
5547 6842 92
4663 3156 7
1438 381 29
488 3640 95
2325 6798 24
6759 5887 93
62 4042 54
1978 6350 41
2129 5750 61
7008 5351 44
5240 4283 45
7454 2772 11
6687 6898 76
1274 2570 49
824 1747 8
4823 754 56
4662 3040 6
6906 2695 66
6025 5769 30
1205 6106 89
5963 1336 25
1782 5830 13
5982 3522 40
7101 1683 26
4170 2990 93
6768 5116 62
1383 6012 69
1712 3417 72
4732 1820 74
7898 4119 56
6511 5565 73
947 4920 26
1206 1117 84
3121 7487 29
1095 5863 49
869 2071 76
6036 365 73
1616 1127 80
7016 5942 19
3810 6378 5
3655 4879 33
3253 1265 32
1340 5123 67
3492 4403 10
976 7327 12
6227 578 6
5950 4200 72
667 467 84
4482 4904 9
1379 7229 3
7256 252 70
4058 7409 74
6491 966 83
1770 4557 33
2448 1744 22
3130 2617 56
5027 5479 18
7710 2069 94
3744 4561 24
5873 4709 96
7385 667 75
45 5331 3
4661 4506 49
6102 1492 37
7157 4361 25
4130 730 10
6000 2572 18
155 2975 12
226 6494 14
6635 1385 81
435 5814 66
6346 6696 68
2986 5358 88
5338 1706 52
2603 2906 16
5841 4964 30
3358 4343 62
3466 6093 28
4365 7797 63
2070 7482 31
2392 1292 36
6583 5741 59
4890 4904 18
6564 3009 35
3742 1549 42
1587 1426 74
7395 4912 77
1650 3850 15
5440 965 90
5022 1089 1
2002 146 55
3116 6392 70
290 5560 99
3440 3639 70
2873 4168 30
7815 1394 17
6332 4805 96
3929 3309 20
7619 5999 83
2204 3848 39
5392 2998 44
1953 4469 44
464 3786 70
5953 422 77
6536 1268 83
4742 1896 90
2589 870 49
3783 4773 76
2298 4891 60
804 2382 40
443 4057 1
7966 809 18
6338 7859 97
3009 3415 21
4101 3312 15
4911 4408 22
1157 2331 62
6836 7466 100
1565 2545 77
1190 188 80
3003 4803 12
803 2819 95
1388 624 38
5002 3340 43
2404 4452 66
1705 7350 69
3204 7677 20
3667 2165 53
6832 1918 58
7134 3640 98
1197 6290 45
4342 2227 96
7545 1230 89
3827 671 54
4133 3935 23
6419 3286 68
7014 1013 53
2771 2673 34
1663 4525 81
2331 4996 12
3744 5229 22
6808 2673 94
7678 7780 53
6248 3205 14
4171 6824 78
3199 2720 73
1429 4250 59
6628 5321 43
5701 494 89
4454 2969 18
602 7724 96
4215 3480 56
4986 7258 67
4996 4372 31
1642 2368 76
4012 6430 87
4423 6357 49
7701 911 8
671 2146 34
641 2486 76
7629 1126 79
799 5279 57
4141 3291 17
5720 7827 49
3000 3402 11
3404 3950 88
6991 3161 89
2667 87 34
7090 1572 28
6885 311 15
6782 7268 87
2267 4769 90
4595 6326 82
4655 6290 67
7120 2606 56
4593 7741 30
7969 3218 12
6117 6796 25
3998 6710 39
3007 4904 54
447 7535 51
5450 6967 65
1707 5692 43
7344 7515 25
3428 4905 36
3203 3524 2
4155 1002 64
2599 6405 57
3616 7051 82
6328 4269 56
2707 590 66
2287 5741 37
4464 4973 6
519 1359 54
2282 7211 29
5643 5387 80
146 5453 76
1652 2122 12
2480 6635 53
5564 1727 58
7075 1514 9
4826 3555 4
6795 950 62
2495 2338 45
3366 964 71
959 7786 73
7145 4557 35
4269 7985 46
28 7812 3
398 6590 19
1595 5180 7
1090 1897 59
3408 4542 74
7768 4994 89
1900 7564 51
908 7409 87
6520 1032 33
5063 7858 73
5668 1286 7
5061 281 6
1347 2346 73
7369 1469 18
4091 522 10
3549 7367 86
2751 613 91
2844 7559 90
49 945 47
2485 197 78
7269 4345 52
6658 599 12
882 7364 39
7479 7521 16
5543 271 87
7918 2931 49
345 4576 98
4927 137 79
7581 6495 37
1551 80 24
5513 7014 99
6556 7725 62
1287 7957 19
5881 4524 22
5098 6773 74
3317 1448 4
7672 2571 64
6108 6776 97
4320 2209 42
1972 7817 57
4656 6493 87
5972 7626 56
5402 5051 55
1936 28 44
320 2042 21
7075 1488 12
2038 5437 31
2082 2880 48
3364 2395 10
2585 338 27
5391 6022 54
2925 3553 73
5075 3648 83
4377 3421 55
5128 7806 96
2936 6716 21
3408 7294 65
1398 1416 84
4484 1201 99
5269 4146 16
7421 7384 41
4520 7990 33
4633 1122 5
2969 4694 71
2196 3079 4
1968 6566 58
2205 3342 80
1326 2305 16
1554 5659 98
7797 2893 24
4811 6185 61
700 4483 39
7317 4053 68
2149 3229 53
6899 7060 19
7555 4353 11
7604 2174 63
7833 6535 28
5228 5541 84
2027 7555 36
2183 1530 17
6850 3871 89
5614 2375 23
6588 32 36
2743 792 97
6064 5559 60
3210 2195 20
2023 2848 98
1358 6900 11
6478 7253 13
7981 6041 17
1716 436 98
2637 416 47
2817 1638 43
2411 6593 21
6129 6194 38
5700 4524 64
6684 3097 2
7272 6417 97
7575 1389 4
1784 364 53
2756 730 9
3491 3834 59
5829 4176 57
2647 1571 55
5238 7670 69
1648 7459 66
1174 347 70
531 7291 56
4012 839 37
178 1365 18
6934 4518 40
5626 7399 21
6782 5346 38
1459 4591 62
217 3295 27
5230 5682 100
5423 7502 36
34 6468 89
1886 531 47
7624 3780 29
2726 3056 96
733 5573 12
4313 5813 52
7554 1274 62
2977 5726 68
6095 7396 27
6531 361 31
14 3471 36
663 1931 11
498 3761 18
4241 995 27
7319 5142 15
5627 4301 30
4744 6067 55
1644 792 55
2550 6434 6
4296 3165 91
1508 468 57
4706 5542 57
4256 5282 44
6667 3098 73
6733 6322 22
2310 5873 39
6059 5014 42
4427 2378 97
3764 1494 10
2810 367 58
892 6943 19
7434 4033 34
6793 536 24
3372 7481 40
7639 7891 96
3448 6700 31
2910 2923 8
3175 4550 83
4469 648 85
2532 7967 97
4065 1224 35
5940 1487 36
38 4654 51
796 4444 31
6599 4006 51
1853 7331 55
5024 1758 85
5200 1186 91
6842 683 68
1732 1361 85
1518 5052 93
629 257 49
3700 1678 32
1592 5320 95
6717 6092 37
5569 3415 24
7855 948 79
6966 7177 1
3510 3104 24
2220 3294 58
5728 2004 11
2489 2163 86
373 4825 44
1165 6619 73
197 1659 68
3464 7459 65
1895 2175 70
3072 7800 74
7698 7503 24
4233 802 1
1186 2707 71
3189 5806 34
5393 3490 34
5061 1358 13
4646 2181 49
4061 5830 32
3530 7928 34
3451 2347 87
1691 7172 27
6688 758 5
2774 7581 4
1029 1491 4
5974 3314 33
1557 5345 19
5735 2302 59
1987 7669 69
171 1494 74
4344 7670 99
6898 3459 17
5134 2614 97
1379 1101 61
3348 5697 86
2536 7458 54
4809 5527 15
3370 7211 86
1395 6172 36
517 3004 63
3578 1882 80
4460 6417 96
5757 7032 3
3236 4518 30
5979 1875 45
4260 7559 12
6590 4394 64
10 499 33
5218 1759 92
7769 3035 73
6705 2797 32
742 4560 52
5187 1707 68
4291 7060 84
1876 4926 27
5070 5632 55
1417 7418 47
7455 160 52
1127 2446 68
3676 5979 19
922 5090 23
4000 791 11
3467 1581 13
3837 3498 89
5856 4531 69
5452 2243 34
5390 4571 93
3579 2780 66
2632 404 58
3946 1964 30
5212 2609 84
7687 3674 19
5436 2489 66
4079 309 87
1467 3333 90
5950 7511 86
6243 2480 93
3142 2449 36
1981 6662 39
354 442 31
6478 5435 99
4523 6592 44
4439 4319 30
3445 2912 51
5335 7209 45
2086 7472 87
6833 5153 11
162 1052 73
5409 284 24
7979 6328 88
4730 2378 23
2059 3829 39
3248 2849 88
2978 257 32
7166 4969 66
1314 5900 85
20 6499 63
3811 4707 86
4297 1977 79
140 4446 62
6856 3663 24
4537 6447 90
1434 7759 82
5075 7523 77
2685 670 53
1285 5266 74
635 3450 50
3567 2884 31
6979 4858 88
1481 5606 63
5245 1390 74
510 2927 34
3236 1849 56
7111 7504 6
5791 1412 56
4389 6163 49
2967 366 74
58 3285 99
2237 5270 61
2923 5495 48
3674 2132 57
2758 5552 65
6141 7062 90
1473 2836 85
7611 972 64
1719 6301 4
5598 1126 21
7338 571 46
5810 621 52
7677 5617 88
3814 6037 32
7467 2280 23
5844 6690 28
5519 5717 87
3071 6375 78
2771 1142 78
1639 2099 69
2628 4481 11
1631 7480 91
2328 2207 53
3368 3130 21
7679 3104 34
3933 6228 30
6843 6152 44
3151 3025 73
5981 1656 92
3016 6039 1
1817 6069 89
5007 3100 82
4609 3644 84
6397 1507 65
6276 28 60
2029 7146 50
1375 4949 43
524 6662 71
153 4348 12
4206 7924 30
2243 4758 98
219 1460 7
2888 5870 76
2575 5262 35
4648 1667 53
3564 6747 6
1879 2402 45
4216 1243 47
4767 7997 26
3110 2670 39
3770 4028 3
1522 735 88
5487 4578 43
1536 6918 80
5557 274 1
7860 4933 87
749 4637 79
890 7932 22
4249 2235 69
1928 1898 50
3500 7556 86
3553 1339 67
2124 5508 45
6972 5697 4
3007 3234 93
6277 755 82
2966 7418 71
5622 1807 25
5251 4045 17
258 447 65
968 4434 93
5334 4414 94
6370 5498 34
2563 4741 20
3959 6837 95
1554 5980 17
5844 1652 5
4070 4397 13
3735 7504 93
7730 2058 98
2158 312 42
7569 1946 100
1033 7539 86
5367 4466 71
6890 978 84
6994 2256 6
4381 2541 9
7929 7322 43
3234 1049 40
7754 2422 99
3685 1496 26
6918 2998 40
6399 3050 84
2101 2433 5
3752 2144 88
430 421 93
7113 5293 22
7092 5428 72
4660 1050 56
7524 6874 90
812 2784 35
892 4306 71
6490 5826 22
7174 6423 6
3197 1133 19
4785 6071 62
727 268 52
3175 511 59
2851 5903 61
2529 4448 49
3237 6512 43
7631 1814 24
3647 2024 96
7518 6803 40
1161 5746 3
4898 7468 29
4213 5228 54
5244 6245 60
2517 797 49
7961 7749 41
5377 5106 16
7086 1065 43
1634 6191 77
7774 2363 36
171 3242 95
7244 1357 16
76 228 24
7271 1880 83
3376 7780 93
465 7033 16
3655 842 42
5467 4440 61
1947 2874 6
459 7513 64
1493 4560 20
903 3779 91
3932 1591 2
5948 1183 89
3025 4635 69
1974 1827 31
3384 7085 56
2386 7108 75
2608 7921 14
7998 3914 54
5973 6612 11
7921 3397 38
142 2019 4
913 3863 15
2385 6828 85
4709 4817 88
3631 6315 41
5389 3977 61
323 386 90
6978 7986 42
1451 4478 13
175 1148 94
5288 7221 67
4346 6783 58
6014 5640 45
2117 4902 23
5506 5392 52
835 3805 46
5160 3942 56
3050 5151 19
4902 2842 72
2700 5142 50
4157 5397 69
7745 3595 15
1933 6984 1
2273 4479 60
4725 4373 98
4455 2891 73
3153 3053 21
2552 564 86
6182 1760 25
1441 4871 2
5502 1684 48
4148 7010 54
3550 2035 29
578 7168 75
6892 6063 17
7982 207 91
719 7408 29
6385 7778 62
4468 1028 38
4978 7109 6
3625 7082 32
3854 7529 70
6796 417 85
4273 4098 31
6315 2279 18
3117 4585 1
7870 3733 30
3892 6354 87
3923 3588 4
2908 6104 100
1348 4569 64
3780 685 50
7574 6473 30
2725 1811 39
1033 6046 95
583 5695 87
5933 3441 50
4650 3797 76
880 2128 56
7122 1975 98
7817 3954 80
7495 3303 1
1210 7153 79
2488 976 32
1514 1824 22
2536 4455 22
6296 7246 32
7192 677 11
3716 1142 75
6896 1773 40
1759 1354 95
4085 7633 42
7923 1753 81
5766 1505 64
1695 797 35
7403 2545 56
7652 2001 79
1650 5792 14
1487 3397 91
1084 6622 42
1309 1190 88
5254 2177 79
646 4396 66
5440 5230 94
759 5106 32
2913 7942 45
5427 6884 74
1045 1703 33
630 4618 28
5411 1991 77
1876 2545 20
1166 4598 96
2624 611 83
766 1471 50
3717 6554 2
6196 3853 94
446 1132 98
3005 6324 29
3920 6886 9
3906 4739 3
6070 5663 20
3109 4545 54
6513 7150 77
2053 6423 25
7034 2105 94
2704 3244 11
4550 5577 80
1659 5577 93
7964 1725 2
2045 2841 30
2248 6148 27
3420 1780 82
5672 6278 9
7435 5932 76
5547 415 26
6698 2022 94
5030 7949 77
1002 7011 62
6817 1595 97
2100 4651 75
7269 7821 81
4758 7157 86
93 71 97
293 3788 60
6385 3111 13
7118 3167 31
2171 3456 30
4223 986 28
6446 7267 1
3716 2500 43
1395 6798 59
2495 2034 82
2071 978 49
1462 5221 96
970 6739 18
3103 1977 64
7789 7543 40
1694 4791 6
1932 4299 50
1140 592 19
277 7132 47
59 3189 82
1095 4135 69
4474 7943 68
3165 3451 63
924 7703 11
6652 6034 47
1768 5899 3
1025 7836 52
7843 2232 38
1289 204 43
5818 1048 84
5591 1000 46
1083 4249 83
1171 7375 14
6326 4667 21
7880 3292 10
4806 2285 17
6955 1684 8
2263 7007 51
4194 4086 41
6514 2477 76
2376 7309 31
6663 7078 26
5790 2650 67
4003 6389 2
2056 7231 62
354 3680 33
6259 4553 31
4142 5145 66
7057 4220 41
1832 532 21
4128 7257 35
2111 5377 29
7608 3303 49
1115 3729 51
5236 5320 11
6288 2028 72
7351 1181 67
3648 107 4
1637 142 69
3521 6115 26
6718 5466 30
5793 7448 90
4423 6085 70
385 4773 38
981 2184 97
3089 983 17
2039 781 82
4167 4948 73
6705 5615 52
3607 3015 53
7374 4130 4
5532 6849 5
1846 5679 85
4657 1113 20
4641 392 89
868 3788 53
5972 6067 81
2677 5891 38
7402 7473 45
1704 1385 11
382 2747 25
5967 1145 63
4463 3326 19
7718 311 74
287 494 84
5957 4731 3
2864 5202 90
1683 561 70
7842 2478 62
6984 1467 34
5432 4957 77
2287 3434 92
6893 6247 16
1946 2230 95
747 2857 22
5214 1909 75
7341 183 8
7671 3419 35
4259 1518 90
6805 7981 71
6027 693 98
936 6296 72
7705 598 71
7337 638 75
3215 2683 65
2903 2805 51
2187 2887 58
6267 7468 98
279 4676 77
3568 5781 23
7711 5227 94
5484 6097 69
4163 215 21
7192 4361 34
6122 5953 90
6078 6317 66
1562 3158 60
4867 2657 5
73 6095 21
796 905 40
6741 828 26
6696 2277 56
7679 5527 38
5460 76 85
2270 1060 12
5277 822 58
619 247 60
1611 1514 27
2889 580 87
2837 3394 3
7325 4425 50
1692 3190 29
6003 7283 8
4022 715 27
5215 4787 49
1613 6323 8
7330 167 39
7612 4771 73
4005 6399 99
7847 6648 94
7293 5895 26
5551 6180 34
2123 832 21
4589 7554 58
154 7617 97
3540 1194 70
6555 4599 28
1414 2805 60
1734 4320 59
3951 2784 52
5259 1311 2
3707 514 61
797 3915 42
3909 6518 8
7105 1526 25
2567 4594 42
6146 4751 29
6906 3272 16
4191 120 14
3593 207 44
1222 4415 63
6665 588 81
1517 800 34
7471 622 12
1533 5076 92
5379 154 68
5227 2122 39
2642 5381 55
4709 1596 23
162 6777 57
3935 3722 83
5253 3248 15
7877 6727 78
1169 7727 90
4114 3596 48
4398 6043 90
7042 2399 97
1454 2596 45
6389 1954 22
4222 4364 28
1438 6915 35
4858 7450 1
1168 6443 64
2641 4743 33
965 3064 33
5042 4503 45
1497 5029 81
1174 7777 98
1718 5836 19
2001 3639 73
5982 4600 29
873 159 18
4329 330 96
6473 3130 56
3361 2533 97
1010 5556 49
5753 4202 57
5615 7796 97
5510 3479 90
3248 5595 37
5880 6615 30
1250 2427 35
6263 5799 30
125 4502 29
1994 5131 82
1487 884 31
6635 3888 61
3376 1495 11
4336 7505 29
354 2587 75
2812 571 7
3738 7887 18
252 1128 67
1007 2969 46
5168 4123 36
1067 5390 98
5833 2062 70
3670 911 22
5255 3951 28
6048 230 53
3318 2285 44
1987 3737 76
5638 945 31
2959 2522 16
484 2063 69
1221 4542 89
2795 5855 71
4487 4298 23
3753 4081 52
4166 5090 60
5280 480 29
7783 1125 47
1253 7412 64
78 6982 25
3275 831 17
6156 6052 33
6659 6723 89
6659 4854 67
6885 5326 2
5601 857 68
740 3095 72
5462 556 90
3970 2660 48
7559 2485 2
6963 2792 18
1056 2819 13
6193 6523 4
7346 5383 78
6531 7812 94
1730 7010 15
2555 4165 59
6632 618 4
2062 7964 10
4817 2521 98
7001 2920 35
3664 4495 76
3467 6341 46
1864 7756 93
2369 6939 63
145 3360 13
489 3968 49
3687 6506 71
790 717 7
5158 1229 62
6115 1868 73
4339 4520 23
3745 1175 89
4585 6133 98
6495 1895 82
2842 5141 26
3664 2131 87
3233 7408 71
190 310 6
7656 7669 5
2217 7050 88
7155 3110 53
952 1095 9
4521 1252 63
1999 6862 49
4407 5611 42
7891 6706 45
7847 4145 65
4174 6995 54
4789 4141 69
70 5505 1
5638 781 33
812 4605 71
4753 1639 32
7157 2798 93
6097 7807 59
7512 1193 28
6701 4078 89
1403 3729 81
1671 7107 95
6810 7058 44
1955 6069 10
780 3525 5
5411 6025 18
3402 4105 100
3403 778 90
6845 3436 48
4270 6617 96
6537 2397 92
2311 2382 80
7598 2220 16
6654 655 10
3452 890 83
7210 3787 55
6634 5750 73
1802 1675 17
7591 6679 7
2868 7186 46
2435 223 51
3087 3378 78
1374 6570 36
5590 1543 70
1631 4049 19
4306 3912 75
6383 1978 57
1852 7145 95
5092 221 69
1115 5340 58
3595 5902 69
4303 557 36
6878 7823 78
5630 1961 84
6144 321 2
1887 1737 38
521 1460 79
583 6046 23
6509 4269 1
5565 4009 78
5638 343 16
3423 5198 13
672 3449 19
3471 3806 50
5228 7142 15
6440 1481 64
1635 7083 24
5427 1812 82
3161 4510 66
4201 3504 73
6207 157 72
5523 1012 94
390 5711 88
294 638 38
1186 6476 3
7668 5026 38
4658 6729 99
6910 7095 13
3286 6766 38
2593 2374 60
1219 4311 14
5304 1058 75
912 3527 25
7106 2453 81
7692 6283 58
3665 7900 4
2979 3938 46
7187 2596 20
1463 7860 15
6461 7560 71
7894 5417 5
4696 1202 73
3388 3375 19
6762 2911 70
1032 6170 46
6339 2173 10
2815 445 10
6407 3425 26
7866 4655 33
3549 7011 3
6745 322 96
6617 6320 61
5276 4190 86
7554 605 18
3702 2063 99
6053 6156 78
7696 3239 78
7607 6999 94
5652 99 77
1378 4185 83
7393 2681 83
763 6751 79
5384 3636 31
3939 285 19
7485 5287 59
4409 2385 21
1193 2722 83
4775 6692 93
6516 7363 65
2303 2928 74
2432 6204 1
6470 6668 58
699 84 64
6093 4032 11
4213 934 93
4844 252 99
6187 1940 6
5166 305 31
3438 7189 7
4748 6313 21
4236 2097 3
3459 324 13
4901 629 81
5440 3502 41
4436 5809 80
880 4884 61
1798 3546 62
463 5026 55
5872 662 63
6621 7753 64
1578 4455 96
1067 4306 29
5375 3943 10
5066 3044 19
6155 70 71
2758 321 49
4372 1475 9
3937 7966 34
7178 3640 3
2779 6869 63
7355 343 36
1367 5756 44
3536 2850 66
3133 2722 81
2580 7090 43
1989 1164 84
6649 3670 35
2190 3201 99
7152 6598 50
7954 4354 17
7651 1150 89
4027 1355 64
3785 1368 98
6883 2978 54
2972 3287 20
4816 914 64
5922 342 78
7999 7752 37
6187 492 25
6818 320 100
7883 6530 35
6815 2495 63
7247 7378 59
285 1718 77
7112 5365 100
396 693 55
6898 4120 40
5532 4192 8
7318 6442 98
1115 2097 42
1702 7050 9
4484 4494 38
108 385 42
5378 587 99
3241 7294 4
5738 6681 11
1677 1915 33
1494 6960 36
5970 1884 22
1955 575 62
5725 2549 40
5417 6128 95
3562 5107 35
6013 3609 76
5988 2645 91
119 398 6
4192 2256 4
5516 3747 91
7082 7670 37
206 7459 100
5044 2579 94
6743 6057 19
827 503 24
3026 3153 86
1360 1766 50
1231 3770 91
7650 7506 44
100 6285 73
7535 2473 88
2997 1669 47
3968 3414 35
4119 3198 59
2886 3724 83
5612 3617 72
4189 3522 99
1139 479 65
3903 6183 78
5104 1209 59
4892 1835 24
5161 6939 34
2616 7356 33
5229 4785 28
1468 3783 29
6772 3333 34
2829 4203 53
5437 4797 76
4533 1391 66
4521 2461 92
1011 7746 77
5249 6806 99
2056 4565 41
3540 3988 56
4266 925 66
3213 332 46
5771 6789 7
6069 3746 61
6621 2778 46
1496 1192 35
7880 5438 89
2104 6170 43
3292 3094 19
6124 7531 89
4258 5594 86
2732 2736 44
2682 1146 99
1344 4174 17
1125 1044 22
1436 3855 21
339 894 47
5122 3351 100
6234 7033 36
364 7860 43
1446 6874 60
1077 717 85
5870 4741 100
7450 6553 88
4445 5416 49
5262 6680 22
7487 934 99
3323 3172 19
7927 819 16
2418 2028 87
712 137 28
2341 6143 43
6823 4084 78
1452 5048 97
4111 4630 71
4176 3126 1
6730 3885 68
6701 5582 22
4287 2809 89
164 2016 98
3049 533 78
7185 3941 32
7113 4700 35
5434 2954 15
7109 3550 47
2603 4128 6
2662 6665 28
361 5247 66
958 2512 88
1537 6233 67
1525 4596 70
2522 4821 52
1476 1969 28
6909 3271 32
5593 1961 64
6014 4257 2
6147 2144 76
3003 4942 89
6295 7603 34
5731 7049 50
4919 5124 83
3312 4370 30
1747 7605 55
923 2968 35
5579 7192 48
5785 6688 3
5424 184 69
4132 1737 49
7873 3543 85
2418 6312 99
2641 2175 54
3920 1096 41
4307 1361 15
1620 4424 92
5189 6866 40
1592 3988 88
7005 1673 11
5012 6333 9
1366 7042 4
412 1484 56
6120 6237 41
934 6980 41
4197 335 3
5462 5733 31
881 4475 79
7461 1344 31
2763 389 77
5405 7633 79
2971 7662 83
1262 1526 40
6457 6753 66
6454 1541 63
2420 2154 14
2272 3063 13
1629 7374 65
1383 7956 58
96 4674 55
2956 4589 36
7313 5348 51
3106 4349 26
3773 3193 27
6461 448 97
3269 5087 6
6256 4403 54
2458 4998 54
7904 1074 44
7461 530 90
7656 1519 80
2747 3186 62
7859 765 35
2836 2976 26
4877 7324 28
6820 5588 58
1222 4162 11
7445 4279 94
4443 7754 11
1003 7713 17
4586 5413 16
4331 2491 2
6401 495 53
7104 1505 87
822 2858 44
7128 2699 60
5247 6447 93
3419 1981 12
6841 3469 93
3658 7216 56
7616 844 85
7931 4747 25
3278 1588 50
4214 6980 54
2411 3518 16
6175 1126 52
6615 4877 77
5789 3981 3
2198 4565 68
7073 307 2
4545 3241 40
7409 7822 36
4060 3669 56
7852 5698 20
3876 522 23
6875 4298 87
7554 3776 41
4113 5437 84
7824 5908 83
2121 5272 2
5887 3837 94
6871 7678 90
7751 7649 63
7036 3077 59
1065 3556 39
6198 7543 74
7118 4305 53
698 4296 93
2471 3644 46
2906 5715 63
3219 5390 19
1685 4326 84
1802 2319 98
1493 3122 41
7277 5844 23
7723 1513 81
4935 7522 78
1124 4534 8
1838 4461 4
2322 4946 83
1048 5375 35
7765 5406 26
784 3886 13
4009 493 24
7968 4720 39
3546 7246 45
2348 2901 76
135 1752 53
3986 2681 83
10 6530 31
6354 2229 83
3147 1691 14
3857 4061 49
5539 7124 64
2375 6430 94
3616 3606 52
5358 6483 27
3421 3282 71
5678 3476 52
3341 7445 77
5896 1398 57
2708 7093 23
5324 2872 65
1842 1970 58
3158 6385 69
6292 7134 37
2524 7910 22
4750 4749 40
537 6684 72
5838 5625 75
2839 1569 90
3746 4017 87
5166 4032 21
5467 3338 59
6899 6738 22
2276 3124 58
2544 985 16
5521 2317 74
1862 342 93
5406 5928 42
2528 992 77
3359 177 20
4212 3324 26
3074 914 74
7070 6193 20
4856 6579 3
3305 7448 2
5489 5860 4
4770 6550 35
1602 2252 58
589 3733 95
3358 3951 89
684 3498 87
602 2230 95
1628 7364 29
5475 4516 47
592 742 49
6325 7165 8
1505 548 34
4299 3168 17
4689 61 92
3384 3156 14
553 1284 35
615 1520 21
5214 5723 3
6471 2335 46
4361 4052 28
261 4407 7
917 2060 95
4351 2327 74
7384 4840 33
3137 6254 12
1969 6246 67
2910 2589 74
4073 4103 68
5909 4711 91
4610 7368 7
4280 1992 52
4574 2125 2
7486 2005 46
1833 1020 25
3461 4284 13
4655 4020 91
4490 3088 34
7412 573 66
7548 7301 78
6667 6711 69
2934 2848 77
1928 3882 23
1608 7617 13
7668 2760 73
1100 7070 100
7351 393 52
3529 5032 46
3350 2405 42
4570 307 15
3470 6271 68
2659 3375 60
6979 5725 34
7112 1061 84
6492 4866 68
3107 1934 51
4291 6149 41
7020 7510 11
4858 3078 16
6208 4017 44
6900 2657 68
3290 6739 61
2003 7998 89
3943 6044 21
5831 1302 35
338 7101 56
5103 4356 86
1641 2887 70
1165 5928 34
2072 3642 35
4267 7923 52
2994 4368 77
6733 3621 18
6346 2528 77
7108 5342 57
6838 4667 94
3824 4639 55
1899 1584 40
4374 6066 100
5207 4528 18
355 409 80
5463 3171 26
1229 3997 87
5973 1583 57
7366 666 45
1484 5942 22
4375 2062 26
4523 5368 51
7663 1625 77
540 4832 18
7925 7875 27
3748 498 87
257 6790 72
4092 6641 71
5080 1542 91
5507 5583 28
2967 6656 19
669 7397 78
828 799 55
7049 2512 31
2171 5235 65
3900 1849 37
7330 5163 41
7580 5419 5
5822 7350 69
4872 7227 81
1849 3070 9
3774 443 87
7022 3318 98
4277 2420 3
5548 1268 1
5133 1509 72
5514 4660 7
1146 3748 45
5300 2840 77
3965 3630 88
5042 6206 54
671 418 90
5942 3774 18
5950 254 15
3609 5365 87
1890 1206 44
102 134 11
1212 2909 10
4641 1917 20
800 6415 70
6026 232 70
4941 3899 15
2921 7561 38
7464 4024 23
618 4915 69
224 2812 94
1798 4183 28
345 1442 35
7212 614 17
3143 7063 67
4577 3759 87
3069 3792 12
7421 1959 22
801 4437 81
1006 1081 45
4762 4559 35
4845 1807 37
5115 610 46
5242 3201 49
4742 1095 50
7487 2427 96
4472 6852 67
6750 213 10
3726 7947 6
3203 1491 17
4484 6496 87
1805 7062 53
559 1024 42
3797 4664 56
1176 3567 77
555 5953 49
7226 3751 1
2092 1733 93
6617 3342 68
6912 7155 11
457 2551 60
1410 4552 41
285 893 52
3528 4876 36
1530 1786 28
5137 5122 96
3746 1656 86
5694 2739 75
2133 3984 99
7181 7289 97
231 2897 78
5208 882 67
219 3229 28
2534 2154 94
6554 6319 72
915 7852 12
5692 7380 42
651 5591 69
7995 1814 72
281 6093 6
7506 2988 12
620 5638 60
6806 5178 96
2987 1687 75
4031 3920 69
3441 1979 41
4803 3448 26
7743 2667 69
3532 2521 53
5870 3594 34
3945 1005 30
3802 1271 76
378 3021 20
6953 4655 39
6288 2798 17
7985 868 49
5994 6441 31
6439 7611 93
5714 679 33
2169 2316 77
4189 4500 8
4476 941 17
1406 2249 78
4170 4110 28
84 1682 68
702 3389 16
4086 6150 22
5750 4414 5
7833 1626 8
4483 2271 33
1943 6585 25
6279 3029 90
6544 4503 92
2816 1617 61
4343 713 64
76 4174 2
3472 3260 20
1824 3905 16
3209 4922 80
7960 6108 18
1071 4371 9
957 7265 94
4284 2334 86
7026 465 29
4212 6448 54
1675 6885 30
780 1539 25
2114 3252 84
6926 5112 94
3247 7941 98
7673 3718 1
7758 381 20
1180 7237 35
110 6639 55
7141 3384 19
4200 4957 56
7338 3112 47
7985 828 98
3662 7693 38
7832 4621 80
3509 7908 2
7138 7951 42
4348 6278 48
7296 7636 72
1246 3382 19
526 6464 81
2086 7621 80
2899 2172 16
265 2612 52
4660 1573 32
6062 4884 65
7734 7388 68
6263 2901 19
7486 6401 57
5133 1026 67
3991 6658 66
4590 6706 47
7491 5093 32
2383 1244 19
590 4932 74
1870 6361 8
3274 4 40
4866 7633 37
7333 6018 24
3001 6246 49
4981 3256 16
5204 2854 36
1419 7710 30
7489 4922 85
3002 7362 40
3593 4317 54
697 5936 74
5569 3213 90
3843 5730 98
7983 2754 35
5185 6663 40
5581 7154 70
6774 2606 25
6284 5533 91
521 1748 97
5003 2791 40
6654 7916 32
3830 5062 23
7868 3054 88
5230 1282 8
4379 4828 35
7449 3474 86
2681 541 34
7947 4340 70
1535 1298 54
99 2231 18
2311 6705 74
173 236 24
3047 6058 41
4688 3880 79
5352 5969 37
404 1705 90
7078 1816 99
4427 160 65
4371 1349 35
7809 2215 49
2685 461 64
7498 1525 59
7302 5593 47
4201 2604 84
6124 265 2
2147 3454 47
2842 612 34
5647 2696 40
250 2181 16
27 1135 72
7908 6670 3
3160 1336 57
7793 1821 63
4977 3605 2
630 3909 67
5153 1102 92
5369 3050 98
6121 4255 60
1712 7416 63
3187 4103 32
4265 7097 48
393 5389 14
4575 659 99
6744 6606 2
2117 6893 73
3610 1714 1
6258 3213 15
1494 3788 63
6324 5434 29
3900 6696 5
5153 5249 40
6736 3387 73
7407 6639 22
1604 5546 89
5658 2577 93
107 5705 85
4675 7534 91
5244 6633 24
5734 2013 4
3732 2988 90
5055 1196 53
6607 2554 30
1155 6468 56
7362 2287 43
1864 2920 40
6417 6283 53
3902 5475 22
4982 935 16
3991 6758 80
1566 5222 94
1857 2004 44
5871 6841 29
1421 2542 54
2480 2849 75
993 4454 5
7063 4446 31
165 5535 11
6023 2780 16
348 3204 41
3862 1042 36
2798 2576 80
5491 5010 22
3563 5675 10
7480 4953 57
1309 4891 8
551 5311 87
7296 2283 47
4920 327 98
7042 4764 7
5797 6940 45
3134 482 37
6380 4342 4
7656 5605 90
183 3762 87
5566 1261 59
4114 5547 60
6634 3660 4
2726 2606 47
7674 2491 95
3504 89 36
1611 4529 100
1903 3942 99
4582 4006 17
1553 7154 48
1850 6931 19
174 1824 68
7356 4383 71
1356 6148 82
3016 2951 91
2350 6315 83
6004 5108 98
7186 2929 63
4887 5926 91
6691 6327 6
4507 6208 8
4909 5221 7
4212 4068 19
659 7058 74
2745 4372 39
7628 5379 19
3910 4848 9
1692 3099 62
755 5781 20
5778 57 82
1450 6828 34
618 4305 35
7354 5496 55
3988 5644 20
2861 4421 76
3259 4963 40
3678 6478 20
3260 2428 3
4967 464 43
6849 7115 97
1878 5507 8
2914 4714 94
7088 5302 37
6754 5181 77
1851 3033 56
3829 6294 19
6936 2336 11
6225 2850 90
5117 5795 4
3721 5524 9
4224 455 29
2994 6517 47
2320 4872 100
51 6530 99
5663 2911 7
6784 7234 54
6320 1043 23
6380 3137 71
2149 4219 99
4116 6833 9
7441 5246 79
7289 3650 10
1643 2108 21
7218 1213 29
4373 5231 92
4278 7934 60
2298 3326 70
2399 4776 5
3911 5954 67
5968 2970 68
7555 5149 71
1949 6033 3
1939 6469 17
3929 3154 31
6133 815 94
501 3418 35
6193 6437 48
7349 2361 90
5914 7360 80
7261 1622 53
2441 1755 50
6384 1492 22
7430 2137 60
1866 969 52
1472 2574 96
1233 5905 46
5875 6991 8
4564 7162 88
3549 1566 66
1335 7677 58
800 3706 49
5281 396 80
3996 6010 26
7538 7288 40
3187 1651 64
4407 6882 12
7869 2310 51
1663 3646 40
605 889 2
254 4870 66
523 4881 39
5666 28 67
4921 914 43
2328 1016 13
2370 6743 57
5975 5253 21
3698 2730 81
7732 899 60
676 6409 5
2116 4286 22
5649 6271 14
5486 5111 69
3815 4421 99
4508 5739 74
5259 2160 58
2822 7978 88
7843 2470 54
4370 3641 71
3696 7999 43
3482 4251 43
2188 6740 93
6444 3921 74
6736 3705 48
2591 5746 61
2695 7009 63
7070 3986 11
2936 3426 89
3717 901 98
3895 5423 20
3257 6888 3
2027 4523 64
768 1324 84
3239 6020 90
3684 1328 43
5305 7178 21
2307 3325 25
4324 7513 58
6473 4820 83
5121 1561 28
1146 3210 3
298 1896 77
6193 6696 25
1593 5832 21
2015 336 40
7763 7865 81
1958 2885 38
3855 2408 30
876 4777 49
5738 3029 45
5559 6988 82
4136 4353 15
257 4978 62
3697 443 94
4930 3135 69
3222 1582 66
6554 4215 92
2995 6504 99
2440 2417 59
2220 7318 87
2565 26 83
1610 75 60
29 1299 76
7886 6091 47
6311 4778 94
1282 943 29
1855 4916 91
4396 1417 79
5457 2153 54
5228 665 30
2282 4694 53
4840 6818 13
5660 4389 63
95 3968 51
2389 5580 12
582 3272 94
228 3670 22
7507 3459 11
3348 7599 5
873 4712 47
4397 7503 8
1861 7545 4
795 6344 86
4767 2 52
7058 274 2
5225 6062 18
2893 7449 74
5485 3213 71
567 1860 77
7046 570 54
7376 6856 6
2167 3834 76
5784 4596 40
387 1737 41
6072 1471 79
2873 7381 39
3009 3799 51
4802 2905 58
2056 311 76
6005 2717 95
3425 2789 41
1437 5701 55
7342 5639 67
5431 3772 62
6233 1169 65
6694 484 43
765 1771 4
690 3654 42
6606 4943 32
5323 3073 97
7275 1225 84
7886 5320 66
2134 3633 12
7105 128 70
856 2789 30
7072 4414 67
512 5590 14
7171 1448 45
5055 5255 62
5957 4406 46
2004 667 38
6171 773 5
1811 5743 90
7287 7837 35
5181 816 92
1862 5141 57
265 7541 100
4098 791 12
5461 5022 26
5862 3135 40
5167 5772 44
2598 2004 79
2675 2728 35
2048 7674 88
6388 4387 46
2281 1598 94
6488 5526 16
1765 1683 62
2928 6962 89
5569 1054 25
977 5190 50
4953 2211 83
4549 1425 46
5597 3479 3
895 5569 15
7683 6568 18
7087 2490 24
4662 907 74
427 2754 61
5314 5722 90
2982 5812 68
5688 5703 39
7482 7291 7
2218 1538 21
548 2913 87
5201 6340 87
4597 1056 9
6510 2186 82
2381 4695 57
6085 2064 19
583 1356 74
6902 2392 50
3618 1967 13
5509 6420 90
4524 5058 91
2778 3963 49
7531 6018 90
540 4611 22
7471 3700 33
4833 2925 34
363 2387 59
331 5775 4
6188 2229 15
4244 3553 56
1414 3952 67
3279 1263 26
7233 3205 24
1110 2331 12
6807 2399 46
7962 191 33
3956 7491 9
3138 7882 44
4704 6376 26
749 4509 19
614 7790 80
4047 7402 5
6995 379 35
7257 2606 88
280 3667 66
1305 4279 84
3674 2596 91
3352 1343 69
77 2827 8
5029 1786 89
266 6378 51
3052 2512 29
1443 2284 76
2788 1635 50
5500 3332 35
1064 4094 17
7470 2743 4
4496 4002 60
6835 3889 59
5910 2214 74
3181 3421 69
995 7126 54
328 3051 8
1103 2600 99
1862 2958 27
5006 1770 50
1566 1142 14
444 7471 63
1153 1976 21
1949 1970 96
7464 3694 76
235 6317 34
838 4675 84
2628 3265 3
2102 3554 58
847 6577 62
6229 4956 89
302 7425 30
1904 3309 43
4402 117 30
7034 2301 16
7864 6891 5
2635 7912 37
382 313 29
2615 3949 89
1146 204 14
3250 2050 4
7788 2967 39
1381 4527 26
5634 7020 75
3488 5504 28
2695 4714 12
1136 2253 26
1682 4369 14
1900 195 68
7485 3931 93
6175 403 95
1384 926 14
2677 2249 32
1632 1209 95
6482 673 76
1693 3875 9
4302 7843 6
7347 4444 72
6330 3407 58
1521 2122 23
5340 3544 37
6145 4358 27
3900 2486 39
4799 5751 24
7071 4673 1
3097 7468 4
4092 3221 71
7356 6844 30
3736 2582 84
527 1420 62
1273 6793 66
2823 6961 25
7139 7652 65
5960 4203 57
2651 2444 99
1766 2557 72
5953 4174 54
4164 4868 8
3147 4097 97
6581 4573 95
7502 853 1
5049 4581 57
5737 7122 75
6009 7239 97
35 7680 1
1805 3778 73
234 4244 98
1716 1776 20
3781 648 7
6364 4176 33
3039 6855 5
4866 2680 68
3131 2333 99
3658 1663 42
4358 1885 99
6660 6336 63
7946 299 97
6559 3916 11
5571 3229 12
4570 3529 1
6472 5223 51
5277 5621 66
5966 1307 26
2045 7005 25
3678 7680 22
540 6923 43
3342 6970 76
6155 4384 83
3054 7778 81
3098 4675 31
3124 245 11
1200 7163 57
283 1261 87
5890 2879 4
5114 2075 93
5563 1213 26
4535 5830 77
7966 6060 80
4205 2734 63
7204 6060 6
6728 5800 77
186 2832 18
7973 7900 44
2887 195 83
2900 3008 13
6720 971 97
2252 3484 6
4474 5508 63
591 7478 21
2053 743 62
505 2597 27
1735 4575 9
7717 4965 88
7056 7007 36
1408 4421 27
5137 611 42
6227 7226 7
2902 4453 13
1983 1152 25
7126 7925 99
6054 2311 84
1148 4575 49
6968 5676 65
4899 7569 96
2250 6542 60
6951 5521 55
3143 2618 88
5613 7838 44
3950 2302 40
1218 3775 53
6821 4754 65
4550 358 12
4337 4559 2
1347 6228 67
2626 3435 48
6790 6389 78
371 5795 16
5605 3183 57
1839 488 34
5243 7985 47
6603 3756 89
3032 7496 93
2727 1995 30
2532 1872 97
6640 6481 68
112 1889 91
3015 1813 51
5647 4225 56
7109 4294 39
5743 7268 21
3530 1272 75
5215 7442 30
7260 7791 6
3612 1645 12
3815 5486 44
2449 5127 15
7557 3382 12
7713 3614 42
1539 2778 90
3556 7716 2
3829 1064 11
6797 6282 98
5577 1263 36
4284 7099 97
7806 1252 56
1490 4525 93
2380 5645 59
1215 3517 40
2417 450 7
3461 2021 78
1582 4431 55
5179 4813 33
4868 1291 39
104 3369 83
6673 5093 48
1834 7902 42
3516 6411 65
4309 402 31
5226 2137 86
1740 7539 83
7978 4654 29
5673 4602 87
3605 7894 57
1995 1259 19
6849 3695 91
280 3597 80
2243 7070 15
5488 5470 27
2497 985 91
3057 5368 84
5165 2782 56
274 366 28
7455 7919 63
5413 7952 91
4298 6198 72
4317 449 15
5053 2789 77
4669 6228 88
6160 2149 23
969 7803 56
7961 1412 8
4882 7491 27
2315 1847 69
3193 2704 60
7742 4362 11
1957 3981 90
3424 879 33
315 5164 61
1048 987 72
4039 7844 96
6436 5588 87
4939 2877 58
2599 1436 52
3461 365 35
7562 7624 15
1938 7224 48
668 7504 83
6313 1215 97
305 4866 72
2670 2242 83
5715 2331 56
1318 870 71
7457 5111 46
7031 5875 97
4008 6857 61
480 2422 67
1602 6277 55
7855 3521 38
3120 1359 68
6823 5524 32
367 4785 34
3119 3294 41
775 5859 24
2891 413 70
7969 114 74
2597 699 32
161 5990 72
2516 3513 64
6294 5508 93
5267 4794 61
1496 3308 79
2986 7646 57
4641 509 69
7006 2699 83
3052 2771 74
4534 7422 94
5031 2173 79
5939 1373 9
1695 4186 54
7071 1412 56
5079 4930 30
7261 6332 72
6464 5566 47
4691 1446 64
5174 6429 100
7833 4980 80
286 5660 2
1084 2562 82
1566 5887 82
6163 6758 24
2068 7227 33
778 1889 26
7267 5304 51
5389 5249 32
3323 5612 64
3103 3086 1
2717 1300 64
7060 4728 23
2348 903 15
5457 2948 45
3321 6372 63
6891 7316 85
289 2504 25
4044 1549 66
4018 2575 43
328 5832 50
1939 102 60
7605 7070 80
7285 1536 96
2300 6186 99
7247 2988 24
6269 1580 45
51 6912 71
5630 7499 3
1495 2355 64
4463 5971 93
7420 816 65
4809 7762 31
2757 7114 35
6121 4344 37
3068 1336 1
91 5854 63
6013 3248 75
2518 2760 99
4178 3729 36
5998 128 18
4499 107 13
3340 640 67
6043 4052 1
7123 7672 44
4122 2488 99
7328 463 41
4668 2157 35
781 6747 80
2889 6600 27
266 6860 36
2997 5999 2
7571 3122 38
5236 6976 26
3149 3455 18
453 27 59
2641 6050 38
3306 7560 43
1648 706 39
1615 201 16
6108 3853 92
4234 1902 95
3431 585 13
4798 3654 53
1066 4129 53
6985 5876 21
4426 326 25
5378 2830 35
5108 140 59
2010 1094 31
6759 4934 48
1380 1298 42
982 3859 97
3673 2252 98
7268 364 42
7607 3087 59
5607 6365 1
3443 2704 46
2421 7034 87
7167 4232 24
2916 1593 27
3969 4724 91
1213 2578 25
5216 2348 71
4863 6229 38
4511 4046 41
5203 7736 96
4890 6118 73
3242 2759 75
5359 7597 26
3995 1960 42
5717 624 53
7138 5466 25
2155 511 60
4297 3551 85
4775 3253 30
6264 5723 84
6447 3635 26
4727 2404 54
5289 7513 70
5804 5632 93
5461 1760 40
2481 3158 8
2038 3999 16
6991 5540 33
745 1026 94
547 6613 45
6860 1312 91
2768 3268 82
6773 3072 16
4878 173 51
6279 5748 8
1249 7908 93
5398 5149 76
2167 1966 13
5390 1197 5
6261 6702 59
1356 3046 70
2663 1795 86
547 6998 49
4650 1354 53
5835 6531 24
5994 2739 41
4539 661 29
6148 3023 17
6524 131 18
6746 657 58
2626 7133 43
3876 4341 93
2979 2831 79
5796 314 31
3454 9 39
3037 5180 74
7730 1200 52
4038 7895 22
2417 596 4
4939 1325 96
3160 2485 32
4645 776 96
3461 5203 34
5384 980 18
2368 3940 89
2936 2416 48
5711 6406 62
3685 3417 7
1912 7244 37
4358 4736 93
2806 4578 22
557 931 56
7038 4605 45
1714 5001 48
3923 3675 88
4983 4375 26
3846 4653 93
1927 5757 45
892 981 18
298 6296 33
6686 2196 55
3255 4435 97
5055 4177 44
4425 5441 95
867 7369 97
7072 6001 10
5049 5074 32
6464 1287 84
3274 4623 67
139 5069 98
3061 3777 62
3148 6509 40
210 3393 46
1937 6068 33
4369 7882 66
2945 4133 53
7934 6786 6
4219 3928 33
731 4190 16
912 3064 14
1244 5552 97
7339 7574 73
2688 596 64
3223 4270 1
6524 4089 63
1545 2 87
6105 834 75
11 4077 46
7223 1243 91
5903 4191 92
4863 335 100
3164 2390 100
2596 5861 19
7625 7166 17
5955 1770 11
1238 7854 31
5847 5795 86
1319 385 53
4039 2153 70
6633 4343 1
5333 1784 82
4841 2994 10
6789 3730 17
3489 2167 86
346 5003 37
5117 3039 96
6442 7858 66
5227 3493 53
5216 4863 6
3059 1442 99
5015 5640 65
2328 6193 6
3223 357 73
1639 5471 24
7707 3320 22
1718 4413 64
4814 1690 100
1503 1609 48
4185 7109 35
3746 4207 42
1857 4624 5
2057 4580 36
2686 1710 19
4574 2591 70
394 5389 96
2038 4649 78
6518 2047 43
1202 7226 35
3866 4781 58
1136 3934 65
5866 6904 57
2345 2172 46
1164 1826 61
2890 3913 3
767 7630 40
3327 4118 79
6615 1141 8
6498 2787 87
6581 5723 65
7225 2319 17
6762 3811 50
4960 3986 60
7812 6888 95
1725 2868 18
1124 2027 33
7132 243 95
166 4557 40
4010 7528 61
6970 4930 52
1362 4521 69
47 3618 22
4139 198 4
6036 6116 15
6683 6952 62
5146 5989 23
4181 1261 62
5020 3156 91
6334 5746 47
2788 5441 59
4971 2486 71
7993 6281 75
4101 4915 82
3386 3978 62
7653 2732 76
230 1369 40
6636 7443 56
5010 7875 9
5750 7079 9
2150 3159 25
4138 2376 84
4617 5834 55
2954 3931 66
5740 4615 32
1008 6256 24
1402 2728 79
1563 5310 16
5465 465 49
6984 5336 29
638 2322 86
1649 444 48
1189 4113 58
1666 5915 61
610 5783 93
2990 7788 59
4847 4018 49
1564 5931 74
2626 6411 50
5190 7329 33
7645 7414 93
3642 2099 27
1859 3265 30
5536 3530 85
2513 2852 38
1860 4965 63
6100 7369 74
1466 6515 81
257 3812 5
6396 6315 51
4264 3018 58
5573 420 91
2042 2562 64
3685 6873 23
7335 1467 51
6223 4363 21
6664 6346 54
3433 4134 100
7240 1578 79
743 7272 8
1745 6683 53
3502 6739 1
889 6998 80
7015 1463 81
6464 1986 62
2982 1545 75
3786 3914 69
1230 5070 25
3417 7780 90
1208 4154 73
4046 3824 7
5988 7376 67
1416 3513 53
2831 6428 76
1723 2585 53
6302 1925 68
6077 4621 57
2950 6847 21
7156 5683 65
730 5803 98
4393 7829 39
1041 5184 11
7266 3301 42
7709 2515 41
3107 2910 44
5628 588 18
3987 2906 50
2330 4707 61
2902 1302 62
4389 7025 86
7643 4113 59
5467 340 8
7753 3592 71
759 2687 60
1177 2248 15
2298 1341 8
364 2481 91
4053 4326 59
5599 533 83
5211 6332 49
7060 4295 97
6662 3512 35
7602 1392 73
4414 565 95
5454 4142 69
6655 7246 76
2983 4146 59
5180 97 41
2656 4245 7
4058 4174 71
6539 3279 21
798 4219 79
1632 5478 13
7600 4087 43
633 625 59
972 250 78
853 542 55
7262 4731 29
231 7191 58
6188 6708 88
5778 1712 14
4765 4739 10
5378 1618 4
2479 6842 75
7250 197 86
7224 6597 8
5959 3011 64
648 5429 77
6451 1130 67
7078 2621 54
3007 7587 90
2322 136 46
5590 5553 96
6655 5649 43
7951 7139 69
943 274 71
6616 2785 29
810 3568 39
2496 7041 27
7844 3451 40
3030 7091 64
4077 6505 72
2376 362 22
4458 5335 8
5362 2148 91
4534 127 81
6824 4487 53
7489 4970 82
730 1249 44
3111 1818 67
2033 7507 51
7901 6499 77
5950 4590 60
6052 4315 28
3418 2268 98
5234 4481 88
2031 7758 24
2730 4890 80
4182 6812 1
4985 6640 35
5632 4952 67
4675 550 61
2896 4954 94
6776 6900 18
2284 2938 16
4688 3592 29
2846 7825 69
2105 7731 47
2904 7018 7
640 7180 83
303 4568 96
254 5316 91
7533 313 20
4121 325 5
3905 569 46
7097 2651 77
7661 1575 83
4963 5292 80
1302 7116 74
3746 5816 90
3400 4062 93
5505 1335 98
2138 1887 7
1348 6363 35
4974 1315 32
2273 1310 75
321 3820 17
3000 3626 37
1977 1556 26
3579 7004 63
4121 1113 73
7782 285 45
2921 7583 48
1077 1491 77
961 4941 88
6560 7515 61
630 7702 35
5015 7666 79
665 7020 65
5716 7777 53
7825 2182 48
6835 1301 49
1616 4965 89
633 7293 50
4863 5585 77
4672 5919 45
5294 1787 83
2477 5483 71
4272 1793 24
4973 5951 59
3787 7763 30
486 6415 11
5573 4048 94
4216 1323 4
5193 6606 25
3957 7228 35
795 2550 66
6891 6328 20
2839 1283 96
1705 6805 63
2356 6487 1
2647 2373 18
2250 1673 89
4953 7736 25
563 7018 48
831 4386 4
743 707 38
6765 2536 66
4288 7661 67
2690 5627 22
1094 4495 82
4302 5428 60
7112 2780 45
47 7151 4
6926 5310 44
4186 3049 83
7462 2403 72
6523 7425 43
6375 773 61
7823 926 52
2331 5035 97
5366 2555 37
746 5980 71
6962 5872 39
2283 5256 30
6056 3751 20
174 2660 79
870 2536 61
6830 6407 81
4886 5291 18
2598 4370 52
6679 3558 31
2711 6661 85
6276 3868 3
6661 1915 11
4343 1128 72
7818 7044 59
5128 4078 39
4185 1477 22
6080 5749 21
678 5563 58
1449 4566 10
7313 2008 53
2279 1096 65
4582 1287 10
7442 1630 56
248 3927 52
3477 676 57
3755 179 94
7920 5758 56
619 281 23
4719 5389 44
7157 192 4
7395 6499 2
4494 4622 55
7694 7662 24
5981 2033 86
3 2831 7
4434 359 62
6581 2572 84
4561 5813 24
2821 1147 83
2991 4318 74
2434 7329 44
3661 526 65
7559 824 62
7235 5849 57
5412 6242 67
6355 138 26
4202 4233 83
7683 356 9
7649 5464 43
7698 2319 31
4254 6891 81
7469 3798 75
5160 1850 50
2672 5050 4
1104 6651 4
6796 1095 64
2286 2820 26
614 4921 76
3647 5812 4
7300 278 74
724 6629 36
5967 49 64
3951 3415 37
7216 4443 66
5766 3186 26
667 1256 30
2224 4349 1
2205 960 23
6006 4219 23
1358 7954 81
1342 3874 79
4590 5640 15
2577 2596 34
3280 4508 81
6818 6161 39
1783 489 62
2995 1947 21
7905 7513 96
5578 4506 6
5591 2343 81
401 5767 84
5598 7250 96
898 4771 45
5090 7455 85
1161 5359 30
5863 2434 24
240 2970 4
1178 7622 51
4568 3645 31
7977 3029 62
5718 6291 37
2672 1822 84
814 4920 73
5575 1444 30
557 4389 43
5072 316 59
7719 7321 63
7186 1221 98
1379 5339 57
7775 2852 84
6194 2166 55
3419 3466 24
7703 33 40
1504 3204 1
5326 5758 81
3404 5009 32
5588 6093 38
6659 3835 98
1576 5136 69
3692 1771 31
10 1778 94
1703 2448 41
1573 7934 27
6 2643 20
3796 1507 7
5736 421 36
2343 3658 30
1188 941 41
3238 825 29
4264 208 10
7085 6324 89
4532 1673 73
1302 3348 55
3051 5046 10
7660 4190 38
4116 4945 47
7025 5924 45
6660 978 76
3019 1150 14
4976 133 9
6012 5556 24
3054 16 14
6979 6896 45
4912 1910 36
2102 245 25
4298 1556 93
6729 4771 18
7773 4494 14
618 4546 95
6385 4826 53
7225 728 40
4663 6485 62
6829 5829 71
6089 743 78
128 5307 17
1726 944 41
5801 6209 56
7627 4207 8
2022 4284 16
2500 1652 23
3202 4046 75
4848 2036 1
5588 6241 50
6559 7083 97
1863 1445 46
4756 773 43
2681 2678 51
4525 5861 79
1584 184 22
7755 5052 81
3059 6009 49
6083 6689 39
3992 6012 66
3094 5254 90
6428 1417 64
2338 518 56
2737 2553 99
3393 1572 50
4693 6850 85
4185 4692 37
2978 1981 9
3269 2893 52
1456 5968 97
968 5720 23
5995 3037 44
2883 879 40
2133 6348 26
2593 3894 51
3687 4991 44
1857 3967 72
7896 4376 30
3574 4922 81
1916 1947 47
7065 1600 57
4465 4873 27
7000 294 82
6522 4812 13
6025 2944 44
3817 4379 44
496 5805 9
4774 6635 30
477 413 17
6140 6366 36
9 7117 29
3160 4672 72
4763 7516 78
5209 4047 42
4075 4539 73
4347 3988 59
4867 1174 90
5588 3211 15
3081 116 1
4998 4907 12
238 6163 51
6927 6433 95
4399 5315 27
3856 6289 36
2157 3927 74
1522 4882 35
1359 5743 91
1739 1605 27
7916 5994 1
1422 2107 25
1598 140 2
5760 5858 62
5547 5555 80
1714 2053 69
3554 4771 66
2928 3518 44
5578 4543 64
3946 917 65
6248 1447 73
4325 5246 46
1240 3688 27
3755 3145 89
2239 6549 23
5036 6442 72
5105 342 57
5951 1807 49
7344 2541 20
1118 6359 8
7733 359 73
1294 7942 4
5208 5861 22
1988 1630 37
2596 6581 1
917 5453 84
2149 5116 82
2736 2873 12
3839 731 97
2684 1937 15
5770 2141 76
423 1767 60
4007 1162 36
6053 6175 22
4979 6383 48
1519 6234 73
1881 2664 76
4664 6922 4
7028 3961 79
1189 3264 49
7854 1130 38
3496 5109 12
1288 1759 99
4760 5631 98
6027 3593 7
5497 6107 54
6197 3986 68
517 2335 15
3917 7064 12
3281 3772 62
1950 4225 35
3031 1300 39
1840 4443 8
1129 7359 39
4243 3575 40
7881 4280 36
5026 5156 93
1099 1429 7
2364 6972 98
5845 2969 32
180 4036 15
1085 210 71
7919 562 28
6056 7388 55
7967 2230 60
6900 265 99
652 2034 49
6449 3249 76
4849 5977 44
7657 7472 49
4277 5393 70
6591 7171 48
1174 3851 23
2549 858 79
1117 5489 52
3609 2569 42
3385 580 99
52 1253 53
4326 3339 10
6368 2547 55
4220 7493 95
1569 3129 100
519 2383 39
5139 1165 51
1839 2876 62
1114 539 14
3717 5692 61
3021 3374 97
153 2605 99
7868 2936 21
6228 822 33
2500 3800 89
3107 4174 35
1085 174 21
2880 2490 89
4721 5523 34
1163 5976 60
4930 7137 88
5600 4007 15
2649 6942 100
2412 2845 46
3428 4209 81
6804 709 94
3091 7437 9
63 1114 93
37 435 1
2126 3042 52
6473 3839 59
4837 5079 48
4153 7475 82
1924 7043 28
6797 7365 82
613 1461 61
4751 5453 59
4044 4223 70
3846 1382 9
6821 817 15
7218 3206 64
602 2098 55
2234 5357 62
7529 3255 74
3530 4328 7
7460 1109 48
3146 4489 70
4768 384 41
2676 6707 70
1481 6336 56
1521 5777 74
7231 7643 89
7254 4069 79
5145 5698 40
1881 3745 64
7250 5146 94
3254 7163 50
1106 5552 86
7616 7586 30
2889 1970 52
4814 6232 14
4496 4660 100
710 3645 50
5711 4963 80
560 3952 21
6855 2682 55
2948 3293 68
862 4232 40
3056 5871 46
7370 103 26
6164 2841 5
1231 6634 70
4327 7681 53
5127 5636 62
6876 4427 95
707 4346 73
1205 4816 88
5291 325 90
6458 6271 69
6247 7237 93
7179 7919 6
4650 4875 11
997 3673 8
6300 3586 3
780 455 73
537 7751 74
4556 4009 24
2951 6745 11
6824 5857 74
2568 4921 27
6942 5218 17
4472 7452 37
7577 5131 88
2169 2005 80
6865 1834 50
1270 4759 79
6724 5663 3
1461 2903 12
6525 6707 82
6212 6789 33
1353 5265 71
993 1172 51
6280 149 25
3132 5902 8
3640 3801 99
3373 4639 45
5060 362 37
2892 5876 76
3959 2951 2
5721 4868 37
6643 3385 24
4511 1768 96
4871 870 82
263 1996 61
7458 7592 93
7917 1604 49
2110 3744 71
5159 7613 56
5679 5072 45
6991 1352 75
3688 3975 61
3694 2647 64
4082 3645 14
3662 3617 2
726 1392 5
3908 6857 83
1640 2229 58
4181 1191 35
2100 838 37
7666 1149 86
367 627 88
5758 94 35
490 7958 81
2419 2256 24
5782 4543 15
6681 1898 20
4582 5675 99
491 587 92
3204 648 5
7313 1593 50
7259 3584 10
7786 6854 100
1422 5201 87
1016 4304 51
7025 4233 16
4115 6096 57
5445 149 55
5689 6484 72
5186 923 88
4561 3048 57
4719 5459 88
683 1718 63
3885 2246 97
4056 3788 78
2022 5645 36
951 7080 60
7639 7752 96
1254 5591 86
4076 5620 19
6192 985 29
478 2303 2
7248 7024 36
6472 504 57
4804 7989 13
7624 6372 66
5133 3716 88
1217 6278 52
896 1261 39
3187 6196 95
3338 2735 98
1222 5885 59
123 4818 88
1550 806 20
1124 7916 74
1946 6919 84
4290 3762 29
3479 2810 30
2743 6190 33
7045 1943 27
4870 760 91
1095 2456 80
1493 3486 84
1055 5934 35
7446 4113 17
6816 1154 65
4331 1408 62
1269 3841 42
4791 601 19
6044 3836 41
5264 2744 44
4072 5435 71
3609 4554 34
6419 2428 63
3287 6303 3
5574 5348 20
6760 418 36
7227 368 95
7894 5815 27
5793 1012 28
2958 4339 74
7937 2351 86
4597 2435 42
2408 942 49
2642 3236 73
2969 4896 63
958 91 17
6106 5125 75
6507 6642 35
6731 4762 57
1365 6240 32
3939 162 96
6146 1525 41
7324 6529 26
5666 821 83
3512 2285 62
1480 1847 98
4446 5738 81
6672 2056 2
4642 2835 34
5942 4238 8
5335 4538 36
3432 7955 2
4510 1887 83
2278 5801 12
6822 5052 18
1939 1780 28
3899 7185 86
3736 1580 40
7768 5790 13
7276 1400 3
1337 3585 59
4886 7340 32
2040 6179 56
7771 1406 95
5049 2127 13
1810 3930 96
5241 3669 58
1666 1120 71
1290 2275 68
2137 6471 88
7264 1299 82
515 7791 27
3266 4855 34
984 225 48
3599 5018 66
6789 6523 23
2139 6538 52
1879 5296 68
4412 3445 28
917 6370 72
1386 1742 91
1412 7620 36
2924 5226 38
1871 5946 19
3650 79 3
3773 7359 43
3446 1870 21
429 4445 43
1751 6305 21
5722 4365 87
3128 76 58
7731 7974 35
6872 7923 1
2020 404 48
4880 2831 63
2846 7025 85
5032 5971 23
7937 3748 62
6471 3706 93
720 1895 100
4316 4412 16
5603 3975 41
720 4381 95
7540 5104 17
6833 2338 100
1216 1461 80
5553 496 89
653 4607 30
5117 4113 41
3250 5398 5
3164 7659 48
7622 823 28
62 5852 6
4628 1540 24
3652 2097 3
3929 1247 42
6251 2329 77
6460 6317 49
7372 5238 12
1514 1305 54
2668 2543 92
4211 6203 79
2592 6151 9
2833 4931 70
2054 7530 54
5005 7534 15
4580 5437 93
839 3144 88
5066 4133 90
3081 4703 6
4919 3046 72
7225 7056 3
705 3797 34
7449 3181 40
7277 3425 96
4628 963 47
952 1348 94
148 2366 61
1934 7366 4
850 2204 22
5548 2961 43
6469 4134 27
7338 7056 12
439 569 95
6815 4485 78
5270 2109 37
2593 6255 32
1332 5182 5
489 3164 49
6829 1070 76
6557 4137 39
4577 4220 13
234 6725 6
6295 5400 66
6134 3729 72
7715 5896 88
836 5155 70
2974 1453 62
784 4603 76
3153 7115 31
5733 3256 81
4591 7928 43
1078 2108 97
6087 4809 54
6506 541 66
2946 4560 89
5628 6041 33
2585 7394 94
922 612 32
7689 249 25
2170 72 22
3470 397 36
3934 4312 47
6374 621 85
2094 3209 96
3438 885 15
2440 380 4
5129 1191 7
5595 5870 37
4312 3616 20
1255 4316 69
1463 6012 44
1448 6396 5
3695 647 15
5256 5790 14
1494 3951 74
1221 3834 18
3629 34 86
2566 5668 9
263 3151 30
4782 6967 37
146 5640 55
5931 5822 70
4974 7493 77
1898 5805 19
5536 4877 83
4759 5165 52
3219 34 48
4441 5733 94
7010 2676 28
7740 2736 36
7445 1118 58
3187 1431 50
5309 5035 100
4039 6587 54
5965 192 21
2028 7009 32
4206 7896 89
2364 2638 90
496 2437 48
768 2158 25
5721 2182 96
7825 5527 68
7095 7453 46
6679 6173 58
6744 5403 72
4998 4062 67
5006 2118 71
3265 2024 60
6476 287 96
3862 3721 86
5608 3938 74
4418 5297 21
4376 6354 89
2871 3591 96
488 7949 85
7328 5391 9
6794 2665 14
7561 246 81
7474 7289 15
4580 6477 49
6585 851 71
6715 1050 75
5339 471 89
1675 3404 56
3308 5475 45
1101 658 25
7136 1544 87
1759 7983 93
4681 5726 76
5896 1621 80
5340 2852 65
6137 7209 98
6646 5587 94
3334 6950 72
6949 7206 7
1030 6767 27
4859 7354 39
7569 452 49
5421 2996 33
2262 3742 50
5453 7476 92
1198 6603 42
3604 7292 39
2792 1918 77
2979 3114 12
6439 7768 99
4591 3102 13
6760 2822 99
4376 7870 54
3470 284 49
7606 2427 28
2512 129 50
611 1604 59
5688 1102 54
333 7184 38
6484 4982 33
894 4046 32
6004 3342 20
1275 252 51
6818 681 14
372 7115 52
7308 1983 47
762 6454 43
2905 7321 86
5793 6597 82
628 6975 59
7781 5119 77
6 4867 98
2923 3252 19
4138 5493 20
7959 4887 47
6484 5789 59
3960 6304 44
5848 3282 24
4036 3486 37
1189 5990 5
6994 504 89
7539 1821 99
7167 759 35
2681 2474 12
5814 6673 31
3970 423 63
2988 4319 73
5682 2615 32
5036 1099 67
140 5869 45
7177 7262 44
2442 1331 20
2551 7408 44
843 5711 6
104 7035 32
5607 6238 43
5366 6018 74
5931 6494 5
6265 5409 69
5126 3517 97
7868 7732 57
3022 1622 59
2342 1130 70
531 7397 44
1429 5519 9
4542 7052 43
7322 6544 28
6355 3018 74
5281 616 33
6371 7017 92
860 475 4
3213 1667 99
2288 4793 12
4108 525 18
6044 4523 17
3512 7311 13
2943 3714 68
1315 1803 74
1922 7789 58
3756 4485 64
6149 3447 76
1107 5365 98
3593 1036 90
893 4980 46
7921 5271 82
2839 354 20
2564 6551 58
2904 5771 20
4402 2920 79
1716 2261 52
1471 5346 6
6396 4586 23
5508 1335 33
156 4908 23
417 191 10
2763 5614 15
2944 4639 68
3069 6653 10
6820 3198 18
1674 3890 69
5871 2915 78
1176 6277 35
1825 1795 20
6366 4720 99
5928 203 32
5520 837 27
5733 531 30
114 1330 89
1181 2828 32
7956 4741 45
2867 1500 3
6217 775 93
2324 6524 66
5961 788 34
4485 515 12
1610 1692 45
1377 7649 7
5782 5370 83
3707 2218 84
5470 791 87
1157 3835 31
3439 6126 72
2446 4479 41
7945 2412 43
641 1407 94
3775 4388 24
6302 4490 66
1006 4114 95
717 6878 65
1244 1242 18
3315 4099 63
6183 6257 22
5480 487 68
4364 1192 70
2769 1954 5
5918 5755 96
7620 1096 27
4088 701 6
3804 1653 86
718 4415 41
374 6566 98
4617 6629 23
1052 320 93
4427 3605 14
2975 2741 47
4081 6676 91
5275 654 6
5348 7660 2
1182 5039 75
4412 5089 82
1500 4253 18
2820 6962 25
3357 681 66
4276 4032 89
5818 4117 48
5912 2299 30
2907 3585 86
2596 3744 11
1707 3335 94
6114 6372 40
445 5201 100
6068 5559 33
1282 6380 24
2711 5539 26
6238 1779 24
1599 2055 74
2456 7100 60
1845 1374 9
833 2510 68
5262 6232 37
4007 4393 37
5954 3456 41
3107 7997 96
2383 6144 98
1664 1624 39
887 4352 76
4903 5618 47
6489 6481 35
6140 7446 51
955 6835 4
6008 2404 78
6378 7651 68
2131 3489 27
2050 7111 6
6177 2700 93
3680 505 69
5022 5167 15
7578 4031 11
1245 2690 13
3852 97 68
5041 3963 36
7302 841 61
2582 317 17
909 7533 76
2560 5726 34
1227 6718 6
5182 4629 72
5085 5088 14
7569 3788 21
2446 7912 94
6647 1753 59
5866 5298 52
5190 92 6
4135 1744 10
7691 5272 54
4524 3026 2
6096 1637 53
6209 105 28
5889 3994 74
2495 1321 93
7653 4292 23
5569 3661 9
917 322 61
2073 3003 31
2825 5501 83
4553 76 38
6383 5232 58
1308 7888 7
4715 6836 6
4511 405 65
7065 2457 85
2975 2767 9
4944 6855 49
4739 7737 9
7599 6436 99
3552 6931 77
7276 100 22
229 6648 18
5670 1687 97
6111 4570 71
681 4928 60
7078 5492 25
1762 7235 40
7275 4788 44
2992 755 38
5812 1064 34
7525 6359 76
1309 9 54
6124 4064 74
802 77 37
2956 678 61
3717 3622 85
6223 2161 43
6118 1230 19
7811 5389 25
7324 5741 33
1145 7203 33
4043 3536 32
1537 7172 45
256 1257 3
4472 4798 67
6374 499 76
6969 635 19
7602 1802 71
5290 7592 47
2632 3995 70
1025 6879 81
3043 4936 97
1083 2119 38
2524 6483 93
4546 7757 11
2281 2982 14
1941 6072 52
7437 6746 61
3490 5076 44
6103 7242 16
4609 7787 57
2914 2095 63
4861 3748 58
3745 3174 71
7925 7957 89
5272 5996 80
4298 220 47
6483 1479 30
2445 1013 78
906 3629 68
7058 7980 15
5329 4066 27
5175 1626 52
4207 7113 7
7916 3194 12
5329 1039 97
1042 3405 69
1601 2981 82
5866 5953 41
6877 5020 22
6158 3238 55
7852 4316 16
705 5371 42
1897 4366 51
3695 6404 91
3908 7252 81
6575 3410 38
7994 5738 44
3162 1195 24
3214 2743 75
567 6783 34
3680 3685 60
7643 6759 32
6508 7219 66
1830 6520 20
4607 4151 1
5380 330 5
7838 1768 15
3645 3236 34
7470 5700 20
4089 6750 17
6546 7155 99
2343 2253 74
2522 6239 91
7705 1872 50
4383 4926 71
2679 2175 68
7507 3707 67
3501 377 86
1085 401 20
7055 1959 86
5845 4050 9
3921 2804 37
7291 7953 56
889 2123 60
7656 5453 25
7474 7240 79
5806 5150 75
934 6119 38
4052 1110 82
7049 6689 75
2883 6060 41
5218 7110 51
4197 1199 87
2637 5014 14
4748 5799 4
1281 2223 71
4016 5538 59
3674 5043 14
5729 2518 66
2560 6788 71
2363 909 65
6632 409 77
3841 1490 27
5753 3047 67
2837 5984 7
1511 3733 16
7957 1891 30
2926 5889 80
4382 5903 33
7403 716 6
1726 92 79
5593 2232 28
1154 2672 34
4374 4672 11
5627 5141 39
2601 3985 64
3639 6672 1
1368 3164 94
4698 4245 57
7383 5998 21
5363 4836 28
3231 2045 78
3713 4847 74
3956 750 92
7586 3016 55
1759 2451 61
5547 4992 5
3512 3875 49
3887 7676 17
5861 6699 12
6374 1697 16
7804 2910 73
803 7320 85
2430 2586 75
3514 5712 33
2357 2480 56
5978 5019 75
3849 4142 83
5260 6662 52
6804 228 81
528 3904 39
3051 5997 84
7305 3921 3
1970 2944 51
1790 1134 82
5533 6767 34
1651 2085 72
7652 5854 78
1416 6296 44
4989 4962 84
208 6073 41
4790 1239 97
4335 1532 85
7547 4198 41
287 4227 3
981 4844 55
2623 4889 58
7981 1309 98
6214 7731 87
2787 7113 100
2432 3643 67
6814 2232 22
6102 4046 13
7728 6102 95
3517 5469 86
6382 5911 18
3012 5773 91
4944 2266 10
7735 905 77
867 7925 73
431 1133 28
3741 5930 36
7377 4404 3
5651 0 69
2049 4124 86
3714 6137 40
2722 6895 1
2646 4437 26
1903 5946 75
2878 3570 85
5428 2623 86
5615 4286 5
2687 3084 77
2745 2121 82
7132 7736 8
3687 6683 83
732 5597 6
7739 2906 82
7652 619 99
5706 1616 54
1189 131 36
2010 2696 93
6076 7408 45
6390 6239 99
5989 6452 58
81 6668 29
1565 244 17
752 6005 22
1958 4028 1
6780 7295 87
4983 4929 45
7425 5805 51
2666 7112 96
3632 548 28
5127 7331 78
3103 3753 51
6039 2630 93
5302 5951 100
2474 204 57
7198 7292 1
3592 2913 69
1348 3724 76
970 404 6
4427 7618 30
4900 1069 11
6174 6859 22
4181 1789 78
2200 1014 59
7255 5277 60
140 5906 25
251 3447 32
2655 2139 89
7596 6301 19
5007 5656 34
342 5605 20
6749 2708 60
6356 6275 79
5992 7620 58
7334 2497 9
5966 6638 21
3609 6235 87
6436 714 83
6582 3783 16
1539 2670 10
230 5946 13
7090 3565 66
6546 1153 78
7479 1882 99
1213 3467 39
4758 7066 78
731 5891 55
7742 710 12
3761 4645 13
5535 642 90
1526 6992 26
7823 2210 52
5162 6646 6
3418 646 43
1509 2026 88
6545 5028 99
5842 2050 38
449 1705 82
303 4961 49
7677 4594 26
7176 568 89
3939 3397 9
3388 2094 17
1007 2059 23
7405 849 15
7631 7749 28
4037 3551 46
7188 1397 68
5292 4944 46
5644 2965 83
2116 7021 7
5141 4154 90
2503 4283 71
2218 5788 89
2656 4331 67
7249 2069 5
5817 3180 2
7582 1212 25
1960 7532 78
7631 531 89
1504 4509 36
5175 73 87
6096 6207 57
5040 7205 99
248 5485 28
7803 5850 6
5401 1111 25
3611 4765 39
6350 6261 4
1284 5741 98
2016 2520 95
3431 4305 28
267 4634 41
469 7730 15
5842 5966 31
1492 4602 24
4792 6343 3
746 1430 44
4414 184 41
2774 1520 70
6181 720 49
7106 2479 91
1293 839 62
7925 5330 30
5356 672 23
40 4762 41
7243 5038 36
2657 1686 84
6177 5732 18
2801 2029 74
805 7523 27
744 3282 31
513 3706 88
3983 4109 55
4704 2405 38
5338 5358 65
3454 4622 77
910 6571 48
5374 2849 50
3928 6258 93
3954 3844 12
111 930 44
7588 6565 22
6240 6527 52
1973 1998 44
3720 5239 57
1270 7998 74
5153 5519 70
4344 3931 57
2835 846 82
3487 3959 9
7957 2462 46
7202 544 58
5460 5941 5
4591 2004 20
2829 4758 74
6043 3953 14
229 6535 62
4443 3291 1
7374 4158 50
3165 5671 30
1750 6170 77
7195 5767 77
7232 6774 4
7270 3580 92
5433 917 10
3651 3284 1
7537 4051 44
7393 7883 20
454 5118 72
5155 4648 17
4004 1908 98
3696 1037 19
7167 4679 70
3876 2071 52
7213 1075 43
4138 6513 5
3110 7052 86
2745 5093 86
1128 5613 65
6129 1530 32
3295 1821 18
3253 176 3
1695 7350 54
3096 3852 99
4011 6091 25
644 5481 67
5634 2166 36
1949 7049 26
5152 7328 72
3999 2218 67
4 2247 87
4183 6579 36
985 2569 38
1975 5290 41
5216 5280 87
1776 1122 97
3439 996 10
3841 3116 9
120 181 90
7381 4216 82
6798 5553 6
6921 1819 81
2075 5177 39
6778 6422 40
3092 4422 21
6210 519 9
635 6869 77
1254 3558 87
5809 2490 69
2614 1082 8
1143 7087 76
1396 5770 64
3024 5151 8
2249 96 99
2305 513 1
4862 1840 48
3356 1963 13
1308 834 74
7171 7330 59
860 7475 20
2766 7890 68
120 1637 51
4946 4128 13
2105 16 67
7452 7559 56
3601 7415 75
2670 5168 33
3783 3205 5
5648 5933 57
2906 7402 23
203 7586 71
6188 2642 97
1441 2049 52
6686 4040 61
1096 7852 21
7570 3265 98
3270 7614 32
61 1188 75
34 2175 98
5640 7547 99
3869 314 100
4535 5389 74
550 2026 12
1800 7328 7
5040 751 85
5253 7186 51
3583 240 5
7757 1506 66
532 4123 19
2181 3284 66
945 2913 17
5619 3566 69
2721 741 47
7274 3433 49
5155 3143 94
7643 862 44
794 5769 86
5241 4051 17
6131 7929 22
3708 6630 40
7390 7356 64
4233 847 71
7162 6769 80
1883 6007 17
293 548 80
7177 1103 21
1779 2462 58
2286 2119 31
5290 5344 61
7632 865 33
5248 3261 93
6169 1288 44
4776 7408 35
4025 3676 35
2296 7772 36
3406 231 24
7852 1421 63
7961 4005 76
3069 3269 54
6610 3040 55
2879 2539 47
5947 2207 75
1440 4001 56
361 6742 8
1222 6309 4
6587 1974 68
7837 6712 83
5755 4766 90
7433 1203 45
3101 7866 47
2370 2381 25
5802 5104 92
3025 3299 63
7532 2439 52
4943 4180 28
4801 407 27
7297 3066 89
4425 7766 95
5732 5141 69
2664 4472 2
1007 7853 19
3943 2315 94
7121 4394 18
4843 7382 72
4182 2567 72
5591 881 53
2152 5379 96
6686 2129 19
2372 4908 20
416 1032 11
1866 5396 65
567 3642 60
4430 1760 13
2432 6416 13
6272 1989 3
6570 3068 64
550 7598 80
389 5898 80
7215 5592 24
2087 3650 73
1475 5732 38
3674 4177 69
426 3556 72
2684 4346 47
6631 7161 28
3076 7226 41
7989 4867 92
6023 6223 74
6498 158 58
5499 1521 46
5416 4192 72
4493 7883 74
4330 6650 28
5170 5469 57
7835 2990 18
1103 2607 96
4335 3694 18
4529 177 76
2695 547 87
6840 347 80
3431 6195 77
175 7625 53
7883 434 43
4406 7603 72
283 974 75
5559 5141 45
1996 6492 51
4268 1036 34
6972 2655 36
7179 5008 46
1270 3246 21
318 7935 37
6024 6797 97
6087 2366 23
1316 3304 51
1572 3957 96
1399 4784 74
6034 2894 72
1490 6989 34
7594 4509 4
5811 7802 49
6964 4204 39
1111 6696 92
5892 7429 80
5467 1765 2
5188 4296 3
5033 6785 100
7608 7968 67
6860 4101 7
5805 7626 33
4901 5011 81
5751 3257 15
2557 1120 47
5729 1174 44
2856 7113 86
2495 303 5
1207 5199 13
5473 3224 56
7975 5466 18
4190 1163 70
7320 351 89
2947 257 22
6013 794 66
1872 6141 20
3956 7785 100
2292 350 24
1874 6678 40
3352 3598 43
7370 3548 57
3332 360 33
3262 2290 42
7055 7723 17
4793 1448 64
4573 5706 35
6160 3372 64
6452 1897 91
6992 6324 74
1879 5934 98
7972 2905 81
1352 6633 50
7611 5802 16
666 3981 64
4644 6864 33
2094 6715 70
6099 3199 73
3313 7977 29
2075 4995 74
2887 4411 84
2503 7703 17
7480 7167 17
4763 113 83
3507 4362 73
1759 7819 34
6267 3052 59
7783 210 1
6604 7885 18
7843 444 100
6802 3812 57
7710 1028 40
3092 210 9
1794 5104 95
2259 110 87
4367 2862 8
3957 2291 7
704 2204 86
5414 4728 74
7216 1942 69
4030 7768 82
4079 3039 64
1070 4610 44
3874 4805 85
59 5156 35
6410 4859 79
7615 1528 41
5201 1303 20
4273 4666 29
5419 1718 100
4723 244 92
729 6681 8
1458 3186 77
6572 1838 85
2325 5895 93
7175 7288 33
1349 705 7
465 2344 86
4654 5843 88
5588 950 34
3319 3039 28
7664 119 7
6307 6189 82
2477 1769 4
1209 5940 15
2647 3711 73
1971 5661 52
4278 3078 78
1687 4648 76
2293 1202 74
6391 4713 57
101 6656 91
38 4365 75
6949 412 89
7600 3559 71
4061 2561 42
2558 3595 87
7161 7222 79
7132 1012 81
4882 6552 100
4582 4764 3
6286 694 77
5196 2802 41
2974 4538 73
1848 3999 65
4564 1942 72
3686 6220 48
2172 1421 15
7009 2334 53
4060 6934 35
2100 4546 18
427 144 51
750 2943 15
4277 630 43
7175 2273 92
7232 7498 19
7678 5450 50
7397 4240 54
1046 7011 14
998 6182 50
6845 3656 79
64 6676 45
2212 2952 47
5358 3673 94
7962 686 95
2619 4787 45
1103 3641 26
6198 2910 45
6985 217 18
5680 1757 89
2795 4111 93
4648 4030 17
5174 1765 39
1881 1508 44
1782 7425 81
4174 7147 20
3944 2128 36
3072 6462 63
5384 3520 5
3139 2805 57
5457 1934 58
631 7824 3
6928 2010 6
732 5806 34
2690 6183 69
5730 4937 62
4024 6820 86
2256 5669 89
7116 3193 29
3207 2785 41
4975 784 97
7803 2972 14
258 2727 45
2554 4351 8
6407 1218 73
358 7717 30
6261 6933 30
2715 5131 13
5377 5165 100
7972 1109 24
1530 2236 16
7774 4712 18
1082 4089 66
1917 6430 94
3462 7852 57
6517 7301 32
4556 3227 21
1938 2745 90
4238 7316 16
3350 4900 66
7993 1324 66
3479 2979 64
2653 3083 94
2860 6972 1
3778 6434 36
7114 5683 97
2516 5754 12
4390 2481 27
3474 7994 26
4718 1734 69
49 5459 64
6762 4915 1
1504 1761 95
5324 3276 90
203 5482 22
3307 5536 37
1612 5903 6
5929 4941 61
4146 2331 77
7401 6181 56
7679 6323 6
1714 311 35
7897 6996 65
400 5722 52
771 3853 7
6009 1282 29
3417 1752 12
7409 3570 58
4492 837 1
1544 913 100
3001 1564 6
4883 1068 43
1854 7084 43
6041 5718 60
1061 85 74
7038 6840 45
5211 7452 5
3964 3525 70
5280 554 98
5961 7614 34
3165 2810 62
949 7126 15
6648 1486 48
2625 2089 90
1096 2946 49
5794 5782 9
7758 4728 87
3855 1633 98
5758 6769 29
3638 5467 78
5326 1544 28
4498 1875 8
831 2784 6
1806 6867 72
398 3920 9
6008 1910 52
7101 691 34
5882 1534 84
5724 7228 32
4575 2666 76
5911 6016 26
1245 7174 17
4491 567 54
2559 2118 48
6680 7983 58
3447 1244 73
1650 5547 47
1635 6237 6
7514 4368 67
5602 4049 100
2005 2868 68
7170 7857 39
3809 5515 17
4786 826 6
2154 627 57
166 7574 38
2393 5966 31
1382 3849 61
7348 2310 42
6375 1785 80
1305 6203 46
4198 6405 29
2330 6475 52
1488 4824 29
3603 1471 20
5393 7373 69
4523 5220 73
3324 5088 11
7984 7289 46
4061 3399 41
2881 4710 37
1542 2206 14
7845 3244 88
1817 2533 25
2441 7140 11
4246 7016 49
2974 5515 58
7612 7203 12
3264 6668 81
4672 3442 15
5607 2377 44
3858 3142 70
7925 1940 62
4279 2939 69
2062 3589 4
6904 5652 87
2977 3765 83
7783 2910 8
2986 26 78
3045 3915 61
7079 5033 60
3811 1925 13
4546 1363 1
6817 2499 87
1663 5391 66
5313 1088 60
2320 1623 34
3426 26 70
374 4298 32
148 1778 96
935 6758 16
2084 6684 62
5466 7385 49
768 7270 51
236 3649 35
3281 6587 84
5026 3045 99
509 7556 7
1359 341 98
3273 7564 72
2988 1629 99
5171 286 69
5286 2041 27
4804 1035 69
4620 3732 31
2693 5334 62
4319 7822 40
3414 1454 40
4810 3714 83
609 4800 56
4884 2629 52
971 3105 47
3659 27 99
3214 5997 11
3444 194 46
6595 3997 92
5274 1661 47
4314 5489 28
2633 3948 42
3493 6912 27
2631 5603 97
1011 1380 6
1933 6141 47
5327 6379 50
5852 3742 18
3979 1893 44
4602 3143 30
3997 3378 53
3892 5535 60
5689 2008 38
1305 3308 40
2989 656 54
4214 3626 84
7116 951 70
901 7189 9
5673 6782 98
645 5085 99
7708 2866 16
2630 419 10
4633 4685 99
4687 3340 50
1696 2488 53
2948 5190 33
2521 3409 72
2734 7800 68
7175 2366 30
2806 2613 44
2972 31 40
3936 802 26
6095 449 37
7288 7038 33
7415 3408 3
6618 7908 17
5680 6802 53
1933 3116 59
4148 5485 33
7240 4981 61
743 3625 63
4578 2202 21
141 5512 56
1495 4627 56
3412 5180 8
7188 7146 46
4891 6202 12
1340 4087 16
3978 4198 7
4770 4854 64
6466 5965 75
2359 1623 63
6898 1505 35
1751 7572 7
573 5976 49
4055 4776 24
1981 4449 78
2833 5015 84
144 4225 61
238 3931 99
1568 594 100
5567 7177 44
2340 1994 55
5411 2532 13
6203 6865 94
2004 2870 37
6444 5061 50
8 3172 48
7507 7153 52
5443 3739 39
5379 5283 27
7492 2598 19
7456 4254 68
1877 6613 86
2168 5768 55
6408 7771 95
2549 1858 17
389 4087 30
3102 3193 16
5001 7108 80
7925 2798 57
3787 6197 79
6872 1802 71
1737 353 59
1261 3488 8
7591 79 36
2447 6076 40
4664 1928 6
516 675 53
1625 2186 15
6368 2634 1
4631 6740 61
7638 4702 72
940 5869 61
7468 3277 21
7224 7956 92
6187 6145 73
5624 2888 12
4366 677 66
6726 4962 43
5639 3610 9
6782 2845 63
3472 1435 27
1688 1381 1
1111 5685 37
3884 3947 95
503 5712 95
825 6121 17
5846 4013 18
7398 4830 25
4237 6604 99
2498 5981 27
4606 7211 86
377 1240 67
121 345 70
6406 786 83
923 7146 75
1488 2164 13
5029 4028 92
2173 2531 61
1737 4109 11
1158 1043 74
497 6430 9
7704 3456 40
2566 2701 71
1538 6961 19
6278 2568 54
7854 819 10
5678 2074 37
687 685 28
6739 739 34
4066 1745 44
6971 1392 91
1398 2711 63
2838 3096 58
449 5867 93
505 3239 60
4728 7622 89
2096 3217 91
6565 7601 92
2153 1392 76
7139 1910 12
5900 2201 80
6465 1977 91
5726 5473 82
838 2868 53
1341 4581 10
2254 4603 100
7824 2685 83
1682 3486 12
4292 3028 28
5540 1304 24
3856 6156 47
1083 4175 45
7622 5618 61
1082 4846 60
1024 6391 100
4764 6182 52
7017 6706 42
7883 4017 19
4176 5530 20
645 5515 5
7223 2246 17
7767 690 56
5905 2146 28
1060 4990 93
5566 2898 33
2453 6521 86
4399 4835 87
1349 6106 43
6948 7425 3
7209 1948 8
720 2148 45
1236 7119 54
3740 5999 85
2364 2617 76
2716 5349 90
5825 3406 95
6318 3396 24
2740 7590 69
4596 6460 76
1531 716 85
3941 462 91
51 7016 16
374 7829 31
4188 3546 5
1378 7977 73
5959 1476 84
2773 1703 67
843 3856 52
5908 6177 97
5102 932 64
5676 6056 24
1816 3315 67
262 3136 14
558 2558 21
2735 6352 90
7167 5934 29
7777 1522 60
213 1933 95
2621 5470 32
7656 2611 87
5383 2723 54
901 3083 50
1192 214 3
1199 1750 24
859 5325 79
4079 899 31
5793 4518 39
1001 587 76
6501 5696 58
1732 1886 61
7157 4026 5
486 1614 28
6016 7995 71
796 2314 51
496 6794 86
2405 2509 27
1565 7126 52
2438 7281 66
348 5922 77
6308 4579 100
3403 6425 75
5256 7726 90
1833 7245 15
7785 7303 78
5351 1559 44
5678 4586 8
5964 2543 78
926 7359 95
3414 2710 30
5705 5117 58
3325 860 60
4490 3359 67
1223 7052 47
560 5527 30
6394 5538 50
274 1321 21
3317 1749 79
5354 3302 29
5572 4796 51
7722 1929 80
6369 2663 9
3779 4199 21
1671 125 7
2317 4023 37
3996 4514 71
7552 5958 95
5822 560 41
4917 5053 5
4615 5184 43
941 4777 95
7577 6914 20
178 7246 79
427 5087 31
3962 2305 61
5010 5426 14
7075 7058 77
6628 4603 66
6596 3667 99
7463 2401 84
947 3994 74
5614 7828 57
933 4703 44
2647 498 47
6212 624 95
2858 3991 70
3276 7625 91
7704 1067 56
7132 4852 40
1485 4475 70
4226 565 62
2277 7536 67
7609 2482 84
398 1532 84
2668 2482 49
504 7243 8
4166 2014 98
1424 7870 78
4788 2573 88
6437 7993 18
6797 3943 66
5504 6761 66
661 4809 64
7398 1732 23
928 3949 90
7071 5117 8
1948 447 39
1866 7786 64
6897 2079 2
1521 7838 46
2948 4908 70
1988 5701 31
7293 4908 89
7565 2253 68
5148 6263 40
2934 4204 28
4437 3634 40
6457 3711 46
1666 6773 61
7910 6071 8
3437 363 98
1196 457 39
4713 1048 59
6965 290 3
1796 2526 91
1477 4356 94
3491 5355 42
7296 7105 98
2936 3976 86
1874 2473 20
4252 1783 15
5668 6600 5
5887 410 54
4865 207 65
3850 5322 23
2975 3306 81
6851 4268 77
843 1935 80
7879 7624 91
480 4229 40
4241 3900 91
1171 5089 87
4293 2273 75
6264 1880 68
7027 4784 54
1537 4827 23
719 378 31
1925 3413 35
3311 6665 78
2931 2258 76
1456 3515 59
6278 4920 98
972 1918 1
6898 7341 63
637 6538 90
5212 3193 43
5224 1824 19
560 6591 54
1441 7922 39
5904 1904 33
6700 6617 86
6151 2976 29
2459 114 78
945 7028 88
4992 6692 93
2361 3064 29
1215 6342 18
7501 5358 78
3260 4844 16
1941 2337 53
4244 1868 13
6464 27 39
7338 6669 31
3052 1771 83
5587 2666 86
3521 5058 62
2035 562 87
7585 4083 58
3049 4062 61
6715 5604 87
4750 4178 93
7418 5024 7
7028 905 59
4774 2637 36
4258 3713 9
2624 1841 41
6129 6581 67
4747 1332 100
3504 6295 15
2189 6846 27
873 2687 66
6746 4856 3
3782 1841 28
7239 3231 64
6451 1814 77
1753 5910 87
5998 7150 15
2049 792 43
6891 6676 84
6168 5450 82
4847 4147 37
7292 1792 33
5341 1253 92
5669 3495 54
2425 6836 28
649 189 85
4162 2346 99
5238 6521 5
7179 4876 63
5738 3851 37
7923 1723 45
4301 7334 84
6094 2588 34
2019 4024 28
3074 7593 14
2874 2854 1
7111 6253 76
5594 2220 13
2943 7879 62
4864 3329 51
4024 3057 70
7189 3738 25
1527 2286 53
979 2848 76
2325 4764 33
4872 3512 22
7092 5209 74
6123 5343 36
3770 6410 1
2790 2724 76
6505 269 39
4409 4510 97
1637 7849 92
2254 7385 45
1168 503 73
6986 601 57
4788 3080 18
902 1165 95
32 4241 95
2263 6634 36
619 2165 60
4814 1863 93
2112 6853 88
3683 914 83
4811 3384 41
2018 1526 99
3615 2431 95
2589 6252 99
1056 1071 85
6084 7499 94
2215 4094 34
20 1010 38
2759 892 68
3329 2177 80
54 3509 34
3455 3625 56
4530 4653 69
6850 494 31
3758 6573 27
4527 7583 31
2879 2361 11
2889 331 63
2123 1846 18
7362 5198 58
6775 7360 32
371 4622 35
5842 182 40
2178 530 87
1833 292 89
3489 6595 12
692 3334 23
6710 6153 63
3887 5894 76
2792 1688 95
7621 5674 79
3374 1579 43
4467 7349 12
4611 2891 71
5276 3336 34
1789 5254 73
1958 4862 73
4010 2876 63
6323 1666 14
6351 2895 95
3711 7128 43
2571 3464 41
3558 6467 99
4760 1545 55
6149 7413 56
4288 3309 52
5068 336 86
555 3733 1
6918 7305 10
3267 5224 47
2665 6763 39
4873 4568 61
3839 2372 39
6671 2466 17
4946 425 51
1532 2586 27
1639 2258 78
5364 6397 22
1710 5413 27
729 1913 15
7076 4070 78
7375 596 86
6661 7750 4
5203 2025 68
7351 5000 87
4982 6251 15
3660 4349 33
3088 7052 45
5256 4188 30
1027 3705 36
7052 507 91
7837 5274 12
5860 2068 4
7130 4836 49
5511 1085 3
3073 6750 12
7426 1601 24
416 6766 44
5324 6453 59
4687 6745 61
2284 1604 80
2751 2516 85
6299 702 46
6863 935 49
3052 6697 24
2544 804 34
882 6012 79
6279 7051 23
7417 7782 86
675 6641 7
550 4764 80
5781 6266 97
1050 3239 67
202 3620 61
7200 2317 70
3463 7607 49
839 516 5
3887 7788 43
641 5700 39
5165 5199 19
7040 1649 26
2008 232 18
4170 5257 48
7955 2455 66
6991 4853 75
3279 6864 32
1294 7288 70
7752 7800 50
4895 2321 18
6160 7966 14
4226 6124 85
6551 1194 13
5328 7814 92
7884 4256 94
2309 3968 13
1968 2367 59
2839 3359 71
1647 1428 43
848 5311 39
567 3669 34
5027 142 71
5995 7114 65
2311 501 53
7717 2928 3
11 4719 58
6210 6526 79
291 274 1
7251 5822 92
5470 4491 41
3856 5292 5
7627 4495 25
3275 1967 78
1489 3231 73
5468 2825 11
7909 1063 72
1117 2939 5
1193 4330 60
6351 2359 62
7244 4599 45
5444 2341 34
4708 2895 14
2514 4492 72
448 1293 61
104 4241 60
4166 7539 69
4875 355 79
3677 5382 45
3979 3678 72
7839 6592 14
1797 5523 34
3215 1789 52
3617 6099 89
1259 2761 77
2995 562 87
3866 4122 75
4283 1540 87
6167 3924 17
5452 6393 9
3751 1429 69
3235 7339 50
3267 7725 24
7765 6937 86
1292 2524 64
7712 7386 69
5395 3143 20
5613 1218 2
2018 1169 40
6637 1273 65
6382 2913 36
4005 7488 91
6739 5052 91
3185 2355 13
4589 2349 33
7826 2055 44
4856 3774 82
3988 748 89
2206 4831 21
5549 6386 39
7466 232 8
7447 3033 95
7316 7593 35
7549 5701 82
805 5476 45
6756 4026 61
6061 1074 29
3129 2113 98
2423 2809 56
6942 7008 10
6647 2673 6
2807 7031 6
760 952 42
1545 6123 84
652 507 5
2389 2639 2
5839 5565 53
4962 3336 65
6504 2995 77
1666 6288 73
3677 6488 2
1108 1377 49
5930 1989 76
1344 7778 74
1521 4304 13
1729 1110 32
1478 7733 53
6789 7801 88
4715 3680 53
4990 5386 38
591 621 82
3208 5175 60
1369 2297 64
6783 4769 16
518 2937 27
999 3127 41
1959 317 25
2180 4583 41
3766 3825 67
4349 7651 28
5284 4184 59
4072 6780 32
5056 6641 17
4365 2517 34
5866 7578 74
6760 7896 99
5015 5537 90
3025 436 29
4529 5306 92
7846 2297 63
1239 7052 36
2632 6337 41
677 7250 61
6054 1085 99
3484 6198 97
3588 1561 54
272 7204 43
4413 4621 26
2380 3484 55
4130 7627 10
2494 5950 31
874 3862 41
4122 6436 1
3740 4927 85
7978 2735 30
7661 5046 21
36 306 61
6979 3576 76
4242 1855 55
7877 1415 51
6159 7608 56
4040 2161 48
7499 3593 2
2679 5807 54
3049 3620 53
293 2332 27
2570 1704 2
6939 5838 60
5686 6109 66
7654 7023 65
7210 7860 56
2494 5478 19
87 3226 85
3766 6531 90
161 4479 55
2337 7253 75
1451 4046 36
1297 2648 58
2847 7291 5
6740 2232 59
2358 3016 87
695 2816 47
3577 6016 39
2882 965 24
7922 7451 83
6572 4327 64
3810 1094 65
1159 2611 11
402 4930 41
924 7871 85
1458 7943 53
2930 68 46
976 5693 59
7497 2379 90
7245 460 41
1352 1664 76
4364 5511 80
1065 155 51
4044 6246 78
1750 828 88
7222 423 27
6257 1364 62
4714 2521 18
5767 5437 79
3920 7471 11
2942 7299 69
5385 4820 55
4201 2994 90
1078 25 71
2256 6509 54
1006 1426 50
7262 3878 65
2799 3823 79
6517 796 46
1640 4469 1
22 2983 37
2329 1110 87
5517 5966 48
675 2414 75
3742 5403 21
2253 7400 2
431 921 87
1999 4090 82
4951 3722 31
7347 7733 79
2254 2296 59
6762 7947 12
7048 288 54
4868 7922 35
5610 2635 21
5497 3244 86
2675 2577 35
2600 6083 54
4674 5225 4
1623 7019 92
2374 5235 100
5001 7633 91
7524 7258 82
1084 1764 15
4261 6095 23
7655 2077 67
4887 3290 5
5467 7755 23
7349 7983 39
3448 4123 94
3728 3446 89
7425 5508 34
2224 6084 45
7608 3431 65
7674 5420 18
823 716 48
7044 7094 90
1927 6973 79
4087 5405 66
1783 4506 29
555 3420 60
1001 108 92
2599 5914 94
2919 2432 30
7518 5516 26
3393 2516 23
5027 3441 77
6970 4011 7
7056 2946 5
7698 7377 2
1570 7125 89
2998 3206 19
6662 119 68
564 1407 18
7344 203 25
2686 1953 5
6513 5537 11
6551 1776 89
4029 4393 84
7572 1179 1
4381 1072 72
2345 6884 79
7484 7083 79
4945 5222 39
3468 5326 12
1447 5677 46
7941 4060 74
838 133 4
3970 6000 62
4277 5517 34
5757 3497 56
7661 1786 39
7537 827 70
3708 1894 65
2578 96 93
2658 7099 40
3241 3709 4
2413 387 67
2271 7557 63
7311 4673 67
5070 4055 72
6606 152 84
840 6636 36
1262 1238 3
602 7865 65
7677 6522 57
6021 7944 82
6164 5326 52
5882 3114 28
4742 7944 52
1465 7950 22
3923 2311 84
7802 6508 99
571 6359 9
5032 5278 53
2072 7764 66
5564 1157 95
3176 2532 11
2670 2256 86
706 1198 98
7567 3160 51
7209 7411 98
2694 7276 72
3639 3863 78
5014 1229 51
758 7736 88
5536 248 26
7778 7277 68
2352 3356 38
1131 816 73
7199 4504 29
5689 2071 42
7362 530 81
2519 1128 32
6154 69 92
76 628 34
6601 5820 55
4992 5353 24
3942 4822 70
5179 272 53
6101 4170 4
2957 3642 13
1207 3083 83
2762 2509 60
3632 6850 43
3003 6180 71
3849 6494 79
1694 588 91
1532 563 56
7213 7576 17
598 2697 5
4841 1252 91
5129 2045 40
6108 6604 72
575 1277 20
3835 2400 49
5013 2436 69
6239 993 93
7550 5732 35
7783 5705 6
4193 297 23
7150 6769 90
6545 856 40
2859 4708 84
2062 1028 69
2139 2472 69
6752 7855 22
6377 118 78
2148 2741 20
5290 4066 12
1629 7938 77
3844 1930 64
5655 7009 58
7 7889 98
7999 2873 87
2716 6079 15
3091 6865 76
6966 7653 2
187 445 54
7346 1743 13
4463 4967 47
4957 4606 87
4407 4581 97
3472 4417 98
6769 1830 32
2101 3504 9
3763 7802 28
5650 3038 2
4788 5634 59
3233 5091 97
2814 2219 32
5682 4892 63
1062 96 26
7081 337 14
580 5308 25
6204 156 64
1963 776 66
7801 488 24
3493 5022 92
6377 6330 94
2443 4832 93
2072 2637 84
580 1305 100
178 6960 91
3727 4603 67
557 5369 58
1555 1160 21
251 3756 12
7292 6200 1
6045 6260 61
460 1674 48
5911 5102 41
5494 4086 6
7181 3348 46
4670 5010 7
7694 1080 46
5309 4485 53
4675 1294 25
4281 5895 92
5813 124 22
5141 106 8
7991 51 59
1205 1448 43
2268 6418 62
2254 1100 63
298 3289 80
1874 5726 52
2476 6379 6
6659 3890 85
2209 2708 40
6347 2191 22
1402 5907 39
7587 7719 2
2129 3522 34
5182 2633 71
3842 1408 85
7777 3216 62
6449 1314 12
164 7159 79
1482 637 4
1128 1266 58
1525 4828 51
5495 3599 40
5726 6191 6
7794 3981 28
2659 5624 64
7427 349 69
279 5448 43
1790 6490 54
5368 4500 2
5601 1427 100
1813 269 43
521 4693 8
1731 5943 39
1090 4671 63
3067 2597 15
3658 3933 22
2591 6928 87
4689 6204 95
1522 4596 16
991 2781 18
3297 7912 94
5804 2412 5
6940 5630 51
3297 7084 31
5615 1232 71
6719 4150 7
6722 2318 26
2451 7258 17
5094 4065 44
93 7857 31
6896 7469 78
2484 2191 37
7789 3785 75
4493 4841 81
7374 1522 17
6973 1112 76
4509 5781 6
694 5311 3
1925 4752 12
6905 3275 59
3727 1705 18
724 332 70
3312 5774 76
1380 6993 3
780 3266 53
4661 2107 71
2997 6479 94
4884 2816 12
2922 5460 21
7873 7680 91
3651 6973 58
2417 3625 76
2023 6808 82
5426 227 26
5521 7630 60
3606 1154 13
1327 878 66
5180 2497 44
2125 755 6
5922 6131 80
7061 5803 82
1618 3728 69
4271 85 25
2440 1382 40
6584 6681 80
3123 6218 2
3706 2818 87
3991 7409 95
2626 7528 23
1446 3714 19
1434 1307 89
6311 2703 1
4609 1017 60
4303 4119 25
1252 738 100
2879 1380 28
6012 4088 80
7833 1161 13
7465 2981 49
7455 5031 88
5137 3154 51
5591 1136 9
6014 5700 59
7782 949 54
5602 3987 71
1498 4387 64
724 4723 36
5215 407 3
3820 4389 91
4759 18 21
2133 1666 80
2209 78 72
81 4850 62
6766 6313 30
6212 7296 78
5949 2888 40
7061 762 2
2055 2497 96
2697 2482 17
2639 2689 19
4687 6454 53
2205 2555 34
5994 3314 72
3469 2245 42
2585 4029 29
6516 1030 82
6022 6386 5
808 1204 80
842 962 83
997 352 95
5317 6555 5
4419 6291 88
7301 7914 49
4885 6436 62
5651 6035 80
1857 6134 17
1642 6076 50
2759 7683 14
2748 2519 98
2869 4665 97
3692 5583 66
4246 6526 97
3153 7225 4
4096 5670 91
7649 3234 63
1843 1507 24
1985 5298 91
4008 108 66
4389 5488 16
178 2262 6
2455 4261 22
1528 6338 64
2657 4417 35
4686 3624 31
7218 5118 69
6635 493 100
314 6707 57
4459 7096 20
2586 5451 25
7501 5985 22
4816 2047 57
1192 1194 74
1407 3252 29
501 1654 88
7771 4461 2
2648 5008 35
4140 2322 33
3643 7100 34
5361 4383 100
6188 1349 68
702 2355 14
4229 2154 85
3334 545 87
626 2268 56
7321 5112 47
1691 5176 75
2115 5170 16
7386 6955 17
876 6010 78
669 4647 57
6889 4415 72
3107 2253 85
4595 34 2
4161 3801 22
688 5947 43
344 876 84
7643 6704 53
6662 7305 16
178 5043 64
114 2455 85
3454 5783 88
4249 7840 74
1971 754 95
4229 5509 30
7611 7780 57
6856 7686 74
7139 7469 13
2774 2486 91
1944 2601 58
5862 6422 74
6075 146 73
2888 3002 2
1117 7976 22
977 5933 55
1180 6324 23
1610 3396 49
576 4859 22
1281 1198 78
7610 2394 20
1688 6894 56
918 3282 87
7362 4795 89
6797 3866 87
2874 4770 33
7341 2140 59
4356 5700 81
3328 2486 92
1520 6593 48
1333 552 58
5610 7174 52
6344 3970 97
2403 1850 91
2939 723 51
6958 1861 38
3152 7044 54
5830 1530 11
2053 6652 13
5457 5707 4
2892 1069 23
5085 4058 67
545 5973 93
5761 2355 66
7091 6129 50
4600 6801 27
1976 7299 18
145 6795 37
1703 5830 75
3417 2756 3
5985 527 91
5189 7853 97
2878 4414 37
4054 7851 32
6892 2053 5
167 4587 28
1449 3592 100
1583 1111 9
4474 5741 67
7156 7496 94
6778 4943 25
422 4580 75
7628 880 74
5357 5506 78
6039 5806 33
7615 5834 74
1862 5545 43
2093 7119 93
151 1436 42
7239 2134 32
1588 1041 84
6613 5571 1
901 6656 50
2098 3735 89
1140 5531 80
5329 2933 37
6095 475 20
6640 2520 18
761 2978 15
4802 7065 49
872 1589 10
1124 7523 13
5167 6904 11
252 7773 98
1176 1588 77
882 278 58
4996 639 55
4819 1664 86
5145 383 62
6398 6386 40
7006 1275 52
1408 3922 92
4972 884 73
6934 2849 55
4037 312 59
3715 7907 82
4701 5809 23
3910 4703 87
6555 962 86
7279 6402 85
7105 5666 34
6543 4060 55
6236 5401 27
4484 2972 36
6649 4550 78
2059 7769 45
7967 2246 25
983 7203 33
756 6815 71
3048 1760 75
2402 1401 95
3395 2105 12
5385 1108 18
4939 747 61
2714 1706 63
3795 1983 87
2401 1393 71
153 822 66
3575 427 95
7839 3175 61
3473 3763 74
3439 6232 58
6156 724 100
7440 571 63
7858 1471 96
4500 6817 14
3633 140 88
5044 1766 65
6333 4669 19
1467 6522 61
4916 452 10
4873 7162 56
4623 5242 66
7163 2268 86
6973 7845 55
7809 3368 78
4274 7651 71
6938 5560 73
2860 603 39
392 4497 84
7395 3917 75
6516 3123 32
2696 3181 53
5601 6959 92
69 702 72
6891 2356 80
1667 2524 2
2841 7172 5
7297 125 7
3816 4174 10
1220 1552 76
6774 5323 58
2377 5069 12
1499 6649 83
5394 6943 1
4186 5022 92
6482 6758 60
5850 3397 74
4671 843 62
2166 5120 7
7736 69 18
1266 4984 89
1503 1918 21
7761 5354 60
7327 1898 16
3977 7699 22
2554 7871 40
6778 1229 3
4926 7582 60
5768 3538 9
3808 5365 63
5175 4667 22
2994 6067 89
696 5341 49
1643 79 32
7749 6303 76
836 1270 76
2733 2870 17
4413 6132 29
471 7891 85
7246 7537 93
5413 1478 22
6733 2880 54
3817 5662 61
1740 5349 72
4433 7314 36
2139 7127 24
651 835 47
2134 6204 54
486 6661 71
2230 6557 63
5286 3836 2
2308 1441 52
2736 1343 24
5116 7701 12
5212 5847 30
1421 7437 100
5924 6589 29
2750 3031 43
1595 2073 98
6136 4138 39
7168 6041 35
147 6886 14
431 2919 99
871 7296 61
2905 406 78
6878 6018 77
7210 1730 31
3870 3724 46
6919 5798 78
3212 3147 4
6765 2189 5
3729 6256 98
1654 7049 29
1451 3945 73
3597 7494 53
70 4358 73
2652 3674 18
5441 6147 61
3199 7877 51
2310 5157 79
7277 1877 71
3484 363 98
6708 6129 99
2526 3779 62
7756 397 55
2131 3676 72
2651 4560 66
3757 1838 70
839 3187 3
209 2339 45
3166 7217 56
6852 2341 41
7872 177 30
5090 3527 75
826 2353 27
3813 386 100
4476 4610 76
2808 1565 63
2943 1440 2
1594 6716 93
6239 1913 7
2486 2918 55
7642 7197 40
6251 4209 5
2841 5544 60
4032 7825 48
7980 5532 78
1569 3234 99
3955 5162 36
2925 7884 61
5662 1731 45
5070 96 3
4163 2729 99
5980 4184 81
1459 2023 3
4315 2837 53
7345 3371 100
1827 7562 71
5835 2018 56
7288 4725 53
4311 6963 71
2325 3350 81
5353 909 13
6134 2125 39
6688 3759 91
1334 4312 2
253 5329 93
4701 5616 63
3312 2040 60
1914 3438 84
3722 6090 89
2694 1288 64
829 6625 1
7110 2512 1
1179 6507 22
2803 89 72
1817 2971 34
4849 252 65
4863 3239 57
4102 776 73
4760 3810 100
111 7555 2
21 5290 80
6777 2828 79
509 2483 30
3769 2573 24
4185 7913 67
2084 5992 42
1967 5449 33
7008 2467 6
2901 2408 100
4551 6223 62
7799 560 70
5312 3250 53
3117 6621 49
1777 3334 20
6626 6346 47
5630 2364 80
6198 6255 86
832 3363 28
5342 2080 6
7476 4235 49
359 888 3
2316 4903 88
2426 6776 75
7202 7168 39
1115 5130 73
2225 4116 19
896 175 66
1787 4875 61
4125 7233 93
1067 4168 92
7924 2763 51
3414 926 37
3763 3268 19
2073 4777 70
5545 6065 47
6584 781 35
3749 6117 9
5101 5457 96
6322 3398 97
7938 1190 75
4259 6210 57
205 7379 50
5018 4226 15
324 3490 32
5238 7645 71
3408 6904 19
1444 4106 96
270 473 52
7870 4754 86
2861 5282 77
5879 1085 8
7025 331 96
814 9 9
6741 4379 51
1723 3691 87
1909 3565 45
5564 7603 66
1686 2558 18
1945 1935 35
4414 6373 94
4690 4591 26
1947 6542 45
438 3123 70
372 3512 52
5850 1008 93
6737 6000 55
3535 6756 16
7648 6450 95
3685 803 8
7558 5752 80
2334 6221 5
721 7222 18
3864 7801 29
1706 5731 17
7087 2898 1
7306 5502 48
6136 7364 21
2674 3916 23
714 3961 75
4923 6779 40
865 2768 82
1744 6172 28
2775 5384 70
2958 0 8
7454 1105 56
2979 4962 93
5317 3032 57
485 6854 42
4877 5350 91
4748 4658 28
1368 5504 92
5044 5453 18
5593 1297 99
4377 601 66
3428 7695 24
3375 5043 77
6454 932 97
7116 3636 64
6289 5032 92
1139 5466 4
1941 5611 61
936 7759 13
7900 1500 65
781 7095 63
1602 3376 25
2128 7623 45
1081 6753 20
7416 3364 49
4716 4534 61
2057 2335 52
7364 5984 92
3937 3136 31
3474 4656 71
7573 5303 89
3058 6153 42
2209 2784 25
1883 6708 46
1450 5491 61
5935 3511 78
3743 2997 46
6117 7199 1
696 3816 79
6351 6680 64
7543 3792 46
5157 4000 91
7690 4531 46
6398 4028 99
2658 5644 4
4586 3464 4
5240 2995 69
4523 52 80
6408 3504 50
7680 4165 28
7693 5956 29
3352 6093 49
4598 6420 71
2369 3342 10
2233 4162 55
4230 2999 80
1783 7746 84
442 3806 60
6778 5450 48
7886 4454 95
7962 5699 96
4174 2173 17
6949 3073 40
4680 569 73
4606 5083 98
5712 7794 43
1011 5821 78
1149 6422 17
2949 1302 66
7126 3905 8
1823 6412 77
1868 2102 47
2723 7327 20
4687 5754 22
3669 2272 45
7363 4836 43
1258 4695 90
3679 3720 38
2932 1786 13
5489 1343 72
7362 2199 46
6312 5777 86
644 7365 65
1289 7372 31
2399 6882 58
1588 7521 1
5754 6966 7
2611 3029 42
686 3570 87
6786 4973 34
7651 7138 2
4935 3384 53
834 2604 36
1949 1295 63
6554 7284 17
3933 3789 52
7372 3333 100
6314 2005 43
7484 2154 27
6896 3308 60
7023 4732 79
4886 6859 72
6402 2504 24
270 4470 82
3082 1031 46
5774 1231 9
2526 3002 86
504 7180 53
4881 5225 50
1371 5702 38
4870 7441 99
3539 1520 81
3592 7417 92
7794 7317 90
3962 2539 14
7700 6519 82
4681 6697 78
121 3700 96
1631 6224 3
6143 4473 9
1288 1860 19
7698 3490 51
3536 3182 28
6719 1055 9
7559 3335 14
3005 2806 35
2438 2461 87
1680 3280 18
992 5123 2
7355 5775 51
5716 2383 42
1273 1010 84
2973 7771 59
2793 5631 30
625 4811 56
6202 2208 46
4938 5040 65
5732 7284 97
3283 1320 54
7979 2145 40
2292 5785 5
4579 2288 49
510 5584 97
3166 4994 13
1385 3911 12
4175 2960 21
2461 7484 28
1819 3745 41
7302 1239 57
4286 4169 31
6452 3914 1
1796 1579 6
3969 6233 71
5128 3880 35
1309 379 93
6924 2629 17
6305 7445 90
3828 2771 35
6762 5934 72
7014 7234 38
2010 3258 94
3465 522 93
6349 5540 44
1981 1423 19
635 1842 39
2108 3114 24
1839 5268 22
927 3196 39
3280 5000 45
2326 6950 7
4890 654 3
1007 4152 84
6099 5262 6
516 3380 40
3609 2228 96
4624 3805 53
5999 3848 31
2516 6234 14
2581 5939 44
7038 3835 95
7410 468 6
5919 1574 73
5645 7576 58
2023 2012 75
2313 437 37
5049 3602 36
6544 6151 2
6906 7184 37
3304 4204 24
939 4067 42
5277 2886 5
1464 5726 90
6086 1184 17
5085 1343 90
1630 7295 80
6345 2176 18
6367 6539 55
2212 6137 93
4429 5672 34
6282 7285 9
5722 4662 49
6569 5099 87
4926 229 36
7513 3390 5
2546 4916 100
5547 4640 11
736 384 52
6279 399 39
2309 856 45
6101 4274 85
7809 4699 99
1289 784 2
4305 5606 82
4401 1901 66
6004 6505 88
3473 5299 13
2621 7519 93
4362 7068 62
5726 7467 37
7452 6335 58
2528 2380 26
7976 4120 69
7977 3267 81
4478 5838 42
3616 7106 32
3859 6847 83
4541 6721 82
6594 3902 73
6031 6839 87
3097 3131 12
108 6739 26
3985 7319 13
5500 922 74
1273 2602 76
5610 5686 65
1630 1426 85
7749 2250 36
6343 2634 49
2953 5852 10
3051 4999 35
1908 6730 81
282 3153 98
3668 5185 65
3459 6094 63
1848 981 97
4112 4978 99
45 1882 42
5778 3494 44
6473 5219 31
1639 2649 48
563 7840 29
1562 5735 64
5078 4604 9
4520 917 62
3015 4017 75
135 6663 91
116 6615 33
1393 3394 42
7289 6164 51
7840 2157 96
3120 7194 44
1266 5359 92
328 7027 39
3015 5172 40
2266 3679 60
5249 2858 27
6069 183 7
1129 7343 45
1372 2256 16
6116 6725 11
6954 7339 10
7162 7269 91
2186 5916 62
855 548 44
3045 1051 46
7901 4798 34
4202 4682 47
6235 7677 93
1480 6044 16
5396 5707 47
596 4843 49
753 3872 89
2480 4350 94
321 2260 92
2307 3914 24
6948 1166 86
2912 6526 69
491 5937 25
6507 7004 20
7191 285 46
7797 3520 2
1401 7685 97
6630 1705 92
1527 3097 67
1577 1942 61
7510 5930 2
1046 46 80
4039 1668 49
3933 1306 86
3956 1547 42
1935 7122 7
74 1172 98
1172 4995 21
1214 2289 5
6519 4304 92
1879 3250 31
1025 1961 23
5201 5889 56
5419 623 97
4212 115 80
6006 649 51
7117 7221 58
4609 7604 45
1185 5326 100
6668 5154 29
4539 860 52
3464 189 22
7517 3436 65
7928 733 58
167 5548 6
5423 4875 83
4912 7553 50
5270 2454 48
4253 2542 52
2882 155 34
2259 2595 6
5557 7201 59
5801 1615 100
7757 2417 43
7027 4528 61
5620 3625 62
1780 2488 74
6381 7233 12
1882 4551 18
2186 5569 62
7815 1743 75
6177 2276 23
3359 7123 39
6892 6816 37
6170 3086 59
5612 2199 10
7503 647 66
1090 7763 57
4640 1192 83
2220 6504 65
2698 124 97
1441 175 93
6149 5308 97
2444 2711 5
5184 4688 57
1782 6092 97
6929 5495 61
7792 6527 85
2498 3864 23
5356 3445 82
5421 4625 19
491 5442 48
3152 1044 80
5718 294 69
5343 7943 65
5030 7527 81
5706 2146 80
2720 7236 92
5400 6041 30
5242 6958 26
5980 5588 43
7094 5684 24
6941 5648 98
3149 7618 12
2602 6107 43
1337 876 26
1980 6263 89
5937 2886 26
4964 7527 67
1722 6254 100
1462 5903 31
3140 3586 14
2918 2564 99
1549 6679 63
3837 2854 88
2360 2781 76
6286 1844 23
4695 6178 20
3651 5718 11
5000 2186 80
3218 547 75
1680 583 16
5276 1524 72
824 5231 57
6085 4747 18
6747 4696 42
7529 4259 62
7930 4890 54
5891 4588 34
7967 5603 100
7329 3392 2
5079 6960 49
1748 5765 46
7507 6818 31
6591 6551 90
5238 7523 29
3577 6378 66
3417 3123 13
2805 7947 44
3405 5944 55
4011 6463 82
7687 5961 88
163 4200 64
4365 3492 29
3653 3702 82
7574 4380 73
7084 95 72
932 4422 93
6036 6789 4
3889 216 62
666 2317 44
6342 1883 61
7874 5558 55
2999 5299 44
2230 1661 33
7584 2683 95
5589 6542 48
7484 4141 67
4736 1877 77
6081 722 33
6214 3523 57
2194 5352 43
2620 5434 41
884 1849 11
7834 5470 50
6236 7968 56
3918 1453 22
3446 4059 76
316 5485 91
878 6548 97
5806 1786 61
1763 4638 46
7973 2617 28
7871 6237 8
4651 2451 98
3061 6622 50
7988 131 59
658 1636 26
4029 4432 72
6142 6194 69
4 4536 51
3177 1881 88
6999 3678 16
2394 5331 63
2128 5536 36
3187 7524 3
1923 753 10
6764 554 6
4036 4736 65
1469 2618 23
5522 2186 7
306 6858 18
6532 5203 99
3989 7492 80
2849 489 40
7111 5967 100
1072 125 32
7741 948 24
3639 5540 56
2339 1689 53
213 4083 72
2888 160 72
7787 4797 23
4066 5311 99
3478 7520 6
7643 3777 89
4134 2041 86
2799 5858 24
634 7889 21
1221 2495 37
931 1592 46
1787 7874 25
4116 5117 75
608 5463 58
6799 6554 22
6132 6030 16
7050 7317 18
6160 2774 1
7760 5898 79
5899 2260 50
4511 367 41
4639 3919 77
2841 2166 28
5336 5398 36
6228 4590 88
3076 1242 31
6582 6847 26
6030 3418 35
7211 3477 46
5533 1576 82
1278 5474 48
4327 6101 96
7977 6193 79
924 7016 56
5982 3276 90
6359 610 5
7439 3285 40
2546 7372 15
605 3030 72
5382 5885 37
7975 4640 77
4742 3060 59
4457 4236 37
935 1568 22
1988 6400 23
4018 4390 71
7249 4559 92
309 438 80
639 514 25
7545 2040 22
759 4099 39
508 4701 90
4625 7839 55
1170 2709 30
5651 126 83
6295 2770 32
684 4710 30
313 1098 72
3738 4235 16
5799 3702 79
1768 713 74
4624 220 65
4437 4133 17
1459 7 80
6953 7979 68
7754 791 78
5312 3344 62
2698 3786 7
3354 3330 89
1248 1961 26
3186 7135 33
7748 6169 95
7331 1546 85
7207 6381 15
7894 4061 70
5149 6008 47
7862 7614 1
2665 5072 53
5911 603 92
6817 7070 42
6735 5604 95
5457 4299 68
55 4055 2
2220 4357 63
3482 7694 46
6671 3203 11
7341 185 36
3991 6849 78
7222 2511 50
5609 3575 94
6088 3671 71
1953 2628 92
820 3778 27
3262 1048 36
2357 3384 27
5389 5101 44
7635 2593 69
5949 7413 21
6273 1615 73
5571 3312 87
2598 1929 85
1528 7243 68
3615 4966 1
3578 6340 10
2280 734 1
6218 6439 46
4139 6863 69
4597 7317 62
4329 7473 51
1316 2325 55
2441 465 80
2871 3592 15
1308 1502 10
7478 3783 62
3719 7137 66
3548 3768 60
1147 256 51
3756 7254 57
1275 134 69
6315 4750 30
5988 3619 16
4285 7532 100
4967 793 85
4442 1972 54
5915 551 79
5071 3179 29
3071 830 66
1429 747 83
5884 832 5
3735 1524 20
5313 1298 10
1645 7774 50
6947 1902 63
773 6552 81
7100 4318 26
1254 6795 48
1558 546 42
4643 4466 35
5711 828 4
1469 2324 35
4868 6451 36
1390 6200 11
5213 4127 24
4469 1167 10
5032 2275 46
2102 1351 19
2610 2525 31
296 865 66
4375 7907 77
5072 4603 37
6610 5343 13
4572 3484 85
4875 4974 68
5072 5566 23
5831 3325 66
2755 753 2
5562 2506 73
3888 7947 60
5546 7476 69
1912 4118 16
6943 6955 100
7534 6232 49
4900 921 8
3883 5813 11
5668 7065 78
5665 996 25
5229 7093 30
5103 6082 96
1922 7843 69
26 2359 13
71 4375 64
7646 906 100
5274 4539 93
1390 7753 17
1887 6110 81
4735 2828 55
7203 3726 79
5801 591 86
3257 2423 34
1767 6281 68
3282 7317 69
2785 4819 28
7805 1808 94
2035 3421 14
5788 4774 83
2246 7191 62
545 664 31
923 2561 54
3475 4092 17
2172 3969 83
5305 1496 50
2885 5326 56
531 6937 88
3348 7512 40
4943 4636 89
2533 1051 71
6379 1989 12
6585 3264 28
2590 7941 59
2531 2412 88
5098 3178 37
1968 6886 23
5071 6801 22
2470 2689 34
6779 1575 39
7690 4286 25
5191 1979 35
7551 2351 91
3802 1991 22
6917 2273 25
496 675 31
6562 2565 78
7694 2357 59
721 6299 21
363 6168 11
7717 6516 26
4988 6546 20
1823 3238 68
4309 668 85
4682 483 27
4773 7406 72
2318 7823 40
6457 6725 28
3506 5676 24
6106 4380 73
6719 6561 44
7229 1063 10
3064 838 96
6371 576 26
3267 468 65
3209 628 82
2759 1012 95
5374 245 1
6013 877 85
2806 2216 9
1717 6767 92
6912 6112 76
907 1939 22
4185 4970 19
3355 2250 51
4128 7612 74
3361 757 89
2373 5285 93
972 3432 75
7510 4161 100
1800 4213 29
2304 4458 80
4813 1274 97
2016 6837 79
1646 3469 78
1612 66 66
1038 5862 20
1000 4777 28
1557 1770 37
3038 1942 77
2699 5709 95
5300 7979 1
5485 1137 58
1786 5667 28
6173 1171 74
3282 655 8
2482 6000 35
6301 2954 58
2754 717 79
7120 5980 97
36 1618 30
5637 4989 85
962 4318 8
2586 6627 48
3621 4098 86
3205 6588 93
7146 5951 5
1930 1489 59
2369 5509 14
1121 3883 36
6391 7244 96
4537 7116 22
3658 982 64
4145 1845 55
3224 2675 88
5043 233 7
4262 1161 88
4370 976 7
7860 7047 2
1137 7088 68
2829 3129 14
3198 1258 77
5609 3995 88
5805 5128 51
7429 4743 85
6085 72 61
5355 4924 31
6313 3636 95
752 3013 29
4616 5061 9
1747 2870 65
3296 7384 84
39 4107 79
5848 5130 2
373 3715 80
7210 1796 23
2126 252 10
3467 4275 71
3985 3635 35
3679 1350 67
6703 2035 88
6015 4324 16
1953 3166 10
5248 6948 83
768 6332 2
5773 3755 36
5850 978 46
1734 411 87
5520 6858 65
7612 5452 8
1689 4294 80
5189 3833 72
4290 5150 55
6160 2294 36
2001 1435 1
1636 3172 2
3880 2802 75
733 533 33
7391 5025 27
7155 2933 84
386 2021 66
1072 5671 20
7430 7767 34
4395 2058 19
5808 6725 71
3161 7496 90
1642 2085 71
3145 534 51
3842 7140 12
6950 5225 58
4811 1774 5
3226 2556 98
3160 4862 25
6248 309 45
2550 4256 80
3431 2880 71
2586 6811 95
4058 333 49
6138 2722 49
1416 7555 94
3147 2528 71
6405 559 72
7430 6327 35
7494 4192 63
1107 7183 95
1341 5383 63
431 6178 16
2173 3198 75
1734 6227 31
6649 7979 32
5269 5452 93
2434 3486 74
5682 3703 46
4780 2625 42
4153 1295 43
1424 7844 8
3969 4944 82
6789 5334 3
3837 529 48
3659 2735 74
855 1261 77
2173 7344 24
1743 3192 93
1799 1858 36
4240 5828 35
4888 916 9
422 5101 37
3816 378 94
833 2314 15
5809 15 74
1226 1772 58
7225 6556 50
1547 5431 9
1166 5836 26
65 4688 74
2552 1048 50
1826 2992 13
5124 1978 49
6385 36 14
5197 7953 43
2616 2733 93
753 1520 23
1503 1790 57
7482 404 44
6408 336 44
1110 5593 8
1397 4710 65
1492 4752 50
6045 2960 30
6431 7465 33
7690 3666 87
5770 4576 44
3362 6345 6
5293 7577 42
7614 4031 2
7737 2855 67
7040 7239 9
1430 1572 49
7829 7269 85
2580 7296 97
1137 776 22
7221 4843 45
4013 589 30
7036 7070 26
7211 178 30
1086 1246 66
1192 7822 49
891 1063 47
3786 1445 47
5960 7072 12
2369 1918 57
1571 5947 56
4767 6985 96
4088 4818 6
7214 4507 25
6380 4486 14
4346 581 99
1502 1636 75
1127 4733 62
4324 1789 25
5113 2657 98
7727 7572 25
1848 7213 18
4644 4485 13
4694 3738 67
7588 5931 42
4807 6907 12
2051 6321 58
636 6750 2
7365 6157 49
4386 5117 70
23 3061 26
88 2229 34
747 4865 28
1805 2568 69
7750 6355 67
3634 3408 88
7904 6838 16
7024 3808 67
5176 2438 6
3850 5735 72
798 1684 15
5910 1277 55
7431 768 69
4458 5243 7
4443 114 30
7117 4967 49
3281 4346 15
2239 5516 55
1036 1350 20
5965 6541 83
5280 6847 64
853 3345 56
3170 6470 70
1025 5920 10
4081 6535 97
6373 7645 45
3299 877 83
4128 4346 40
4094 4148 6
3519 4591 57
7204 5817 79
6198 6290 65
1279 1591 36
3176 1865 8
2527 3613 58
7762 2918 65
4485 1236 44
2148 2292 7
763 1459 90
3902 90 35
13 1631 83
1172 7974 66
5816 4464 2
6741 1813 19
7774 6783 81
4623 4534 27
1894 2188 2
3123 166 47
4895 660 3
6735 7949 13
1467 3867 72
3063 1240 52
4320 7099 9
7912 6134 3
4679 3145 9
6540 6788 33
4376 5192 93
7938 7332 65
7364 889 8
6743 967 97
7901 5700 49
3352 1905 95
6157 7748 27
7480 5817 42
6698 6317 79
5233 2192 18
3212 4284 42
5981 3930 90
1338 6900 46
1237 4086 49
4253 3826 82
7189 4138 1
1846 5909 67
4949 6378 93
2554 3655 65
5261 1175 98
2735 5951 91
539 7290 17
4602 6571 71
2678 6832 71
7668 5598 49
7949 4492 47
3325 5902 8
390 3382 47
6325 1493 81
6724 7139 84
411 1890 53
2546 859 71
1605 5906 91
5261 3974 100
6068 6949 7
3336 3334 33
5393 4774 14
6541 2606 48
516 5901 66
153 7767 93
6616 6190 98
3153 6764 39
6841 823 58
6529 4146 77
3250 5041 82
811 1456 27
449 3671 95
2127 30 44
7814 1807 73
2796 2627 66
5582 7138 82
3080 1962 70
6167 1078 81
4326 1994 93
335 223 21
2140 1605 14
521 4264 73
5437 3039 6
7075 562 26
6957 3625 46
5112 3703 88
7556 4196 33
2988 7176 87
7794 2481 25
635 4112 45
4274 6280 87
246 2431 59
6384 4755 98
7428 6722 29
7273 2230 71
3523 7231 36
1318 5890 72
5134 5855 76
3513 6560 8
7383 4979 44
415 7877 39
1725 3149 72
7991 4272 30
6535 6563 48
425 6271 53
7441 4293 74
5029 6208 82
537 6095 21
6088 7794 44
5545 5819 57
3930 2935 7
355 7121 37
7121 3991 33
1691 7311 18
6063 4067 41
4687 2652 24
7801 4699 72
7202 3030 48
5135 6859 58
7418 4196 10
5157 766 54
3808 5238 59
7260 3407 100
2611 5674 65
7422 16 86
7744 2360 24
7463 7336 8
872 2639 24
5119 1878 53
7969 4339 1
6359 5117 20
6957 7856 68
3499 2901 95
7666 3064 90
4814 3471 46
4586 5407 97
1468 7860 41
3598 547 85
4784 2415 97
2974 367 17
5277 1673 78
5254 1704 52
2184 1849 21
3223 2379 38
880 7898 38
6828 2951 39
6458 7311 81
2741 6373 67
4536 7733 33
3122 3287 68
2541 2367 59
2130 7503 58
2275 7834 46
3625 5240 94
6757 7314 26
2030 2242 41
7081 5146 9
4144 4843 10
6883 7949 93
6021 101 44
2957 4945 26
700 4544 50
5062 7446 100
7172 4102 34
4411 4250 42
5579 1181 35
2426 519 25
4043 6409 61
4366 46 30
764 3912 21
1750 2784 19
4328 6879 30
7558 2209 9
6954 6119 15
3626 3963 39
7622 5515 63
2130 5737 3
3449 1712 2
1479 5169 4
5055 2570 12
3796 3697 74
7322 2605 21
1556 3688 24
3688 7129 82
1637 6596 88
6074 3576 37
7475 576 41
2795 1421 68
4392 5621 59
7720 5083 46
3291 5059 5
4313 5013 16
7464 3689 96
4358 4775 96
159 2932 11
7840 6671 55
6637 1939 95
1533 4510 15
6910 3623 83
175 4715 45
6269 7907 13
5360 5113 76
7627 952 17
3784 5952 29
2566 7152 82
1450 5577 46
7409 4704 72
4112 3282 84
87 1851 80
3019 3267 80
5365 4224 11
3216 7127 3
3485 6027 92
7777 5656 63
971 6852 58
4135 7279 24
6399 115 42
5227 7640 50
2148 6256 38
5557 5997 99
1863 4082 52
3417 5830 29
5151 3814 16
6982 5037 5
4581 7823 56
7946 6608 60
1471 2652 76
1784 6087 28
5781 400 51
3800 3164 6
3157 5747 74
2975 3983 20
2707 4358 63
7790 6696 70
492 3933 98
6215 773 74
4093 7133 57
1637 1105 86
7324 2408 48
7527 1144 29
5692 7414 67
7710 7702 15
3532 7795 27
685 479 22
5864 3553 62
7948 7780 49
5697 4403 94
5555 7932 97
3427 6266 16
1793 1566 31
2547 781 51
5155 979 19
2413 2059 31
7104 32 33
2833 4533 12
3180 3437 8
1572 2902 83
3264 644 90
6925 2595 59
3033 3669 79
4397 6071 38
6386 1020 96
6127 6364 93
3260 7600 83
5365 4069 42
2221 3826 31
5255 1790 83
1159 2996 19
7334 505 33
7107 4246 94
7690 4694 94
6723 5565 19
2596 7213 22
4050 641 7
5669 1130 51
2471 4578 5
3779 2474 49
479 4570 24
7314 2125 3
7954 6413 24
3124 1913 75
5494 7588 86
2450 3096 9
7004 1858 35
1776 1576 75
2637 494 61
407 2937 70
5383 4453 24
3342 5607 58
2779 5881 46
827 4461 56
5489 6595 24
2899 6687 77
5774 6763 24
6567 7799 66
5318 5738 46
6301 1260 74
4265 3613 17
1272 3435 31
3269 1657 72
2891 1539 49
6574 7672 33
7675 3551 77
6178 7841 63
7984 2464 89
3089 636 31
3408 4758 54
2660 992 73
6469 4638 15
1165 3066 32
551 1771 53
3122 4776 52
5881 4054 34
6036 4724 19
5873 7571 77
2742 2413 31
541 5481 4
6444 6144 38
3083 5974 14
7069 1475 77
6129 273 60
6618 4011 78
4984 5354 14
6080 2552 98
2992 3448 32
537 6915 47
4651 371 73
2354 1893 59
2112 2476 23
5483 5503 83
2792 3363 41
7201 5672 8
7774 6720 17
6628 501 33
1558 2389 74
2440 1557 82
4674 6653 60
2637 2355 60
549 1111 40
3750 1494 100
1475 1270 53
7580 5384 83
603 7777 58
1436 1969 22
5386 134 82
5797 6456 65
2958 1424 57
6329 6349 30
486 1079 61
3380 6692 10
2978 2105 46
2970 5589 86
543 6340 39
3542 2365 73
135 4549 20
2726 3167 73
1579 5467 61
4952 3589 62
315 5463 28
3076 155 87
2865 1298 26
7071 5505 35
2459 1000 38
4800 5802 38
3847 6523 56
3446 6730 67
1655 2466 99
1675 7200 39
2292 4854 90
5255 6031 58
7446 7904 70
5528 5395 94
27 943 48
490 1602 32
2592 1092 98
4206 684 52
5779 4600 18
5961 59 98
4011 7026 17
946 7723 34
1629 2046 20
1414 257 55
2638 4426 3
1817 3991 72
4044 5863 6
167 1920 40
6656 7121 47
4162 3476 35
5590 2029 72
1946 6095 10
6643 6537 24
693 531 30
3042 365 86
6251 624 4
4607 2466 71
4586 3851 41
2041 2258 33
2201 573 80
2340 7791 5
2784 5810 4
7183 292 64
6073 5253 56
3777 6268 16
5579 61 91
2751 7086 76
6306 7683 48
3448 2465 37
4056 3567 51
3422 4882 63
1488 5873 66
6279 3652 65
4961 3501 24
7600 3475 72
1681 3413 88
3572 3903 82
1799 3524 5
4130 5405 30
1717 6711 99
4178 4269 56
2311 7045 66
7364 2201 83
6562 522 31
3548 7905 35
4841 1708 85
7271 582 90
2786 3722 74
1076 5240 2
1553 3507 36
319 2107 61
4906 4867 35
7191 2472 20
1659 2971 41
6876 1564 48
7700 477 16
886 7306 82
3427 5949 38
7007 1850 12
5086 6083 69
5240 3740 24
445 7791 92
4562 7842 91
3448 6872 62
2665 3602 54
2575 3450 8
5672 3648 59
6547 6278 2
94 4656 69
7046 2552 22
1793 1466 81
6178 713 26
1827 1535 21
3023 3358 40
2578 6992 73
4947 5594 41
2603 4275 44
7631 1663 12
5366 1661 40
7700 1062 96
1018 1417 33
1160 5978 43
204 397 26
5239 1299 8
7651 464 71
3881 1865 96
1659 3414 86
2851 1521 100
7976 4255 29
3001 674 39
5527 1559 61
4097 7998 44
6416 2166 43
1284 5412 32
6542 4069 52
466 2182 16
1680 7581 30
4342 6784 7
3043 5544 29
494 6447 74
255 5999 60
5208 6989 74
3280 703 27
5814 3933 14
5739 2716 52
7541 61 51
626 7739 73
711 3199 48
6278 499 65
5041 4652 8
7211 1402 3
2070 1240 75
4995 1311 7
6773 5159 14
7872 281 88
3160 4727 98
7151 882 12
813 3637 76
3429 2497 34
5738 1 21
7128 3680 78
2122 5222 46
1031 6152 38
6096 7394 52
4935 7426 61
2110 7305 25
4478 4910 60
4970 2765 5
2971 4862 69
2995 2563 75
4472 6464 28
4417 1329 1
3635 5090 22
5991 7187 25
2428 3717 60
7725 2107 30
2064 1785 36
1686 7326 56
3131 7598 83
4869 1578 31
385 5108 79
4998 4334 60
4029 1275 28
5076 578 44
3862 148 87
4318 960 99
7433 2797 28
7724 4257 10
532 5859 43
914 1007 28
383 4566 97
4742 5840 78
5752 4922 10
4748 7434 92
3755 3617 86
1802 100 17
2385 3199 100
5702 3422 5
7107 1032 33
848 4202 59
6833 1942 61
1330 5801 60
1830 6090 16
2657 1842 58
3944 784 81
7481 2831 34
4518 7980 81
7828 1910 78
7063 160 96
4347 311 9
472 7161 10
6317 6214 98
1514 4867 73
4177 3530 52
6690 3091 81
3749 7677 64
2008 7463 23
4767 252 86
3283 6902 46
4150 7716 35
6646 5116 17
3567 6387 9
1426 3022 8
7952 6696 5
7807 5573 9
6729 6511 65
6873 4557 12
5660 2266 43
5869 730 81
7698 2831 44
1279 5323 65
4250 5615 6
4028 7621 15
6340 6755 15
5162 7853 87
5895 7463 48
6445 4890 96
853 7634 57
4954 589 73
4358 5595 56
4969 6995 2
5800 2847 25
800 7107 31
4585 548 61
7360 1351 46
6862 1514 94
4678 6199 20
7526 6435 31
2447 6888 32
3911 6959 17
4473 5350 89
5472 3303 29
2751 219 51
1598 491 40
1233 1340 22
1552 6533 40
5870 7694 20
6113 2213 32
7554 7612 9
5165 4379 46
4176 3746 73
3285 2091 24
7478 3093 42
4223 2285 53
2694 6093 35
2870 1591 72
7424 4624 18
7694 7062 39
3239 7209 27
6565 1588 64
4034 5236 67
677 7185 96
5219 855 49
4505 267 34
7323 3438 91
4881 3029 91
232 3660 74
7901 6333 60
4339 1284 41
1520 6809 72
1540 403 44
3842 195 15
1312 3465 95
5999 4624 46
6444 1307 49
2015 6678 37
4311 556 1
4674 7197 61
1188 497 46
3218 3813 42
377 2670 6
4461 6100 35
2403 3331 41
6380 4512 17
2987 4952 78
4044 7075 31
477 5820 64
4409 2541 48
4666 5341 49
6418 2669 98
758 5034 56
6995 902 1
1248 4241 99
1717 2533 10
4675 4255 28
5974 6924 42
2266 5360 37
3917 4867 44
6959 2322 82
3060 2110 35
6636 5169 71
928 7918 10
7483 5280 54
4370 5999 44
4561 1219 60
3288 812 79
17 7116 5
5620 7733 6
1010 5363 5
1927 2477 32
4705 1566 95
6206 5599 65
2210 4894 94
5343 288 24
7832 3557 6
5066 6030 64
362 6334 94
2296 869 78
403 3521 89
5361 766 46
6383 7588 75
1434 4791 68
3023 4612 92
1381 6968 7
3409 6393 24
1259 2180 19
1762 7827 55
5738 6948 26
6188 4727 80
4272 3586 85
2579 5834 76
6653 6346 22
5562 5121 4
321 4717 7
2776 5708 20
195 5555 58
2148 6723 92
3039 2384 5
4441 5710 83
7437 3216 72
6629 4627 73
1840 7366 2
2606 5557 11
1848 3442 86
6286 3730 46
4245 2095 76
220 6235 32
5141 5707 94
1180 7858 35
7575 161 83
5774 5645 89
5306 4548 11
206 2171 22
45 3507 14
4700 3513 50
1172 7326 91
7509 6445 11
572 1107 25
2864 6552 43
6424 4688 95
6185 7980 14
7810 6421 42
4880 2002 99
6067 5209 30
5728 6451 20
4271 6150 80
634 2207 66
4064 444 57
921 7544 11
2132 419 94
2569 6438 100
5847 2785 79
6086 4843 14
1952 3635 19
1480 6930 20
5801 797 22
3456 4920 8
3580 7278 16
3583 4254 84
2252 7835 10
5422 3735 91
4720 1082 5
6639 3216 28
2061 3780 4
5172 1005 91
1112 7287 19
736 6427 37
3515 6345 15
5625 802 3
2383 3599 80
6634 2915 74
1279 3294 41
5881 4442 56
236 7301 63
4697 3160 41
77 6903 68
398 5699 91
5030 5570 35
7524 4236 26
3097 5559 71
6475 4668 71
654 1682 65
2204 5497 57
2965 3574 88
5880 6744 38
1401 6875 91
3455 3526 5
5789 138 82
5173 4040 55
3192 4341 92
6320 1846 38
2055 7963 37
7564 6875 2
7510 7165 23
5444 6910 51
2065 4661 98
6734 4779 96
56 4482 4
1450 1179 64
1500 609 77
5081 1782 81
7753 2826 64
569 5540 70
1742 2714 90
1992 5342 69
6915 7756 96
5962 1005 50
772 4804 81
1138 6929 82
4670 4834 37
7726 5221 98
2445 2836 24
7908 3905 96
1729 5118 49
2667 7652 76
6718 2169 95
5038 6450 3
2838 5028 82
7612 7383 24
7576 6225 69
2347 1690 71
317 5599 15
1477 7724 60
3696 6873 86
3060 3720 72
5286 5395 3
2060 1998 92
3490 4508 64
2842 1372 17
6116 3787 37
5840 6539 63
783 5816 68
6334 2346 45
6363 4161 41
7891 5322 97
7474 3318 3
5481 88 27
6162 1221 65
6147 2343 44
3955 1416 5
6070 1539 92
3395 7466 84
4770 3837 48
4690 1134 88
6342 2470 95
5605 7115 87
6014 1620 1
2851 3262 98
3285 7865 90
1785 525 7
4249 2167 14
3181 5298 45
6338 4950 65
7196 6356 34
4859 6799 19
747 3061 5
7654 4032 29
477 502 40
3078 7174 37
1931 3762 71
4482 2418 100
359 6049 56
287 6678 72
3275 6593 62
7165 7200 43
6317 2509 20
6714 5867 78
4015 4288 75
943 3956 66
1023 525 57
802 3937 34
4143 2969 88
3695 7158 34
3628 270 46
1259 4121 12
4156 3449 96
1697 5195 30
2219 3772 54
1884 5017 25
5118 6665 59
4384 1421 86
268 4116 34
7274 3420 26
494 4933 82
4025 2752 92
7309 3347 16
6838 455 57
3858 5668 19
7095 7499 100
82 5849 42
2516 7413 30
3075 2472 10
783 2423 6
3984 4646 19
6484 3732 4
6690 4533 88
2974 394 90
1287 1163 28
4507 4758 98
2887 2760 85
5934 5733 89
803 1489 63
7940 904 81
2040 1100 18
2487 1384 63
4931 7079 57
1558 1408 74
7921 2165 43
6443 776 69
964 4183 59
5198 7832 88
4575 3091 95
6154 3553 16
3486 5609 51
6005 5579 45
2940 6348 87
4456 234 94
3518 899 52
1046 4856 85
2208 6738 43
3769 3876 97
5495 5435 78
7862 5902 54
2732 1612 100
3555 6789 99
2080 2963 20
7656 2512 80
3618 3536 86
4334 6226 61
6809 5326 28
613 4747 94
2265 4775 11
7449 5473 64
1143 3448 67
4535 5183 83
6481 2609 14
7651 6267 47
7994 7649 86
7046 6014 77
5297 3739 43
4695 5844 84
5793 4352 64
5905 6370 80
3590 4104 13
4289 4472 20
2120 1957 39
7239 139 85
3062 80 81
6955 4341 3
78 3666 47
539 2331 97
3820 7778 41
4886 7455 40
329 4095 69
6098 6808 23
7673 3533 18
5898 4250 40
348 255 50
4059 1003 74
6703 7814 12
296 4106 54
4168 3599 98
1939 5239 64
2302 1308 25
2270 1025 79
6052 3683 70
7949 4879 39
326 3706 77
2402 5135 24
7711 7378 59
5990 2431 34
3052 5601 18
7726 5783 8
5661 2116 21
1604 1267 87
616 1433 92
2464 1864 55
2753 4968 29
6465 3308 41
5712 4273 88
7723 1460 30
5491 1984 36
5684 7844 78
2391 3318 1
1703 4125 78
1205 5363 5
7009 5586 85
5858 1641 47
6658 5415 18
4305 6909 63
6162 4773 57
5326 5137 20
832 2149 4
3519 2645 45
6571 6195 47
2939 1787 17
6676 2011 23
1717 6523 74
3623 3762 47
5669 2181 42
7201 7117 9
7868 1155 67
5087 6910 86
4063 763 94
5870 6652 75
7934 4652 63
3893 6233 33
4342 2811 26
5395 2838 7
7152 4679 6
2229 4731 47
2979 4471 39
7085 7076 58
6830 1817 60
635 2183 63
3803 4360 41
5374 2828 46
822 6601 55
7361 2414 5
5286 5952 32
281 3449 45
418 3692 100
5569 4060 36
193 6567 55
2742 6962 35
6180 1782 71
5470 1115 8
5261 2904 77
2135 4579 23
7141 487 28
1523 1937 45
6956 4029 63
2156 11 66
2825 2686 86
2937 218 79
25 4415 29
7625 7312 36
7211 6622 52
5906 4425 90
2656 7654 25
61 6521 9
850 5394 49
3121 5075 82
829 95 52
6455 4620 14
5939 2321 24
7752 2346 6
4556 2792 99
676 1739 86
7887 5624 72
6402 6608 53
717 2861 31
18 461 28
2972 4116 99
5314 842 23
4498 1111 1
1612 5701 36
1577 1187 13
1254 2696 5
6168 6853 11
1758 1838 83
67 3506 97
5059 4737 8
5759 4668 66
2319 1154 10
4759 7265 14
4829 3209 25
4551 3357 56
2855 952 71
275 4859 80
158 5807 20
654 3825 13
3563 7140 52
6153 5718 100
5456 2031 38
3902 7020 24
503 4982 59
923 7597 13
4392 575 46
5548 1071 50
6481 4941 38
7034 5609 75
1580 3693 5
7874 2443 46
2251 899 88
7941 6917 3
4271 4399 2
2472 1826 51
5112 4469 11
1920 5604 56
95 6048 69
2132 6756 39
3753 2145 83
6564 6252 73
5371 6969 45
1360 2175 8
6886 955 65
1288 6384 54
4415 7767 18
2857 7835 96
1461 305 92
7414 1665 19
2989 7299 45
449 7371 95
7105 1606 83
2421 3013 50
35 3045 69
5340 3287 98
6056 4851 80
5771 3517 9
5984 5022 84
3630 7427 89
4659 3105 78
5435 3956 23
333 2074 16
3008 1025 31
1374 2031 2
397 6869 84
4481 514 39
7098 3278 13
3706 522 8
4504 2197 51
6813 3929 75
4596 4507 29
3845 5303 26
4019 3770 34
4782 6612 72
5821 1333 40
6504 6780 35
7362 4026 54
4863 1719 49
7326 4575 19
892 387 44
2619 2243 73
688 7386 20
5098 4819 96
1573 738 19
486 4422 61
7237 7728 79
4021 7240 6
4663 1769 41
1958 5837 34
2090 348 8
7239 2756 52
2393 5367 68
537 4410 6
1106 4691 91
7098 4746 53
3661 7022 94
6487 778 8
6316 1615 37
5261 5563 45
7445 2325 52
3349 181 45
230 7284 34
827 6253 28
2306 4300 34
5586 6275 64
929 7533 85
6364 2126 56
409 1717 12
3606 7620 70
3610 6703 26
7677 4170 61
5458 4215 32
141 5802 8
2018 1248 12
438 4397 41
1208 2695 95
5098 3 54
6045 4767 28
3775 6768 28
481 7622 96
691 811 94
6303 2489 52
4101 3443 11
2241 567 85
3436 1598 75
5769 2154 45
4498 7987 28
4891 3108 11
7251 3356 86
530 4128 29
1904 2746 20
6825 7632 84
1621 92 81
4258 2951 23
7885 2560 37
173 2812 75
5099 7604 97
1754 7809 35
5657 1651 76
7440 4507 1
6046 4670 86
6966 3888 19
4958 4719 54
405 4499 82
7120 2195 36
7910 1665 93
3650 5860 21
3974 3987 77
7228 1044 62
2481 6843 3
1329 5160 91
6444 4814 95
254 5492 64
5856 7611 90
633 7491 59
3930 7323 11
77 3731 64
4448 3799 64
2775 7914 63
7340 421 40
6024 907 1
1718 2455 18
4031 2848 38
7011 2459 44
6646 4538 94
1433 6989 50
4179 6989 89
6187 7366 9
3273 6896 29
2190 786 67
3832 1171 95
5397 4487 4
5340 4805 12
5167 1148 25
3715 7495 96
367 2886 90
7019 3055 13
5711 4936 66
4804 1345 86
2551 26 53
1519 6772 22
7638 7599 3
1229 2820 4
5345 4275 53
4228 7544 85
135 7590 44
4308 5350 93
1740 5801 73
2116 649 93
3608 5339 68
3312 2134 69
590 3210 96
913 7310 72
7410 6592 98
5830 1477 23
1262 7653 4
202 7134 34
6022 2080 64
385 7421 41
4600 4984 13
7060 1414 99
1057 6464 31
3749 3035 73
6374 6748 20
3722 5802 79
3929 3861 100
3091 6212 53
7751 5406 35
5815 984 36
4047 4570 13
7278 3939 98
2159 1817 50
1542 7597 68
2312 3317 100
193 1834 35
1664 6453 55
6379 6736 50
5996 3780 73
4636 2261 22
180 4208 17
88 2795 48
7773 2688 92
5398 1605 64
5804 3046 58
58 398 26
2973 5066 49
578 5340 11
2359 5176 94
6046 3615 33
1988 3917 32
7565 6015 95
5122 2460 75
6479 2338 60
2614 7803 40
3820 1508 78
5528 6145 33
3979 2609 80
2154 2088 46
978 6175 43
6684 7549 81
4005 4969 64
2243 4993 74
1060 314 40
6385 5655 79
7775 5360 17
783 3283 100
760 6051 25
5878 3014 7
4325 3189 24
689 1820 37
6222 4563 97
7030 2588 29
5503 4987 26
1317 7423 36
5383 7577 81
5981 394 55
4788 2013 53
3037 2343 16
2099 2827 59
1205 5651 80
265 646 57
1515 1363 70
1122 7220 63
7716 2486 84
3527 1691 36
2285 5186 88
3760 7114 97
5125 2819 32
5922 1792 26
6818 4070 21
4420 5294 33
7743 3774 71
2234 2061 1
2260 1725 10
5600 5489 78
4147 2241 21
3264 1821 4
72 1896 98
6233 6624 61
3153 1646 95
2059 5416 82
6011 1672 68
2673 6054 67
1367 4488 57
3686 6795 90
156 1757 13
5931 1965 16
2357 4925 19
6964 4994 46
2352 5794 16
6563 7246 14
5560 5646 25
7358 2887 58
5926 1488 80
1015 1411 26
7492 828 79
4107 6854 7
1150 1787 15
3519 2442 48
517 4523 10
5644 1145 5
5699 644 4
486 665 43
7553 334 9
5968 4299 23
5140 7513 96
3891 7198 45
3525 6244 95
5705 3458 61
5359 7481 26
3378 5093 81
4305 3040 61
6706 5461 26
1387 2314 31
5422 5889 22
1310 1833 35
2442 5331 68
7501 7115 8
5396 4132 83
655 4348 38
551 1403 11
5195 4435 76
2622 1978 23
5703 3730 45
5331 2268 39
4187 6420 38
5908 1839 74
6054 7881 80
2361 6402 65
3057 6843 17
4636 6723 79
2634 3315 75
4723 6539 6
6145 7886 39
6400 7504 87
5281 5554 58
1488 5583 4
357 6917 40
3170 7049 27
1288 4493 42
3367 3241 66
2848 3870 57
5577 7969 86
2046 1564 71
2635 6063 44
4675 7696 10
2922 4578 39
7627 5227 35
3353 5117 96
7675 7155 80
4107 5506 65
7769 464 18
5565 6181 71
3254 2873 37
1757 4165 92
270 3413 32
5229 1329 4
1109 3312 34
6538 6418 39
1608 4825 54
1678 5989 42
1927 7421 93
4531 6931 91
2009 7216 99
7553 5353 90
2288 26 69
7472 5329 14
4849 319 72
443 2146 35
7831 4966 86
3218 5965 3
210 3811 60
3537 5651 76
6832 2236 95
1740 7326 26
3248 2429 90
4793 5 48
2811 2695 12
2994 7064 38
7423 7779 26
1863 2938 82
7871 5665 57
44 3976 100
4003 6051 70
5459 7636 41
2932 4441 18
2026 1480 4
162 6688 56
7171 7432 17
5704 6296 100
5929 7276 18
3934 3374 49
3382 5026 76
887 6701 61
758 3712 57
5141 6093 57
6289 2483 15
4862 4204 37
6860 1556 32
5400 3400 31
6434 7112 9
1594 6875 61
2489 4572 1
1581 1873 44
716 5404 10
2548 5542 12
1711 4921 94
1792 4131 69
3680 6715 44
986 5540 44
3618 3559 13
5060 7041 34
3427 3348 8
95 4234 13
5178 4558 28
1727 6402 15
5358 2595 66
1308 3366 6
7695 2270 28
1314 4621 80
2472 501 75
5979 382 39
367 5402 82
421 3474 93
2729 6139 61
1121 5615 22
1609 5151 19
7372 7665 45
4717 3885 40
1902 6411 39
4201 2288 25
2804 1653 3
3174 328 86
5445 491 69
1748 2641 90
7083 973 27
5037 3166 22
5851 4846 75
3064 6889 11
232 4659 19
5464 5124 69
2705 5096 5
4001 4691 52
3144 5085 37
5522 2114 66
47 4695 19
1246 3793 22
2205 2081 88
7357 1143 76
7002 4422 41
2016 2206 12
2434 7190 34
7141 4052 12
2831 6377 65
3573 3401 33
5373 5912 61
4914 1955 79
6502 594 80
2548 7911 32
1400 2638 85
4019 6975 29
5137 3555 51
2942 7658 74
7781 4828 65
5229 2876 22
6537 2604 9
169 2324 11
7884 2120 82
523 7516 61
4758 7985 41
806 7837 83
2475 950 76
5359 4465 65
1828 7221 2
911 3070 32
4381 726 19
3259 3316 92
4921 6252 72
5783 421 54
5313 7067 6
3595 225 15
1219 6700 66
2237 422 6
167 1008 12
4872 7597 61
7258 2081 9
5817 2432 78
7578 7364 10
4679 756 78
688 6024 98
2062 5944 32
1715 3827 5
152 7721 30
3403 3791 60
864 2233 13
6066 3705 20
5847 6295 84
1844 4370 10
3797 3830 39
6505 1543 39
1172 230 80
4426 3720 69
6322 5925 71
3215 1551 10
4082 4674 45
2636 3390 95
4340 4021 99
3778 6503 31
7229 2710 3
4102 1122 31
678 7138 27
3512 3535 30
5136 1243 51
5378 7225 3
7518 3599 17
4400 6823 34
3853 5998 46
5405 6279 98
745 4070 89
4302 5366 25
7002 3083 100
214 4144 69
746 2492 17
4322 2588 26
828 4968 82
3580 2374 49
7807 7540 71
5649 1387 27
3808 4031 47
3733 3940 80
4285 6666 4
2267 5490 83
3897 1436 80
6102 6522 25
1844 2383 5
6819 5625 43
7822 7924 45
1215 2076 47
1253 5859 29
42 2623 16
3390 162 66
7943 2185 77
407 2988 38
1250 6845 10
3986 4255 97
7807 4028 68
2207 2921 20
4006 5556 100
4291 4150 61
7713 6041 2
5807 5767 5
5017 6420 69
4261 4564 40
353 4300 15
4899 7378 15
1863 3339 100
2684 5436 36
3554 730 93
1278 6359 17
3431 2985 7
7155 6946 21
6120 3329 80
2492 5958 79
2206 401 86
1572 17 22
1898 7943 5
4566 884 14
4259 2177 4
1342 1451 13
1861 6377 66
3966 3750 64
3667 2650 77
4429 3653 26
2787 2464 97
5217 66 16
2443 4937 61
6817 6262 13
6531 7179 5
635 5673 35
5762 4884 22
4475 902 10
5997 6391 25
7785 13 19
1788 7161 4
4454 1993 94
2680 1408 28
6336 7359 6
1860 7065 47
5393 7659 38
7033 1523 31
6532 2611 61
4746 2883 92
3550 79 83
3144 2711 85
717 3283 92
5760 3098 70
2787 1643 21
3596 7179 57
1740 5723 64
6579 7046 76
279 226 83
5365 3284 50
5263 4590 38
2983 5564 72
2034 5391 3
4635 7582 87
130 815 83
2408 1353 50
3137 7668 83
575 1647 34
6925 7407 50
7183 2929 87
5299 2467 35
6774 2778 51
5868 4958 31
1910 1606 71
6461 2621 81
2751 3980 64
4213 1918 70
1795 4074 37
3336 6224 100
1797 1181 79
4741 5564 89
5432 5497 48
7047 5967 34
108 2175 31
6810 5433 40
7898 5677 1
1181 4079 76
7390 4391 87
2148 185 50
4236 5575 1
95 6316 64
2470 4332 77
1762 7558 76
7808 2427 90
2214 1633 48
1556 5409 63
7430 4352 15
76 3171 40
535 7253 76
7186 3581 21
5655 3055 33
4482 6754 86
4278 4255 95
7745 630 80
4114 7624 77
5851 4801 88
185 6648 98
2030 2386 23
1994 6915 49
677 4337 41
6130 6565 40
6505 3519 14
4279 3901 40
3838 7316 33
6810 7337 46
5224 1 99
7207 534 13
3154 1956 84
1218 3381 18
2095 6423 100
4636 6984 96
4371 1851 57
3885 54 98
7847 6611 81
5828 293 19
1410 6155 83
2780 694 54
7534 4873 100
4874 7091 73
5911 5293 49
546 659 46
5843 5312 40
2367 4561 32
2347 996 25
3348 2594 99
6510 2282 43
4251 2493 75
3463 107 4
7203 7124 39
4414 6952 11
311 2307 15
7868 2580 60
2763 2331 85
3410 89 26
5128 254 14
6736 6585 30
6228 6707 50
3828 1701 19
5075 6414 16
3016 1520 71
5013 6697 100
7703 7128 9
4744 67 54
4387 7987 27
4379 3752 43
581 7276 51
1873 998 10
6708 5072 76
766 592 38
6690 3388 33
4380 2822 100
1438 1767 84
3006 3237 14
390 4860 97
5821 2047 49
7489 1966 31
4967 6651 54
5313 1369 87
3245 7808 44
6971 7860 41
6794 6516 74
5693 7110 7
5883 7438 91
3727 436 14
3648 3403 75
4825 4666 58
1401 4598 35
2046 2542 64
2090 7259 35
3109 4118 64
6838 1951 75
386 6681 59
7068 380 42
5788 2768 68
460 2954 94
3290 526 92
5929 105 38
4506 7590 93
3356 7311 82
4677 2261 39
2392 791 60
1390 7983 68
4140 133 94
7067 6289 59
6366 361 44
1918 3092 60
1535 284 97
6239 7675 92
5976 7689 30
5869 1961 86
7908 4885 7
3668 6748 72
2843 1793 42
878 6655 77
724 7665 36
4619 7616 49
5592 4275 76
3827 6060 45
484 7576 21
3838 3930 9
2945 6124 42
3132 6251 72
117 4636 67
5705 0 7
504 270 41
3028 6727 70
1159 1789 56
3467 5428 99
1836 1718 52
6783 7291 83
4097 7130 16
7321 5022 51
4737 5455 3
4951 724 31
1254 2238 14
2732 2075 22
3632 6059 38
7716 7125 87
4896 1743 88
415 4216 76
718 3121 47
6596 6576 78
1552 5003 10
2042 2635 11
3111 2021 31
4078 1081 98
2006 509 69
1600 3087 63
5060 2434 54
6868 4392 14
1988 7705 53
7298 188 89
3453 1384 58
2635 1455 81
2052 6462 22
5641 564 45
2782 2492 98
7703 2831 14
3684 350 66
73 5187 78
7599 453 86
4309 6351 37
7613 1175 24
5924 4936 6
7097 2547 63
4497 7819 41
802 2073 44
7408 7818 94
3036 3328 74
3149 243 31
5558 6846 94
4543 3061 9
170 6826 3
4279 7136 42
5780 2702 11
795 436 96
6438 5929 81
1054 964 52
2412 4444 79
1343 4203 43
7652 5165 49
2272 5415 34
4078 976 95
3305 3189 59
1838 932 33
4918 6822 40
3983 5425 36
2518 4354 57
1065 4902 1
5524 2244 76
4840 1090 72
7721 6612 85
7413 4498 42
7122 5924 39
597 274 6
5816 998 95
3588 1294 22
5150 2295 82
5183 7240 36
2212 4458 13
3299 1982 17
4621 592 92
1889 4660 6
7356 4948 78
6365 4787 34
174 3096 34
6529 459 23
2577 953 7
4008 1342 65
3285 4797 52
5710 1737 6
5860 3425 60
1908 5534 76
5862 6981 73
2250 7489 10
1897 2027 28
832 753 33
4740 4305 40
7789 3969 40
1358 1760 65
1334 4952 18
2118 1540 47
6098 7154 7
6187 7979 23
4181 7030 55
538 2860 42
5522 640 48
7393 2632 5
2121 1209 93
7320 2327 59
3491 6361 36
131 689 42
1487 7875 19
4638 5549 85
3252 7708 79
5480 5671 33
1536 2468 57
570 5943 43
5064 7323 61
3824 5916 92
454 6537 74
7873 2181 95
4574 5651 25
6969 6710 75
3844 5627 65
5724 6352 73
7162 3035 74
3388 1190 30
6836 1186 62
3667 4875 90
7370 5210 25
449 1916 82
4105 7483 76
6635 3577 73
5071 1200 46
2791 4883 57
6578 614 19
850 5563 94
6299 5621 45
2200 2585 33
108 3075 80
600 2623 74
2858 1414 34
6440 3989 85
5619 5107 78
6158 3140 18
5304 4607 73
5414 2375 67
772 938 90
2755 5416 33
5184 4580 6
6121 6542 58
4528 6038 85
791 7796 88
7656 4292 86
299 87 65
7085 4138 8
1762 6809 77
2241 7468 62
2581 304 50
6169 1025 12
7438 3285 32
6539 1558 70
3827 48 5
3224 2022 5
541 5387 13
7751 897 66
6979 1794 94
2841 3796 98
5043 1792 70
4492 3130 41
2961 6146 68
6939 3013 35
4648 5283 52
4392 4195 28
6634 2175 71
4309 7685 16
6327 6486 15
552 5907 10
5325 2737 65
944 3845 48
499 3197 96
5774 6815 96
3894 6028 16
1435 6595 94
3445 3137 40
3793 5323 43
6069 2244 7
7160 6140 34
5871 4628 59
1920 2707 80
1318 6193 11
2370 9 69
1651 5630 42
4500 1949 61
2471 4595 40
654 2466 68
5796 3758 50
3507 154 86
1813 185 71
2010 2407 13
7361 282 72
2205 2319 99
4131 2161 67
5309 1546 12
1969 4814 51
7875 7399 30
2752 6784 41
7980 1524 59
4745 2475 75
5388 3525 85
6001 1370 31
3620 5655 32
2066 2266 79
6886 6645 43
6381 2712 22
4828 5553 22
4308 1839 99
4162 2892 41
6170 2359 38
431 3174 53
887 6532 24
6811 1315 24
1273 4797 1
6847 6350 41
3743 7457 81
7223 4900 21
6650 2071 51
1443 752 20
4934 7262 68
7449 5012 6
6410 4748 74
4513 3461 40
6552 5053 70
7578 962 18
4318 963 73
267 4426 37
7592 2701 11
3446 5778 51
6595 6062 71
3136 3084 34
3083 6615 59
6798 3176 24
7065 2517 11
6600 5113 8
1072 2606 55
3586 5724 19
1324 1439 71
3398 1119 76
4964 6721 51
7833 2384 8
892 1733 74
6053 3054 55
692 2621 78
1644 1863 29
5891 3434 57
1417 1556 97
611 860 60
7884 201 85
523 3385 71
5918 4310 68
2610 1706 54
2712 4733 52
4522 5102 65
4343 7522 48
3110 3545 31
3986 307 44
1176 4330 11
7103 2683 64
4879 5780 5
4779 5821 65
3179 4626 97
214 4547 100
6170 268 87
3161 7110 11
4147 775 40
6348 4484 43
3216 6409 25
2182 2591 26
1862 2009 27
4929 748 82
3411 3618 24
3033 3586 98
6337 934 45
3893 7636 41
1182 785 86
2145 1986 3
7471 7015 23
4862 5975 82
496 4172 63
4796 1749 71
5361 7264 64
734 7389 34
5013 5672 41
7666 1548 99
5259 5104 12
1548 6628 12
1978 7568 53
3471 4767 20
2899 7471 67
836 2001 73
276 5002 96
701 2560 34
5707 1199 51
4835 5351 48
887 34 52
7805 3137 35
3614 2065 97
1779 1090 16
6037 7993 34
2360 2322 41
2166 6970 35
5135 2856 37
2165 7186 67
5997 381 23
2658 5149 29
7379 6011 50
1171 5868 95
7768 1364 70
2960 819 20
1956 2293 60
6088 2204 48
7660 1300 41
373 3657 23
5612 7564 53
6762 3057 45
613 3855 60
7194 6940 60
5486 7046 39
3934 1021 21
6530 5807 95
4211 3106 67
5829 1257 42
5180 4018 39
6691 2655 9
5371 4242 60
1716 5192 34
7722 5155 71
217 5127 60
4908 2267 40
5355 6713 15
3047 5886 71
5165 2345 98
1182 7289 13
2266 5076 3
2623 5242 28
4823 4736 3
205 981 25
4677 2724 92
5666 7252 55
1211 6847 39
2676 345 30
3754 265 76
7613 6319 51
3991 4020 10
7387 3050 29
7456 2656 23
5250 2558 79
5974 5594 74
6309 7297 58
3104 6902 52
4400 3739 23
7422 4333 77
5703 6651 66
1064 1944 80
328 3463 26
186 7872 7
1475 5423 47
2976 5106 87
7035 5874 77
173 7271 69
4835 1538 87
3380 2110 63
3444 6981 85
3648 2604 81
6969 6263 37
3316 2907 51
2472 5603 55
249 1032 90
292 6158 90
1995 7431 99
609 1435 55
7312 4317 33
2979 6105 57
3651 3664 74
3917 1246 76
2156 4207 10
2589 6921 59
2370 5126 70
5298 6561 62
7211 5316 11
2480 7144 45
1578 5349 74
6034 5830 44
68 2922 23
5727 3935 23
3360 75 92
3769 2877 18
7495 3026 46
2329 7714 78
5898 2651 83
5125 839 68
4689 3651 15
648 2380 71
4988 601 73
793 313 20
4247 2243 57
6771 630 68
4005 3097 72
7829 425 25
6082 4878 58
6777 6665 81
1744 722 84
5578 756 26
3230 2845 20
3911 7008 80
5639 1329 3
868 76 16
2329 1745 15
476 5042 93
5310 2552 95
1415 7616 64
5271 6295 1
6025 2871 72
4105 404 50
6257 4826 51
7684 5192 89
7651 871 82
2127 6602 84
1451 6594 48
2202 7594 74
4661 5376 11
3788 5854 21
343 7109 75
5422 7038 17
3402 5638 42
5931 2433 89
7015 1782 55
7910 4634 16
5293 4805 31
5257 3462 42
5932 3800 99
7127 274 65
341 3976 43
1026 5276 1
3090 999 100
7649 1562 77
63 7736 20
285 7094 69
1161 354 48
6256 3354 39
5325 766 6
4544 5270 29
2838 5276 93
5265 6791 71
3196 7939 100
3093 415 47
6309 6436 44
4626 3466 4
1361 6744 52
411 677 18
4932 816 25
623 5798 3
4858 440 75
3539 5997 26
1573 1012 1
5269 2926 23
7352 151 58
3347 5820 32
7036 2548 91
3562 4232 67
4327 4931 86
7498 6459 52
5590 3780 61
1707 4937 76
2903 1126 85
3929 4942 43
1788 5266 24
7340 6892 95
5005 1342 40
2094 1496 82
4881 4146 19
3624 3761 72
5420 4815 57
7765 7376 59
317 3727 28
4342 456 81
1556 4901 13
5176 5861 98
2955 4947 93
3042 187 70
5223 5275 98
110 1406 47
3539 5943 71
3992 5065 78
4528 3607 33
7866 5825 30
5226 736 17
3440 7712 55
4445 2792 53
1938 6785 68
5123 3017 8
5050 4052 78
6244 6088 70
3002 7766 57
199 3597 27
6966 4393 88
4955 2749 28
733 6614 17
1314 2936 1
4513 7619 66
3132 2650 96
5339 2223 94
507 5216 78
1268 6686 58
3936 4335 8
6965 5233 36
1457 3383 85
4789 2192 53
6781 5752 43
323 4771 57
6316 973 5
2521 6569 67
1109 1259 36
2470 3782 71
7163 5206 3
728 4473 58
5140 1178 32
2018 2323 46
3923 874 19
7949 3744 17
6120 6250 85
6638 3081 100
4938 3429 1
6992 4402 96
7801 1383 32
3835 4758 7
6098 4965 61
4651 3347 21
1220 6383 47
298 2358 81
5567 213 45
5254 6799 8
1546 2009 42
5775 4460 29
1008 4089 59
7321 2327 5
1836 6488 15
522 2799 13
7431 954 4
7952 6817 19
3178 7174 57
7927 4102 39
7405 5048 78
6232 7878 40
6355 1294 30
3470 7703 78
7868 6246 13
1844 7208 18
5313 7364 93
351 7325 74
7130 371 89
6703 941 91
1148 2379 12
591 728 49
2826 2387 69
3337 2837 67
5762 1678 83
2855 5329 79
3720 5150 30
2610 995 67
3949 6122 72
4739 4385 24
5771 1 34
6422 534 83
6168 5580 22
612 4930 59
6434 6568 14
3117 4787 20
5514 4701 75
6610 1181 5
6600 4775 10
5145 4156 61
3547 5200 23
5051 2415 14
1315 1879 43
4951 284 2
7111 5077 17
5323 7088 24
6908 4785 46
4272 3981 27
2415 3703 100
7276 5366 43
7614 5038 42
282 7064 8
3585 650 87
6225 1047 36
5094 1820 68
5978 5249 17
3576 1971 69
3447 1915 34
4766 4683 56
2702 2546 40
6230 6903 9
7076 1371 83
3769 6918 90
4557 4601 65
6736 4457 52
6284 6283 56
2606 888 82
6476 3213 77
4470 6562 18
1523 7363 28
5611 2366 86
4064 1662 14
541 3083 34
1457 4133 27
6418 5651 40
6838 2159 3
2980 4527 71
288 2689 9
7833 5640 18
5884 6024 82
4713 3793 24
6878 6028 17
3580 1997 69
1076 5298 80
885 1829 84
1244 5451 63
6244 616 45
359 1560 11
2609 1 91
5575 7504 57
3854 1679 30
1864 5842 82
6127 4014 82
5588 248 46
77 1901 36
7763 1219 57
6439 1047 54
3248 6602 33
1415 1712 63
7467 4641 89
2723 1593 52
2817 4712 77
7115 1668 6
4732 6586 70
7841 5231 74
5651 5898 71
1743 7718 53
2771 5647 88
4818 174 39
2305 7520 5
4111 5209 97
806 4511 85
6347 5172 75
230 5286 72
115 6896 8
5288 4651 4
7294 6863 61
5859 1887 38
2561 2629 63
3838 4776 87
7645 2016 53
807 2840 87
4199 210 79
7287 4322 31
2608 4065 34
1058 6054 91
531 5998 28
7393 1224 69
7557 1477 10
2466 6065 49
5043 4858 64
7411 6107 39
3203 5624 41
7688 2309 16
4782 6901 93
3365 7391 74
5623 2348 91
2671 7708 3
6360 7771 41
6507 3865 10
7450 7996 68
4840 6565 86
928 533 20
3115 2752 67
1505 851 91
3911 1735 45
4457 1728 9
2402 1239 97
1979 2309 99
1707 6376 54
5388 5367 92
5800 7649 76
3628 294 33
3150 2522 78
285 7238 28
4817 2840 6
295 3173 89
593 6782 75
2012 508 81
1485 6369 42
2680 3701 70
3251 2318 47
562 5705 51
2954 3506 55
1105 2426 50
2829 7595 62
5851 3923 74
5784 6060 57
5957 6428 2
3547 7397 50
6641 5359 28
1769 4421 39
4920 4998 14
231 2031 44
186 4790 87
7739 199 88
2549 2245 8
4057 6251 6
7399 1926 57
6198 1116 13
4465 2061 78
7552 5747 83
5933 6254 28
6916 589 75
1191 964 96
4132 4908 45
5823 2489 90
6672 6822 47
1747 482 6
2199 7401 23
7853 7099 57
5179 7107 57
1854 4053 12
5200 3998 76
6489 4435 66
7506 5098 98
139 7962 32
5355 7515 94
1074 3235 73
6876 6074 91
5862 7233 99
6646 3273 41
5457 1271 20
2671 3197 77
3932 1863 22
3826 7254 57
5729 4830 29
7485 1079 67
2302 6290 63
4655 6611 84
4025 2109 11
1679 1994 93
2761 5547 64
5372 1973 47
1871 3013 29
4445 4740 13
3941 3637 85
3642 5583 54
5334 5077 16
7658 441 66
4079 7069 8
4450 2912 63
208 558 18
1066 882 58
6407 3165 35
6390 630 55
2123 7058 69
7778 5965 15
958 3158 78
5319 2964 31
5435 2136 68
6509 6348 99
5577 6190 4
4189 4155 45
1329 4317 97
3702 2046 51
3360 1627 20
7229 1076 76
4807 5447 50
7599 2997 29
683 649 74
6609 46 100
3661 4627 64
470 3445 79
1009 589 78
4320 2591 28
1078 7320 56
3610 153 90
2592 2392 76
3098 7301 95
4733 1610 22
4628 1760 39
4830 6193 41
1034 1418 44
6299 5591 21
3256 2573 6
491 5640 71
4025 2202 2
1862 4901 31
7359 6993 12
4144 4725 16
5829 6195 8
1667 180 42
3713 4544 80
4675 1285 7
5252 3835 34
7914 4126 72
7724 7940 22
3627 3996 15
4995 5818 14
6222 348 86
107 2411 33
4085 591 86
6430 6917 100
205 490 68
3461 4813 3
666 1071 94
2583 3562 40
5394 7518 89
3166 1040 50
6846 1964 73
1 6716 90
3958 653 4
7713 5364 14
2996 4839 41
7995 3530 14
3943 3391 67
6243 5814 4
6214 5518 68
642 6427 24
977 1280 84
7258 3098 19
4230 323 44
4701 3805 35
2283 3245 17
952 839 75
3611 4812 13
2913 1959 18
1068 4747 11
6228 7059 32
5392 206 93
1714 5152 69
6751 7912 56
107 3701 31
4227 496 33
2530 5263 41
7177 7366 79
644 3696 78
7631 3164 99
6490 3944 52
6917 314 1
7569 533 9
179 4781 78
7021 638 8
136 4431 15
6594 2450 99
3717 5794 7
2226 3991 70
1984 5646 28
5599 6575 86
7895 699 47
867 2574 65
7451 7631 51
3726 5842 97
3309 7504 21
7223 5239 91
5318 7186 47
6559 2159 70
6654 195 28
1058 5272 14
3071 188 48
933 1691 92
5195 5310 23
2496 3885 80
2627 3906 97
1137 7857 89
6027 2709 99
5590 908 30
7938 4000 11
6530 3323 16
1911 7818 96
561 5086 54
4777 7328 100
7565 4899 24
5169 1151 5
5795 6872 5
7760 3881 97
6370 1768 57
1807 1504 37
3896 2481 93
2444 4937 61
5771 6444 34
7494 1507 7
2045 2223 54
2040 2241 36
4335 3394 71
3113 5875 96
1317 3497 76
4412 5381 75
96 5800 6
4663 5169 87
3069 4993 15
6998 355 31
1275 1056 96
6556 5820 39
4221 5208 95
5898 4952 33
5805 4041 29
7159 4711 88
1147 5994 41
6101 265 90
1733 5890 8
2716 3102 13
6744 3375 38
698 6653 12
5251 7601 51
5407 1895 86
7377 5143 6
3348 5511 3
4969 7646 45
567 1922 62
3445 817 88
2273 6694 19
7531 4429 31
7096 3096 64
149 5313 95
7271 2635 75
3233 6927 91
3331 4212 87
4529 5166 18
1084 3989 4
7345 1952 56
3026 2040 84
249 5929 34
7643 4580 56
340 5981 61
2202 4187 68
6267 5649 3
6787 6246 54
4167 5192 38
1624 7723 74
1280 6707 55
4749 2567 12
4219 2502 56
3804 715 68
5289 2562 64
6722 6155 38
725 342 30
6351 5200 65
1093 6415 68
2791 472 2
2679 590 85
894 6194 81
5158 2411 88
7983 5674 76
4155 4809 98
7868 5558 32
4810 1324 41
5898 7219 28
2365 7688 1
7904 1573 93
876 7558 32
4925 6607 70
5212 753 17
6104 6310 21
4033 6722 52
7692 2896 22
6916 624 32
3871 753 80
2421 6165 72
5574 5260 83
1504 1399 12
5215 5286 61
5411 1227 37
3315 6742 86
7825 7774 21
5323 4616 93
42 1056 72
7800 3314 4
1546 4218 76
2328 6485 82
889 1740 5
92 2672 42
5007 512 80
2320 4368 65
4645 2357 80
1966 4230 16
4889 1081 52
4206 7043 69
1884 3621 27
988 1023 65
6555 4456 42
3050 2783 34
7850 1465 93
1170 7775 34
1138 333 90
3493 2629 61
101 7533 40
5006 4073 63
865 2995 54
1066 6555 45
3021 4789 36
5792 2710 83
7384 2047 5
1929 3560 57
2116 4528 90
1743 768 59
3291 2767 41
5114 7107 30
1723 4738 65
6146 1075 99
7631 7288 60
4028 5010 49
3470 3501 35
222 1701 17
4831 473 96
5570 2878 42
7065 510 15
5524 7489 65
2803 5759 38
4798 3702 17
5745 491 72
6537 3836 22
4185 4340 4
3881 2434 93
2768 4419 56
4640 4466 32
5679 7669 72
4898 1881 1
6161 4448 2
2910 5729 4
816 3452 73
6188 4216 51
3498 5115 70
5117 290 68
1787 3100 62
2960 6777 1
3048 1233 26
7606 4149 85
4978 2200 43
3209 7013 94
4187 2003 4
4260 1784 3
3605 4957 70
7440 1758 89
7810 4015 32
5197 4259 57
151 535 89
1269 6310 97
1563 2047 94
3075 2526 51
5537 7833 82
5519 5927 63
7340 4195 87
5605 7956 67
1460 7222 31
4334 5089 43
5864 6457 54
6398 591 17
6732 1894 97
7669 3244 45
1798 4157 2
2481 1898 49
5599 5946 92
3858 748 32
4426 768 70
7426 2211 88
4559 6330 72
5552 6701 52
3619 7179 75
6333 2414 82
1704 2476 19
3387 2870 71
287 2968 29
3951 5217 65
5183 3502 8
6344 2299 12
4556 5744 32
1161 3343 94
5702 2512 1
6363 2211 53
1138 728 13
4660 7672 92
3012 1257 53
2570 5870 44
379 2200 25
7550 6657 38
6895 5264 38
1791 2998 22
6055 1406 30
3478 936 54
2060 85 39
6663 417 52
3829 1257 75
538 4109 7
575 2061 45
3994 5671 87
464 7223 6
6658 2964 33
1559 2452 94
7899 4650 69
2298 2439 71
2632 2999 44
1056 4974 24
7183 5141 20
415 675 28
3246 1666 25
1609 4608 69
5593 6606 32
5726 5483 65
2745 7331 64
467 5064 17
2225 3315 64
2979 3047 42
2691 1651 29
1196 2765 51
6293 7424 25
3135 5455 5
7204 5649 36
2328 236 25
196 2594 14
5790 880 82
5984 4704 30
2579 5220 32
339 994 30
7466 1873 64
2215 215 20
5298 4943 45
5301 7780 15
6552 5929 18
2000 5760 29
3884 6630 19
7209 5589 83
4379 1182 4
7994 5172 68
5079 4085 15
7638 2791 82
4687 5533 14
6707 6821 39
219 5475 11
1524 928 99
4224 4711 63
6513 3229 41
2309 6068 81
3099 546 60
2242 6225 4
931 111 36
2827 4359 20
2671 2146 31
6567 2253 17
1822 6241 85
5400 7389 33
5601 4372 3
3555 6289 13
4255 7257 76
4556 3498 89
330 6590 69
638 3553 21
6992 1162 74
6646 2876 87
5792 4223 50
833 1595 14
3359 6508 23
7433 39 20
1974 89 21
2647 34 4
6271 6623 8
3932 3592 65
3343 3291 19
2764 7734 23
4829 6164 82
5564 3969 37
5782 2568 97
9 2787 7
4034 4986 52
4116 7935 44
1864 6620 68
4031 1105 39
7416 1290 60
6565 6875 58
7161 739 56
5191 5456 43
5589 6491 47
7351 3478 61
1489 5852 39
452 7926 57
2158 6042 77
3974 474 60
3739 7191 6
1584 3806 10
220 5525 62
6582 4692 86
6382 5133 59
6665 7407 71
6264 699 14
6096 2123 18
209 1892 39
3157 4076 32
7567 2573 53
1354 6248 30
2144 157 16
3783 6486 77
1979 6897 88
6563 1358 42
6812 5843 78
2303 4889 6
6801 5407 34
5190 1328 81
1256 4928 28
1255 3569 86
7008 5018 9
6460 7321 78
7403 2382 73
596 7202 18
6159 742 53
1947 4806 46
5025 7254 13
6976 1544 72
4186 192 12
2731 7719 69
4057 1032 39
6408 1260 92
3332 2832 31
5646 703 15
7736 5526 27
171 5523 16
730 5679 92
5694 4726 65
5254 3818 79
5399 4847 78
567 7731 43
7109 2096 80
3893 5558 41
4593 6612 13
1976 1324 21
6562 7664 81
7596 4915 100
3510 4547 3
905 2617 89
3365 1160 49
1244 7434 20
869 5227 52
857 2943 78
7920 466 87
883 3510 44
7997 3033 52
7917 1336 97
4446 1517 23
7573 5090 70
7499 3270 79
5917 2185 91
2374 1441 7
1567 2286 41
740 1353 50
2883 5666 65
6009 6502 6
2415 2719 29
2305 6237 11
3048 2899 82
2394 7947 64
7837 7066 67
3638 3001 75
523 1168 74
7159 7823 16
543 1536 1
851 6654 31
818 4419 9
7903 7282 80
636 3043 12
4606 4556 63
6054 6581 40
5891 3364 57
5061 5353 51
5967 149 14
908 1603 59
5508 6349 86
6104 3274 75
7839 6170 22
355 3333 90
3028 7114 94
4255 2283 25
3766 4737 19
4463 4170 23
6859 4825 31
6378 6486 81
7290 477 8
1577 6051 67
2042 6878 18
4169 4808 71
5644 168 40
4867 313 97
7269 5288 74
7378 2173 57
3974 6747 3
993 2714 13
4180 961 52
3910 1665 34
6213 5753 30
7220 4643 62
2172 1705 43
7447 1660 53
5064 5759 43
7124 128 99
225 4048 48
6464 1465 57
4680 3891 41
4301 5235 49
7619 3368 53
5789 6299 25
6024 4931 93
5703 1712 90
6618 2655 91
6884 3142 95
2510 5189 96
6171 5021 41
3045 7617 80
5366 2435 32
1411 3234 55
4942 4529 24
6605 6031 46
1797 6516 60
2490 5576 58
6877 1667 74
3083 6390 86
7303 1727 60
6481 6770 29
1854 275 82
879 1773 75
7477 2096 33
5233 1374 70
1185 2760 19
3799 3580 41
4177 7578 92
2559 3048 19
1739 2924 75
5356 1077 70
7138 7392 41
7054 4910 29
1489 3641 15
5978 6390 92
3437 2697 99
3555 4194 90
6765 2867 98
3844 2249 91
6407 6417 3
1947 5438 33
5961 2823 48
7301 1296 100
4933 6192 90
3874 7450 2
5968 5579 27
3114 6962 64
7110 4853 37
3846 1463 95
6997 185 89
5697 807 41
7735 5710 54
5401 7949 2
3560 2282 54
1512 2128 17
7191 5827 45
1916 6516 48
637 1975 79
4641 3921 73
43 2648 23
4824 1549 83
6014 753 48
5685 1277 33
2054 981 51
4365 157 23
3393 6570 68
343 4142 10
4784 4167 33
4711 1464 73
6477 2074 91
6734 4085 96
2440 3992 52
6084 7031 53
5531 555 86
2608 2627 9
5695 7911 66
1832 4572 64
4225 2274 56
5225 6797 22
7327 6282 12
886 4550 90
7347 6723 14
5430 3302 7
712 1668 12
6874 7232 13
3569 1247 69
4352 1111 28
175 1776 90
4606 4596 38
159 1124 100
4278 3937 39
3807 5876 63
822 63 63
4553 3491 63
3248 2375 24
5814 243 38
6781 5742 33
1150 5448 92
7580 7035 57
1205 3177 94
2146 4462 94
5613 5456 85
5322 668 43
1354 6760 30
5709 3817 29
2768 4796 51
3441 1487 1
5457 6460 6
982 2891 51
1432 2689 73
2736 7069 48
630 7976 79
3267 7165 19
7791 4908 58
1890 2619 11
2575 401 38
183 4901 44
3921 3413 66
1484 314 79
847 1034 98
7322 7963 59
5973 220 26
7703 7627 31
1709 3599 74
2274 922 73
5191 3885 76
1058 6877 11
5874 5803 93
1896 4167 14
5419 3995 37
6422 83 28
6053 2211 87
6671 1391 15
229 4933 17
7640 7162 85
2364 494 24
2559 116 15
2376 7593 72
7887 7672 24
2501 5357 25
6733 7104 24
6820 1501 33
89 550 42
7935 7195 69
7223 7412 13
2734 1634 65
3264 5395 79
6983 4894 100
4110 869 60
5048 769 34
3821 6493 100
6033 707 90
4153 2749 30
1476 4319 3
4590 2044 58
2937 6817 95
3117 3930 52
4451 87 89
6316 7080 26
4223 6532 12
2125 2164 2
3655 1238 76
7885 5693 32
5141 870 89
950 6421 32
7856 301 89
4091 1565 22
460 4154 42
1126 4940 43
5144 4783 27
495 6879 40
2633 2420 92
1922 3772 61
83 4708 17
5045 818 16
352 2285 72
1677 1538 55
6708 3688 27
2642 258 79
6565 751 47
7799 4796 12
2689 6184 5
2945 2961 87
4146 593 2
2997 4594 34
7144 7945 22
7884 7414 19
780 5039 83
4284 6722 16
2062 1342 96
7914 3332 46
1130 1006 60
1718 7972 27
7194 4087 28
2684 4615 46
922 1331 47
2613 4184 8
2522 7117 49
1590 7359 76
4001 2796 84
3795 2539 30
7771 5571 10
6756 4684 29
6319 1937 82
5451 1586 20
3213 5118 63
755 2527 63
5266 4107 38
911 2806 65
864 3572 4
1736 6682 36
3916 3936 57
732 2977 96
1093 5324 45
820 1831 83
6701 2580 99
4774 7112 28
4226 5867 63
5784 7584 56
4309 1927 64
2029 5033 39
5664 1160 65
2701 5365 69
5807 6646 81
2660 3224 24
5966 6661 11
7125 7009 42
2320 215 41
5559 6428 79
5095 144 31
4760 1803 59
7661 3029 9
5998 34 43
5383 5414 62
4136 5900 25
5853 4852 87
5895 7376 98
6200 3040 24
515 3707 99
5133 4990 54
7571 1271 11
4714 2736 89
1071 3348 84
5351 7042 62
4010 3016 19
4522 1016 22
4705 4368 51
6390 5558 76
2441 2863 41
896 170 80
4881 2120 43
424 7358 45
5134 5915 40
6467 2108 99
7242 1515 2
2350 2615 61
7548 6490 66
1872 4261 41
1628 3267 84
6183 1633 25
1986 7750 20
4083 1265 29
7626 2274 61
146 5102 70
7634 6207 24
259 47 59
4791 6253 51
3009 3821 44
495 2892 46
2525 2300 50
2196 1328 23
3525 2660 95
2825 219 31
1317 7830 78
7461 1056 58
2170 7848 46
7929 7545 36
1468 3561 93
7672 5748 61
5369 1703 73
5515 249 21
791 2714 34
1820 591 25
7900 37 59
7045 3898 30
6284 690 98
695 7641 56
6344 7943 38
1160 527 10
787 3506 1
4506 15 30
7491 2420 93
3395 5340 32
5813 7322 52
335 1902 24
7315 6468 28
6671 5917 12
1963 7790 88
5546 5209 28
5141 3648 10
2377 3355 16
4199 2329 30
4640 7047 83
6701 2908 50
2783 2720 47
6412 5156 20
6012 572 33
365 4690 4
3114 3911 72
2042 1317 70
2055 5231 43
4336 7115 36
4586 6803 97
5677 826 28
3681 4013 42
1250 4801 33
6495 7977 85
1790 5361 70
5132 1907 95
7505 3069 32
6662 2773 93
4750 3932 59
5832 4632 38
4586 1271 32
4692 3475 20
4747 3660 68
6983 2025 9
5611 243 93
4851 6063 34
673 3343 47
3245 3482 9
2692 28 50
7187 3517 22
49 3408 24
7775 1710 83
2794 863 18
4068 542 74
1572 5587 86
6086 6376 46
3536 1407 88
3718 1861 65
4673 4868 15
564 6667 7
1044 7722 4
1214 2187 30
7207 6141 13
3277 2645 19
2531 3737 81
4551 3372 46
4892 7351 41
2277 4411 67
499 898 38
3138 6840 75
5528 1798 99
4718 6303 16
3612 821 68
4185 6207 68
2157 906 7
7342 3246 23
1157 959 28
1621 7574 17
6776 725 60
6382 3210 50
2114 3108 58
7605 4265 38
6246 1335 93
2192 2631 24
1650 3989 41
2332 3500 52
318 5354 87
6218 7964 72
7385 1644 87
927 7940 55
7262 1591 69
679 1334 53
1250 2614 5
6049 3294 32
6470 7829 50
6068 2930 6
873 4070 6
4500 3193 70
799 3982 11
3867 3162 37
4022 2171 19
7569 5477 32
3349 507 10
1338 5096 86
2855 4693 6
6230 7583 81
4569 6585 48
4404 6873 18
7493 1185 23
4591 6481 37
6648 4464 6
3987 5695 61
503 256 60
262 5353 73
2936 1545 89
5217 6404 55
7407 7854 32
6683 172 42
6491 4931 23
938 3737 39
6538 5871 22
4981 2495 49
3512 1412 28
6425 3690 28
76 6563 22
4892 6660 38
3307 324 64
1859 1858 89
5199 6543 100
4598 4762 47
5026 5177 12
3729 3227 65
6885 2459 84
6707 4179 71
7227 2639 15
6645 5265 49
1991 1397 65
621 699 70
7548 6920 79
6459 1607 66
5098 1131 76
752 1675 35
746 6839 36
7693 1086 25
4525 6096 43
4590 3699 4
7856 6447 80
2208 5035 90
2909 1890 3
611 932 16
5846 6696 37
3338 2675 80
7111 4249 49
3844 7196 81
7093 3387 9
6416 7562 11
615 5090 97
5620 3620 90
6086 1794 71
4833 4147 44
4955 3062 95
853 7418 14
5234 6695 66
5998 1975 39
6628 6627 64
646 6609 63
5262 6945 30
6710 1515 38
615 5961 59
3419 2272 85
5044 4246 6
6118 3005 8
2084 4720 38
4402 434 61
5793 5565 12
7344 115 79
7570 1757 20
6607 6624 13
7715 4977 54
7062 4208 11
2939 6797 43
6388 3856 51
1216 2471 37
3243 6528 97
1459 1613 73
4636 5212 9
458 1743 3
6106 2820 31
5537 7886 34
4006 5341 52
5323 290 81
7652 795 18
4617 4306 7
3165 1407 42
2604 5146 71
5296 7791 16
2740 3996 53
6323 2072 45
5403 1326 37
2505 3852 22
4542 1006 69
3020 480 55
4439 582 44
4830 1070 100
1664 7712 89
6633 6974 27
266 179 69
6668 4433 6
7518 1645 91
4355 4636 18
1111 6670 46
6217 5801 76
7613 6529 37
1757 6277 73
5466 2842 8
5334 4463 13
1468 5644 69
7776 4880 5
7784 750 94
989 74 44
640 2326 77
6455 5485 48
6407 3876 27
5736 6794 37
3539 2825 27
6055 84 79
6970 115 54
1150 7803 22
5717 2812 9
2331 4705 67
136 6625 56
1536 2801 57
5146 2942 55
4046 2090 63
1298 7148 41
1538 7894 9
3485 5017 75
3153 455 17
3030 936 59
4471 6009 31
4227 7979 52
3247 6111 22
2506 5030 10
1954 2777 50
1271 3860 97
3628 4620 80
3572 1732 92
7234 7202 80
3325 2664 88
1444 512 28
7085 2661 32
4455 4520 5
2157 7314 99
789 574 28
3575 874 63
2053 4924 84
5910 4921 73
1818 6345 88
1874 6405 38
6029 3056 85
7646 4957 41
4011 1774 38
5058 1790 43
4459 2000 89
5721 4751 20
7356 5066 36
3444 5561 32
5189 7567 68
2595 5160 35
1773 6965 15
1032 7829 11
362 2261 47
4733 3400 39
2880 4868 79
1278 5962 27
7241 4521 40
1737 4513 43
7138 4581 100
7789 7754 8
5742 3683 15
3170 185 83
6601 7202 85
7256 5970 38
2239 2437 64
3593 2529 35
3605 5750 39
1708 7309 66
1873 7415 58
2239 2887 68
5304 1148 57
971 7391 12
812 1108 23
1729 6130 57
2950 6135 17
1014 4026 88
5217 6741 5
5819 2332 43
6475 12 53
5878 283 88
2255 2682 64
5743 1594 7
6619 5675 68
546 3771 59
7324 4780 40
2417 1880 8
5291 7594 58
4284 2681 58
2749 4920 40
7128 2329 7
5681 7146 66
1917 3526 8
3182 5258 37
7815 2267 6
685 3408 27
4238 2569 26
4381 7862 78
5127 3165 85
7558 3326 83
2831 7878 56
7009 3482 62
5719 4787 27
1036 3596 73
7161 4801 76
4055 1344 70
7094 3552 59
4190 5434 40
2354 5738 45
7012 6454 85
2645 6288 17
110 3026 92
553 2199 72
7103 1181 20
2281 3517 89
5995 4323 65
2570 3327 55
5428 1746 55
201 2205 61
5170 5713 21
7038 5551 78
24 7413 55
7887 3208 75
2424 6943 52
5389 5162 18
7722 1453 84
882 5737 95
3831 5382 40
6319 260 34
2872 3683 85
318 3072 89
3692 6824 28
6278 2193 6
494 1393 62
2673 3584 27
4847 6707 55
1558 6390 54
6008 4571 78
3400 3993 25
2831 7682 94
3307 434 73
1220 1472 42
6582 4911 22
65 5402 72
4051 4469 15
3877 199 43
7445 4155 13
1294 5639 11
5221 2317 35
5676 1483 59
1426 3840 59
4572 4375 56
7007 2456 65
779 6554 90
259 4799 68
5581 1869 47
2022 6051 73
4675 6347 6
2973 7120 80
2444 3549 14
6861 704 3
5763 667 71
6210 5601 63
7326 4472 35
4911 4489 94
4955 5244 98
5179 2498 76
7650 6932 15
2095 6112 62
5063 4671 82
1078 229 53
625 556 7
1479 4743 92
4823 953 91
4631 3740 33
544 4442 21
1879 64 45
6213 6938 82
3009 7983 36
3297 3568 2
803 1877 39
4702 55 97
4027 828 85
972 4416 71
4861 5337 4
2004 6876 82
3080 1030 98
7405 963 21
7557 650 64
2716 418 19
7773 4215 2
5494 5845 50
7116 5284 18
2919 2746 3
4489 7792 68
6555 6975 8
6088 3593 37
5080 6573 20
7728 4623 23
4269 592 21
3412 1129 89
6071 1202 33
7086 1952 100
5903 432 74
3962 2211 33
6980 3149 69
3613 2766 74
3419 4730 73
7689 1692 34
3750 4332 66
6506 4315 38
4866 3722 55
5479 1593 87
3281 3325 54
4255 6240 98
5231 339 43
3585 7795 64
862 67 21
4774 2730 6
1828 6860 63
6456 316 4
1419 390 30
6028 5466 37
7006 4600 80
2162 1456 18
4523 2368 4
1973 2484 45
6447 5973 46
4433 1199 61
3508 3760 20
2597 3145 15
3902 2836 35
5321 7495 74
4500 3753 85
5159 6085 22
5289 6880 50
6927 17 33
4907 4381 36
4853 942 48
3557 7289 74
5917 7693 68
2992 4160 55
678 6809 11
2671 2392 15
1692 2255 96
7192 3278 16
7012 2633 82
3717 6500 85
1725 7501 45
3406 2543 94
7763 1291 88
1254 1999 95
2508 4077 53
1487 2228 49
6596 6265 82
6615 5794 87
5514 4556 55
6935 2776 52
6695 4856 86
6069 396 43
3188 588 3
2801 6715 63
1416 1538 68
1187 2859 30
6528 256 51
5947 2595 26
2590 993 33
5593 6308 85
5688 159 32
1868 3921 95
609 3082 83
7508 2127 28
7113 1744 60
1712 4542 9
1301 7171 7
7838 4420 96
3743 6816 12
6775 6684 67
3337 6609 27
1666 6306 39
7304 5126 31
6998 6207 67
5220 6712 99
3791 1631 72
7685 7839 32
1227 3295 93
2870 4178 27
5145 5545 88
4713 3277 31
3349 1057 53
2539 152 39
3973 3045 30
2858 7423 5
701 3712 46
6689 7579 19
7208 1165 71
3774 4714 38
2245 4490 37
7576 721 77
6288 5496 33
3327 5342 29
2860 4322 47
7083 4440 88
6414 3564 22
1969 3190 23
1040 271 8
6741 4837 27
1512 2871 6
6473 7176 13
4274 3689 14
978 427 45
958 377 48
4140 5347 80
5130 5410 15
4073 5067 83
3238 1822 47
6646 6411 28
2659 2899 15
1027 6987 11
1697 7456 30
1519 5652 34
5468 4233 81
2782 1470 88
2818 7205 13
2607 4328 10
2340 1681 69
3795 2 29
477 3627 44
6069 7665 43
7126 1575 100
2863 3334 75
372 3392 31
1996 5406 43
1081 3638 30
2371 449 100
3799 6141 21
5539 729 86
3289 5331 36
6327 4300 42
5992 4002 12
375 6329 29
210 2944 45
5003 4699 47
7655 4862 58
5706 1269 5
4140 2066 40
1367 3834 19
1576 4025 51
5919 1200 28
5952 6595 60
7139 628 36
7116 5450 62
936 2528 75
365 1320 64
5499 2987 43
7260 7427 4
3715 312 4
7594 3845 97
6363 221 65
5728 7730 23
6746 5611 53
6949 1652 11
30 1910 99
192 7506 5
2193 236 64
6405 5833 30
4624 3945 85
6302 622 50
7171 3433 40
92 3845 57
3557 997 54
6117 4785 26
5682 5393 53
5169 5478 62
2706 2135 94
2136 516 87
4364 102 9
1452 3542 62
2060 6536 94
2866 104 66
3129 4457 79
516 1507 63
6524 6511 86
7939 5664 3
1672 5280 28
3316 1335 1
1472 4914 4
979 6858 38
4228 2090 33
2889 2316 50
4357 2873 33
4421 6909 24
1687 5082 89
6830 5312 23
7653 4063 2
5189 472 57
4007 2925 92
5137 5846 3
4977 2959 4
4260 2833 3
2766 4061 55
5234 2062 76
2137 906 63
7924 7556 61
5281 2905 67
1992 7889 58
1227 7053 4
4164 5964 67
3510 2861 43
3105 1802 29
4054 5645 45
2873 2763 20
3541 2955 39
6830 7519 74
7842 2677 84
7254 7923 8
2125 398 85
1019 3253 12
5969 702 21
5290 6495 61
667 5180 28
5506 6575 76
5977 1657 51
4978 5382 59
1484 7549 67
1858 63 6
6665 5227 52
5921 7551 29
3825 4566 44
476 3600 97
2877 879 17
540 6736 5
3112 3418 53
777 159 75
482 7190 60
2081 7033 63
3947 338 17
3092 929 30
7198 1828 71
5157 7729 14
658 6885 91
5318 6765 72
7145 7482 1
7538 5935 56
4391 3963 58
2683 3753 72
5941 4305 100
7463 5684 24
5424 2482 66
2528 5561 81
2736 792 33
3645 6274 43
424 585 76
3286 6510 52
4172 520 92
4078 3784 96
1424 7831 37
4253 7246 52
7949 2284 43
7976 1334 28
2290 3623 56
23 4576 35
5040 571 84
5950 5689 57
2086 4577 40
2292 6718 82
5067 26 17
2668 2604 66
6328 7263 18
1876 5528 55
4508 4303 15
6993 5511 6
1138 3395 40
1459 2468 3
5520 1176 79
7811 1346 22
6495 7480 1
1642 4240 94
4134 5236 63
905 1917 59
78 2548 46
3065 571 45
7137 3381 18
5312 3401 77
3472 2633 56
7394 6260 94
3777 325 3
119 6168 43
657 4725 65
2223 6427 26
2261 5426 45
4813 114 17
6431 7076 71
5439 1851 37
3121 5468 70
901 2865 47
1299 1351 52
331 5788 34
2566 1205 13
5068 6636 68
2022 1189 52
196 5530 80
2536 16 65
2751 3677 50
4563 6549 60
6708 6593 73
5250 1977 27
5761 476 25
15 1716 91
4377 7536 68
752 424 49
480 1212 79
7589 6875 25
4835 4013 43
1324 6762 34
5830 2134 58
3803 2558 42
1583 2646 42
847 2294 49
2714 6801 52
5841 1352 73
6449 2928 15
5667 3847 47
5967 1202 49
3352 2888 14
3799 915 85
184 7923 29
5049 2646 80
5595 115 54
7042 6867 96
1411 4601 27
6030 7528 52
3552 2289 79
6817 3937 60
3768 4635 15
5273 6809 86
626 5855 32
1688 5387 47
4058 7842 89
4436 314 94
5195 6506 48
5328 1234 35
5946 2434 42
5147 4252 44
7738 6390 49
6083 6586 32
6156 5621 67
3956 7174 33
2012 3303 83
7162 3022 36
6499 2299 50
2814 6861 22
7158 4357 60
1179 4061 82
6266 1804 27
4784 122 13
3256 7827 51
3636 2378 83
3066 6149 14
5709 2218 83
1920 803 31
5427 2392 27
4471 6286 26
7654 7527 91
4090 919 13
2956 2236 37
5838 978 2
785 7502 39
3561 7936 53
4551 7907 63
4027 3768 95
5298 7321 96
7530 4709 82
520 2371 50
2771 7942 37
3099 7833 60
2886 853 11
1129 6226 88
2928 2402 63
2443 7394 39
4604 7731 64
675 5142 82
4899 2732 16
6795 3651 100
61 2789 63
1034 4602 15
2545 6069 53
1159 3944 27
2007 1635 30
2845 6100 8
6045 6853 47
6881 5740 42
3606 4896 86
5135 2662 75
7418 4165 55
4082 4285 64
5366 5624 35
2773 5794 34
2563 2157 40
4390 5397 37
3027 4322 20
3247 6975 84
7377 585 63
4577 6489 58
7893 3069 62
3368 7270 81
2874 2245 71
6971 446 90
6311 5204 83
6182 3209 62
5111 4202 86
7733 7068 29
852 1233 83
2299 2193 62
5818 1481 33
7270 450 42
1678 6799 41
1993 5929 32
805 473 82
2062 7975 50
6306 7569 48
3111 4545 64
49 3421 21
374 7191 51
173 527 91
7069 906 76
1064 3029 18
5121 6395 12
3825 5620 15
6581 5494 83
7525 2274 58
2109 789 53
438 7742 80
7364 5008 36
7381 6238 55
7370 499 27
3229 6642 66
2143 3079 35
7996 1590 41
4056 4369 85
1803 4224 16
987 5162 26
4708 4502 1
4665 2278 58
5148 616 82
6029 2498 91
5179 4084 27
5750 5523 92
5583 5140 14
5394 5320 73
2668 2084 18
4661 4002 85
3618 2369 78
7177 676 63
6318 3385 11
4985 1659 41
4127 6704 47
3858 7910 91
4715 4078 33
5282 7201 100
2497 1175 28
5893 3954 14
7305 6710 71
4771 5419 94
5808 6927 66
598 6078 14
1542 4809 18
4146 2897 17
6807 1034 72
4511 4531 5
155 6989 24
6456 6428 79
1939 127 74
381 1477 55
4850 7955 63
2738 6015 35
3506 1074 64
5394 3895 65
7578 810 53
3739 1676 67
5343 3948 55
5394 6430 82
1415 5486 27
4928 7373 86
7440 7204 45
3111 382 18
2452 6542 25
1710 3317 93
2542 183 83
7370 24 59
5157 6197 67
3187 5285 100
4164 1820 62
2114 6483 6
6273 7523 4
3648 243 68
6711 5499 58
6996 7659 67
3452 4496 18
5682 3785 76
3492 1487 52
877 6463 8
5244 2992 19
3984 5875 62
4735 7664 58
2646 5426 77
4511 4250 46
1760 5123 62
5789 7737 23
994 3976 51
3665 412 4
2569 6675 63
3019 6728 8
5842 3663 47
1291 7273 71
2421 4574 76
2160 3792 96
7189 2333 80
4439 7211 81
1713 4111 67
7686 5907 85
5939 7368 51
2981 90 55
2091 6721 33
7228 6816 95
6727 7033 11
5846 7598 3
1459 2519 42
1031 1721 16
6882 2327 75
597 2828 25
5455 7655 19
2495 3058 16
3016 5746 24
6628 7010 32
5430 2227 28
1934 1936 40
143 697 35
5353 4214 83
2221 5309 71
3369 3293 29
2530 3275 94
3390 2102 67
3186 7424 39
564 1929 96
1739 7281 31
941 6913 19
6136 2492 69
4477 3656 14
4062 1602 27
7221 594 11
2648 3191 50
6104 458 89
705 2688 27
1315 2936 74
3146 6180 12
7840 1806 14
2093 5675 7
3338 2608 92
577 3262 71
3567 3088 13
2614 2567 13
3206 1812 2
1861 3500 99
2690 6682 81
122 856 62
6081 2047 72
835 1934 71
666 1052 85
3549 1995 64
1164 4435 36
7821 3207 79
2608 6193 98
2844 7046 1
6983 5875 40
7997 7702 41
5472 7884 84
1133 4007 30
1284 1365 89
3801 3891 80
7748 2725 26
7249 7939 55
1779 3723 37
6296 4752 11
5546 6190 73
1943 3810 29
614 4795 50
7215 2677 58
5261 5191 19
6212 3151 26
7728 6617 9
3343 4818 18
725 2800 16
1969 4839 23
3551 2260 55
1447 7038 67
6537 4639 89
5187 4930 35
3917 6157 46
1036 5918 58
4170 2203 11
4220 1135 33
2856 6324 7
7130 1913 75
5251 1404 2
2198 4832 92
6178 3497 18
7529 1447 40
230 7614 52
7405 5236 67
3655 70 39
3202 3635 92
6252 7080 4
1499 6270 40
5330 6684 25
4623 4197 85
394 6612 38
7259 1392 12
178 1161 36
662 5808 94
7368 3801 67
514 3215 33
7995 2811 29
6476 1497 74
3709 5515 51
174 2838 92
5563 1724 19
5032 4082 7
4001 652 83
76 7415 57
5306 5035 31
403 5516 30
2010 6811 97
810 6578 22
3449 3395 79
6738 3269 26
596 7977 71
2842 3236 39
7442 976 31
5441 6746 25
5443 5030 86
1785 2335 39
3690 6853 83
5911 5150 16
2879 4861 52
5029 7968 10
5934 3726 62
2085 6623 47
3536 6216 96
1266 4416 13
2614 2154 9
7618 3005 75
4549 155 71
3208 7000 26
7551 5105 11
3674 4807 97
5332 1751 18
4702 4364 71
2678 6604 8
3255 526 69
6073 2425 62
3483 5720 90
5482 7599 14
5750 1212 38
2019 6560 40
206 7513 11
5391 5290 26
2329 447 96
5473 3488 63
3434 5406 68
2089 6140 52
3804 2893 22
6541 6186 7
2562 2203 18
4823 5053 21
723 5381 98
1094 5059 3
7887 6907 34
2667 7769 16
1164 1381 5
7087 263 66
3718 7650 9
6400 4097 77
2620 3998 34
6566 5084 42
1304 6616 77
6061 4656 68
7319 2637 37
5045 7861 51
4606 3692 98
7921 216 51
5823 255 82
5011 425 73
4631 7081 81
5061 4488 2
510 957 70
1289 484 22
6539 6398 5
2478 1099 32
2200 6044 64
3299 7810 7
942 4681 15
1040 2950 58
6689 6237 47
7435 2572 7
4489 2431 27
5219 3209 32
2660 3608 81
160 7394 70
6076 7066 44
7814 4034 84
1000 254 75
5214 4771 50
7219 7503 21
7217 6077 99
5477 6895 27
4375 5339 72
7394 7717 92
4624 5757 84
384 7537 88
4564 5262 16
2483 1244 19
922 929 48
401 3841 76
4938 1886 49
194 7784 40
2330 3860 88
1353 802 5
4815 1513 65
5432 6177 9
4024 4440 20
1171 2951 20
2177 3144 42
806 4239 18
5000 2791 85
2637 7280 75
3700 598 9
6883 6376 82
3817 6127 55
2474 4766 83
5342 1462 90
995 7617 5
7521 7514 81
2464 7113 92
397 2180 85
7260 578 91
5969 7389 17
3969 2880 87
1473 7606 45
2596 3293 42
384 5753 84
2402 6833 76
6300 591 85
4187 6007 13
7499 2346 58
2069 4661 84
6879 1548 35
6467 400 80
5998 3991 26
1870 3793 23
1923 3719 83
4250 440 96
1866 1237 19
4586 5385 97
3429 6884 46
6803 1256 83
3317 2472 31
7124 4889 95
1737 3966 62
2836 3021 42
2770 2673 31
1699 5390 62
6813 3700 25
766 320 80
1456 1399 35
916 1437 63
668 3189 45
478 5415 36
6012 6174 40
4921 3824 37
6043 1534 36
5054 6278 89
7739 5170 89
6503 3628 53
4636 5743 72
7169 2794 78
6393 7278 44
3449 6774 91
2037 4972 2
6960 5061 4
3615 5262 6
6783 3900 18
1348 5294 63
6599 3560 29
1368 3241 42
4556 1861 52
5224 313 30
789 6576 11
113 2098 41
1966 4936 75
180 4581 22
6111 2619 7
174 3881 55
2590 5046 85
1820 5662 55
6954 7993 5
7095 5766 6
4320 1023 83
3955 4057 25
4321 647 6
2036 5348 7
2185 4239 2
3922 531 1
7658 3860 35
4158 6944 61
7677 7760 95
7861 7053 53
7158 6761 29
681 1211 54
5114 5431 49
4517 789 24
5420 501 57
3093 6904 65
4873 7933 58
1892 3526 92
3702 546 96
7447 1107 84
3569 167 66
2385 3464 6
2265 7964 29
3422 1869 67
2751 1873 88
7469 4041 28
1921 2081 39
2516 846 47
7232 148 41
4782 7843 4
2780 4313 84
3663 2051 25
609 2638 4
5645 4849 1
2492 2533 45
5442 6549 16
1984 4483 31
1351 6762 16
3942 6178 83
2132 2995 38
3186 5840 17
1436 7330 54
7174 7342 99
4430 3219 5
6548 4717 42
721 3634 29
6639 6797 18
88 1762 8
2517 2906 79
7995 2981 30
2865 1258 100
4395 3070 52
1982 3596 63
7573 6415 29
556 2346 62
1122 285 70
4210 2570 26
6421 2453 98
3736 349 93
7944 5685 26
7494 3360 66
6221 56 67
2124 6227 91
3730 5147 92
7853 6319 16
2473 2373 95
2898 7688 33
3320 2015 66
3547 6518 65
6538 2490 2
637 5032 71
7789 3672 24
4451 6364 46
4273 7122 23
4469 408 93
6079 4084 32
2340 3004 36
3881 4177 51
4239 1649 69
5365 1795 70
5270 1138 78
4263 5412 61
3854 1490 100
7155 3238 49
852 920 83
2675 1697 48
5706 81 18
255 135 6
1278 4305 38
2688 852 90
1581 4473 77
6079 6159 69
6539 4162 85
5957 3363 55
6940 3083 53
3486 3764 84
5748 4506 22
3018 6315 18
3435 3962 13
2019 954 96
1319 3927 90
71 7927 10
2855 2274 30
737 1750 90
6590 6834 21
7766 7392 71
5338 5163 90
7387 4432 95
5525 7019 62
6891 6649 68
6686 12 59
3436 5060 64
7375 4377 93
6569 5313 82
62 4789 11
175 6863 37
677 1830 22
2710 1844 62
4801 531 58
177 2315 44
1660 6348 77
245 7483 85
422 3071 14
945 5137 57
6435 7618 80
4340 5757 69
7099 6531 22
6394 858 8
4922 5927 83
7595 4656 71
7703 6691 80
3884 5606 32
482 5409 11
3937 6278 90
1585 7795 3
6558 7286 100
7126 2786 22
7166 6241 33
383 944 29
4970 4989 46
6105 7373 2
3937 2609 93
1714 629 100
6644 5367 76
3245 5759 8
2841 4789 79
5133 3866 82
5721 2308 56
7851 1259 44
516 2367 37
2787 7462 52
4237 7493 81
5881 4607 58
7663 1302 37
1194 456 51
6245 5829 71
6008 4220 23
2611 800 19
3075 3858 92
5329 4362 58
2560 3499 33
4317 1056 11
3785 5566 80
5874 7748 2
4012 2164 17
736 5463 100
6054 4746 8
3725 6801 47
6634 7718 48
5278 4483 17
5707 3585 68
6193 132 43
979 2476 17
7929 6045 94
3520 7532 55
1053 6181 24
2727 3536 75
6657 3538 74
3017 6797 34
7366 7719 79
6175 2094 3
2283 7659 36
6203 2424 15
1992 610 76
2465 271 63
5827 4932 83
2206 528 45
494 1695 29
404 1666 52
4649 2775 68
4343 5073 95
2858 1146 50
15 5119 8
955 3701 23
5655 7123 59
2738 3959 81
2831 2007 31
333 3010 51
4893 7139 17
6554 6170 26
4602 7279 27
3837 4009 5
7702 223 3
3880 1596 55
3587 639 64
7377 1697 72
7451 6410 65
4672 7019 67
2634 3102 83
5434 3025 98
2022 5181 92
2733 737 29
7543 7706 46
1480 7941 81
4316 3722 76
3550 56 75
3973 1184 74
3730 6262 4
1264 5363 42
467 3352 9
829 6758 45
3543 6456 21
2401 4740 44
4154 7687 42
253 7243 60
5995 5947 16
6087 4566 72
709 5811 25
472 7278 54
3696 6263 90
752 1327 2
1642 6516 36
5698 2930 42
5962 7523 60
6132 4425 97
4819 7434 74
3850 7142 76
3317 5353 81
6491 3960 79
5776 1225 88
1869 257 27
4373 6547 99
6485 3969 50
6914 4646 19
6615 4834 32
6962 401 44
3860 3893 92
656 6323 5
2932 3749 7
6747 5095 94
6675 5269 67
6611 3400 74
986 5611 92
6152 2207 51
1794 3663 82
1273 7849 85
5281 356 63
2139 2555 52
163 7772 20
6287 4675 37
1210 5711 89
7450 1505 54
4176 3695 52
4423 4831 32
2619 7258 88
6378 3554 71
5601 4712 64
7755 937 30
4981 2265 56
1937 7188 75
7047 6378 16
4776 653 66
2356 2791 99
318 172 26
5383 4674 61
6503 5172 78
1746 1435 23
411 3445 86
766 604 8
3146 706 10
4583 4512 40
2906 2348 21
2526 4761 21
2907 3292 17
1624 5600 70
6694 991 28
7585 1491 9
602 7547 53
6666 6650 69
2006 7298 47
1113 1286 18
3233 2017 2
1958 7285 32
5412 4605 34
225 7049 39
1463 1971 8
4853 7540 99
2472 4141 94
3405 5100 37
7840 6279 76
575 843 96
6817 3343 15
2509 5537 98
4003 7487 71
5135 6119 2
6429 5988 84
2684 6777 39
3300 1269 89
4187 5756 75
6711 2184 99
7509 931 20
2964 530 81
5154 690 85
4326 7625 86
6137 151 20
7516 7821 98
7355 2578 17
6134 4470 13
4444 6182 45
3852 7874 87
476 1700 63
5381 1642 79
4218 1619 78
6546 1973 96
3146 4928 96
6278 6091 54
4581 4784 23
106 3402 53
6192 4604 83
5360 1956 17
5296 1930 10
6048 185 17
4389 3328 23
2003 631 55
5838 7894 50
6816 6370 27
5311 2948 73
7349 2458 90
2106 1284 61
6634 1600 30
6523 4350 53
40 1815 100
5001 6088 95
1933 656 69
874 2346 85
715 876 43
315 4909 35
718 3733 52
4555 4118 51
5029 7305 25
6149 165 99
2598 3811 40
674 5085 96
7441 32 21
6208 5498 4
779 6089 20
7503 4073 39
5667 1927 86
1810 5951 50
122 1367 69
5383 6597 37
4204 2584 97
3690 34 55
6549 1135 34
5662 5203 89
5547 2223 31
1443 7963 77
826 1468 16
330 7137 62
953 1918 39
1374 5865 99
6331 2334 96
7227 6316 18
6756 6551 95
4016 4429 8
2747 5868 77
7136 1308 17
545 5804 79
3560 7605 76
3539 5711 17
212 3976 18
3146 3768 38
7468 5024 35
1397 5030 39
96 6949 72
5837 4824 6
5723 4111 91
730 1171 96
2092 1957 100
7460 1250 84
5765 4410 73
2690 5463 86
1819 1222 22
1439 5330 23
1490 4781 67
2514 3940 99
3093 1560 31
6444 7580 10
4064 2827 57
1950 7594 98
5231 205 96
5773 850 25
6773 6489 34
2489 6483 19
6845 5544 28
2060 3270 49
5808 1052 10
5796 6044 41
883 1124 92
5932 2210 11
4604 4598 12
4859 2155 94
3231 1207 49
5226 0 39
7109 3206 1
4014 6189 24
3764 3689 53
5494 1666 46
4858 340 54
2062 1313 36
1904 2837 7
648 530 45
110 5535 23
389 5437 76
2529 7640 35
74 1055 20
4603 4347 35
1744 5410 77
5931 2497 59
2349 2208 1
4068 2161 26
1741 7223 35
6131 1181 50
4757 7723 24
4374 6654 33
2276 763 22
4349 454 87
5919 6933 51
4836 910 40
1770 5202 100
6097 6448 42
2798 3810 55
5444 3328 88
291 6328 78
179 5735 13
3270 6822 85
6670 4277 39
521 4674 26
7246 3694 92
827 6264 58
1676 964 74
1604 808 90
7151 7998 15
4402 5298 62
4881 6379 78
5569 4412 19
476 3293 71
4280 3065 36
2562 1408 100
5888 4723 20
5685 2083 53
2292 6159 17
6016 6796 66
4884 7981 84
3678 3949 71
4156 6382 62
3008 2967 46
3972 7753 55
258 7628 34
7063 3889 13
11 330 90
5442 2289 5
2061 482 83
1274 2223 36
5260 3479 83
4155 6339 100
6255 3081 9
1942 638 58
2454 1721 4
7524 4003 26
3158 7919 56
3349 2390 82
3886 5186 34
7467 1561 63
5194 4649 68
5222 6633 79
6998 7190 71
2134 5499 21
453 274 11
2960 6500 85
1863 558 36
4308 1162 70
1561 6694 78
4667 2094 19
3592 7716 16
757 5423 77
5826 692 37
1147 6277 90
1919 6024 70
2924 5839 64
7749 3657 24
532 749 73
2104 6106 13
7058 1357 55
2672 5385 42
3504 7229 32
1564 3293 98
7294 6481 17
7051 1987 93
4849 6025 12
6310 7134 44
377 4083 76
7459 2989 38
409 335 85
6102 5123 58
70 6519 27
604 2816 63
2580 1981 50
7226 4214 11
3174 6744 34
708 4035 3
268 1880 65
2664 4847 63
2233 1053 18
3498 583 21
4698 6842 57
359 4266 36
7884 5050 54
7304 5774 87
903 7161 30
502 2203 85
4607 6239 34
7219 5128 32
5520 7294 4
3221 5118 64
934 3393 47
3421 5812 55
5626 2847 30
6341 2178 64
3521 5518 19
1848 7797 97
2759 5281 93
1577 7266 76
2918 1389 26
507 6166 53
1835 4428 53
1511 885 35
3087 7566 8
2280 2267 16
5322 7940 100
2418 2038 69
3786 1852 45
4400 1473 39
4880 7692 73
3462 1177 59
6056 7558 71
7913 1578 11
5191 6674 40
3056 5449 60
3968 3000 5
3208 6295 16
4444 4582 73
4373 1008 19
5770 4333 42
7784 6394 72
4793 3847 36
7328 1615 58
6527 1080 57
4380 7899 19
2987 6140 69
7737 4982 37
5100 3479 74
3371 1112 29
4397 6353 51
4941 2740 7
3489 6710 52
1496 2567 98
2345 3013 74
4931 535 8
2503 2757 66
6418 1670 48
4578 7236 31
4601 6746 93
2799 7860 23
3631 4240 57
1085 6679 80
1772 5440 87
6164 4735 40
5804 6680 8
3948 6129 10
2486 1792 81
5688 4073 90
2196 761 96
6913 6120 80
7885 2852 37
5514 5193 19
4892 6507 69
5258 306 44
2333 6916 91
1113 3390 85
7685 191 22
6025 7979 58
5580 5573 78
3298 3174 87
7256 2505 55
2199 5447 31
758 6194 64
3962 7032 54
1426 6653 74
6666 203 17
7409 4398 99
1008 2833 87
856 6696 66
6794 238 71
3859 3735 28
3237 3786 40
146 529 6
7590 127 46
4953 7440 57
7034 1865 83
5173 4706 89
812 2218 33
6655 4828 67
107 270 5
3001 5421 51
7105 5853 86
2297 1345 99
7289 5476 70
2982 5730 10
2432 1450 72
3900 5678 50
4757 6141 36
5809 6488 21
7500 4759 87
164 1943 40
3565 6112 35
3196 5659 84
6651 7809 22
4857 7578 15
5418 3037 22
75 2968 61
836 6572 60
5039 1353 79
5544 6399 74
6808 3834 27
750 6970 62
5232 2977 29
7597 7898 52
7601 578 58
5088 6745 78
2091 1284 42
3592 1471 75
4160 163 50
231 1702 68
5382 5801 12
6766 493 40
3079 3118 41
4418 2557 76
2063 5127 34
2618 1307 35
3227 6104 91
4277 1795 10
5475 1223 15
6809 2831 100
2569 2685 94
3093 3423 16
5523 1885 61
3397 1128 29
7516 5611 35
4302 358 83
2403 5796 34
1024 741 13
4959 7165 35
6556 5033 47
53 1042 99
7188 1364 24
5274 284 72
7393 1372 81
893 5547 16
272 1974 53
1345 5229 68
6074 3366 48
4302 7626 5
1958 6889 7
1364 2662 37
5294 575 74
1094 5907 67
885 5540 89
5415 2246 56
1679 7620 62
4057 1694 45
4064 1980 41
790 1856 55
2336 2519 43
4192 2769 21
3052 6705 74
7997 1347 33
5020 6738 68
6983 6416 100
6778 2741 16
6048 1106 23
4918 4998 76
5638 2178 75
4206 1657 78
6789 6140 43
5230 1730 8
4340 405 87
3107 7736 3
5985 7233 1
161 1077 3
610 1322 11
5016 3064 55
2707 5275 12
7148 7057 46
4923 351 80
6107 2972 82
3281 399 32
1942 3507 78
4883 3009 50
3781 6703 83
7201 756 47
5418 1917 22
7561 501 74
5299 5121 13
5963 5976 8
1621 541 5
1224 794 15
6730 3365 38
1259 2418 86
3929 4624 64
2946 296 7
7185 4728 96
932 3338 75
3301 6422 88
4351 3434 15
6849 6294 3
2462 3917 23
7619 3764 26
7381 2129 30
5040 7244 93
429 1589 9
7373 5588 67
1524 7944 32
5891 1090 67
2657 6519 29
1401 5890 95
5616 1324 96
205 5795 70
5558 1476 70
6070 7063 80
2369 1893 31
693 5929 51
1829 7121 92
6778 4278 12
2400 7718 78
2111 2498 35
7706 1192 99
3022 5334 64
909 4048 27
6620 4123 65
6811 2108 19
4459 835 7
595 4646 51
3117 7077 10
338 2459 22
7184 5546 59
6606 7226 81
3286 6280 98
1038 2880 40
6054 7877 31
7911 847 61
6664 5674 77
7610 6565 45
2397 1094 71
5351 1759 97
90 5577 87
6426 4188 43
7869 771 39
1351 7654 99
4920 3945 52
96 2422 96
6602 3982 83
6690 3335 55
5818 813 45
4924 5917 100
7953 277 27
6734 5072 24
3039 3150 55
2981 6993 90
2780 4035 8
3577 6391 82
4440 391 45
691 1466 3
742 5503 28
4204 5751 88
3294 3988 58
1774 656 81
985 2354 2
7485 5386 26
2115 1341 97
3946 2467 6
2908 291 47
3968 2553 22
6539 74 88
2368 88 48
5237 3154 69
1083 7691 58
2963 5682 20
5404 4164 40
3580 1100 80
3995 7231 90
693 3749 85
1565 7271 10
7393 7551 77
5944 5936 32
119 2362 93
7161 2812 18
328 4280 42
5708 5862 40
3535 319 76
1822 4075 91
2395 4184 21
6523 3368 56
286 7548 43
7273 548 49
7016 2546 58
4813 5168 68
2310 3986 23
6578 5663 19
5372 2675 13
5491 1909 25
7572 3518 31
7709 206 63
510 7592 78
5779 6057 73
3054 4734 16
1137 3984 52
2655 2021 38
7989 2087 27
502 1845 80
4991 4945 52
6677 170 51
1036 7879 82
7700 3869 28
1168 3095 47
6021 2025 78
1788 7285 96
5221 2896 48
371 3021 98
3353 6358 86
2035 7840 41
415 6898 59
2859 4160 57
3009 4278 86
3210 4605 64
2504 3786 45
169 2854 82
3440 905 8
3712 895 58
4989 5644 69
3286 5092 74
6104 1050 95
5227 6884 83
3348 7115 22
4636 2494 32
4701 1306 86
2764 5613 54
4344 1570 61
7620 4226 90
7773 263 82
4495 6250 79
4138 1963 34
4191 156 41
347 1572 4
4917 7843 100
915 2922 15
4419 3873 33
3851 7015 92
6916 588 18
7657 7199 22
1212 7761 10
4330 5223 66
3087 2525 54
4894 5220 72
422 82 30
273 3687 99
2132 3660 5
7486 693 73
6413 2983 92
1206 1217 98
1994 4675 66
1538 7634 69
2396 736 86
6944 4048 10
7652 1889 14
731 7789 11
3527 4190 96
5495 3669 79
4240 5560 81
2907 5781 56
4956 7421 42
3100 6339 26
7585 4154 1
2378 4702 27
6927 6230 66
7126 6406 51
7160 6238 76
1496 5736 55
7717 5089 87
3925 6523 12
691 5872 24
6712 4454 64
5676 1353 31
596 746 31
2488 295 78
6713 7019 71
7303 4509 38
7117 2980 12
3253 5715 38
1173 5329 7
2866 1063 3
7607 3512 45
1793 391 3
4669 3766 20
1647 54 46
6067 2221 16
4829 7539 100
4742 4377 9
5175 1742 92
4886 2992 34
1332 4257 29
6396 3222 80
5160 5583 1
7088 6827 20
608 1417 91
6394 7595 33
7920 4097 81
5951 1134 40
5649 1041 21
5435 7177 82
2532 102 33
4500 7341 47
105 2076 20
1288 3375 19
5605 5799 65
4289 5355 99
7040 1945 13
7655 4177 52
5803 1168 64
1185 3586 61
136 6651 7
5981 951 66
2745 1376 12
866 3408 1
1429 814 78
6130 6971 90
3117 1922 52
6359 7627 20
4284 1994 100
1793 1137 6
6897 1552 50
2988 181 41
7777 2475 97
4117 3066 38
7633 7762 15
6458 5440 94
1535 4459 25
5426 6234 17
3018 6022 1
1887 3313 15
1824 334 69
3777 1555 29
6738 7893 27
1998 3144 87
2384 2531 65
5993 809 66
3824 4494 34
3334 7073 68
587 3258 83
4384 1341 59
708 2138 21
2717 821 2
4167 6817 99
6047 274 19
3689 2896 39
3368 2716 34
2654 6385 90
5803 151 77
6199 7233 26
4761 3066 62
3361 5775 31
5449 748 87
914 6161 30
963 6574 93
1077 5464 75
1017 2310 78
7067 2867 43
6447 1373 96
7886 2041 18
6859 4540 78
4554 5369 38
3079 7611 11
6750 3871 83
845 7793 51
3656 6562 10
7981 6123 20
3046 1662 20
6487 3865 47
7405 7326 18
6151 6789 74
3345 815 14
287 6787 32
7756 1738 30
5698 2428 46
3124 4185 82
6509 83 48
1791 4359 71
6738 3245 44
2642 665 88
4173 7338 58
7583 4094 28
2064 7300 23
5895 2958 16
1329 4882 67
210 4917 71
5059 5868 23
6314 1972 18
6299 5025 70
1430 7001 95
3228 5400 55
762 5910 19
7793 5307 99
3813 7993 74
7124 2246 64
5263 55 18
5596 4349 24
7662 457 63
5577 399 76
7910 5275 16
2921 5744 52
4260 7479 30
5836 1418 51
1421 4747 86
7421 6983 40
3721 814 11
2606 7073 42
3896 2183 44
4231 3258 31
2920 825 53
1504 4836 92
3731 5036 90
2514 2541 37
4626 3947 30
5385 6026 59
816 7461 19
5005 6409 92
1465 43 63
7124 7761 73
4183 1377 19
2104 2565 55
6587 999 36
6282 5788 80
6218 2407 51
558 6265 99
2535 2005 52
540 5492 33
1344 7752 28
6343 5216 49
5242 2442 50
3386 6364 2
3856 5746 89
797 5887 52
2517 4526 40
13 5341 98
7155 2417 18
617 4117 86
950 1215 28
199 5487 50
621 1039 67
7859 7206 2
7754 409 22
6666 5991 24
7410 7292 10
2489 3312 7
7355 84 21
2260 7470 48
4217 8 10
4648 3599 34
2610 3121 29
2091 4331 53
3868 1840 49
1078 705 90
6418 3124 49
615 6567 24
6596 2479 32
6157 34 3
7289 3825 77
3261 858 97
5613 1440 3
5022 222 21
4206 4387 10
4440 7714 8
7150 3651 65
3689 509 32
2598 2217 38
1794 3847 1
1351 14 58
4718 3486 30
7578 1343 94
5477 4523 53
5154 7319 14
6648 1786 73
7205 1012 70
5328 1515 70
4561 6106 94
2105 2761 65
1486 4946 95
3082 3690 67
3337 693 27
5148 7132 61
6764 1684 41
6545 244 88
3573 1683 19
607 1141 61
3144 3839 10
3420 7659 77
380 7757 41
3821 1301 1
5510 4770 8
5231 4374 83
6184 1595 96
4194 5588 45
795 5315 9
511 5852 89
1722 4089 45
7016 7812 35
6559 5228 85
7653 6886 95
4956 7552 75
343 2871 41
7987 486 28
2475 4720 18
2256 4961 12
6245 4540 52
2826 6363 59
102 4469 83
4338 1426 13
3687 3521 45
6496 6985 32
7727 3550 26
3950 539 87
5204 5244 51
801 4525 87
370 6656 78
6029 1858 47
2679 6060 23
3829 7567 74
1349 7040 74
7124 1965 46
3399 6874 100
811 804 11
7050 4386 95
5214 5585 16
79 3777 83
754 7058 61
7847 6840 84
5901 3564 38
5509 7950 49
5303 2824 82
5011 5357 77
7915 5087 83
6612 4155 18
2935 2989 69
2500 4721 20
5034 3545 35
7582 3429 54
4464 2291 84
2832 6103 62
949 2821 25
4306 213 28
63 2767 23
5645 6394 59
7237 747 40
7785 4505 5
5648 663 96
5611 7303 71
457 151 25
5142 393 4
4932 7686 72
5569 2466 19
6830 1264 46
4557 7987 64
3 6649 11
7226 2414 40
204 6752 79
4339 422 48
5991 5591 6
825 2021 27
6730 6534 96
4032 3316 91
7759 709 63
2507 3326 36
6422 3381 30
7894 2126 32
5252 4149 40
4288 1087 78
535 4142 79
4845 5407 76
3294 809 90
7707 3286 85
5682 3110 91
5827 6725 77
4088 6801 69
1506 3309 71
5177 266 26
924 3477 78
1676 6504 4
4739 4708 59
6915 5996 3
7248 1568 43
3681 918 67
6711 1369 35
453 1070 52
4916 6549 58
281 3793 35
6878 5308 28
1045 105 24
2587 4283 1
7625 4348 29
3025 3900 82
3199 6380 90
3477 575 22
4529 3379 85
5130 7904 20
5589 6184 38
2644 3294 94
2813 4094 61
6777 5915 62
6555 4436 42
5457 5733 82
7329 5156 93
6377 5632 20
5095 2220 54
1837 1465 80
989 689 49
6366 1275 39
4615 636 65
3395 4204 31
291 4735 6
3780 906 30
1229 6898 99
3254 2755 48
2335 6773 6
712 5082 39
5217 3222 18
3966 7353 11
6403 821 24
3331 3886 4
3667 2039 35
1609 6541 49
874 89 42
5405 3424 86
3749 5653 87
6544 1745 65
823 4058 62
1752 1390 28
599 2541 43
304 1757 92
2889 7202 26
862 741 56
4482 3741 3
5467 7731 61
2730 994 70
5280 6482 61
2232 4249 75
3219 6659 96
1930 6795 100
4680 165 1
1736 3456 79
5602 1553 12
5586 3252 86
1533 7673 34
3793 213 98
1013 3292 46
1745 7185 52
3924 5198 46
3663 6300 57
2142 3331 10
4198 1676 96
6330 3998 68
2025 732 76
5336 2700 94
6529 359 6
4931 2657 38
754 4008 9
4225 5267 78
3082 4456 88
4744 4131 34
2362 1007 73
5461 4992 1
6396 2629 65
1744 1336 39
5362 2490 40
5633 3705 27
7372 4486 36
3646 4895 81
2907 3424 10
6911 3628 1
4776 4838 41
78 3125 72
6563 1879 3
3039 2364 39
6494 6771 93
816 3298 67
7110 7850 20
179 1771 97
6769 147 91
6729 1782 97
474 7944 10
3672 2091 87
6091 978 51
3403 3644 31
4673 3161 90
5615 723 9
5557 7985 93
5080 1706 88
6702 6637 70
6127 115 4
1852 4131 61
2625 4019 12
4223 2743 24
5158 5400 24
2131 3556 39
3235 2951 6
5376 5024 10
4950 1644 97
1603 2384 11
3351 1660 41
4856 7357 74
3269 5282 45
3801 2018 6
9 7672 12
1344 5631 67
5459 7303 33
5582 3784 22
2379 2526 74
241 6739 62
7192 4903 18
5804 5560 2
7704 6542 66
5909 2807 15
5087 2781 69
5108 3176 50
831 920 61
698 6417 79
7980 1247 23
1376 5603 84
224 4897 97
4837 100 48
2870 4551 8
4814 4967 97
2715 1783 74
1716 3891 6
3355 5265 35
4392 689 12
1638 2916 64
1429 3974 34
560 7610 55
5466 433 1
4093 2020 97
82 2458 72
5788 3755 75
7952 3238 74
4746 4143 48
6437 2266 71
6037 1950 71
4242 7204 56
4945 3609 39
1433 5712 23
4952 2248 62
82 6798 92
7283 5488 19
5516 2512 58
5202 5514 56
7854 5218 39
3464 5700 42
2876 941 86
4989 6864 18
7218 5368 1
7736 2385 26
1071 1137 46
193 3963 38
2047 1716 73
3934 2158 53
6831 2794 18
5999 2937 91
4977 1692 61
6690 624 14
6770 1829 60
4491 6958 31
6941 333 55
2358 7286 91
6787 1393 96
6110 6803 73
6569 849 47
2635 1696 19
7285 185 73
1384 2253 21
2727 1327 69
728 3822 53
651 2581 15
7265 5965 19
2628 4822 51
7204 6132 5
6009 4130 17
3605 787 93
4729 5310 75
2793 1192 72
2975 4661 88
2777 7553 79
3632 5345 8
43 2061 87
1863 3176 24
5163 3951 40
4665 7050 13
5206 7114 58
4959 7842 60
2245 7898 7
5025 4128 93
3392 2290 46
1921 4960 52
4920 4068 40
1811 6903 70
5211 237 89
5525 7305 46
1338 5512 69
3816 2540 98
6691 2677 74
7860 1589 7
7509 5470 69
3633 7589 83
1615 6316 87
6401 5344 10
4418 6578 83
1712 5062 3
5356 1741 26
3834 6536 75
5202 1749 85
904 2812 65
2653 7871 3
4806 6148 70
2642 4489 33
6258 5509 98
2022 4353 91
3334 4304 87
7755 7757 8
1033 2694 58
3051 6339 74
4266 1703 41
3002 5241 92
2161 916 35
5962 7938 71
5091 1044 88
5507 6462 57
5218 2300 85
2489 2297 84
5096 1848 60
4102 4979 69
1349 1039 28
7458 2293 27
4815 2550 98
5328 7632 8
1817 5020 31
7328 288 25
3190 2895 84
1858 7326 82
1891 1340 27
2773 1766 61
2800 3236 81
523 5174 95
6287 2703 59
3565 2061 17
1823 6922 1
2331 6247 2
6776 2531 77
7872 595 15
6097 249 5
4625 844 38
3523 6359 48
5855 6528 19
5436 4517 16
259 1809 44
2285 5712 13
3319 2301 12
5828 492 25
6829 6682 90
3756 2744 33
1313 3299 98
5675 4366 52
3813 58 75
7378 1350 7
4639 7508 90
225 184 78
5383 4277 56
4045 7606 8
2069 1909 86
6220 2471 90
3438 4232 22
2826 6908 6
1563 5457 86
2227 3644 6
6680 5326 27
3885 1061 2
4439 887 51
5593 2852 7
5302 6927 10
2490 4976 9
1694 6078 13
4195 7276 31
3678 3248 77
171 712 67
459 2926 50
5712 2524 63
39 5210 19
6343 1750 64
2308 3349 88
3119 3364 12
5435 6235 2
6088 6511 25
1922 6901 31
4712 362 48
3277 139 86
3061 3029 65
7268 717 87
3676 495 100
2442 5732 92
4374 238 54
6126 350 91
7658 6163 93
5950 5459 85
792 5326 21
3384 1471 7
4156 6303 21
7242 5566 52
4361 4260 2
3226 5952 86
1510 118 83
4996 2840 91
2708 825 2
7673 7901 97
4896 7438 43
3700 772 39
5593 5647 29
2549 7906 7
7604 7211 74
5078 7768 21
845 147 28
5788 2025 86
576 3245 98
647 479 65
6853 2375 77
1151 3006 52
150 3854 1
4134 1631 83
3951 3876 46
7204 4682 85
6175 5208 38
454 1282 87
6400 7244 34
3000 2295 53
6114 2248 94
117 7319 48
1099 1034 51
1466 742 49
7687 6936 22
6757 1579 97
7111 3861 97
4416 5581 83
968 5597 49
1462 6532 40
4579 7433 14
1169 1375 21
6913 3205 53
7518 5646 12
2984 5383 54
1056 7816 53
2637 4292 68
341 1380 96
973 6452 79
2422 6752 14
5346 2765 16
7154 1924 14
7289 2794 29
3954 6550 4
2287 2144 94
4765 7315 33
346 6964 78
7494 1355 45
1722 4256 46
5046 4610 67
2606 506 58
429 1365 87
178 1758 58
4672 4139 63
5517 1315 65
6092 7179 87
3675 2283 1
7022 5045 9
5401 6403 53
5120 5514 59
2588 1841 15
2894 5316 92
1961 3725 46
4755 3932 94
3817 3731 60
3106 235 90
7917 7287 72
2837 3403 60
1530 7709 9
443 5377 4
2535 4132 23
2329 3039 59
4743 5794 68
552 5161 89
6906 2215 22
3050 5093 34
808 6718 55
1365 4671 3
1729 7774 40
7845 6617 26
1187 74 44
5167 7461 65
4032 7522 73
2387 6614 19
1630 4931 22
4509 6068 72
6026 7081 7
4477 2579 16
3188 4785 83
2992 3374 46
7407 7675 100
4439 6245 15
5331 3545 40
1827 536 14
4585 5697 37
5028 2807 50
5501 3385 47
2577 6016 9
3185 2394 16
6707 3690 79
7608 7778 81
5248 1645 56
3130 2368 93
614 989 62
2031 3905 27
6072 4567 42
3285 7884 8
3180 5033 34
792 6967 61
3164 4056 88
3949 218 7
5540 5113 8
3450 1185 42
5600 4771 29
4849 1683 2
6412 1001 95
1892 1859 68
2537 4613 72
6061 6522 75
7993 6825 28
3014 4452 35
1072 6648 34
1900 359 47
1686 1554 51
7310 1310 41
7115 1699 72
5536 221 25
7013 7548 98
2940 4014 67
2516 2761 27
6457 699 90
3932 6303 6
6787 4030 11
2020 7392 48
4994 3347 87
2440 5475 45
1614 3792 61
6669 727 67
5565 3465 41
7241 1213 76
7833 605 91
1229 7148 9
6310 2550 70
3485 5240 51
848 6811 91
143 7049 43
5982 3287 93
7579 4424 25
3581 979 97
1138 3713 53
5130 3127 38
6033 5090 33
5760 1023 63
3095 4116 89
2400 3244 65
6669 7267 38
55 2251 14
6198 958 21
7385 1854 67
398 7614 19
4662 3030 47
3196 6338 43
1287 3837 39
4575 3730 19
2387 4911 38
2692 624 74
1583 4457 34
4434 6367 69
1459 2664 35
3433 519 59
4456 3372 62
3554 6924 28
6552 2299 29
5591 1095 1
1248 762 97
7590 5385 19
340 3344 14
6797 3886 1
1662 7401 81
427 4585 18
4901 232 47
4156 2048 95
4715 6712 72
5117 2967 19
4039 6956 84
6038 1189 27
4361 6440 35
7017 5622 70
150 803 68
7873 823 8
518 5235 73
884 5122 91
7159 2799 52
4092 4240 18
5656 4372 33
7510 295 91
1840 511 24
3026 2685 27
7547 3850 81
6669 7487 74
7988 2751 44
3061 1816 66
4480 1553 89
821 3725 25
4043 992 14
2815 3363 94
3095 962 36
6546 7098 54
474 5063 98
1360 65 16
7564 1301 55
5336 5619 75
1497 7361 66
3185 7055 47
1115 3756 13
2159 2431 33
1293 6774 12
2749 5426 87
1710 2442 67
2719 6895 57
5216 825 12
7376 4588 83
3149 5364 35
7905 2548 2
7435 3288 75
6866 1070 44
3808 41 32
1262 7823 44
7824 5343 32
1301 2816 45
4795 102 48
3820 1704 90
5283 4774 34
3525 5229 17
3069 1619 71
612 5342 75
4070 617 71
3071 3687 75
929 5702 19
4620 1967 58
505 722 72
1399 2939 54
748 2784 82
151 5469 80
3617 5230 25
2606 1213 10
3666 4729 89
2788 1507 26
4549 5771 97
2625 5096 14
3519 3853 72
6627 6596 85
4724 6794 88
3367 4116 80
6640 6801 96
3676 4009 32
4840 5615 61
7235 6251 98
6583 2321 3
7649 5866 50
6270 2448 71
7907 5709 88
331 5539 45
7159 6545 69
7472 3523 23
7584 4633 97
6434 2513 76
2835 4951 39
149 6577 73
6329 6185 99
5782 3721 77
5894 3447 86
7950 1769 78
4964 4629 55
7473 5942 91
5563 6516 82
4509 2489 53
1730 2629 81
2007 2884 52
2300 4622 34
1956 530 93
6185 4458 72
4212 4421 44
5728 464 38
7059 2362 32
6898 5139 43
4859 1567 59
5992 4205 34
1451 1694 29
217 4193 98
6314 3738 44
1294 1631 76
703 7101 67
4223 3386 3
1002 2921 68
1944 1660 64
4072 4150 31
2845 7453 65
1826 4675 42
7251 7675 60
2549 4061 65
6589 2533 21
885 1948 63
6268 7328 45
3620 3273 63
7096 4871 62
3320 6423 62
6478 2074 13
3024 5229 45
7620 6912 49
2786 5857 64
4533 1707 21
2020 1561 65
3470 6098 49
3696 4025 34
7640 7282 11
1086 3044 73
4116 5521 97
5521 4034 94
6202 5825 75
2412 4531 36
1045 3128 22
246 1921 92
309 588 38
5598 4884 74
1154 6749 18
4426 5655 73
1354 2421 14
5964 7822 35
117 7222 33
1307 279 32
6704 3990 59
6206 383 75
4922 1685 13
1153 3965 31
5355 3870 15
4312 3976 43
3659 5304 92
3420 7965 95
5235 2087 86
5018 5175 62
7010 2252 44
3293 4863 37
6761 1379 92
3818 197 39
831 1426 94
3599 4548 43
7921 1050 80
1049 6545 65
3088 5652 26
7529 4786 9
7032 942 73
414 3777 54
6025 4981 70
3228 7304 80
2108 5493 12
7886 3760 14
2888 466 98
2198 60 2
7467 7460 96
2431 407 56
7116 2544 48
1966 6129 16
634 2562 96
4923 4860 98
7189 4464 68
4261 4294 4
1379 6720 18
358 3780 91
6963 4309 12
1347 7987 46
7007 7959 40
2440 2024 27
7375 944 13
4777 2778 9
671 6128 96
7353 4940 94
2689 863 28
4466 3552 10
731 4576 89
6519 4087 54
5800 6976 24
6413 4029 28
1688 5040 82
59 6202 40
1185 1903 8
7496 6593 41
877 5232 55
5855 4275 78
1623 5886 60
2313 4022 69
4073 4392 36
4778 6707 1
674 2066 44
7445 2078 30
6787 3504 23
1493 6136 14
4892 1669 88
4429 4750 92
4451 2609 81
2587 4499 57
6756 2853 5
7283 3961 38
6501 3923 85
4267 6672 79
4835 4511 100
1913 1451 13
1395 7502 4
6412 7914 3
2784 6572 77
4724 477 52
2389 97 63
6246 4198 20
1661 5823 47
126 870 80
4341 184 10
1887 5087 27
1242 1260 55
3848 1032 29
3205 7946 36
4639 6051 57
5129 1766 94
3269 7375 13
5799 6100 78
2649 4999 76
5533 2973 62
7910 2494 18
2805 12 58
4758 5761 96
3248 5176 15
685 3675 55
7705 7275 22
52 5192 17
7860 6516 38
7151 7103 71
6912 7932 34
721 788 55
1428 5479 37
5621 7673 80
2195 7341 93
2893 1450 5
7758 2899 30
5372 5064 22
557 6479 30
1758 1685 2
27 4064 16
5811 4744 35
3119 5991 73
3507 5368 18
6394 724 87
5684 6558 39
3584 7302 31
4322 4018 35
4281 2791 32
1051 4320 60
846 4657 24
6399 5968 21
1462 2326 14
777 2298 30
2968 3424 33
7712 2996 66
1119 6262 17
2604 1886 15
3215 2053 34
2051 6330 59
4204 2731 58
6859 4484 99
3190 2746 99
5640 298 66
1726 1555 29
7344 7050 20
7350 5895 85
2780 3335 37
7316 3643 10
6916 5219 15
7497 436 76
3216 2222 6
5740 5500 30
6082 892 86
5737 5950 18
7330 888 75
4414 7488 63
1544 408 50
35 7951 89
5452 922 88
4671 243 96
6974 4095 70
1118 1366 40
205 4992 26
6102 7326 61
5345 274 92
1144 3569 38
7493 5645 47
4674 1634 5
1211 6375 100
4840 2670 89
1280 3341 1
3921 2284 41
7112 5779 54
6017 5059 73
7379 2332 52
5088 6706 34
2590 6673 98
440 630 4
5798 813 67
1618 1533 4
3110 572 32
2448 755 10
4678 6416 100
430 4476 91
4362 6966 5
1667 1113 8
4105 844 99
4472 7012 61
2721 2524 55
2374 4421 54
5482 2445 69
7474 6318 39
199 1758 95
1167 560 64
3809 2613 92
1510 3901 28
509 2463 23
5006 4629 18
702 5862 43
2439 2632 49
6521 5238 12
4348 5462 67
3252 2580 59
7707 1644 46
4877 2575 68
2371 561 5
6594 5478 87
2100 508 96
4825 1683 60
4235 99 74
2738 6960 97
1251 4443 99
7465 7253 68
7702 227 86
621 7021 73
4790 4436 85
1017 4272 62
4305 6482 57
6023 7970 25
835 2065 81
7742 2186 89
2889 2546 9
6592 2812 17
7926 1574 40
1449 5357 9
965 6837 93
4630 6621 26
3090 6789 35
6421 3458 11
3210 5153 26
5774 7926 72
6484 5785 27
1355 7853 32
124 6753 44
7187 4555 28
300 184 17
6878 2065 38
5761 2635 94
2775 4996 42
4501 3026 54
4531 2805 8
6621 7772 55
7491 1840 94
1094 7034 99
5282 139 23
7467 395 22
794 5260 33
2412 4031 86
7946 4347 44
1128 4197 27
5561 2562 19
7087 7462 77
4232 6636 28
418 7480 58
5003 7993 49
6281 4641 13
5986 5430 16
5962 6918 52
7676 630 57
277 5458 94
6878 2060 38
3031 7942 80
5444 5514 43
7748 5418 10
4173 5655 12
657 6366 1
4515 961 80
4933 1239 68
4306 3506 77
368 7906 64
7075 686 87
1133 1979 52
6703 2722 17
3718 1584 64
880 1280 86
7144 866 56
1104 176 25
5027 4581 47
7041 5613 42
6272 4370 94
1331 7986 27
4396 1071 57
3279 179 60
6921 2272 3
6767 5061 99
788 961 29
142 1122 79
1099 1525 8
2825 2543 40
3389 7332 47
5270 3517 5
4189 118 86
1596 5054 32
138 3876 18
6702 2791 32
7592 3012 8
2634 5680 1
264 7641 37
1111 6161 29
2751 1034 44
3924 7242 94
529 805 53
3527 2929 3
7710 6167 80
5129 976 70
7419 3778 22
7261 678 41
4332 4112 74
5562 5728 53
4272 1514 50
2536 7756 10
6564 3460 70
4875 1561 12
6558 5044 75
7142 7936 34
1063 1776 72
7144 7832 70
3700 843 74
3264 7802 68
4379 4595 70
4948 160 57
4157 6384 26
2563 1049 71
5668 7928 4
3119 7238 80
4142 1968 65
2255 2027 94
1457 207 25
1739 1858 49
6916 3214 79
5033 6821 20
5878 564 65
2954 4222 53
2123 4496 71
4811 1092 55
4088 1966 20
6116 4038 9
2351 1586 6
5915 4029 28
1454 3947 17
2617 3074 51
2894 2773 87
7953 4517 36
6836 5016 15
7106 2858 64
4442 4526 16
4553 1024 50
5291 6460 66
403 1873 89
1816 4690 75
6790 935 2
7386 6954 95
961 6967 73
1685 3332 2
5448 7493 63
2751 1307 32
4116 2093 28
1956 4483 74
5904 7263 9
6288 4126 68
4941 2302 30
4375 7624 24
4162 892 19
962 862 61
4333 307 38
7786 1540 100
245 1195 57
3418 4788 77
1134 7640 61
7130 7615 26
7826 681 89
2309 6456 44
1674 2879 16
6190 3559 26
4957 6869 86
1805 1855 37
3837 3582 65
2329 3564 77
3633 3276 23
7096 7893 97
3801 6878 54
4181 1748 51
4113 1726 26
4738 1618 96
2205 644 1
6019 4561 87
3099 7893 90
2678 325 36
345 1838 89
6312 1013 15
17 2142 18
2362 6591 38
6421 3373 35
4472 5344 95
4057 1978 91
6233 451 68
6505 928 18
6483 3132 10
1535 5911 71
5726 5426 69
4383 2213 70
4586 5116 77
6211 5100 24
6434 3431 69
1213 2195 43
1224 5613 64
5531 6078 71
1138 2470 18
5297 96 37
4253 7555 55
2746 4000 61
2528 6001 43
7251 6129 44
1454 2883 21
3440 5335 33
6935 5231 35
1008 461 57
948 7181 46
800 5787 50
2966 6921 56
7203 228 52
3694 199 25
845 4130 59
4206 990 76
1195 4318 78
4914 6005 53
6742 7923 11
6332 1585 76
6663 5018 73
4226 6447 35
7917 6271 87
1516 4163 4
2486 5585 57
1158 5108 91
2682 6165 78
4817 742 32
6235 5103 4
3814 3983 30
6891 7560 9
1295 4141 76
1275 6400 90
7614 6658 55
7471 4279 88
7362 5892 81
1479 6109 31
6313 3974 50
4711 331 79
1586 1815 65
1026 3169 49
4854 1262 56
5549 3509 58
1877 5928 72
507 7272 97
6159 0 13
2603 4303 68
6682 361 60
666 3516 8
2276 4652 34
7167 1937 56
1565 4828 59
2768 4075 2
5878 172 31
7106 3686 11
5442 7998 97
1315 2790 68
2385 7591 45
2898 5790 74
7692 2806 54
2439 6499 21
3715 6567 4
2059 7153 29
2319 7991 14
2618 7969 43
2779 7920 14
2954 2492 37
4110 6621 9
2495 2820 24
5350 3385 92
5605 3179 5
4516 2991 64
2769 566 25
2737 5234 69
2319 5885 61
2847 4034 1
1737 54 27
4304 1364 56
453 4445 62
5774 5382 93
1327 7921 62
5608 7856 52
595 1127 50
3073 5864 58
368 7998 78
1015 7836 80
707 7991 83
6442 3028 77
1152 2069 50
26 572 23
4176 6318 2
858 5828 30
3903 4500 46
4638 1569 55
2890 7847 19
98 5883 49
1592 4035 62
2346 2236 53
5255 5386 55
5382 3387 9
5384 6419 42
7445 6570 13
5836 3333 55
4094 7016 14
6630 4027 54
1654 547 94
4527 3587 36
7959 4320 5
5177 1020 65
3545 5388 88
5434 4441 11
5858 1533 43
5044 324 41
5182 6102 64
999 571 20
1367 4467 48
4005 3573 27
6019 3266 39
279 5306 4
5635 759 65
4614 4769 87
6445 2081 66
271 6673 71
5093 6842 16
1105 2475 39
2642 1269 10
850 5538 65
4760 7740 59
5425 3828 99
4344 3475 1
7182 769 21
5466 943 27
5620 863 38
2629 2541 26
5370 234 34
3284 4580 3
2395 3 79
6339 2499 32
4279 4540 3
2382 6333 94
4962 5833 20
2953 1722 22
2099 1102 58
6099 4386 46
2190 1855 70
7357 7112 40
348 4347 42
6862 4748 84
4691 5103 2
7108 1684 96
494 7480 57
2792 5163 40
1277 1924 34
6694 2638 13
6558 2840 20
77 4386 60
6263 5267 83
1991 5332 74
2396 3052 83
2493 5937 96
5635 4709 7
2018 346 99
5562 3100 95
5182 6189 73
6651 3378 55
4287 2436 24
5421 3726 72
2486 5402 55
7573 5359 37
4912 317 78
7267 332 17
628 5578 21
6985 7886 32
6402 6643 93
2656 2176 80
4590 558 56
5241 4556 68
5740 3931 40
5496 5417 93
6307 5870 29
7690 7565 45
4144 4226 74
2109 5831 99
4521 441 33
2868 5335 30
698 3092 99
7341 1471 37
2203 7335 96
3386 1492 86
1360 4174 81
2490 2010 45
757 3395 23
2079 7106 29
2242 1491 70
2688 3161 63
2096 3092 15
5698 7777 99
4168 3016 12
3701 1590 17
3258 3137 55
5814 1454 22
2221 1456 79
3010 3339 82
11 4989 6
7660 3514 91
480 1209 18
340 5823 40
3843 4176 49
4124 4785 14
6308 998 16
374 1384 86
971 7581 94
925 4618 22
741 718 23
7020 5804 96
231 2094 73
2428 7291 37
451 4019 19
5459 19 51
872 7608 62
799 358 80
3406 2675 51
3020 7253 71
3794 7435 15
5729 2314 78
5377 6006 12
2567 1853 76
7966 6276 1
4267 1217 54
6749 6077 11
6536 269 34
970 6412 70
6513 7944 24
4725 5735 13
1492 1470 10
4301 4596 72
7269 5303 4
4597 6612 99
4051 1584 87
1383 6747 86
7002 2326 77
2660 6743 55
1408 3050 31
2301 1939 92
5939 1034 16
3234 1457 1
7031 6459 71
1347 7003 78
1114 1188 40
3333 2265 73
77 2166 29
2511 3036 67
737 1501 57
7614 3065 19
371 5999 71
6420 5834 38
6675 1249 49
1327 7749 99
7312 5803 56
3600 3559 26
24 151 72
5363 4519 96
7500 854 60
6035 7942 16
6830 6336 96
2964 2621 72
1194 7410 80
4961 6289 93
1691 1880 77
7825 4655 88
876 860 51
3308 7449 93
4051 624 79
3630 231 73
5824 267 95
6022 3996 37
2701 1994 65
4607 7330 55
1414 6991 41
5408 1250 43
3973 5201 55
6001 7553 94
3300 5634 57
4350 7082 38
2571 7131 68
6340 6057 8
2644 5596 17
4309 4023 11
2854 4519 27
1540 7787 71
4017 2227 86
1202 1562 9
7515 3926 80
1597 6469 86
3118 24 49
6749 4746 53
6318 7377 85
1636 624 11
7232 4999 94
5653 4743 38
1494 109 82
3255 4388 24
6537 2779 82
4054 693 71
4856 7705 49
1151 7568 68
2373 1865 21
1765 7176 64
1189 6207 69
7822 2400 77
4542 1258 62
1803 3338 77
7799 4215 14
2363 3131 48
3443 7319 64
6044 3258 46
776 7844 95
6358 3328 1
2741 898 45
4431 1732 35
801 6500 15
7165 1333 25
1581 6106 42
4283 4991 40
5031 6294 1
4519 7367 64
6582 498 97
4687 2879 31
5318 3946 17
1776 6536 62
1290 1179 33
983 3926 19
4756 6539 56
268 816 73
3373 452 93
4734 6978 78
4726 1848 58
1567 893 29
1602 5596 26
2038 3905 51
5850 1075 47
3689 1008 63
3514 574 17
6523 6009 94
1332 1548 49
6075 5547 32
1825 5413 8
2453 4506 87
433 2776 59
6790 6027 77
2634 1570 49
1255 7430 78
3768 3122 100
7595 1256 95
5671 5547 66
4004 6978 20
739 7059 29
655 1057 38
7464 2553 43
7667 7280 12
2355 7121 13
3651 2372 5
4777 5830 85
807 3083 24
7318 6397 25
1237 5548 33
5885 2887 28
4710 215 79
2921 1846 5
1646 7206 23
7628 3052 74
4280 5813 2
1927 6242 8
7413 6416 85
4473 297 69
4196 6237 82
3275 2752 15
7176 6360 89
3630 1133 83
3949 3501 3
1736 2254 18
6494 5951 98
4599 7306 41
340 3936 93
4397 6581 24
6941 3025 92
2339 3905 39
1689 4004 3
1386 188 40
5140 3083 34
2288 3967 100
1050 589 98
5143 1039 18
3558 6716 45
7313 69 41
5342 6587 54
1999 3979 15
6544 2527 25
2733 6888 40
6918 2983 83
3289 2731 72
1300 1964 48
148 2078 49
417 3586 28
480 3753 14
901 4079 95
1878 5248 88
1090 1386 82
160 7424 45
2102 7889 15
5070 2579 36
6657 134 18
3879 6234 21
5730 5182 66
4664 3466 27
2934 551 9
6040 2858 59
4814 6737 90
2078 6664 66
257 949 14
2334 6787 66
7514 6604 6
2567 5610 80
2925 5422 37
2789 5141 88
6481 4073 28
5185 5642 50
5087 3621 52
6783 4819 30
144 293 1
7038 4403 83
4192 2932 8
1483 3936 68
6060 630 55
3390 4140 9
5743 4783 18
217 3659 63
1184 5385 53
3897 4735 18
973 811 8
2506 1333 47
4690 5137 19
10 2201 72
5620 5701 25
3556 3180 35
7430 6738 83
6276 2043 99
4780 2975 67
7254 7201 9
4379 3291 57
3722 7107 45
435 5000 63
1361 3333 87
7278 4414 97
7233 1361 1
2251 5039 28
3299 805 51
3863 5950 52
1817 4583 21
5303 5624 7
4170 4979 24
7310 3872 46
3676 853 70
687 21 29
4694 6020 61
2087 5964 82
7113 6557 45
3656 2740 31
818 4781 34
6484 547 7
6422 7627 81
5167 3337 40
2077 4048 12
3084 6809 42
7019 4764 27
481 4974 18
2069 1816 23
3260 169 38
4617 5777 15
2073 98 6
838 443 32
90 5353 4
1620 6869 89
5577 2307 100
2649 162 22
6792 2030 70
593 5122 30
2852 6876 38
5507 6764 88
5707 838 68
3644 245 23
1474 5769 97
7761 3634 82
6251 282 39
2533 6114 3
953 321 5
636 3729 28
4733 2433 33
3203 5728 41
3966 6171 93
1131 679 16
532 5012 91
4573 5352 16
5368 6818 3
2632 7501 37
6174 3363 77
2581 7295 56
4625 3109 40
2075 3845 91
6217 2466 77
5587 4876 35
1744 3481 82
1887 5177 76
1770 5897 49
177 7977 7
2627 7379 12
7110 173 51
1477 3946 19
6499 6864 14
1249 5229 87
3807 693 75
7253 240 26
4741 4891 56
1277 6726 40
5414 686 89
4636 7098 35
3265 6817 14
1454 5042 28
6989 1418 8
4510 4463 12
919 1514 3
5427 5437 8
5454 5945 61
834 6873 59
647 7982 11
1391 6916 27
4026 7187 28
5010 5905 50
7155 4501 69
2363 6335 86
2259 5962 29
5139 6912 94
4918 4624 24
4095 4193 98
5486 1648 22
1135 5239 17
337 7915 31
5218 5391 31
1194 1991 23
453 7032 14
5394 7265 50
5978 1687 95
2731 3389 58
4809 1242 49
3853 7051 41
7931 3813 94
844 4784 11
494 7712 62
7834 776 43
1110 6311 20
5246 2907 12
4734 2373 34
2509 3618 60
378 4639 62
7388 5256 80
795 6854 79
7129 5179 81
3917 2663 56
1720 4024 58
430 5516 74
3092 4094 85
1382 7684 69
4555 5560 46
1707 6743 80
194 3652 13
1444 6765 66
5856 4773 42
1363 7110 88
2811 6836 64
6689 5074 40
1474 6596 29
6758 7328 100
1467 7660 18
3062 3836 20
737 2339 90
3958 801 81
4932 5783 34
6301 6434 38
4718 1975 39
193 7870 63
529 6360 58
7113 7916 48
5527 7421 74
1619 256 52
170 1710 4
1504 7933 96
7836 6541 34
94 2327 27
1167 1641 33
1177 2961 70
5986 4534 87
3631 5973 19
5171 2220 77
2848 5907 79
3805 7913 34
1471 2262 35
5434 2241 96
352 4648 22
7300 7212 2
6742 6355 17
6828 2929 64
2486 7472 15
4719 4977 25
4458 1725 43
4446 6843 91
4957 578 26
4835 2989 77
1201 923 60
934 4693 37
6961 2191 86
1586 6695 20
4391 1045 66
4886 6204 69
733 5623 31
4258 1352 96
4091 7044 84
7661 1845 39
5847 7022 41
6102 7224 34
5014 852 98
5460 1965 14
7391 2350 36
4002 4975 68
1396 7409 76
4745 7826 68
6299 2480 62
5498 3585 44
2761 6855 42
3139 2626 47
6661 3460 90
6488 7597 96
3346 2618 55
3800 4615 71
5208 7163 1
3949 6741 11
2145 2949 48
4402 6732 42
7974 1492 80
295 198 69
2950 7941 25
7353 7713 69
2113 6732 95
2045 7500 63
6715 484 10
5657 15 97
6351 6886 85
4275 7697 79
1747 7551 74
1728 4152 80
2627 2158 61
7015 4385 10
2338 1425 27
5764 3892 18
3792 1264 31
4443 2109 84
7634 2147 87
6729 6534 81
1714 4632 19
5172 6474 5
1477 2937 51
2107 1771 16
3024 3117 86
2839 7131 73
7973 4784 95
7304 5370 15
3453 477 6
4276 4865 1
1685 6301 86
4047 4391 49
5868 2899 68
2999 2778 44
6072 128 85
668 5953 51
6214 1200 37
6230 7549 28
3396 783 90
1881 6862 36
994 282 97
1133 7970 33
4849 2483 79
6403 7469 85
160 1547 93
991 5018 64
6627 6436 55
7709 4244 1
7180 3309 51
5871 3774 83
4865 498 52
5444 3570 29
1444 596 40
3912 2256 16
3203 5896 60
5930 4870 85
1909 3020 9
106 5955 26
4228 3742 45
5552 1036 39
3317 4288 82
4194 4651 17
727 4984 34
3514 7838 81
4356 5524 29
891 7307 49
2688 5619 73
696 1177 80
1251 1776 57
4024 1918 95
394 4570 93
3392 447 1
5739 1067 34
4629 7468 50
7888 2910 34
7385 4728 34
6183 4297 13
4549 5675 53
7249 3820 18
2696 6709 91
924 3606 57
4227 2714 66
3773 541 31
6250 2084 52
5945 5257 23
6176 3267 88
2196 3137 24
6491 5016 26
363 5282 79
821 4369 3
6627 766 22
2555 5675 4
3364 5043 8
2532 6019 74
6097 367 28
1733 7328 41
6111 3061 31
1047 1912 100
3520 2275 30
5768 1736 23
3192 7022 3
3102 3211 91
1773 2734 27
69 660 52
4711 4198 48
958 6005 24
7896 6267 12
294 2179 49
5459 4243 24
5509 241 4
878 4685 44
24 3446 27
7778 3997 47
7290 5424 13
3937 1354 27
5354 843 38
6872 4987 16
7979 775 99
1710 2829 1
4031 575 91
5081 737 25
3618 2708 38
6682 2359 78
7953 3937 74
4903 3109 9
6632 6092 49
4129 6982 58
2131 5324 23
4001 1978 53
4307 3997 30
3974 1176 76
7957 3417 91
23 5080 62
7132 7621 94
2055 5408 82
4149 3643 89
5143 4542 90
1014 6168 37
7076 3567 1
7482 1498 66
3387 7002 85
6060 6707 31
1481 5749 15
1562 6677 41
4331 6448 63
4895 6473 83
1693 2037 14
5997 6872 21
894 4362 9
3468 2216 56
2534 1084 25
2889 5932 67
7786 4468 20
4391 6254 52
353 7551 12
7476 4120 37
7996 2815 95
4439 895 10
1917 2424 95
1846 1205 23
5942 5108 1
3074 5053 18
3956 7100 48
6993 6633 87
645 3125 38
455 3568 11
991 2208 9
1759 1436 88
1928 7890 97
6533 3804 73
4082 4708 71
6159 5474 95
4022 4810 34
1236 2648 17
461 4670 90
2667 6155 92
4986 4893 40
5411 4659 1
3880 3990 28
3449 2388 71
6995 3061 64
7812 11 68
2614 5279 34
7354 5650 100
5603 1582 47
6484 7607 17
6977 3656 87
801 2786 63
3447 3748 42
5029 3522 68
7113 4955 25
2352 6417 84
4112 4413 25
3918 4218 99
1563 2268 11
4224 6705 69
5594 1001 21
2833 7538 81
195 1894 34
3946 173 64
1138 5369 19
5826 6482 87
7944 3142 87
5653 5081 74
5783 2402 53
7745 3380 87
5537 2318 98
5400 231 72
2512 3451 34
6909 3314 70
5015 5265 52
1766 149 41
3292 3471 62
5869 4038 62
6976 686 40
2461 100 48
2279 5893 14
5948 2001 50
2896 935 68
2343 2593 26
7072 6248 30
1439 1095 47
1350 5365 94
7718 3638 100
3225 7623 7
5745 5866 75
5557 6073 38
6900 5534 96
2939 3565 8
3332 5904 47
7721 5278 65
6203 2211 88
2159 3649 93
2906 2426 99
6145 1855 65
1776 4740 72
1448 1437 4
3195 3909 30
7905 1349 20
4637 4294 38
5367 3697 49
1566 4055 77
5289 2517 82
2741 2666 26
7194 3475 49
3708 5295 53
852 7740 50
7237 128 61
3128 311 6
4898 7175 9
5382 5682 80
3120 3741 84
6815 7540 88
3336 2854 47
3014 4721 51
1577 337 93
7966 3463 36
1334 3766 77
6038 1753 30
1148 1613 57
1019 5371 53
4556 43 66
5676 924 47
3808 4254 36
2105 7786 18
396 5599 30
1682 7534 79
7867 1629 83
4901 607 65
4490 4045 41
7974 6451 38
440 7066 20
1353 3913 34
1261 1162 70
4828 6566 64
5636 3628 45
5761 7027 87
1101 6212 27
1933 3916 33
490 3042 10
1630 3179 37
7551 1904 91
7965 3727 79
1137 6880 18
7377 3020 67
1680 1407 9
6068 5390 2
4651 905 30
236 6231 14
6207 6016 50
7083 772 28
7347 953 67
2183 1976 65
4883 2801 41
7689 5082 14
3790 7922 49
99 5887 46
4909 2014 8
4530 522 10
2440 7006 44
1092 2201 59
5211 266 20
2487 5633 15
6185 7822 13
96 5206 36
7691 2422 20
5258 7274 6
4848 6484 60
3732 415 46
5986 1814 48
3920 5769 37
6473 1961 53
1349 2109 73
1132 1136 17
1343 6935 58
988 1808 39
3675 2674 56
6923 2195 48
2748 7971 22
5896 3683 86
7939 789 37
2024 5226 14
5087 3708 79
5746 5695 17
94 1041 31
4916 6961 24
4316 3834 11
408 2209 69
2267 4330 88
5179 4427 28
4866 2228 37
6410 482 72
601 4637 43
5025 1419 10
834 6849 27
6159 5936 60
584 7348 45
1349 6608 69
2143 7703 31
2480 7073 2
5200 5878 80
55 2313 88
7974 450 15
5222 7695 38
7216 1626 56
7186 4682 75
6200 2723 31
2273 4219 74
7219 6692 7
5726 7244 64
5830 1823 77
6822 517 75
1502 4138 93
4092 992 57
5049 6626 79
5938 1850 86
5590 4058 7
4997 3990 86
2675 1858 65
3552 7112 63
1003 7321 46
126 3385 22
2590 1875 49
2612 7045 29
7789 4721 1
7084 5912 64
4920 1932 100
6910 719 64
6490 1751 94
2893 7296 79
4484 5911 33
4612 5119 15
2448 6426 42
2460 3565 78
2415 5180 35
2113 58 22
2376 1047 48
1935 1384 16
6444 4936 54
4790 6351 59
1024 5135 83
6518 7666 92
2819 1843 29
4702 5174 8
5087 961 12
5234 7414 49
3832 6066 77
3405 2874 13
2092 6976 12
663 2196 19
7947 2215 66
7962 6422 42
7668 4013 8
6157 1317 64
7423 6731 57
3891 5078 98
3421 6374 82
3210 4137 39
6609 7435 100
5475 5173 63
4230 6062 37
4486 1557 16
5253 2553 7
4463 7650 2
5180 3498 96
6046 2178 17
7572 516 62
6688 6482 62
1431 1412 51
6450 4551 66
3142 2672 26
3009 7238 16
680 6682 16
4072 2564 56
7358 7067 57
126 2985 7
3221 1292 84
240 214 66
90 5071 5
1686 3753 15
4649 1165 63
7625 5849 70
1517 4683 27
2579 1948 44
1193 715 25
7985 4909 76
2931 4971 77
4702 4291 51
1696 2059 47
1811 4746 55
6929 561 84
595 3411 57
5181 7358 30
7314 5064 2
7302 859 63
4664 2430 85
5151 7635 91
6884 1096 68
3859 1604 33
580 1931 5
3169 4896 40
289 1683 74
3229 5699 64
636 205 91
7913 4175 30
7235 4989 91
2268 1576 40
3044 4393 14
4894 6199 78
4032 6333 93
4149 1665 8
5506 4462 99
3820 5323 22
550 81 59
2527 1438 26
244 3863 34
6092 2128 44
6310 7612 38
1770 5863 23
129 4835 2
7170 234 68
1754 5389 38
6450 4862 67
7887 6074 36
6929 445 1
1559 7084 90
1722 5595 92
6321 2129 13
3641 1079 94
897 877 86
5962 1679 40
5145 192 52
7513 4355 12
1563 6193 64
3074 344 82
7947 6002 3
5065 401 94
2597 791 84
6388 2057 68
3775 2517 2
4367 631 65
4863 5890 20
1496 5554 11
6283 816 86
2350 1070 16
3644 4285 95
3496 6176 90
935 5739 51
1646 7379 5
3520 5673 84
6766 3966 71
854 5150 15
1994 373 50
1562 5799 90
1546 5201 48
5910 936 63
4245 3092 58
1734 4283 93
3755 4118 59
3848 7974 100
4980 3071 76
6833 1536 87
4240 1861 1
758 251 98
2579 3407 47
17 4605 50
7104 4954 78
6208 2399 95
5947 7321 55
7521 6233 4
3288 5694 10
1806 4947 19
4456 6402 96
3337 1297 92
5249 339 48
6417 3031 14
6356 1412 82
3818 5716 40
668 3889 35
7520 374 66
2749 2322 65
1383 4149 43
5623 3613 56
4810 4446 27
4087 6140 37
787 3572 57
899 4988 84
1654 7113 83
6130 4923 59
5165 4553 50
3762 7276 24
5551 3070 39
7919 1908 15
568 4341 17
6932 7941 46
3254 4844 90
6622 1364 55
3402 5851 97
2778 729 74
4751 328 92
1223 7597 64
6768 3591 86
6626 5217 35
1763 6137 74
1112 7827 94
4207 3347 27
1847 4587 79
5524 7583 21
7344 5753 24
4699 5376 62
4374 2447 73
1242 3895 63
3758 4689 89
2704 6970 30
6300 2777 71
3919 5426 98
449 6108 75
6813 5104 51
2419 4208 83
1634 6659 73
7457 3372 42
5939 4409 41
7247 868 32
1384 6373 82
7935 2068 66
2114 7869 93
4126 5261 16
914 1404 15
5850 2178 1
4751 5295 76
1210 2195 99
6965 1305 11
4419 1660 67
7763 6555 14
3674 7104 94
5631 3841 8
2016 3869 60
4151 5264 94
4059 3368 74
3574 3365 12
34 5113 27
1687 7567 8
6105 7975 19
2157 533 15
2806 5595 84
6573 847 7
4346 843 28
721 5810 5
3 5275 28
4706 5434 67
4374 4045 78
6540 1261 55
4247 7349 20
3885 5113 80
1050 3258 15
3481 2625 85
3215 861 50
4519 4645 73
3750 6003 5
4731 2747 45
491 2086 12
7275 742 37
1264 6391 82
253 5020 24
4054 2764 74
5372 7689 32
3341 330 37
1390 7822 26
6170 1408 78
1629 4799 77
4056 3296 56
3241 5216 97
3014 3573 79
7421 7273 30
4570 3205 39
3170 5564 55
1457 4673 97
1985 5263 80
540 3972 53
56 6002 60
2222 6384 6
2003 3913 4
6668 6457 26
7810 5736 8
3262 7504 6
2874 2431 95
2511 5190 91
7121 7853 79
1678 223 44
523 7813 53
3258 1036 35
3688 879 96
6026 2358 45
3911 5109 39
4078 5038 18
1550 1410 26
7518 6870 89
6490 4885 79
9 6167 44
3675 4243 73
3595 3097 93
805 326 40
5239 1269 32
3126 4475 30
5247 4793 45
2892 1186 71
4152 4097 94
7355 4287 10
983 5501 83
5379 1773 96
2961 2972 43
2443 2717 18
3235 2122 80
4015 1786 84
3763 2274 3
1261 4061 28
893 807 29
7413 2598 88
658 2467 37
1975 3984 91
3448 14 29
4804 2358 92
5068 4068 72
23 4612 22
7809 7379 95
136 787 40
2090 6317 87
6704 237 48
4737 1859 96
4797 5429 27
735 2042 75
6460 3011 16
7372 44 29
2694 3785 50
5972 5640 26
6248 1454 67
21 5012 49
5325 7428 28
2251 3058 5
4931 4963 7
449 2362 51
3251 3052 54
3803 3891 17
5745 721 48
5991 7233 25
3042 6403 53
6067 25 20
2483 7266 87
1290 2668 80
2025 3364 55
1464 629 94
4252 7706 31
4090 3064 47
6330 7206 67
4769 3568 27
4620 3401 77
6687 5966 86
1482 7514 31
2306 2785 68
1500 547 2
5807 1391 57
6465 1998 55
5237 2733 14
4866 2670 74
3207 2835 78
3728 2470 7
392 4776 19
2851 4864 44
122 3380 80
5059 7208 58
3963 3376 71
135 3701 63
2470 7036 17
6156 4145 99
7439 1112 89
1780 7357 54
7731 1887 17
276 1172 41
3422 2301 69
2110 3517 96
7138 1907 72
1035 5071 13
568 6450 18
5718 3425 13
7810 1758 34
5978 5039 28
7911 7852 27
4324 1333 20
4370 6870 56
2555 7375 29
211 2619 41
6145 2498 18
4568 3054 1
246 5688 83
3879 2725 71
1985 3582 58
3793 5639 90
6503 1687 35
1739 6498 56
3719 5281 11
2837 6770 52
4381 1822 61
1087 7499 24
4473 7330 1
6414 6964 15
2278 372 51
745 1639 30
2375 6490 69
2570 3436 19
5017 3166 83
992 2726 48
4546 5404 78
2950 5720 18
4318 3625 39
6099 3260 8
3465 567 35
2544 5592 42
1003 1731 97
215 6231 22
2385 3482 5
635 5690 72
5874 4416 97
3475 2029 52
661 5246 92
7958 2069 78
5772 4322 7
6164 6084 48
1016 2487 70
2095 4258 40
7643 18 4
1415 2336 13
556 7682 88
518 4751 51
4279 7357 14
4860 3912 50
3189 5943 32
2827 6177 20
490 6778 65
452 6583 81
7258 826 75
5004 2259 48
4804 7988 15
3103 936 96
5108 3230 86
5453 537 65
848 691 57
5946 1745 21
4894 3107 22
6257 931 95
4364 4478 87
4155 5480 51
6549 6532 27
7944 7087 64
3016 3028 86
1749 3769 20
2142 6849 27
7938 4541 70
632 7646 94
2799 2171 63
2684 4093 24
3856 24 64
5540 2482 60
5124 6477 68
328 6688 93
5843 2647 32
7304 3606 11
963 5951 26
4634 4167 36
806 633 58
4837 3122 3
278 4010 44
4833 2249 74
535 7930 30
2080 2352 33
2840 2729 37
5852 3438 94
735 7794 1
7566 5888 88
2698 7927 62
3007 2456 95
7873 6088 32
1347 4840 5
1759 1715 52
6230 4634 64
1462 1794 13
5935 7788 15
7146 6574 67
6353 6888 98
764 1202 73
7252 2284 35
4315 3328 77
3747 267 63
5558 7958 44
4799 3517 93
7258 2040 86
3187 460 51
4946 2583 44
7814 942 73
6808 3831 8
6010 256 47
1580 137 31
4345 487 63
5130 7849 44
326 3297 52
1162 785 44
1191 3121 62
3069 1852 22
5993 755 52
2085 1745 67
3950 583 1
3058 6901 52
101 7705 1
6750 4892 92
7788 6560 86
4712 2016 87
1573 4521 63
2861 6581 38
2896 4523 44
6475 923 14
1222 314 57
6316 821 65
1616 6570 24
7813 3551 26
364 1554 50
2727 7429 88
195 111 64
84 6686 22
2499 3007 14
2418 346 83
5151 5517 56
6702 1834 39
6652 4766 74
4123 2211 48
6026 2304 25
5673 5402 53
948 628 70
4 1910 3
4579 607 18
2967 5807 31
487 1253 17
4123 1473 98
330 1285 75
2004 7847 47
6227 5126 87
4801 48 53
942 5898 56
6767 7822 100
5285 3724 38
7959 1169 74
1222 5258 37
5117 5710 92
254 7583 86
1427 7532 50
7110 7531 92
3056 122 24
7822 821 37
4777 6954 71
1494 1564 45
5389 353 90
320 1948 95
975 6484 84
4238 7331 53
1718 5990 73
2733 4727 77
1913 3880 83
5103 3763 97
5602 3770 31
3347 6526 91
2114 7220 37
7939 3131 56
1651 2754 88
1923 907 4
4505 5813 82
1867 4647 61
2615 7332 79
7601 3993 1
1304 2536 32
6699 4735 54
5270 6460 55
6826 2176 45
4750 2871 34
3643 1799 66
7564 2937 32
6199 2684 91
7174 2258 15
7719 4676 63
6269 7025 28
831 6752 26
6157 2568 49
2422 949 18
7760 6945 63
3348 4136 97
7083 4667 43
1107 4509 55
6867 7948 40
4521 6179 1
2049 7464 71
1879 4083 69
1319 4120 14
2603 3661 29
5686 7430 61
7295 6837 52
3117 2067 85
818 296 16
2926 4178 8
2462 7353 5
3802 3641 32
5969 3939 90
4262 4682 85
5786 4339 37
3451 3969 97
5837 7748 73
307 3396 71
4349 2974 93
5401 5055 64
5140 2640 79
7893 921 36
4183 5055 96
6507 2893 15
2359 2404 61
1591 1768 79
4447 6409 16
2047 4638 1
4819 3386 42
5497 3061 63
1963 3565 34
2415 3986 48
1981 120 79
590 5672 17
2154 5003 10
1750 1 43
4773 4971 22
6644 100 55
2872 1417 97
7613 5519 10
6862 2936 15
7370 586 61
92 5301 96
2413 2401 8
3676 2926 40
3217 5843 28
2479 1723 54
2844 7964 64
3552 7592 56
5630 4020 78
6425 2448 27
837 1363 30
6032 3221 42
5519 7309 94
5153 6474 57
2131 563 83
5843 3293 69
1403 5120 47
2143 4505 95
6107 2573 35
1217 1174 99
754 5969 12
3318 7600 94
7614 728 97
701 2419 69
1532 1423 99
7337 7906 85
626 2450 76
7110 2309 5
7274 4389 9
7484 7108 86
20 2848 53
1462 2684 22
3418 4116 44
4774 5228 4
184 3308 70
6643 177 45
1482 1353 61
7638 691 27
7927 6387 79
1550 5645 43
2141 3923 5
4005 7830 52
1182 1799 84
4127 1580 49
2992 1669 70
7905 7562 87
158 7100 27
5484 6119 16
1387 4544 12
6571 369 4
4019 3966 77
3168 7693 22
2139 3026 13
7867 3220 73
443 2396 34
4842 5144 25
1345 4886 64
7169 7775 56
6913 5866 36
3626 3371 53
3354 5560 86
6499 7950 66
6607 7819 56
6558 778 78
7635 6760 87
2249 6731 44
3134 4515 45
3699 957 85
7502 216 95
1673 2035 89
5568 472 21
1815 3143 36
2419 6005 39
4481 2471 96
2762 1823 80
6976 2400 29
6517 1963 57
3987 6243 8
7351 3074 14
2845 2751 17
444 6886 41
3087 1899 99
4573 7197 79
1558 3890 51
2668 4814 16
6551 214 89
5423 4992 4
281 7366 49
4753 7078 36
5712 335 88
3307 5392 87
352 7758 97
679 7344 78
1012 2066 12
3035 4312 55
6056 7957 39
1670 1091 14
4084 4759 34
6824 2814 65
5159 2780 89
7815 4468 100
5500 6165 66
6419 4409 77
2486 2061 38
1202 2525 56
7339 7633 83
7026 4634 11
7297 455 89
6990 7421 62
1774 2434 72
4494 4873 23
5870 7575 27
6617 5558 97
3278 1496 84
6749 6362 57
1690 2599 19
3837 5741 95
4403 5531 56
2879 6020 100
6839 2765 24
6509 4444 79
6631 5783 88
5355 2299 11
833 7959 24
1288 7563 60
3699 1993 42
1350 104 56
408 6690 67
3015 4718 8
4604 4990 12
6131 2816 30
6498 5524 18
606 7061 37
971 3793 17
6255 3821 34
7562 3629 33
5026 5265 63
4709 4142 15
2627 1985 67
7441 6697 19
1230 5560 35
7717 5349 12
6046 3193 79
1791 5226 23
3826 951 65
5196 1080 75
1662 5414 93
7397 7377 15
5791 2558 33
2756 5190 24
5502 1137 52
3893 5988 84
237 7636 26
1034 6355 83
7509 6596 88
3111 5731 12
1323 7920 37
5244 401 99
5118 3869 45
3161 4584 25
7834 7868 41
2026 2453 3
1204 4099 15
3016 4148 27
5993 5076 57
2914 6986 41
2526 184 60
4712 5289 13
2245 1710 40
5736 4727 32
167 1305 89
4619 888 22
380 2167 22
4970 4018 74
2629 5917 45
3857 674 46
1864 6301 10
1544 1837 16
5626 5317 58
3276 2671 71
2089 2052 100
2598 6142 90
6576 3373 3
4727 476 11
5700 1430 20
287 3405 43
1473 7911 18
6990 872 64
4754 6888 74
4753 454 37
2204 1388 66
5224 3138 20
5637 3339 76
6606 258 13
3046 1032 73
1795 3027 56
46 2013 34
4025 6981 31
7615 4049 57
2221 2450 99
3728 3941 24
5949 1345 71
3948 3924 74
1910 1779 52
7276 5447 17
3679 4467 9
6211 143 22
2623 2371 16
411 7249 95
1406 3895 40
514 5696 84
6523 4554 48
442 1449 46
2167 3475 42
1168 2916 43
2789 2262 14
5599 7306 1
238 851 45
7349 7842 44
5277 1409 36
6345 1168 86
7710 1689 2
5708 5451 62
7041 5960 3
6303 5801 67
7990 7649 64
6913 3317 23
6995 7308 56
2876 5995 73
4702 6784 4
3490 1705 6
630 7597 11
579 123 35
3369 4771 18
940 6845 84
6000 1627 58
7888 3912 92
2046 4836 48
5280 5129 54
6257 3128 9
2813 5667 90
5941 4612 56
6586 1714 52
4313 2456 51
734 3805 33
3685 7040 12
5695 1463 79
778 6187 25
959 2107 16
1960 2537 22
2408 5883 7
6548 1227 33
6849 2441 59
6752 2738 63
4211 2347 27
5708 4670 35
597 4692 91
7941 1923 31
6552 7444 66
2565 4184 55
7438 3679 16
6265 954 7
2574 5016 84
6085 281 48
1915 842 43
1958 5703 68
2394 7163 45
3372 2694 57
736 1827 74
3297 3691 34
6500 5244 70
7877 462 82
4000 1537 100
4621 2462 7
3943 1975 66
1377 1618 34
5620 5430 66
3995 2999 94
2275 1701 92
2913 1016 33
3456 1887 77
7945 1185 39
7463 7524 53
3123 4038 21
3394 953 87
6844 7587 4
3040 7715 55
3345 2523 25
2944 4939 3
1063 6287 8
7754 6622 77
3397 4145 52
6620 1413 86
491 4356 37
7497 4049 4
6123 80 51
651 6260 6
923 3396 7
7522 1270 68
6176 5275 76
3079 1130 54
247 2433 69
4142 6842 75
6032 4469 21
3350 4670 85
6058 2299 26
3851 4221 98
2515 7738 23
50 7756 54
7300 2695 45
2329 1094 60
5823 3570 26
5862 1348 3
3052 7415 53
4540 779 69
4573 4836 2
7913 7134 99
7365 4879 74
5471 3732 62
2039 2485 75
1540 7454 41
1268 5462 47
447 2522 52
2853 3267 41
4219 7614 87
2069 380 50
6108 7611 67
3808 1630 87
5873 470 50
7624 3848 19
3864 7839 95
1404 7554 45
7308 2468 89
3465 300 26
3204 7722 90
2445 6041 66
3653 1099 78
6595 1665 55
4798 7835 54
3387 4588 20
5774 2768 95
5895 2112 66
6064 6226 65
587 5561 59
3431 7457 95
863 3837 10
972 5732 69
2521 1030 66
2581 4363 23
7888 4311 89
2780 5424 16
2093 6326 27
3747 7057 46
4682 7090 79
4310 3598 71
824 2624 34
4490 1289 73
6254 2371 71
5508 707 57
4971 3473 88
5703 5578 32
4088 5716 32
4408 7096 25
3382 5346 86
7078 6263 32
6529 6498 99
2689 5990 83
272 409 21
57 281 12
1519 6991 7
4269 4012 60
225 6737 48
405 7190 39
5988 5144 95
3237 1813 4
4248 5207 32
3131 3950 2
4456 1364 4
1740 1866 52
5638 1490 78
2890 4555 76
2166 6461 41
6363 768 70
7625 4334 87
4405 524 96
1331 7022 59
5198 1859 47
7475 5832 76
501 2186 95
48 4380 80
4022 3392 30
5139 27 29
489 1142 27
5402 4332 46
668 1881 98
1101 3287 59
2530 5804 53
2271 519 74
6803 1464 47
2707 1426 75
1293 5281 37
2164 4586 13
3335 339 60
6703 5643 8
5987 918 41
1901 5736 45
1132 6318 52
1979 580 55
1952 722 59
3716 5923 18
762 1689 21
2934 7935 77
2701 5951 29
3319 682 12
5558 2245 51
4042 1260 87
5063 7746 53
5099 4519 36
7958 5547 3
2689 7319 63
6735 1950 42
2135 7047 8
5188 3361 89
4945 4757 79
1729 6482 58
7939 1432 9
1126 3945 66
4170 7579 81
4707 2130 80
554 1346 32
5233 7871 74
7195 332 40
777 7010 79
262 3519 32
3244 5814 93
1771 7935 20
6115 6894 80
4927 1666 99
1537 1077 99
2849 5560 32
5493 7041 29
2042 7091 36
355 1142 28
6203 1441 24
5688 546 72
3480 4277 40
42 1420 88
1068 7644 90
1618 542 85
794 7786 25
2615 7622 19
683 7820 82
477 7136 28
3022 5936 30
4938 5419 69
5621 5664 78
5489 6644 35
2147 2492 69
3427 1079 81
4085 7506 62
3641 1293 9
612 7506 20
643 3364 16
7102 6941 54
4411 5987 36
1393 7447 11
7684 1916 34
2511 6947 55
5428 7049 28
3408 7531 52
504 36 32
266 3170 9
5525 5591 4
3889 7118 20
5272 4740 28
4356 5266 9
4295 5123 34
6137 228 29
4408 5499 9
1597 6481 76
708 7294 43
3534 3476 25
4449 3193 4
2000 1630 1
1596 5203 60
340 2109 22
1153 5779 2
5325 6724 8
7772 5280 71
7444 3301 8
976 3325 48
5835 3658 67
3359 1812 38
1304 3974 79
585 7649 4
6140 511 97
1599 4839 28
7432 1355 70
2015 7271 19
1292 1205 82
2343 1573 40
219 5954 52
7644 2546 92
348 3807 99
3690 5331 13
7214 7773 100
6080 3135 85
2037 1873 19
3208 4121 11
4848 7526 48
2286 3098 60
1346 1217 45
6422 681 19
6920 6475 5
3214 3045 58
801 2157 78
7062 2501 76
904 2834 54
4682 7330 13
7269 1283 25
4269 5757 65
242 4459 14
4475 3995 75
1830 7219 80
3100 7448 54
34 7144 24
3714 3516 45
4504 6132 92
7018 7135 74
5097 800 26
3718 6266 22
1621 2538 97
3750 46 23
4558 4127 9
5146 3260 88
5079 1691 69
2484 6284 41
4746 1796 26
2656 7114 89
6488 1109 17
3549 6612 32
7781 617 64
769 2254 79
4852 6818 35
5931 5407 54
4358 6181 93
1216 4943 79
1711 3387 73
6002 2407 23
2179 6660 40
4544 95 1
7753 4154 54
2482 6187 6
2062 3578 75
2491 4537 21
3393 2792 98
1436 3950 30
5259 922 2
674 2411 92
7109 7222 76
6624 4294 24
7201 5807 49
4717 4532 6
3057 7196 63
7983 2552 71
3083 1852 97
4435 890 11
842 2390 5
5738 2560 31
3185 1177 10
59 4393 58
4666 7749 76
3873 7807 22
4954 3706 12
4816 708 81
6220 3621 66
1383 1295 19
2026 7197 76
1889 4529 73
4680 2151 22
5764 5032 8
6165 1659 89
3269 5893 52
4611 2823 68
4588 3880 33
1815 5427 89
4089 4260 71
4754 3447 100
7012 7880 39
4690 2465 4
4456 3169 51
7498 4144 29
6369 7994 59
674 7082 57
4952 4123 3
2042 6963 95
6718 4953 5
1841 1002 39
4450 5769 5
2381 3289 88
7802 1325 18
2116 1648 15
5410 833 5
2402 6565 100
1592 754 54
1704 1990 28
5271 4953 59
5962 7571 76
3564 69 88
5214 4606 64
7315 4141 30
3033 4398 80
3120 2751 7
1840 4594 32
6353 3517 56
1712 2234 61
2110 7073 24
4763 7837 45
3193 6374 32
5984 3347 37
926 4833 20
5838 4071 25
6390 2930 88
846 6927 99
7558 687 13
1348 327 48
845 6922 61
2847 4448 77
5369 5408 38
5109 3132 85
4364 113 8
7433 6398 83
7382 7502 39
6348 5916 88
4390 1624 24
2553 542 32
1967 873 61
5836 321 14
6689 420 98
6203 668 91
1973 6112 68
6602 6448 60
2767 7101 52
3973 7134 99
3075 827 9
6473 7959 65
1442 4645 5
5806 3285 85
971 6903 98
1403 3046 20
6606 129 18
1054 1110 27
5194 5768 91
3806 916 76
4714 3892 9
4444 6497 12
7274 6212 63
6065 5506 31
443 2628 8
1757 1437 82
2190 5976 76
4873 3483 24
625 1374 86
402 7950 5
3640 1497 52
804 628 56
3064 2864 38
3559 7726 60
5283 5272 79
5185 1026 27
3335 6477 20
7341 6881 32
1218 136 44
7193 429 93
5074 407 49
39 3983 82
812 2411 52
7316 4510 22
7702 6889 4
549 7381 27
3836 7785 22
1849 5324 14
4136 6856 23
942 5014 10
3786 2587 69
5082 5512 72
3782 7049 40
4327 505 40
3950 2870 25
6775 425 73
2643 7243 9
7712 4637 31
4029 4237 80
5054 2141 17
2972 426 69
6942 7943 54
7233 4566 53
4439 5423 76
4255 1164 44
4912 4818 47
3091 7175 29
4156 5645 95
6975 2826 29
7735 5655 88
3472 4674 31
2829 4968 38
7515 6182 36
4645 6075 41
2517 5088 81
5865 6079 3
6125 718 100
755 1124 24
3110 3415 64
6429 4723 36
6245 139 5
3866 5640 100
5901 2792 7
7690 4309 11
1959 1384 81
5792 396 51
1169 6120 11
6908 521 26
4800 5462 87
4860 4087 87
1684 3440 35
414 2882 58
3613 7671 43
117 5369 25
2719 2528 67
6126 4374 33
388 1912 92
5188 1423 5
3612 1364 95
3264 1978 36
177 2777 50
868 1791 37
4656 6383 82
3310 4089 59
5160 1308 67
557 6564 88
5503 2650 98
2802 3649 88
402 5662 40
6050 6719 69
1064 846 74
7663 4285 91
7205 1889 74
6431 5284 41
7095 5470 91
1324 3079 54
7422 1012 6
4289 6100 25
2692 3619 49
5343 6685 88
5096 1322 46
7146 1311 40
7514 6750 34
4100 809 87
4513 5302 41
4069 4724 32
1868 7751 38
6407 7780 39
7492 1333 87
6236 6232 99
1252 2231 47
7326 5823 13
2094 7617 4
5962 3344 35
3401 2437 7
5147 2564 60
7338 7351 26
6129 4553 55
3903 7420 87
4741 5228 85
1267 6727 15
7353 4459 7
371 4670 40
3747 3192 50
1570 3679 31
6699 2639 32
94 3702 81
1605 7659 26
2314 5283 12
935 7628 19
5924 4224 90
350 2887 13
3872 6906 94
6769 3676 35
5376 2783 71
7492 6696 3
7801 4642 34
4779 1979 79
621 7614 86
2846 2341 44
396 5370 87
7738 4079 90
6706 5336 56
6853 2509 9
1038 3017 44
104 212 18
4819 5043 43
7084 1132 64
4241 5313 81
830 7798 67
4218 3634 13
5211 6485 33
5566 4651 96
3392 4281 56
2856 1176 97
3166 4307 38
127 5891 48
5651 19 91
5901 5056 57
2516 878 79
6504 3975 54
1547 912 75
1280 1060 83
1425 2843 76
6568 6161 7
6326 1950 30
6116 6932 65
5781 2454 84
7488 5668 22
4636 6798 11
5565 5687 13
5523 4440 32
7439 5886 62
4403 4230 56
2930 2940 79
934 7304 22
6026 6150 73
2171 1539 1
6671 7976 5
1685 6058 66
1686 7415 49
4797 5561 80
6072 7810 89
6882 2260 56
1794 2909 100
3859 1660 85
5323 6826 96
6766 7172 60
3546 3815 64
2490 4232 1
2773 6115 15
2215 6427 33
723 6747 61
418 4754 93
2678 10 14
7513 6397 46
3695 816 73
5393 131 90
596 3504 18
5530 910 98
1533 1925 69
6563 375 30
302 3410 4
2254 5581 45
4289 40 38
2427 5404 45
4428 5057 1
5098 6708 59
2801 2344 40
7579 6258 40
1496 1735 2
4436 7270 75
4043 97 35
2210 6552 83
210 4056 21
3267 1242 94
5902 716 32
4924 6183 35
331 566 61
1709 2545 63
1495 226 82
4737 3298 96
4573 6360 4
2764 6332 14
2295 3720 70
3143 6083 98
936 7918 30
3284 5787 15
1857 7284 85
6348 2495 52
3218 2922 10
3585 1181 91
2203 1477 5
6454 1544 2
3271 7364 38
4002 1589 23
643 22 32
4476 5962 25
4080 5050 95
2249 1119 9
1658 4040 29
4515 104 46
7547 3664 45
4717 3853 53
1262 1060 88
1576 5541 15
3450 5546 88
4228 7243 43
395 6386 12
2606 221 57
4653 595 22
5955 6759 70
3727 6419 84
7075 4444 76
6369 6755 38
2765 7563 35
5337 7554 60
7316 2818 55
7497 2932 34
6928 6686 33
3234 1229 77
5115 7295 5
3724 3032 53
6461 2642 30
437 7450 66
7646 957 82
2832 7901 35
4246 1208 57
5333 6689 18
3942 6226 41
1994 4918 29
5261 2749 76
1222 5345 44
5965 642 68
3416 3843 34
1079 2706 79
5285 246 77
7940 2847 83
2096 5367 50
7732 6301 62
5156 451 4
4475 3839 28
7927 2955 36
3676 3525 78
2299 4023 50
3797 1287 31
1976 4318 72
1987 1106 27
7409 6058 31
2740 4600 6
2574 2749 48
5108 7230 82
548 7695 86
5969 4460 43
5320 2392 6
1037 6091 63
1022 4079 97
5421 6394 24
3942 2589 93
2336 1352 80
7933 1369 72
4867 787 6
4292 4396 72
511 4904 18
3391 904 25
2773 1905 35
7415 6611 24
1805 7699 9
1681 4828 39
5499 98 30
7225 4822 11
6208 2858 35
6740 4202 80
1173 6732 3
7312 7850 92
2397 6163 28
4659 7785 57
5825 103 59
5780 5594 23
5679 6629 77
4430 537 99
3302 1682 30
5787 564 55
3300 7454 62
2127 1427 6
2440 4350 64
4172 4634 32
6950 7892 80
557 7724 57
4777 2081 70
15 6884 99
6719 3852 72
6857 4002 85
2185 6498 88
3672 6213 90
6703 2938 15
3267 2518 26
3399 3584 84
7892 7143 58
2279 6648 69
2106 622 96
3276 105 49
7441 6125 90
7135 538 34
4838 4221 79
5179 3230 33
734 7884 83
7006 3731 30
2106 4063 8
1846 5121 52
338 5466 80
684 6166 88
2583 4749 48
7916 5353 3
7672 6651 53
6335 7973 14
2600 2682 53
7078 924 52
4451 3210 54
7243 6790 10
7972 3784 99
5218 1890 61
2707 2114 28
4506 1597 71
1201 4679 52
5475 6979 26
4718 6662 88
3597 7675 99
3065 186 84
3042 418 19
3848 4444 37
1945 1638 74
3507 7054 45
1687 6468 17
6951 7002 66
2890 5067 44
881 1767 58
3402 2195 24
2358 5327 10
3991 5086 79
4670 2501 23
4044 2104 26
6184 7475 80
4175 3944 18
1192 2182 6
663 2171 3
5849 4207 61
2696 5744 97
3773 1370 76
6351 3846 32
672 1788 8
7757 6652 81
5036 5044 28
5576 6057 100
1085 4745 65
815 7915 7
1200 5332 15
5260 3742 75
212 7559 50
4409 665 65
1930 278 72
7687 5910 57
5837 4506 7
7548 6294 93
3457 1762 48
7448 3357 74
6856 151 68
1918 4000 42
6674 4662 81
5610 40 22
3831 6693 5
6765 2457 64
6430 7368 95
6503 1936 23
171 6389 41
7625 2680 14
5415 7829 50
199 3190 53
1836 6191 83
6323 1987 74
437 4234 57
5207 2538 70
5699 3956 9
4765 7730 85
1494 2503 36
4185 3847 1
7120 5499 73
1563 1158 49
3508 1681 55
188 5617 49
4574 3398 46
3401 6124 21
3024 7577 99
28 7582 90
5659 5895 89
1376 3145 48
4651 7910 28
5149 7085 13
3768 3661 54
3745 6916 81
6378 7329 33
657 699 32
1296 2387 34
7968 2442 56
306 7038 44
3408 846 73
1767 2292 79
7294 3959 46
2983 6429 19
2046 6930 70
7229 3241 52
251 7370 42
3718 4400 11
1214 136 19
1027 3718 63
2741 2567 45
5186 3686 51
1120 2664 19
1749 6785 9
1301 6259 67
6552 3348 55
7745 1256 7
2108 6643 96
3931 1807 1
454 2109 56
3261 2095 32
7659 2899 58
7333 7726 37
6284 3350 73
6089 6642 80
4839 672 2
5632 3139 49
1752 1070 44
2117 3764 5
1022 2881 3
2043 1105 39
6859 4642 76
5858 6391 61
2210 5427 24
6925 298 88
3778 6885 39
1225 6687 26
5454 4018 15
2869 7897 14
6165 2302 73
7803 1732 35
7241 3351 48
51 2381 72
5238 3308 22
825 7260 97
6834 6219 47
5809 1525 96
3972 3259 15
5748 2158 21
3861 5576 3
112 6125 13
1575 3402 87
96 178 47
4257 4182 78
4972 1903 11
5660 1448 73
4906 5102 66
2914 207 79
4322 5027 79
4723 552 82
3305 1957 33
1859 7309 39
1486 585 32
2699 7187 41
2645 3960 54
2032 264 91
7879 2280 83
6812 5075 45
486 5745 8
887 4359 55
2280 7686 63
5330 4785 83
6709 2088 29
6401 4622 36
6218 3880 50
1503 6645 49
1050 4125 74
4978 7543 87
2655 2438 37
7873 668 85
5131 3223 56
1813 322 8
6017 1874 83
7076 7256 30
4365 1103 46
181 7009 30
3189 1729 66
817 4922 96
2977 2140 9
49 171 95
3425 4628 49
662 6581 4
3315 862 29
4731 3696 7
1903 4545 10
5220 904 15
2553 3907 2
7711 1761 84
6300 5786 24
4141 885 40
7592 3611 63
6116 480 56
497 6117 62
7758 4321 65
546 4824 23
3249 7432 20
4576 2993 45
4160 2001 4
1069 3806 41
6897 7378 98
389 6844 100
1375 1662 16
3270 3146 5
1803 4678 68
3868 676 67
3549 4341 29
3185 4763 74
6376 200 93
4328 7710 12
2809 3488 86
6329 4735 15
5538 7486 86
7108 1040 42
7579 47 55
6317 2688 89
2709 1397 76
7329 5429 92
5835 3770 26
6384 1361 45
5774 4512 30
2558 1779 16
1716 5972 15
11 3414 58
2087 6917 90
1770 5513 34
5950 4699 41
1974 4801 85
4006 2932 17
4652 382 23
5468 331 13
1389 458 5
3534 3748 74
4693 6150 5
6987 723 20
3884 7884 80
6105 5024 16
837 6725 89
3991 7339 7
2599 1056 62
3471 3938 54
7536 7579 51
1725 7679 48
1594 1807 35
4467 6250 91
6268 4542 74
4080 6876 76
5620 1180 64
7244 3671 58
3736 5490 41
6551 4961 64
3253 5129 15
5836 852 6
7395 3057 3
7703 843 26
3562 4338 27
1403 3246 33
939 5736 14
5144 6405 42
6072 7504 11
6200 5342 27
4874 3723 72
7024 3795 3
2159 4651 67
1855 2970 7
1751 7302 41
6530 6106 19
3806 6695 30
1171 6654 48
7053 5806 44
4270 2997 86
4901 4935 6
3455 5530 93
6258 290 40
3907 1396 67
230 6688 64
4329 2151 89
3711 3410 39
2537 1399 98
4066 5337 46
3406 4993 88
2015 5464 22
5103 6514 73
5617 5906 78
3943 986 42
1792 7274 58
3977 6857 22
7136 4172 84
275 347 73
6567 1015 90
893 453 95
3330 6180 54
3313 1862 24
4133 6747 89
7748 6935 51
7518 4640 49
1944 3284 59
5326 3204 42
6764 335 38
5759 5190 29
1627 392 10
164 322 94
3325 2016 17
3583 7947 96
6387 3740 70
628 6426 56
2101 705 88
760 7965 86
2318 2315 99
5429 2563 51
93 1778 37
4142 7980 7
5081 2777 70
4182 1906 23
1167 5281 89
414 3307 49
32 5719 30
3439 1565 88
4830 5057 76
7667 3979 29
1487 7510 6
4854 2508 75
6447 7217 42
4409 2018 87
165 4333 50
4793 5478 45
1522 1165 54
4428 3365 98
5631 6297 87
5979 2456 65
7238 2783 71
1356 297 23
6329 50 50
5387 7563 82
2589 2151 60
734 7649 34
2169 2336 48
3607 6019 27
5528 2717 84
7260 4158 34
2551 6284 54
5006 2799 34
1411 6542 56
4760 387 1
292 549 7
6021 5380 45
3255 3244 50
1166 2747 16
2029 6382 36
6632 1547 57
5430 2361 11
7461 4135 63
3814 6373 31
26 818 46
5626 6967 57
2705 6475 73
1884 5261 80
1217 2335 78
1079 5823 23
7927 5459 96
1951 6401 61
4276 2052 68
2921 5824 89
67 4002 11
4802 4776 19
52 1052 91
3305 3917 86
2062 1927 40
4973 6806 88
7417 7475 12
7950 6223 77
4625 600 59
6971 6235 89
1782 4458 54
539 2554 48
756 1685 11
3536 1091 73
4919 5340 11
6239 4560 48
4706 4086 91
7485 5011 64
7884 5980 4
5316 5633 65
211 7308 73
2851 3086 43
4890 3038 31
6121 1272 87
5788 2860 91
1138 1468 50
7365 7874 15
1629 5885 46
7675 2171 15
7381 3480 56
2699 4629 39
66 6025 66
5289 2450 97
4107 1483 54
4346 4737 45
6588 7350 30
84 2049 99
6366 3837 72
5004 1804 37
6 6820 67
4495 1257 67
7655 5191 61
2911 6797 8
6444 6461 56
2317 3506 85
3974 4869 81
2829 5123 60
1645 5163 61
5653 3237 83
490 1278 39
7553 1820 42
6708 6883 11
1763 2884 3
5563 4586 90
2597 2682 99
4851 835 38
378 1623 5
2605 1734 64
4633 5730 51
2964 2800 16
710 1116 24
6500 1473 66
5965 5824 78
3906 6216 46
7752 1689 89
1346 3982 16
3319 7934 92
6567 4889 63
2355 1715 57
2701 7937 36
6795 3821 29
3375 7623 94
7851 5766 24
651 7164 36
7065 1063 4
7671 2442 71
5396 62 92
2630 3990 44
3315 4820 93
3997 7792 7
497 4124 93
1042 662 52
2698 1968 77
1153 6216 29
5806 796 4
2271 1063 87
7489 2457 9
3761 628 52
6685 1426 65
3534 2813 86
1325 644 89
7382 7908 88
399 6846 56
1588 2090 49
6659 4929 35
799 5717 56
4316 6720 55
7492 6863 28
3763 2309 85
2165 2907 16
1398 3445 46
6275 3986 72
3827 7202 81
2845 4517 58
7107 6132 52
7185 1797 88
1035 3724 87
7254 449 45
940 7222 7
6215 3389 23
4260 7437 2
1939 4124 91
3150 4920 78
5339 6639 11
5479 525 48
7746 1729 34
6776 6754 35
5635 2850 61
7328 5481 98
715 7185 42
7985 4856 87
6940 5634 72
2350 2022 96
7879 7013 65
1925 4010 49
6251 560 61
7626 5679 58
4937 1961 18
2339 4346 99
2264 4924 58
3365 1004 50
1855 788 81
600 3242 60
5390 4096 50
2873 2725 57
3961 581 82
7551 2252 30
3371 574 21
1356 2809 10
7080 1428 79
3334 2988 74
1059 2178 42
3487 6173 93
350 2366 75
6357 5439 16
517 1426 64
3649 2389 24
1418 7224 39
406 1643 60
6596 4833 75
528 7846 74
4272 3751 9
5784 2942 83
6709 2583 40
3875 3645 27
3295 1612 24
4 585 97
1444 3527 37
104 1963 1
4581 2306 62
111 4560 38
679 503 67
314 3076 67
7025 7254 53
3275 676 84
73 234 71
6221 3204 7
2303 6707 45
7058 579 79
3135 6565 32
4491 6401 27
1398 5145 76
3516 4003 1
655 3814 97
5209 5873 2
2080 4970 59
5220 7199 16
7446 3448 74
7714 5821 89
2218 3286 99
2798 1947 13
715 281 98
2379 1222 95
4172 7668 47
6500 6785 36
3173 1149 51
4764 349 65
1662 3396 84
5533 3826 75
1847 6264 37
4018 2280 80
4449 203 6
5443 1799 24
2839 2164 93
730 4986 20
4034 7936 20
3323 4462 93
7432 1303 57
1632 1318 56
7976 2796 50
5151 2556 43
4027 6492 27
3452 242 58
7116 2568 43
5632 6023 66
7770 3176 64
2208 5532 62
4132 1061 32
6392 7371 55
551 4204 22
7693 2730 61
6256 6644 91
4115 3614 25
2289 5555 36
7385 5252 85
1264 1586 55
2535 4707 52
5662 4572 61
1550 775 24
5510 6070 3
5842 3122 84
3336 7463 12
2466 78 86
569 5328 45
7662 1922 28
551 2157 26
5634 4230 93
5937 6596 42
5816 4905 39
4774 5742 90
6408 1435 76
3811 5414 64
377 4157 66
3602 3826 98
7692 7536 61
4891 4865 44
7952 6043 10
4103 2210 100
5248 5487 32
545 2769 41
7141 5842 58
6738 822 82
2486 7817 8
3912 4449 15
1386 5217 86
565 4618 98
475 6068 31
7857 4930 38
2683 126 52
4170 7274 13
2800 5437 34
3980 6558 76
2550 2328 8
6633 1447 66
7590 7901 94
1428 1798 6
4428 6808 14
2707 5397 44
1482 7405 5
3525 6599 30
2603 475 11
3543 6671 66
6099 2153 69
5742 7289 48
3913 6864 13
1293 490 76
2547 7460 9
5931 4284 41
115 1843 45
786 1427 65
2946 1142 68
6706 2807 97
2730 1086 100
3008 5750 94
4110 3765 58
4283 4961 75
196 1684 9
7833 5193 79
2915 1290 6
888 2380 94
1042 5480 92
308 1623 15
1149 382 63
7792 4175 50
4607 3697 44
7646 3737 51
6230 4142 22
7872 3172 12
7662 7886 19
1325 2350 48
1532 2700 3
7643 2158 49
371 184 16
1773 2901 44
165 5411 76
4495 6364 85
3291 6627 99
4724 5431 58
5949 2225 20
7663 6699 8
7560 3176 24
5286 5491 95
5975 4012 31
7167 3800 11
780 4252 18
2528 492 80
4481 3559 63
3802 7328 7
4337 3504 27
646 475 30
7079 1015 48
2675 5898 23
117 2281 49
1187 2605 44
242 3980 78
6693 4103 54
2665 1830 81
5887 3575 30
27 6051 95
3097 2045 52
6644 4030 82
7645 1298 16
3792 7508 5
4495 2836 100
5847 4585 24
5251 937 75
4056 6574 54
3820 5406 68
6073 4919 70
3256 6763 83
1783 1539 57
1337 2880 74
7696 5099 45
2541 7677 64
6152 6165 72
1735 3932 59
3547 6597 53
3289 2349 58
7236 628 80
6643 6411 80
3465 3650 8
953 5464 67
2995 4583 88
7355 6242 28
1162 258 61
2037 5537 43
4545 1243 52
7837 1822 23
1887 5422 77
3632 149 56
6231 7461 53
4252 7489 31
7978 1766 67
7135 3298 99
3800 2014 21
5775 793 51
4630 5588 81
7713 2094 28
3357 5919 56
3503 7263 66
1109 3253 24
5666 7348 34
316 3906 66
5670 5116 5
3066 2624 47
4369 6839 8
1319 5625 24
6506 4098 17
3277 5867 58
5169 7366 42
7336 1319 24
7639 2417 47
1296 1469 93
5745 3182 61
3597 6529 81
7968 4103 5
958 5914 44
7913 5044 54
5753 5725 65
3528 953 36
2434 5571 74
7904 7041 10
377 3376 5
7524 5147 12
4384 5207 16
3441 4386 38
7795 1675 64
1410 3593 52
6620 3019 22
3932 3314 20
4222 2801 51
7971 7367 37
2341 3301 6
159 7331 39
1736 6107 38
4124 4247 66
7807 4452 54
843 3581 34
4669 5553 98
4383 6543 68
1351 2881 81
1549 6728 83
5525 3010 66
5240 3527 39
5133 7418 74
7935 982 65
2058 4817 20
6726 6729 52
5440 6956 46
3303 6608 4
5734 7412 92
5772 614 52
4073 7559 71
7094 1659 11
2617 4995 42
4304 6354 78
3948 2406 50
64 3447 19
1828 1687 93
2331 2542 38
4539 5652 15
593 3473 49
7230 3989 100
4926 2894 32
1231 2078 32
3871 2617 66
5156 356 50
2348 6147 79
5610 3873 26
7614 6274 87
6779 2751 60
5810 7421 28
6263 1402 60
7048 7249 36
4802 1627 53
7719 2850 4
7062 2935 13
307 3788 51
4299 3209 56
5765 5215 96
4046 4157 26
2283 6855 88
5260 4836 86
4427 2208 19
5096 324 72
3691 3067 53
6497 1016 1
475 4759 22
4908 504 54
449 5040 45
1337 6481 69
5311 2686 68
3616 2099 34
88 3791 46
4972 3016 84
7577 3867 8
2585 6211 49
3083 5510 83
2773 3959 42
6564 4502 47
2352 3214 21
7709 1123 37
2820 6442 5
536 4667 7
1407 3504 38
4684 2153 61
5043 291 86
5573 5066 13
4340 7642 67
2668 239 27
982 2330 10
7498 785 49
2083 3477 54
4527 917 94
7480 2466 86
1446 7773 60
340 3933 86
495 6429 53
7216 4499 53
5553 6303 100
410 3372 8
4081 948 8
7318 6652 7
785 801 94
7443 2788 11
2700 6958 33
6314 7603 5
7840 174 98
4275 5638 100
888 7030 39
2480 2314 39
5667 3103 50
5873 4932 35
69 1182 79
5976 7616 46
5354 614 86
6320 3826 59
161 3914 100
5386 470 51
1542 5187 6
6939 4999 62
4665 5276 21
4910 7653 54
7307 1375 28
2685 5270 70
6841 3403 36
3249 2028 76
2049 44 83
5431 3704 49
5722 3014 66
2724 2449 18
1664 2674 13
3131 191 44
650 5378 26
3628 5708 80
1239 5117 53
1516 1961 28
4094 633 76
7565 2127 89
2783 678 73
4592 4370 97
756 5977 76
3934 2219 25
3080 2232 25
5889 4346 79
5662 4229 81
967 7376 94
2873 6758 94
1124 4935 6
3116 4286 89
2273 4637 29
3634 697 2
7627 5740 84
618 910 29
7012 7693 69
1241 2603 32
6970 7458 60
2701 6789 33
3754 5183 51
1050 2328 98
3101 2200 57
6285 7576 29
4800 2202 15
460 55 12
6807 4175 37
4614 2519 82
6405 481 95
2849 5984 21
1390 2863 40
2834 6075 36
7255 2477 100
6111 4092 69
6580 2731 5
1171 2286 52
2972 7350 98
988 27 76
2464 4795 94
4708 2453 94
1800 7647 74
1950 5962 81
3777 4966 95
3270 1621 67
7307 7647 76
4135 2945 95
6455 5143 14
3863 1047 65
7439 4820 10
3373 32 57
3112 5625 11
6710 6904 31
7381 117 49
4409 3403 49
4312 433 23
5060 2383 95
807 3217 45
7154 4893 82
7441 1293 74
6298 5784 52
2463 7349 89
1515 7575 13
7458 1930 4
477 4834 33
5145 2264 30
3329 7939 47
2329 1157 22
4954 3873 23
2585 975 93
5670 3520 3
3281 2946 63
1155 648 89
6053 6595 77
484 3792 56
7645 2362 58
1540 5561 32
7394 6527 67
462 3454 65
198 7306 73
3584 7718 91
3761 7254 34
4876 4154 46
5827 5901 1
7329 7097 69
7090 1676 55
6560 979 96
5374 3282 14
5580 4060 52
749 896 59
2798 2544 17
6647 5388 80
4656 7987 4
2060 492 7
2086 3544 75
667 1014 18
1638 4778 91
4737 4369 5
4966 3543 46
4241 2398 27
1993 6976 59
1288 3767 26
3224 1255 70
932 3233 88
293 2222 84
5780 2547 43
7571 5086 88
7425 1871 85
7723 551 86
6761 7880 46
5423 2801 94
5379 5520 96
6840 753 62
6144 7433 21
4144 3041 74
6990 7335 55
3379 539 3
4064 904 79
7775 4231 88
1335 3867 45
7687 7394 19
5265 887 73
4811 6287 39
725 2718 59
5873 3007 16
1113 6227 21
2875 6249 99
1291 6469 32
5169 2278 23
389 7651 47
263 6127 23
177 294 12
7732 5761 88
4748 7616 72
5720 1840 3
6430 7452 48
3367 4882 37
737 2273 21
2294 6186 81
1791 2051 10
1777 4777 70
4383 2299 61
105 4946 94
4001 2508 50
6115 7393 47
4271 1072 62
5295 2135 24
6968 2303 3
259 4457 2
3070 4108 61
462 2881 21
5741 7390 3
662 3247 30
6650 5812 26
7074 422 5
3972 1483 98
3103 513 37
560 2308 60
1938 2000 27
3281 1067 84
1306 1590 61
5754 2337 51
3197 7239 42
7783 877 49
6555 4677 96
5966 2108 32
2355 1813 70
7717 644 44
7258 12 13
6701 5856 60
2332 1348 33
241 1126 30
5170 7423 80
7467 7601 32
2652 6687 63
3534 3319 66
4462 2675 17
4127 4654 30
6792 488 87
1115 3867 30
1885 7810 84
7725 7995 83
3017 1860 93
3532 7867 44
3164 3095 72
359 4648 54
5777 582 16
6415 2933 70
502 2821 62
5177 7413 24
4482 2122 8
2513 7443 80
1063 1685 89
4502 5713 21
5090 2280 59
1883 1049 65
4006 4213 20
5770 4574 22
3578 73 68
5444 7859 12
2888 1970 62
2445 6915 75
743 5007 81
1474 1915 60
4322 5665 100
3111 7872 25
2526 5431 14
4887 7505 8
7148 5333 62
3908 259 76
6010 1525 17
2065 7544 55
3481 3853 62
3090 2248 75
3800 4518 76
5682 3936 16
6777 5831 72
3692 618 4
4854 1875 62
206 3047 46
2581 2607 7
7899 3569 87
2692 6605 96
4008 5393 81
3680 2134 76
4485 6230 40
3843 1370 8
580 6244 56
722 781 85
5744 2673 93
5105 1296 75
3767 281 74
3076 2294 61
7366 6785 89
5742 830 90
219 661 98
574 7651 72
3378 3188 6
3853 4951 61
2347 7887 94
537 6357 11
5196 6634 29
164 5610 46
2313 6192 4
1562 4067 19
3909 2482 77
1200 6925 68
2835 1601 45
1814 3763 58
2593 7738 75
7311 4176 87
7311 4247 66
2382 1695 71
1318 3116 38
6223 2775 2
3257 4236 19
2698 7825 25
1165 5294 66
5266 104 4
3255 7581 31
2894 3056 92
3984 4669 61
5220 4668 97
5045 6577 85
1120 7093 1
5898 2468 8
3908 7690 74
7579 5288 72
2502 4139 55
2004 5207 76
4110 7022 69
5321 3881 63
4237 1544 95
2862 3113 73
6045 135 34
5130 2654 77
7413 2677 70
609 7431 82
7956 1134 1
2966 7865 71
806 6535 8
6899 6142 54
2801 3806 92
6786 4356 57
3088 4629 8
3471 3717 38
2223 3844 8
2918 5363 35
7818 7949 38
2689 2378 26
719 2831 23
4726 2279 92
2753 6302 64
6737 918 86
467 7364 94
1880 6393 46
2225 3081 64
3055 4739 66
5944 3214 86
4930 2862 39
5286 2489 81
2824 5594 81
7377 4808 50
7791 6421 84
7277 3886 56
1939 138 68
6544 5813 85
3713 3198 23
1832 4457 98
2030 4412 94
4129 5031 95
2335 3264 22
6785 5733 71
5662 7741 60
3429 4914 91
4830 4551 37
3807 7499 31
3834 4421 3
4580 2786 90
1042 5632 37
6611 4866 77
181 2213 88
1646 4882 26
2362 1172 32
3087 3725 66
1984 4295 1
5433 212 36
2861 1642 13
1622 178 61
6874 1314 28
3177 4024 22
1435 5302 5
4923 5958 39
999 1029 3
1694 4697 48
107 7776 44
2166 2310 20
2555 1765 1
5665 7714 92
4135 601 58
5994 5328 50
6380 6601 61
3372 6097 1
3589 5462 38
6463 6585 91
6922 4552 14
976 4341 37
5469 6274 9
3955 7436 70
4160 37 65
584 1425 69
2115 2321 13
3105 2111 65
3939 896 84
6661 4269 15
1955 5866 5
2342 4975 26
3361 6570 99
4417 6238 21
6466 20 2
7784 6222 44
1556 3179 59
402 3579 90
4572 1124 14
2683 3655 43
295 6480 5
2875 5261 54
7613 3429 78
2494 3753 95
446 6375 5
1394 1263 56
7806 6372 40
4638 6747 50
5641 576 61
848 7582 25
1843 4107 46
7898 6917 81
4414 880 25
5738 1671 82
6023 3314 2
2641 7313 59
147 4153 64
2121 4837 40
4627 4355 48
4639 6819 54
5274 6768 79
253 924 34
399 5998 3
5214 1177 92
5336 4704 50
5105 6018 71
1533 1489 37
6025 7107 30
7485 3396 93
112 6546 85
5505 7627 92
481 5713 64
7631 7686 3
4855 7373 80
4445 945 12
1958 1719 35
6817 7849 51
6254 7862 89
940 3896 42
5734 2654 74
4129 4551 64
7023 5293 16
10 460 9
2432 280 9
6916 482 32
3352 2936 21
3602 6321 85
4638 113 37
948 2292 69
4505 7711 44
5142 445 27
5321 4158 50
7799 2215 53
2323 2988 46
3067 6620 97
3384 5751 84
5497 3398 24
6639 4475 94
2853 164 25
498 7164 14
3065 976 29
3635 7453 77
1578 7690 75
3342 5221 69
7363 5084 84
3145 5642 73
2516 4735 50
6079 7555 20
185 2882 80
5369 2014 13
1480 6163 24
1067 478 33
7935 1900 87
487 4168 28
5720 7292 56
215 6492 2
6758 5634 24
2934 3677 23
5078 4070 98
2133 5461 40
7181 5722 85
935 4656 96
7149 340 38
6452 3034 73
6247 2256 14
946 2446 86
4868 5436 43
2327 7525 2
7668 7507 51
3234 4312 18
5797 7294 46
2872 1520 47
5975 5588 74
6555 1959 11
6663 7189 62
7460 1890 26
5216 3979 24
6863 2121 49
6784 3855 93
4948 2055 77
7424 5324 24
5012 938 38
465 5040 25
826 3081 41
7420 1506 25
4300 2923 27
5873 4047 31
6218 5474 44
3456 1749 20
1783 5872 91
216 6247 30
292 2849 95
3665 900 68
5223 3675 56
4754 373 60
2361 2986 78
7471 2455 96
3842 4654 70
573 572 50
6660 1475 5
3865 2099 19
6104 5630 92
643 6082 96
1815 1563 99
5285 3306 92
3011 1983 87
7474 529 39
4448 7684 97
7770 801 19
4326 6648 14
1547 7119 23
4701 673 24
1252 2456 64
4133 3594 73
6327 3899 34
1514 7748 71
398 946 7
6475 5610 40
7100 5221 80
2757 3918 67
2157 7113 2
5611 4075 68
3805 6059 35
4001 4624 23
5830 6524 71
5187 2106 32
4682 2206 15
3999 972 21
6286 7025 70
6308 6143 31
1219 395 92
414 1064 30
6960 1180 36
6986 843 43
2294 2784 19
1743 3925 85
7597 6339 33
3074 4896 17
7133 7615 64
2526 2897 78
7926 3704 19
6253 4186 49
6373 7404 1
6403 5616 27
2131 3443 17
804 2193 91
7734 554 90
145 1710 50
936 4825 37
1785 4738 58
6937 7164 97
5008 6009 46
4792 1155 15
1351 592 49
4768 3704 54
4179 6768 51
2580 2730 4
5566 3389 22
7753 6818 80
1555 270 42
6997 1685 48
4947 2918 48
2773 2994 60
3801 4244 43
5253 6841 58
994 1151 80
2057 5242 85
2786 5306 92
3587 1415 19
2482 61 38
2495 5182 6
7571 3858 60
6574 6850 29
7239 6782 47
5636 3779 13
1999 5156 61
1213 960 66
5074 1141 90
3140 6086 57
5193 402 84
1226 5838 33
4237 3698 53
6867 856 19
3475 2779 53
3806 3759 30
6208 5005 17
2052 6359 78
5933 4041 91
690 2987 63
1412 4553 76
2708 4707 2
5699 1605 100
3245 1556 20
3288 4619 20
5698 6884 86
135 5175 14
5512 1982 61
6170 7883 63
2088 3108 27
1269 1010 33
3885 5947 10
3055 2161 47
3861 4869 96
7303 7710 26
5949 3583 39
2482 6921 47
7003 5571 92
3856 5120 84
1614 4426 10
3086 7318 79
444 3450 30
4124 3895 100
175 6291 91
6841 2296 60
228 2785 100
7930 2491 25
7014 6982 46
7290 5305 82
1928 912 51
6832 2061 67
7608 5446 7
6292 2197 50
7144 2137 49
4599 4800 11
5213 5398 8
3863 141 51
7502 1486 28
330 3042 62
5456 5270 24
3986 5864 77
3665 4509 86
6785 2228 29
1630 1944 84
2089 2610 4
3294 7204 80
7993 5084 82
3533 3300 25
2831 6113 78
1443 4079 93
7515 1202 28
6439 2590 43
7990 1488 98
3219 7081 23
3237 1087 84
1913 2267 87
2038 847 55
7780 6882 1
779 5265 57
6852 4877 94
4638 1151 22
5585 513 11
7159 2820 58
5855 6143 35
2915 2506 5
928 2076 7
586 922 8
7003 1715 2
5068 5542 82
6148 6570 57
7502 5846 66
5218 158 46
3019 3061 12
7530 6219 98
957 5210 11
1578 225 45
7644 3972 79
6063 2666 67
3011 4118 6
5442 1263 3
2491 6213 39
1693 4959 66
2802 911 96
915 2742 4
7532 7281 73
4836 7199 37
5625 6302 57
5008 4072 63
2330 3896 30
63 1785 26
3084 872 13
5299 3100 25
6669 3601 88
2827 5142 15
2054 7666 25
7467 2223 9
4000 6618 98
3906 873 78
4004 1209 69
1058 1965 90
7752 7182 35
3727 7458 88
4778 5339 1
1480 2488 33
172 1088 39
6191 7460 99
6232 4371 63
5246 4308 75
2980 1794 22
2688 500 42
1521 4756 36
6803 4159 26
1635 3767 98
6012 614 9
758 4103 69
1155 6040 54
7779 6142 54
1895 1327 85
7503 2678 99
1526 7388 47
6973 7008 8
551 6838 33
7625 5225 56
2860 6180 8
5287 2655 29
6567 4700 97
7114 318 50
4554 4721 11
4251 5443 29
63 5149 2
4075 6215 24
595 7163 31
7600 7664 6
7881 4978 17
3320 4487 53
4473 2990 46
3794 7397 33
6032 940 77
2416 2156 68
3474 403 49
3061 2391 5
758 2850 13
700 1445 34
1629 6704 25
4907 2043 69
3645 4030 51
7379 2471 55
7258 834 56
7464 6299 14
7393 7993 17
3483 3422 8
3465 6912 36
743 71 18
6527 3338 12
5409 7963 13
6183 4981 59
6243 1236 13
4123 5180 27
7671 2018 97
6636 1293 39
6077 3605 85
6743 7111 9
2589 4756 28
4625 382 43
3195 6638 13
7543 6290 47
1143 3649 82
4016 860 73
3844 5344 39
1782 4812 7
4150 7594 60
2088 7 64
1020 6627 52
2402 1837 64
610 863 22
7759 6238 6
4333 3505 20
4294 127 80
2860 969 36
3526 5881 30
7355 2496 38
6230 5505 1
5079 5992 43
6483 527 91
3787 5015 36
2667 4401 43
1003 7757 73
7049 6302 47
3107 7544 18
6583 4988 91
7646 5463 71
6861 987 90
3177 736 92
7721 5075 34
1177 3519 73
6335 2828 67
3916 7144 42
3204 5805 38
1743 253 39
3701 5956 73
5638 2409 21
3701 2805 22
114 6182 54
484 2247 71
94 3031 43
332 7414 86
7387 3901 38
4794 3593 74
1941 5240 7
5846 5551 77
6400 4713 89
2925 7482 25
7327 7223 3
7759 7824 36
3036 898 89
1780 3526 68
3377 1383 2
6240 419 93
5370 7709 94
74 1795 96
751 5921 22
672 1698 42
2345 5600 10
7653 1884 17
7370 1021 90
3778 2530 97
7975 7771 30
1823 5774 32
5152 7264 7
5878 2738 98
7611 7145 6
1720 1399 76
7767 388 4
6542 3572 61
7346 7648 95
7680 7834 6
3850 1284 9
3873 6181 88
5671 6515 58
7714 7105 62
7292 2052 69
200 896 23
764 5402 41
7410 2341 33
1063 7005 62
3159 5468 31
5583 4070 18
3538 2446 92
1592 3746 61
2218 4536 85
4026 7989 30
5185 1896 26
7123 1910 5
461 5251 8
156 7319 20
771 2315 49
7091 5584 14
6802 7502 18
6523 3502 68
2011 3293 26
7242 2430 53
4696 2969 2
4684 3270 24
1494 2183 97
7354 4661 80
6944 4108 20
3332 6480 81
3318 4565 18
3320 6089 52
6096 1861 100
1615 6247 99
1162 7756 33
3366 3613 52
1013 6617 79
5806 4213 10
7555 2996 59
2001 4183 100
571 5989 15
382 6796 91
7925 7423 42
2666 6480 65
5020 5456 96
5836 1905 70
4358 4477 41
7630 4333 52
2150 887 50
643 4998 2
649 3423 75
2185 5652 90
7043 6937 43
6702 493 87
3691 2380 14
3408 5179 32
377 688 38
7392 662 62
26 1060 97
1648 7969 46
4444 415 24
2175 7288 71
7384 7363 86
7429 4354 53
597 2497 9
7365 7172 79
7006 4696 44
6676 2625 46
5152 897 81
7505 5853 54
4924 5562 24
3138 2100 14
5792 2175 81
349 929 9
1498 1639 69
4488 3111 100
4506 6749 62
686 6209 85
6445 4290 29
5282 4330 13
988 3163 85
7072 6763 43
2396 1016 17
2488 560 23
4599 5495 10
7288 5444 74
5425 6748 62
6446 7012 2
3026 994 91
3387 295 12
902 5879 42
561 4751 42
259 3138 57
4347 2459 63
7097 7575 54
2169 4703 67
7564 280 77
8 3506 3
3815 3591 65
4440 1601 1
709 3171 32
326 6227 66
2058 5049 14
6273 1752 55
5431 4983 62
2235 5506 9
2575 5898 91
4894 3614 94
4109 7913 95
6778 7834 99
5292 5179 95
735 4332 9
2458 6456 32
1894 4471 7
4840 3778 44
2517 7070 59
3413 4801 28
5452 63 58
7764 3047 83
189 4924 91
6644 2615 82
4057 7454 56
3088 2518 56
2467 789 27
7722 1946 99
243 6312 96
3632 4762 50
864 3482 60
2346 1857 53
2485 427 81
7935 7086 43
5598 7418 94
5794 7240 29
4409 1776 91
7965 4359 78
834 1997 83
539 1049 70
2527 2424 38
1770 6458 74
668 5434 45
3851 3493 95
4657 5437 36
7147 4617 20
7887 2373 8
836 6997 31
2469 7774 47
7702 5928 77
7280 4168 1
6246 5297 56
556 28 53
4012 5998 60
1356 2125 77
1626 2476 28
4884 4989 66
1168 5191 73
148 3381 16
2826 6849 81
7518 4048 57
3027 4775 88
6040 2946 41
6872 2624 51
6145 1664 3
4902 7082 29
3527 1177 51
692 5074 25
2195 5892 60
6703 5544 87
943 2161 53
5287 2635 24
4458 4982 3
7097 5941 5
1347 7881 69
6616 6150 77
6020 5530 82
6162 2461 100
7736 6161 3
2812 3849 62
2162 2695 74
7760 6441 91
6579 4540 30
6250 2193 91
5415 1948 93
4635 2033 49
7284 6172 60
3032 5903 71
3519 3223 81
888 7763 11
1364 952 39
260 6899 54
1413 5375 42
1013 1328 62
5186 4781 24
1176 3046 41
3929 6041 30
134 5439 15
889 7966 88
5868 3850 47
4582 5038 63
6769 477 85
6055 2597 95
3930 4159 64
3126 575 79
7566 5762 44
5207 2966 97
7256 4654 12
1987 314 3
5480 3627 39
5218 6115 18
548 206 39
7272 1882 31
5916 3728 23
728 3663 39
6551 3390 92
7221 5780 87
3433 1512 58
4448 5517 74
6999 2334 89
3155 7447 99
6485 6077 15
3497 5981 54
6516 5006 88
3990 7398 42
4073 2874 66
1351 76 98
4582 731 48
4808 7698 96
7213 2999 80
2019 455 96
3216 6413 70
5240 237 62
1886 2881 89
5130 1038 73
410 253 59
941 7571 32
6676 2585 98
7204 6028 69
3498 2988 95
6473 3413 33
2800 7926 45
6252 6511 81
7341 2087 36
1160 3697 39
7186 2673 5
6158 6270 18
3633 4219 38
5025 3575 39
3349 1604 76
7165 7423 14
3931 2430 84
6052 5855 61
2645 5845 59
6470 5334 90
187 2436 40
3794 7941 69
5098 6357 34
4622 2000 52
1675 5534 41
3056 1546 90
1081 1697 37
7072 4855 65
1171 4805 5
3759 277 16
2139 6919 20
420 4314 27
3645 877 33
854 6668 40
4039 1283 10
4651 2366 63
7786 7056 98
2397 2037 31
1337 1970 50
6254 3851 43
3281 4419 53
2996 1857 16
919 820 58
6946 7460 27
1101 7532 71
7578 3503 48
2351 7668 86
227 3651 10
4666 1946 45
1673 649 26
4759 3618 42
503 694 56
4766 2475 1
572 1668 76
6248 5227 4
6347 5173 94
7597 4686 18
6293 3336 20
4603 3282 46
4240 4963 55
3232 5746 15
6367 712 67
5955 377 24
2809 6779 58
5944 4062 5
358 1609 99
2335 7648 60
6190 6478 6
482 3441 25
3278 3009 56
1467 447 55
3389 3824 76
2531 7984 52
4763 2846 95
2745 7988 27
3478 4323 67
3552 1705 20
3805 103 8
1207 233 5
7143 3452 86
1800 2496 43
3655 2635 50
4304 4165 73
1076 3834 78
495 2782 2
253 1705 68
3399 6639 5
7345 2621 68
7096 1530 10
4718 7588 92
6853 2804 84
7626 6909 10
640 5824 16
959 1074 80
889 781 33
2605 6641 78
2015 3681 25
7061 5407 41
775 7959 37
149 2363 70
6778 7327 52
4287 5171 99
1032 5664 93
3436 2579 52
5654 7019 96
7660 4069 56
4060 2457 12
1914 3122 48
6819 2370 14
3366 7340 84
5338 3775 43
5127 4371 10
1203 6097 22
3863 2291 37
3078 4887 92
815 2940 42
4190 6487 17
2096 5887 92
4482 4829 44
4326 7577 40
7125 5935 66
4515 7374 80
4518 2653 83
5616 3275 95
693 2239 100
7848 1325 42
2012 308 17
2861 2699 15
2314 2434 61
767 7971 18
420 1013 78
347 1023 30
158 7527 64
7595 6986 85
1410 97 35
224 1350 2
7252 2933 28
7842 3557 90
7157 2004 56
3281 7462 83
7411 6068 47
1060 4659 11
1842 4349 100
816 2226 83
6266 2026 32
1506 2504 19
830 361 56
5134 1958 17
1187 1866 23
6010 2008 6
4032 1621 39
1194 603 1
4288 4314 79
1520 4593 64
7796 4014 10
5343 6569 99
4045 1758 53
5327 4152 84
2602 7659 33
4978 5054 14
358 430 59
2228 5796 93
2850 4295 22
4634 1707 62
654 2657 9
1452 1333 96
153 6043 27
4088 2451 38
7961 3862 100
269 1496 25
1704 2005 50
3562 1190 24
4032 1483 40
6124 2596 90
6580 537 83
1677 7903 78
1784 6526 89
4001 4302 70
4731 620 90
6796 7541 84
5814 5547 35
7330 3917 5
4920 1847 83
2900 5263 16
2923 6518 42
6057 403 78
7394 2330 9
6101 4639 13
6973 854 43
4672 6401 5
6430 7509 6
2630 3297 48
5528 6505 43
3200 4361 44
4755 2783 16
2813 3295 47
227 7567 15
7488 4098 55
4588 3647 15
6465 6044 69
2983 7052 93
5844 3101 96
1198 7089 76
6841 4542 40
3093 3089 36
5929 1206 9
2726 2577 3
7457 4019 46
7173 2159 80
3811 228 29
7050 6146 46
6804 1527 79
6019 1192 33
2688 2026 22
1290 342 49
5913 747 43
6284 2212 48
2460 3575 14
14 6614 82
1151 3942 34
3519 59 77
3491 503 36
2933 5752 58
5722 3684 4
1453 926 30
7237 2401 80
7935 3115 33
1330 1641 27
6581 5264 43
7563 3550 62
4391 211 60
5205 4724 95
275 2869 82
7468 1558 68
2338 1518 18
1162 6136 18
4669 5593 76
4716 5227 46
833 2106 31
7257 4058 22
2439 2268 21
439 6958 28
5982 7383 35
1500 6120 21
5020 4799 1
4535 3042 18
2323 1234 22
935 2012 87
7538 5235 49
7627 6781 17
1713 3684 18
5944 7110 22
3965 5477 90
3790 504 44
7331 5159 42
3741 1242 83
5467 7444 80
4710 378 31
7897 6217 70
1363 2571 10
1210 4149 40
5173 1764 84
3953 7641 79
6986 5281 99
3487 3805 12
2532 7657 46
2162 5153 28
4058 5164 64
6164 7093 99
1326 7753 13
7310 3988 44
7854 1333 6
4675 7892 2
7741 1569 30
20 7128 19
62 3798 46
3146 3216 37
7221 6647 48
5399 3343 94
5116 3562 38
2177 4292 13
7644 5376 21
6733 3671 19
123 7030 85
4210 736 15
758 5142 89
4160 3274 3
5498 3193 86
6278 2995 56
2092 2256 17
7429 4856 24
2018 2021 64
2837 2537 90
2782 4061 25
5457 3347 98
1297 6266 32
1380 6223 79
1724 5986 95
1860 3943 33
855 5681 95
1907 3653 21
4455 5627 19
7044 2666 8
5629 3567 13
4857 4563 68
5548 7969 1
5461 6700 63
450 7917 25
485 7708 8
648 4485 83
2869 5215 10
4787 2451 59
5394 1331 89
5350 754 96
4321 616 30
2659 5338 48
4395 1858 93
5927 301 69
3760 942 20
4555 4294 37
6828 1827 92
6786 3185 6
6494 3739 29
3802 50 58
6841 1580 12
6969 140 97
2830 4391 38
2049 617 88
6513 7905 41
5935 3919 34
2117 1888 52
1252 6133 24
7249 1818 98
7739 3413 65
7920 1335 30
3904 55 19
6140 4848 18
2731 419 20
7392 1942 80
5400 821 41
6215 4105 85
6570 7242 66
4349 3699 71
7632 6097 22
5509 2311 65
7291 4380 86
3833 1040 100
7439 2700 2
706 6579 77
2230 1710 19
4261 3589 10
7176 4954 79
7552 7736 73
4327 1716 52
7769 104 31
1444 3492 50
3984 6020 100
6580 551 29
5573 5699 37
6628 626 38
7480 5564 59
3498 6028 99
1923 53 77
3314 6627 27
3446 6797 58
2297 7774 55
6773 5922 45
3977 5316 42
6273 340 3
183 4706 96
7876 5145 95
6602 6659 49
849 2092 100
2356 4876 5
1783 6327 68
4652 6852 49
898 6818 92
3558 7361 95
107 105 91
7876 7574 82
301 2839 30
4762 2984 87
2791 3852 76
408 2864 91
7652 4136 100
4361 2534 2
4070 800 56
6219 4635 44
2993 7984 17
5565 436 95
850 2234 91
1409 2243 38
614 2118 63
4906 602 75
560 3216 63
718 4731 3
331 1744 47
5859 3486 23
4373 7287 74
5213 2262 87
3462 3086 80
7868 7380 68
7130 2855 48
1700 4166 87
4232 2544 87
354 6719 28
2492 1435 17
2557 3031 62
2307 4003 96
5686 2127 34
1449 958 90
1282 691 80
2082 783 44
6385 4760 22
2621 5427 50
4984 1590 10
4594 5326 41
3580 6794 71
3325 6683 45
315 4737 65
985 839 16
3031 6321 2
2187 2629 69
1354 779 56
6574 4098 99
6346 2989 64
4044 5717 45
739 7153 3
79 7756 66
3416 5218 40
3059 280 22
951 1917 95
6403 5558 7
3273 4510 91
2454 4719 27
5971 4045 44
7182 3452 62
546 6308 74
4805 792 70
6114 3459 20
7407 1978 51
7343 4414 48
4199 1001 32
7240 1849 46
590 1044 72
3126 2314 59
3113 2898 92
7394 4531 27
776 1406 80
1767 2049 9
4421 3618 51
7026 1904 31
926 2066 22
6699 778 31
2205 3815 100
249 3216 29
6911 1044 55
846 5332 44
1250 2218 28
1331 4083 52
7049 6272 5
5878 4055 26
408 2105 46
5855 5030 56
5957 5939 14
10 1332 9
3760 6415 100
6808 2848 35
3420 7666 44
2412 645 90
6193 3373 26
4494 5629 65
3800 1064 62
296 431 43
7119 1282 25
4391 5360 46
6384 976 55
5326 2698 3
7823 1011 28
5601 7589 53
1249 2255 39
1441 1107 65
17 1644 27
7876 697 87
7890 1057 77
6873 29 35
1789 3919 68
1142 3188 12
6654 6923 51
5039 5229 47
4776 289 64
7375 1840 38
2986 3333 6
2318 4701 90
3674 2756 77
1393 1651 51
3494 6251 19
2970 4911 66
6784 2433 77
5758 7553 67
7773 5446 78
5167 2294 16
1754 7103 45
4686 7951 39
3301 1378 20
6268 7554 51
3087 1178 70
7371 6305 11
6745 4193 83
4884 6689 100
5341 1127 41
4908 5338 48
6693 2056 36
7537 2372 80
2749 6216 56
7193 419 73
6231 4053 14
3132 1062 71
1581 4822 58
4343 2284 59
2944 5242 94
7749 6777 76
6817 1411 58
3734 6931 68
6228 1405 96
7461 514 8
229 4887 18
7807 7432 73
4844 5418 43
7979 4101 80
6636 7762 93
5591 5837 67
6078 6100 33
1510 3736 81
7081 7761 79
4893 5474 2
521 576 4
1877 1043 50
4651 3310 54
7833 7541 95
5558 3141 30
6354 1291 64
6796 1945 46
7449 5227 26
4521 6962 11
5101 456 63
3016 6707 37
3954 5390 86
5057 4401 97
7877 6864 66
3972 2992 51
6106 5393 51
912 6448 100
6667 4150 62
7279 6977 97
3227 4653 6
826 5301 58
6115 4781 8
6313 6167 5
5113 3730 12
7382 4319 100
869 1531 33
6964 6431 15
806 6729 46
2218 4845 96
7524 5563 74
3192 1113 29
7750 1881 48
5446 2957 90
1029 6039 94
6678 4689 79
7903 7833 18
6062 4366 22
879 6332 53
2576 7118 100
874 3013 27
2342 5459 24
610 5268 46
873 2664 96
6705 2354 5
2363 6907 5
5629 1968 30
3351 1582 37
7601 2184 56
325 2758 31
355 6226 17
3510 4785 30
4104 2438 76
4435 6678 31
3177 5046 11
7915 6332 5
4429 1349 98
1432 6370 45
2632 331 43
3820 1884 93
4095 92 72
2919 4899 77
2736 1235 83
620 840 64
1140 79 41
6414 5617 7
5553 4194 37
5921 5572 25
484 828 30
1404 5550 86
1472 5646 22
1584 695 72
2915 5668 83
7981 6690 40
6898 6918 4
3571 7947 90
4021 732 88
1402 7240 85
4115 6554 6
2443 4779 60
2672 3061 21
82 1460 3
4474 434 11
4752 6573 28
1818 1151 55
7529 1003 13
6877 5391 70
7153 1652 17
5725 1717 9
4590 6177 51
3922 4168 13
4437 4403 95
1606 430 68
6083 5668 24
6086 2989 90
714 5239 45
3934 6433 86
789 7198 28
6254 2984 95
831 7835 77
2010 6295 19
6687 3588 59
7975 4057 9
2100 5695 66
6806 3556 100
7766 4957 97
3040 7241 17
2880 7854 37
7393 6821 81
5833 7550 71
486 2236 64
6666 2198 58
6124 3574 10
6923 2069 40
6802 5231 75
3727 7936 60
5151 324 31
3688 4383 56
7551 3941 66
6779 7051 32
183 7072 37
3227 7482 70
314 693 52
1601 2772 77
5169 98 17
7748 5226 20
7934 7210 28
4127 3691 57
237 673 44
2921 3247 16
4517 4207 26
4405 2629 71
4879 7026 91
3745 1881 24
5419 2668 53
6776 836 15
4523 5018 71
104 4786 25
835 4731 86
3651 328 50
1888 5284 62
1876 1744 29
814 5475 52
4306 5779 2
3286 5362 70
4960 6885 8
7670 5980 24
4176 4842 21
2134 4474 88
4763 7122 93
2577 5937 65
2415 7101 12
4066 6825 73
6768 6406 18
6975 497 52
5694 7534 73
5031 1417 16
5345 4899 28
2387 2084 38
2596 6470 53
7786 6435 87
3989 2606 30
3629 7071 99
440 7388 80
7815 6275 44
2028 6404 20
6969 6997 5
4470 2128 5
7067 7126 39
2792 2228 35
2181 5146 38
5290 1951 36
26 1146 18
4418 7060 63
605 6881 42
3875 3651 65
6225 435 26
7156 2477 33
114 5057 91
7328 5484 82
2102 5101 89
5628 692 93
2947 6496 57
4878 4044 66
5239 1178 30
3761 6062 31
3243 3455 13
5297 5923 15
7295 139 37
3175 4717 33
5502 3363 84
7449 1583 71
4559 2619 75
1434 1593 62
3779 5260 47
3868 6714 22
6218 228 24
2125 1863 46
5786 6303 74
6830 1431 42
3289 6368 83
7946 635 72
2991 5828 65
7276 6168 34
5221 89 40
7895 7935 50
332 6285 50
6499 4080 40
1918 4330 56
4319 1760 23
3547 941 44
4348 6184 13
7540 2768 21
1488 7932 71
7522 6976 12
4623 7298 42
4516 7973 88
169 7565 31
6871 2229 41
2849 5094 24
3718 2114 37
2061 2005 51
3532 3128 81
5114 6752 52
7664 1467 30
6480 5203 48
5550 1225 20
1335 2935 80
2738 5623 99
4052 7667 31
6574 3684 48
5091 2112 88
7327 4446 27
2213 4175 5
1960 1403 98
5201 334 17
1394 3852 77
5591 1211 31
7834 5352 33
4648 7349 44
5298 7177 64
5536 7322 37
4106 6434 41
5904 1740 80
1156 5127 80
3034 1023 35
3152 5233 41
1047 5315 82
2228 2962 84
5042 1659 50
6313 4154 85
5904 1545 63
6475 2002 72
593 6995 85
4079 7079 24
1315 7296 31
6320 2258 3
7499 7515 21
7588 1332 36
1454 80 73
4420 7104 92
3146 995 14
4724 4685 74
1679 1077 7
4106 7089 9
6966 4465 98
3536 3792 27
2352 6824 77
3054 1443 70
1946 6325 26
1429 7612 12
5838 62 14
2446 742 82
6742 6182 81
6974 5367 77
1568 191 49
3084 4821 1
7457 288 17
3828 4123 37
1262 4468 45
529 1601 59
6689 520 26
3389 3336 36
3262 1791 87
2495 6062 1
460 2592 7
627 4409 93
3421 594 28
7624 6340 50
1029 4105 98
6305 192 70
945 1896 32
203 4073 78
1729 1037 74
4786 2860 95
308 4395 88
2284 7550 18
4948 215 81
4985 968 56
2150 3693 33
1550 7686 24
4097 7668 1
163 3041 37
62 310 24
1532 3637 94
2587 1196 4
4806 930 35
4407 5064 70
6817 3236 29
5851 628 17
1633 976 44
6715 4120 34
7535 3457 2
7580 6061 43
580 27 8
7503 5233 2
7271 5298 29
2583 2154 48
4941 4378 78
3267 6951 78
1997 7445 75
691 2457 81
4358 1029 20
642 1168 96
7482 3914 55
1220 36 57
6347 2105 70
3714 2607 63
3711 6954 45
24 2198 22
7844 770 55
776 7178 95
4682 7488 70
5994 236 65
4094 6783 73
467 974 12
5426 2536 9
6659 6456 48
7822 4028 63
1834 616 65
4694 7102 75
2636 7464 62
363 2655 78
6341 1060 48
6324 2715 89
3360 6889 10
5222 6928 51
7664 6996 48
4152 1770 20
5317 7542 46
2986 2018 63
307 1593 89
884 6373 56
6632 4436 44
2957 6026 32
4649 2993 38
6361 6741 36
7990 7370 90
903 6209 94
5980 5516 66
2754 6828 1
3944 6419 19
7754 6144 99
7356 3387 35
564 6263 32
2189 2477 95
819 5467 53
4554 4836 78
5830 6505 6
7138 2203 91
2841 421 90
983 7211 83
2079 7568 49
2461 3398 1
4213 2581 29
3062 3703 77
1162 380 71
1701 2957 90
4339 1238 61
6073 6692 37
654 5301 49
590 7152 29
2638 3398 45
6857 680 57
6005 361 9
6414 5047 6
2993 7474 34
1693 4684 49
4541 578 41
4493 2226 50
4065 3281 27
284 821 88
6393 6421 71
5064 674 58
1300 5559 11
1151 6325 94
6182 2277 41
5251 6571 61
7791 5092 98
7031 7846 30
6771 5991 22
4787 459 8
6493 3313 31
6703 2702 32
583 3858 72
3909 3446 62
1634 7072 66
1388 7839 51
3987 3394 61
2367 1302 92
1287 65 46
976 6758 74
7273 2107 65
5785 2884 84
6000 2036 30
1535 1756 15
6363 1600 76
2137 7056 87
4611 6160 90
14 211 88
2029 630 81
5242 3389 16
1915 498 80
6078 6578 47
3650 4792 47
3402 6247 7
6170 5916 87
6562 5164 5
1487 3005 55
4458 3059 61
216 4625 20
5543 1644 97
658 3124 46
4452 4064 70
2720 4739 42
3094 4395 63
963 5200 57
4679 5679 21
6998 4047 31
7074 5979 87
4848 6006 51
5577 7356 16
4960 3675 37
887 5703 82
7679 2328 92
6134 7842 82
760 7139 45
6030 3461 57
3070 4785 18
2564 6657 18
5384 1045 61
1456 3574 94
3108 1315 79
5789 4214 19
4861 7802 11
2932 3771 42
1042 3236 6
6531 5514 22
2198 6648 97
5256 4843 23
5161 523 20
6199 1031 22
4203 7112 93
1038 445 62
4065 5537 20
5261 6255 32
5455 7004 10
6158 4930 52
7868 4826 53
4530 2283 95
1217 7171 99
1883 4510 27
2997 7851 22
1892 7601 96
5016 5198 6
400 475 34
7515 3809 72
6664 827 33
4990 2484 42
7362 6309 8
2189 4412 39
4033 1339 6
2019 702 19
3055 194 14
369 3824 84
4871 6430 70
1125 4371 67
3037 5965 13
410 1979 9
3355 4504 93
2993 1620 70
3306 4461 74
248 5641 69
7724 1631 20
2500 132 74
2578 6170 15
2766 4387 9
7190 6157 69
6961 1086 97
928 2542 92
990 3900 94
7389 3198 74
748 7946 50
6969 1524 42
2842 6065 33
3769 7898 24
5116 1928 50
3178 4110 12
4832 1422 88
4004 1167 96
4797 4621 33
3267 4571 25
4141 1567 3
5267 4659 85
5673 3190 25
4405 854 71
1693 466 64
2807 3750 73
6922 5476 29
426 2920 24
4224 5439 47
2171 4382 82
2496 236 17
1522 6426 29
314 7402 37
6370 699 89
5890 3523 37
6580 240 86
607 3199 20
7955 6295 86
6393 7792 100
6931 1927 78
483 7550 29
3358 1430 79
5683 1703 97
5862 2184 79
2629 5732 36
6798 6855 42
4624 4358 98
85 5017 15
5647 5153 9
4498 7613 20
5024 1947 53
2752 3099 72
616 4877 14
556 93 76
7989 2101 79
5374 6379 13
5840 7983 49
642 705 75
578 4330 92
687 2 3
5592 2901 63
6417 4009 5
7799 5635 20
5243 6282 27
5398 619 98
7322 7472 31
1028 891 31
5452 6806 22
1829 3805 38
403 5007 100
4503 3580 65
7992 5707 39
5830 2782 74
7316 7933 33
2852 3456 5
624 2790 96
7292 681 9
6169 5175 54
3385 491 93
13 7428 94
6281 5937 10
5491 197 44
1092 1908 33
5438 1931 61
2958 5810 15
2926 6020 99
6762 536 49
637 7652 92
962 5181 11
2610 1603 77
7855 3622 42
168 7392 66
1616 1944 85
922 2480 23
5875 3809 98
398 7464 89
6650 4479 6
2343 4862 69
6683 6433 40
4911 5849 21
1104 882 18
6879 5149 24
3496 160 22
5143 2262 16
4951 7927 73
6957 1660 61
7641 6670 1
3764 5600 79
2328 5172 48
229 4558 95
4492 6887 78
7627 6590 74
586 3296 71
1655 3192 18
6548 1159 61
1764 81 56
5331 5469 93
2512 664 55
3953 2730 63
5572 1566 99
5205 5512 5
472 7245 48
6101 6163 95
4337 3347 96
273 438 35
2329 4126 23
7486 6140 89
4190 4752 14
5838 2284 96
4181 6804 100
5270 2914 55
1254 3808 50
6052 2481 81
4527 1741 47
3792 5515 78
7314 5405 21
4732 6569 33
7594 4873 38
4897 909 44
6575 7682 71
5224 1701 86
3561 1031 58
6054 1358 61
5719 2466 69
1090 7097 38
4538 3531 58
1126 4955 68
2190 2456 76
6448 5299 65
6713 2484 77
2880 5108 95
1287 7584 92
3346 2937 68
7714 7839 41
7952 1167 8
7078 4427 80
5812 6290 19
715 6575 88
3747 4771 50
3762 2194 92
2401 5328 9
1064 7452 52
3054 5092 17
7188 1138 28
3259 6353 64
6398 6222 13
7396 137 64
4651 3365 79
3375 4435 58
6506 4304 63
5126 5226 51
225 471 9
4005 5800 3
6102 1444 55
3099 4721 56
4914 1478 11
2210 5343 38
3827 1577 61
7990 4505 81
6104 6487 32
4550 2988 97
3132 5857 77
2647 3448 62
1416 4349 99
4642 3947 82
873 4076 68
5829 5913 26
4001 7456 65
691 1381 100
2943 5061 17
3759 3097 32
4502 3241 45
6259 4745 14
4014 2021 32
989 1147 43
2021 3097 21
5190 5659 100
6559 7138 73
7043 5149 65
2462 2164 72
3072 4840 26
375 1080 91
3488 639 90
4021 5950 52
7878 6696 20
7304 4004 94
6344 4557 47
5432 2840 9
6527 3903 44
7182 7303 46
2147 556 90
1605 2227 43
2316 1900 43
3138 4126 34
3345 2551 87
729 6364 89
2478 5541 52
4987 3448 61
448 3172 75
6586 1453 94
7473 44 40
633 4978 68
6546 1888 19
7293 4329 67
1899 2946 51
3322 4635 70
1353 1127 59
7067 3639 1
4175 7831 91
1341 3870 75
3809 319 48
3451 4984 64
2940 561 81
3546 2288 31
2396 3985 59
4036 2079 79
719 988 21
661 7309 41
85 7100 14
6842 6064 56
7838 7110 69
6442 7378 28
6841 1360 48
2409 2668 23
5057 4981 54
4679 206 60
7658 1514 58
6334 6995 44
5877 3779 35
7975 7209 29
6323 3153 43
5411 6723 89
2172 1014 68
5880 916 92
6926 3383 73
2293 1220 68
170 1968 39
3074 5402 90
2265 4722 98
759 7477 33
4783 5018 32
3851 7170 67
6427 6091 9
3844 3810 99
7849 7317 46
479 7463 27
7818 2404 39
1474 7716 32
1103 3398 17
412 2212 13
3740 769 19
370 2721 49
829 2670 44
7483 6619 11
4760 7408 82
692 1085 62
3195 1981 4
6614 2959 7
4915 7620 57
378 482 25
496 3713 31
6048 6171 96
164 3424 62
6058 1469 73
7554 4569 44
5527 383 4
5709 3532 49
6286 7049 48
5214 6988 70
6669 6138 87
3362 1039 80
1953 404 3
6124 7862 64
1889 4533 37
2545 2199 12
318 5177 27
3773 785 22
3154 346 97
4310 5586 13
5655 7435 46
1205 6490 4
7266 2096 97
1399 791 80
7037 2314 23
1961 3178 100
2763 1200 68
679 4783 31
872 3240 79
6083 3517 96
17 6109 42
5813 4130 100
550 6122 16
1116 7948 47
6969 4028 14
2438 4642 17
3033 5693 55
2219 3764 63
385 2580 32
4049 1004 34
3911 3294 91
5856 7964 89
7554 4069 99
4882 121 87
5835 1145 28
1297 6924 36
6509 2472 43
7890 3786 57
2120 4191 29
4629 7849 88
7110 1948 20
4087 2204 28
869 6244 99
6216 7257 96
4416 3574 70
1269 5983 90
1630 7124 94
1877 4213 28
739 2507 40
3614 4813 83
2822 1154 70
5603 7056 36
6175 1565 65
2707 4097 54
2035 7371 46
5026 2343 61
7472 869 91
638 1246 13
6580 764 71
4610 7801 46
3706 39 73
2808 4143 13
555 7904 5
3681 976 43
2369 5153 26
2856 5826 72
5727 7238 98
3991 2483 39
7507 4175 62
4828 3962 85
5342 3155 71
411 1375 64
6013 7895 73
6833 7980 76
7295 1412 69
5988 5698 9
7567 3951 97
2967 6615 91
6139 1278 12
6311 6642 5
2025 5614 57
2350 3242 98
2764 5373 32
2471 6843 24
6153 5114 53
2181 5315 19
7876 5181 40
5794 4408 24
4268 4286 94
5309 2812 95
7890 6427 31
3366 871 85
1530 3533 43
1041 5198 35
4134 6437 38
7646 4496 99
6710 5112 84
3826 5809 17
7619 820 60
4148 61 73
2327 2591 33
5397 4378 58
7239 7525 84
1676 1857 60
4155 3310 66
2092 7900 36
250 2356 47
4221 7904 56
7817 6924 34
6250 0 31
4693 7450 87
6946 2594 63
7474 149 34
1673 4881 79
5776 3630 35
1007 2817 41
3759 1695 84
7140 806 89
5051 3096 68
1099 4462 36
7486 1029 61
2432 5076 78
4798 2335 73
4353 1083 12
7154 2781 5
317 5125 55
4923 2780 21
6976 325 40
1110 4462 28
7813 7056 65
6845 4003 7
784 2314 83
7114 5139 24
868 7967 25
2054 4301 74
360 3336 72
1089 1822 26
3917 5400 25
2696 3913 61
1517 1644 60
3588 7283 52
6458 3302 25
1583 3984 47
3384 5543 97
7719 6390 79
859 1291 17
2181 5616 8
1278 1085 96
2005 7943 20
6226 1709 3
1846 3861 31
3248 1004 80
2222 2296 69
3089 1891 10
1374 2741 7
7790 3999 95
6735 6002 6
7258 4338 22
5204 4974 60
3999 7020 43
6931 2598 6
6930 2887 49
5366 5792 96
5647 6437 14
1412 391 28
6719 6108 50
3771 6480 55
2376 4871 87
826 6646 86
3053 6905 42
3745 2807 63
278 5279 69
1517 2181 12
7072 165 90
7303 5780 35
1452 686 9
3726 6531 8
7144 682 36
3911 2823 51
3122 4641 83
5250 5656 67
975 3463 64
5148 78 31
5683 3530 77
3146 6519 33
5005 1908 19
627 6349 51
7198 4298 64
2689 2200 98
1434 4455 24
7112 135 58
81 1519 30
7796 7383 89
4970 3770 39
1944 86 23
7917 6448 46
552 7932 64
5761 5121 6
1459 6872 71
4243 5643 46
2800 6062 49
6198 6662 80
4185 6084 62
5130 3302 68
1196 6868 100
5524 4252 11
2691 5164 72
1359 4966 2
1863 1713 88
1235 567 11
4845 1719 48
4508 2545 16
6611 2235 66
6796 6075 89
3317 2664 95
7191 2757 59
4248 1810 94
6034 665 93
870 5273 100
1610 7771 9
6173 1835 49
2708 4048 34
2057 3988 44
4041 3450 48
288 2750 46
854 3838 42
5326 7886 52
5230 6893 44
2940 667 41
1705 4571 58
1621 3982 40
153 5489 9
3294 2848 91
1126 4922 96
1230 272 49
7792 6118 66
5146 3257 89
4315 5999 42
492 4585 12
1216 5197 13
1907 4228 59
570 6337 30
4615 7415 42
7009 5170 84
1148 4057 73
223 5576 13
4115 7355 28
6691 6380 38
4084 5831 6
6836 7348 63
6141 6828 59
1957 3494 47
7679 4632 78
5049 4279 99
5225 6767 29
442 1565 17
2186 5257 30
1924 5917 16
1120 5333 78
4291 4187 81
3076 2554 31
2637 4105 16
2540 5218 43
5671 5912 14
5007 2032 75
1234 5703 75
6520 1672 21
1217 7960 7
3806 6650 72
991 5422 3
4529 514 100
2934 1738 60
3373 3185 13
3643 1454 92
5703 6071 1
2728 7118 16
5065 5993 45
4588 2650 97
1010 7267 93
4509 5698 7
2691 247 8
6700 2605 70
1477 4481 79
5511 5756 54
3985 4626 89
1807 1445 46
3615 88 72
5349 542 34
2981 5250 58
7411 2934 60
3841 2624 61
1657 2947 26
848 7898 14
4922 4216 45
1397 1847 89
6184 6673 39
2792 2409 84
1778 4265 19
1272 2187 62
5017 5435 24
671 484 32
2872 43 59
2531 481 34
3621 5041 6
1592 6145 4
6975 2525 97
6604 5530 40
5056 3320 70
3752 6837 76
6456 3840 44
730 5208 21
1295 1503 70
4062 5846 3
6410 2268 82
4857 3519 36
7228 5661 99
3129 7824 98
4686 7722 56
6398 3658 96
2398 1638 34
6007 1726 33
7645 5802 62
2991 7475 29
3097 7670 30
1679 1061 76
2401 5397 90
2427 4658 46
3619 1143 57
7369 7141 97
1542 5859 97
6795 5329 9
6842 3071 53
2646 1893 57
4539 1466 7
4507 6817 66
5196 1058 29
1053 2195 4
7222 6087 85
2648 6104 23
3318 6224 88
1146 1975 43
194 5958 44
4590 7356 56
4569 1259 23
1447 5206 59
5959 188 56
6952 6740 36
4738 3332 10
2067 6476 88
1170 5140 89
3599 4174 59
5854 3042 98
3724 3455 36
3677 3285 83
2519 881 8
221 298 61
1392 1340 26
2045 7123 98
4889 5225 96
6846 2717 90
3213 970 72
7422 4623 87
4223 362 58
7817 4673 46
6125 7795 67
6590 7658 45
7583 4092 43
2200 285 49
88 859 13
7269 599 72
2986 6441 6
4248 4999 13
1521 4297 52
2633 824 2
6621 4920 78
6829 3091 72
7284 1788 19
6553 6511 31
4366 1747 33
7689 674 2
1370 1340 87
3736 4855 17
1896 1334 50
5074 862 82
790 5292 91
811 3662 90
2892 7381 95
2248 3192 56
2689 3881 28
5345 4520 98
4467 7891 2
4073 5232 10
6306 2675 62
3308 6959 54
2211 7682 20
2099 5578 54
1508 2328 10
7355 772 99
6147 6965 3
2709 2315 28
1033 3449 76
5980 4027 1
1643 7960 76
7067 6002 3
4184 3056 28
5502 4690 25
7468 1142 6
5034 2135 91
2279 7644 64
82 5209 88
1650 4486 22
1901 7425 62
6050 7966 94
2209 6637 28
3216 5591 13
345 5036 83
2815 5220 43
6729 3407 24
7492 6777 7
3588 1544 14
4863 7211 89
5640 7343 17
4469 1972 4
2150 2903 97
7350 7089 50
2770 5812 47
2153 2282 3
5941 4626 17
6679 2708 100
4848 6773 88
4431 5084 61
7517 6593 94
158 5746 96
2229 4249 69
7616 1541 77
2665 1218 76
1322 6805 36
3334 2111 53
3514 3089 61
3834 3492 52
451 5534 98
6004 3400 98
6808 3501 8
665 6480 69
1387 3986 68
6728 5294 15
7278 5159 33
3674 871 42
6916 4518 34
5473 1860 86
3889 1880 15
2344 2375 55
3082 2772 28
4546 3602 21
3077 2461 78
2598 7347 100
807 6834 83
6701 7454 52
5492 3734 100
561 2680 20
6642 7162 68
4205 2587 99
5637 4734 51
3019 1511 28
1391 7346 72
2965 5695 15
4246 2226 51
5164 1440 14
3434 732 88
3661 6837 9
5287 3143 100
2581 7145 40
1161 3902 40
1482 1055 45
3728 2892 78
6363 1246 70
7043 6980 57
5352 5991 13
361 4056 10
5939 4966 85
6705 1450 88
1788 5506 87
1607 3883 20
3619 7050 50
905 1386 69
5021 4268 81
3371 6696 45
243 7561 72
6891 729 87
7734 3252 49
855 6203 100
4974 1162 96
4124 7789 27
2231 4085 49
2439 4033 90
1421 7746 91
3280 2796 8
699 5306 16
3013 4106 99
7053 714 63
953 1718 70
2374 6069 98
3768 422 28
7954 2478 91
2703 5427 23
7545 6805 16
520 7540 41
1700 5980 55
30 3910 88
4099 5650 27
586 6245 90
5940 3898 96
5217 4055 89
4384 7049 91
3269 7355 24
5196 2059 83
6127 4041 93
3105 577 87
120 6218 83
1939 3092 5
2211 4524 19
6732 2771 25
7771 6139 98
3312 2652 34
7709 1382 30
7474 6835 23
1696 2233 83
2651 2829 29
1565 1303 94
2835 1713 48
7934 4414 11
1251 80 78
6966 2492 59
7343 3373 33
655 6903 58
2820 3149 51
3868 2978 64
3096 5119 62
7684 5543 66
6963 2715 57
2637 1734 48
7916 2074 69
3011 2998 85
7745 6878 96
5022 636 59
158 3416 5
5087 5482 81
5687 5902 73
283 5041 74
2283 5759 17
791 7422 16
7305 6303 25
4471 1343 83
3002 1477 5
244 1297 17
3042 3620 24
4186 5894 86
7239 5729 91
7923 4834 8
5627 1041 50
674 1173 54
5080 2134 35
5469 46 14
4599 825 20
3681 7092 38
7471 6633 17
6700 235 12
32 6498 92
4513 1216 51
3482 758 6
5917 2986 6
6283 2221 41
763 6204 54
5510 5161 52
7126 5901 74
7032 7688 80
6087 5533 30
5614 4380 17
3663 7605 57
1645 4576 35
5616 4143 9
1009 5973 60
1149 1461 3
7386 4151 89
4651 4355 4
3595 4122 11
4276 6586 6
3034 5692 25
1682 7962 80
5346 2486 8
3823 6410 90
6003 6449 41
6254 989 17
3979 385 77
4846 608 42
1307 7272 62
2796 4476 42
7240 4208 82
6371 7350 27
3727 7534 79
4319 389 85
2355 4204 65
6175 6109 6
4563 6393 49
4191 1866 45
1393 892 88
5932 1137 14
3482 1538 89
1011 1181 1
1020 5295 70
2166 2652 15
3485 2559 63
3992 3031 51
6398 2937 97
3959 7464 43
4363 6581 36
236 3469 87
2641 1951 45
5774 103 41
441 2354 78
4922 2678 77
6355 3599 48
3732 6447 6
5308 7391 21
6775 3581 40
5634 6119 34
2506 1546 74
4318 4133 28
3686 4754 6
2173 7723 91
6699 2751 80
7259 2439 28
2316 4835 58
1041 6769 78
7477 1601 27
6912 4859 46
5791 756 23
2908 3259 78
1499 610 70
5005 6910 51
7020 2478 68
6044 2777 6
5288 3981 87
4054 5006 9
3303 1088 92
3277 6681 54
7059 425 91
94 3150 20
6877 3902 58
322 305 74
5086 1215 48
6180 2201 21
7763 2772 6
3832 7567 35
1274 188 38
7268 3337 29
5848 1088 22
1060 7888 98
5992 984 79
2772 851 7
3810 5883 95
4774 2160 54
1163 6846 49
4586 7443 96
3894 4982 41
2834 5202 4
7495 5802 5
2989 1227 60
1062 7010 9
61 2416 76
1834 3482 55
992 2618 59
3241 4260 95
6738 1245 53
3107 6618 26
4355 4393 45
5890 2969 82
1389 4122 59
6839 4354 79
7805 1256 42
1963 3372 68
1310 7798 60
3009 6782 23
1983 6953 1
1596 5531 70
250 273 41
151 4901 46
3088 5252 27
1139 6394 77
2407 1029 19
4269 3107 31
1053 6018 70
6432 5680 7
118 1540 70
7141 2391 42
5249 3813 71
1344 2222 100
1483 7384 83
16 5913 56
6697 6978 44
3444 3650 44
2753 3034 50
230 5172 80
6516 3654 19
4248 3243 26
3689 6272 49
6349 4335 56
6413 7237 89
927 1273 79
5701 4468 48
1848 3341 14
906 2408 7
6850 7822 79
5138 5161 46
722 6094 96
729 2443 61
4855 5284 81
3616 1062 26
5217 7636 4
2409 814 13
5785 5043 16
4594 3548 76
1986 6030 43
4961 617 21
6039 7097 8
1986 6703 10
5300 2411 42
3865 6931 21
1489 2669 27
4109 1096 33
3052 714 99
1577 1288 80
6647 7634 66
1187 126 69
7559 7244 98
2393 7399 83
4013 7239 23
2395 3130 6
4913 7334 38
2643 5665 2
6364 3799 21
927 3239 91
7661 1239 25
2435 2771 80
285 6450 34
7210 2967 50
798 7893 1
4129 4603 80
2412 2895 2
7530 6879 69
4675 616 18
868 6921 90
2028 6476 23
2640 7157 53
1435 6821 88
827 6423 14
2478 5724 4
657 660 36
876 2014 90
6082 3232 1
260 923 56
792 1663 32
1881 1859 17
1826 6096 38
4 1712 44
849 694 59
4418 7613 35
4857 226 76
3687 7777 58
1225 1981 46
6124 4654 38
2576 5994 62
4632 4990 87
6737 4375 84
1485 1140 83
1351 6264 23
7778 2089 10
4515 4729 33
3933 7623 68
946 7841 25
4258 6946 69
4674 2777 55
2391 4754 34
2018 308 77
2277 3972 18
340 3659 18
3686 6532 77
2760 4018 78
3704 5307 24
2411 6819 13
728 6455 99
5144 3808 31
1487 4186 36
4895 122 1
1332 5364 34
5248 4435 9
1035 6302 68
6600 6754 30
4578 1297 30
5491 971 13
124 6864 74
3841 5027 91
3810 5137 11
2280 1656 47
6521 4234 48
6521 7702 87
7999 5464 81
2353 2065 53
1848 1044 26
1840 7894 31
2682 582 71
7079 7672 13
6556 5574 60
4045 1351 84
1399 5928 50
6077 7615 42
7235 6671 17
757 2301 45
4710 7956 48
7584 954 9
2954 4583 96
2525 7611 73
4475 5886 64
0 1775 85
5935 1788 6
7727 1765 91
47 1525 39
5090 6802 30
7860 823 67
6992 5958 19
2101 3367 53
7393 5892 8
3978 4404 9
4577 5926 77
1756 6617 10
3393 3824 75
596 7283 63
7090 5123 51
2053 4856 97
5382 6595 82
876 4061 75
895 2824 39
6002 5761 81
4990 1211 76
5294 3999 87
1395 2586 12
642 3850 3
1645 880 99
33 1590 33
4534 2394 1
882 2029 66
2073 7935 74
7207 3965 26
96 6159 38
7494 5158 91
5093 7076 6
6291 7431 30
1975 668 90
3902 1707 6
4542 7987 41
2866 4650 96
3982 6184 1
3290 2810 12
89 1897 69
5384 6827 83
3077 7835 53
1057 526 16
3081 339 14
2082 517 83
1376 1586 88
4382 7857 45
7033 2606 97
4946 5846 51
1277 2678 57
5510 5852 28
4107 5145 56
7657 4689 73
3734 3347 30
5980 5096 81
428 2606 18
5641 7402 44
3910 6548 83
2363 5812 94
2565 4598 81
2826 730 42
6999 2782 69
1169 7416 7
7164 2574 39
3669 6854 37
4504 111 16
4632 6636 15
7263 1688 9
965 7444 53
4810 761 3
2050 4334 46
6373 1341 54
3569 5657 35
7036 6884 87
6359 1430 100
3417 4231 12
4603 4760 95
7637 3196 19
4445 3229 38
7632 4366 76
646 569 79
3427 7882 99
525 3625 81
5035 1933 71
1580 5311 70
4149 353 14
3705 5667 1
7466 4435 95
3696 4747 92
3937 5762 34
1008 828 36
7064 7452 14
5802 2303 60
5923 4472 71
3184 5448 59
5933 6173 55
1020 1239 97
7986 1914 90
3581 3449 3
4242 4402 40
3054 5103 25
5849 7884 24
3425 3462 42
5121 3704 99
929 2598 40
5960 2691 35
3720 738 86
6161 1542 65
4861 4114 4
5400 2534 88
3781 6052 8
6862 4351 30
2482 6403 100
2880 5047 3
1953 345 11
5842 325 28
726 2460 69
4980 6839 75
1253 4471 41
5650 2833 95
5156 6833 19
1926 7626 91
5828 2378 96
5284 2218 88
4701 4987 74
6449 5687 93
170 7735 100
3285 7424 100
958 2173 55
3697 2516 77
7031 7761 70
423 1788 95
270 7989 30
7276 305 11
1130 6725 64
5118 5960 1
3744 7875 61
1204 1247 40
2534 242 72
2476 2919 57
2790 7446 20
7922 4758 43
6476 3425 47
1282 924 50
6706 7520 8
1323 3773 27
2088 7130 94
5011 5900 34
4531 6501 67
871 4261 86
1180 4144 71
6055 3941 52
5074 1970 5
5126 1136 16
4714 1838 46
4394 1814 39
1926 5961 64
4668 471 39
3474 2613 53
7305 2465 5
6564 5528 6
3135 6926 38
5786 5215 45
6803 7395 73
5617 5360 94
3969 3780 47
3623 3685 54
1163 523 56
7267 2523 67
4945 4940 54
7411 7519 100
3479 1307 67
5991 4742 58
5475 3687 27
7820 2057 86
4477 5573 85
3061 5760 67
3911 4253 26
1994 6074 46
7409 1697 22
4003 6392 73
1379 293 91
6123 5136 2
1448 4138 4
4587 5556 77
4848 6088 62
3339 3858 7
4915 5548 88
4087 7616 34
2756 1878 49
958 2184 30
3292 3667 80
3820 3399 59
3133 2899 86
7359 10 50
6817 3389 19
385 2196 60
2892 4822 89
4666 7269 89
5289 6103 44
6939 4129 6
4643 2545 96
2549 7753 66
6778 3588 59
6219 3125 39
1842 1772 54
2327 2765 19
581 1583 48
1734 4568 2
4890 5728 8
3196 3864 3
5247 2960 97
7242 200 52
5410 7894 7
4319 1270 97
1386 1614 33
2319 6650 70
6849 7894 38
6602 3450 56
1736 681 44
2915 2198 9
1399 2490 16
2070 6205 39
935 6698 62
1203 1339 31
6702 2088 28
2369 359 37
3616 1954 100
7540 6505 43
4562 912 19
3741 940 19
6708 1729 79
2280 3697 13
3371 5768 75
6335 4288 40
3233 5511 26
3111 980 17
4758 3177 83
4455 5969 5
5570 5235 93
5940 3156 86
1097 822 11
0 7640 8
4711 7392 82
6124 4284 84
3187 4136 21
4213 6851 30
508 6742 91
6638 1640 40
76 2634 11
5906 7068 3
589 6879 36
3569 2002 45
294 5352 54
5165 7986 27
6824 7546 17
7890 7074 53
3614 4491 28
4434 5122 49
1733 7561 88
1958 4993 11
1088 7436 58
1704 4082 75
3771 1630 37
7681 3793 80
4688 7349 74
7607 7343 9
355 3467 57
5184 6015 81
924 1931 92
7316 1959 23
6666 6929 67
4101 4476 52
6953 2992 97
828 7977 35
5466 3413 34
3832 6997 74
5234 2816 33
3252 7458 91
5981 6020 46
182 3635 82
7967 7919 38
7518 752 84
4308 5033 89
2225 4676 66
6344 5564 6
2252 5387 26
633 3175 56
5129 3982 30
7564 4445 14
7193 75 30
1098 7727 18
3786 2007 11
6520 440 38
2709 6726 26
2175 6749 87
5901 64 89
7476 4714 75
3483 3301 28
4618 4664 94
4944 4660 40
1828 7492 58
5119 6971 84
7899 4963 59
2532 1245 74
6174 1842 100
4772 3789 41
3069 1199 56
3305 1318 32
7770 897 84
6590 903 50
7560 2770 95
4039 2530 76
4953 146 12
4374 673 48
4014 7144 5
4447 6999 14
7424 3109 7
4968 378 5
1771 7077 93
542 6152 4
5411 16 78
5469 1595 46
2052 822 32
6849 4840 21
4865 2610 21
1421 3493 93
5520 6064 31
5791 603 5
1579 4181 17
4603 5055 39
548 2574 89
6815 675 3
4783 5002 93
3153 499 67
3064 1583 33
1909 2753 59
4802 7839 27
7797 218 25
7698 818 75
4722 1081 42
3641 6093 7
4223 222 52
380 5171 76
1011 3559 68
6755 3908 31
6561 6202 14
623 2405 64
7601 2884 56
2213 7434 82
5512 415 93
7596 2542 79
724 2844 81
7930 6435 21
4950 3219 58
7079 7319 100
1411 1912 62
5944 398 31
1126 6131 44
1002 6569 34
5865 599 98
3935 358 71
3050 3028 16
4917 295 57
2115 2356 25
3894 3360 7
1120 3679 49
3665 7360 3
5985 4110 85
5901 6437 46
3117 5168 71
4259 6034 79
1645 4115 87
2652 3661 83
130 540 65
2315 5414 60
4414 6848 22
577 3858 10
3201 2259 98
2756 6597 85
6095 7671 19
137 2648 2
3037 6918 50
1084 241 34
4744 2201 36
2254 4493 33
71 2688 33
4961 6149 63
4008 4183 79
6868 5591 85
6839 1737 1
4349 2090 79
4390 6934 95
2041 5438 50
3652 4200 14
5597 3945 34
3528 2347 78
5644 3306 40
2550 32 9
7502 372 15
3513 1189 35
6546 4442 34
5695 2625 5
4979 3969 6
6895 1895 46
426 4169 30
3894 6959 39
7274 880 31
1010 1500 18
1082 6340 40
2202 6611 95
6821 6481 5
5476 1673 73
1625 381 83
4547 3650 95
2947 312 96
2328 7402 6
3520 4557 13
929 1368 48
896 5759 69
1315 4437 76
4453 481 10
1196 6346 29
4284 6368 10
6801 5977 23
7850 766 45
6783 925 65
811 1262 3
4461 6163 88
5552 556 59
669 6125 28
7994 5218 41
1424 5646 82
3017 6003 36
4488 6807 12
4598 7905 13
3920 3228 46
6372 7964 94
6910 4915 46
3153 3350 26
767 3376 93
4525 6750 1
2480 2149 76
5372 6101 68
1823 5224 62
7599 2040 57
6319 2157 16
6492 5351 39
2608 1914 4
4453 989 29
5239 3169 24
5545 5048 100
3318 5157 70
2211 3943 10
2468 2895 15
154 2728 47
5079 5279 75
4094 1282 87
5314 3952 18
3699 1774 31
4250 6700 29
7228 5292 98
7646 7849 15
7843 4564 72
7386 4501 18
1378 2934 77
988 5879 65
6739 5353 47
5313 7139 55
5749 5970 18
287 1655 96
6514 1776 43
972 1992 95
3380 6643 17
6118 7133 11
572 6460 36
4872 4455 74
6989 7824 79
1555 179 51
6601 6026 64
3469 1066 6
4939 891 82
2280 7993 14
4056 2719 68
1607 562 3
6505 1214 63
7064 4489 2
5670 6190 57
6027 6131 57
4668 1667 53
7024 1080 48
3774 1385 54
3432 4996 20
3647 3008 15
3973 1202 36
5767 5256 67
7487 2075 35
3566 2845 31
5906 1448 54
2609 3430 27
6510 659 90
4035 4724 46
1480 5716 47
4962 4034 35
3457 3970 27
4288 3778 92
3572 7853 21
6524 7227 57
7082 7424 76
1424 3207 70
2962 3683 72
1157 4864 8
4804 3845 13
1911 4946 26
7214 2561 9
5746 2713 17
4072 5740 69
6261 717 60
6982 1980 5
412 6861 41
221 6779 16
814 6402 75
6881 3743 99
7190 925 36
4211 5637 8
5920 1251 20
1395 1265 7
741 7143 71
1010 4385 63
693 5005 31
1589 1138 100
741 2778 30
7240 770 95
2081 7591 56
6022 4487 26
1344 965 20
4559 6839 37
1335 6648 5
5959 1958 28
4611 136 1
1898 7879 57
1843 631 24
5266 5908 68
1985 1355 40
4770 4351 61
174 3823 84
7625 4096 11
2503 3253 40
7063 446 39
5743 3397 54
5346 7311 67
3713 183 83
3645 1506 34
452 5021 95
4445 2055 66
6668 5230 26
2038 1246 25
5860 2962 78
1935 6748 69
6918 4822 49
1731 3201 89
6007 3685 57
1016 7722 22
3006 4318 5
2707 4714 86
2827 3957 35
7322 4516 11
7374 5348 27
7086 3036 30
7129 1085 90
3653 1876 97
5650 5067 42
5151 7488 68
5857 318 50
3565 6539 8
7983 2526 45
6572 2988 66
4856 7964 69
1377 5635 40
3788 6477 34
1725 6575 16
7666 3420 87
3069 5458 99
2881 3650 63
6887 809 89
4271 1262 79
5722 2008 28
4012 757 8
6997 6707 30
2801 2762 59
2591 3028 21
4780 3476 75
3426 2614 41
4154 7330 80
2718 5502 4
456 1427 57
5771 3010 60
5670 7613 2
5555 2644 20
691 965 93
4166 7011 67
7744 1325 65
4813 6456 87
4894 5820 50
5313 6670 79
6209 832 74
1630 7151 4
7429 1159 45
7305 2262 23
4094 5296 10
5532 7505 65
7870 4431 66
3889 5969 42
2589 7335 87
76 7202 6
615 3940 14
2644 2086 41
5629 7982 19
6201 1760 88
3054 2948 62
1916 7810 77
6271 6460 56
4399 395 90
4134 7738 21
3768 2400 23
2006 4136 35
7916 498 30
4614 4940 5
5551 5284 22
5846 4707 49
2516 6250 86
7739 5718 35
6610 4951 20
2589 276 45
6804 166 39
594 1437 80
735 1119 52
5593 1201 71
4533 7969 73
5564 4280 13
7229 5012 16
4193 3951 92
1305 5521 88
4147 7457 63
3199 3547 31
4067 2234 73
6877 626 69
4922 7044 9
940 6840 48
7539 5409 79
7176 5744 39
7549 2504 22
7303 1830 5
3848 3836 1
3669 7720 15
258 3159 60
5780 2831 37
823 2477 3
6255 2099 99
853 6234 95
6770 1958 94
753 6414 77
7842 3314 75
6749 5292 84
5546 7939 91
6430 5464 22
6089 4691 22
4210 7301 51
3577 2374 17
1681 6398 72
2851 814 19
396 2050 39
279 5951 10
6948 4740 55
6929 6719 45
202 5008 46
6477 1067 36
4661 5234 93
2803 57 65
5345 1740 80
7822 5955 8
158 4041 18
2290 755 61
683 3426 74
2453 3398 26
5798 1459 37
6263 936 23
5747 6188 63
3880 903 8
7394 1323 31
7143 5237 61
255 1474 45
5630 7714 83
7092 2645 23
4452 7033 30
2344 640 86
3196 5833 76
2816 3669 92
3242 3882 37
2541 3671 28
2545 7512 62
6068 508 35
6459 2033 18
1692 5067 25
3599 887 78
3877 6609 5
1633 92 68
4944 1519 9
991 6761 94
853 1315 55
1825 5404 14
1833 3762 89
7356 3851 27
2522 4334 91
3291 6866 34
5677 4577 30
4471 3121 36
5517 6804 19
425 3960 9
5901 7926 66
5981 5759 81
7135 4821 97
3358 3667 63
479 740 84
6062 943 55
1755 7653 66
5099 5965 16
5557 3820 44
462 7344 75
6657 4014 67
2957 3528 97
3710 7524 18
7622 6237 23
6927 5828 83
7563 4376 58
6703 1713 80
6542 6658 88
7855 5625 82
2348 2165 20
6566 4994 38
3862 4129 67
6371 893 32
1087 208 37
5745 2070 91
4954 7423 37
6391 5471 94
6150 6565 19
240 7358 35
6297 2688 63
1753 7271 80
2126 4160 43
6690 686 61
3649 4724 51
3073 4928 79
512 5464 4
2710 3359 100
1513 3702 76
2532 5349 69
2606 1782 5
6645 1459 69
5533 6960 100
2632 2611 86
6415 4007 87
473 385 20
7329 1741 47
6143 7713 21
4308 4495 24
5220 7797 78
1946 6271 89
5740 1385 22
5398 4347 42
2321 7776 78
1478 5984 41
1837 5118 65
7820 467 31
6148 3174 79
3694 2776 26
6450 6538 86
735 1520 71
2807 4271 27
1935 2994 50
3575 6639 51
3563 280 13
441 326 66
6222 3541 34
717 7449 39
4937 3803 44
5084 4515 12
3657 7958 91
3797 3664 69
832 7265 60
254 4983 61
6122 4322 94
459 3544 70
2816 1766 50
5615 7201 37
7839 6161 98
7534 1837 87
3975 3860 26
1802 2943 100
253 5275 17
3167 3176 49
2917 1024 28
4042 1842 18
5991 2925 30
3934 5652 95
2949 4997 81
2975 1337 12
1260 5977 68
3734 7319 7
1143 5254 8
2800 7477 41
938 6710 26
1098 7435 35
6423 2909 35
26 7636 85
4544 6682 8
5294 5624 90
4298 2183 58
1765 7952 7
1220 4736 66
3970 3669 82
2175 3850 70
1625 5345 81
6851 3643 88
7646 4494 54
2604 933 53
6808 2874 88
2218 3563 56
207 5263 3
4724 2809 96
5729 2389 34
2978 61 67
6788 4802 97
14 2770 32
584 2030 30
6719 6392 87
4338 2271 39
816 2673 21
923 1412 34
1899 3760 24
5385 3838 27
2557 7179 56
3878 2753 41
6517 4751 96
1340 3231 11
395 2772 24
319 814 38
2758 5371 65
6496 4151 58
1943 5530 77
6665 1051 78
1825 2559 68
4587 1577 27
5430 4610 98
3408 6650 38
1280 1468 53
4494 3378 73
7933 4570 97
553 1016 93
7269 43 20
7080 2555 77
2827 772 29
1892 6825 35
2639 7282 82
7839 7955 9
6726 3175 35
1194 5690 28
4271 7848 79
7875 1224 48
5105 1465 78
4376 6089 33
7708 7430 6
6545 2766 31
3812 146 31
7984 2478 69
1409 3405 82
2307 7264 1
658 1231 16
46 1827 60
4071 5306 80
6134 571 19
5094 767 15
5203 7771 50
7190 7005 95
4266 849 45
1321 6258 61
146 1861 92
6165 5713 65
7082 4572 96
6601 1808 51
4626 2158 49
4965 4300 96
378 4809 92
5036 7637 94
5480 4122 26
7970 6297 16
5846 4296 58
1703 1361 46
1609 1364 59
1780 1030 22
5791 2560 22
1076 7283 81
7197 1765 30
3332 667 2
4891 839 45
7170 1149 84
4251 6727 100
3290 551 15
2111 863 54
4844 6346 83
150 7200 74
2309 1119 33
6645 807 70
6195 3652 28
6572 3847 74
7431 6073 76
2320 421 62
65 1128 79
6566 4420 53
5762 6599 16
1689 6976 14
6186 5511 90
467 2728 25
2205 7269 16
1062 7440 38
1414 7564 12
160 1541 45
6171 6291 89
7271 6487 74
4505 7107 100
274 550 10
6937 5901 43
6026 3640 61
1020 5842 4
6864 2533 55
1398 7578 49
5553 1178 48
1103 3372 88
6001 7370 64
7713 6539 69
6247 6168 53
6686 7565 66
5634 2641 21
1251 4947 24
1614 6723 56
5568 6319 46
6500 235 66
2129 6266 73
3777 4099 56
3484 7036 32
3944 4855 36
7731 6375 91
403 243 96
3847 2720 33
5036 4084 69
4849 1096 21
6582 6252 58
3800 2623 100
6805 201 63
1517 6286 69
7938 5561 14
4657 5996 98
6061 3322 88
3336 3264 92
6957 4307 64
2829 550 72
252 4957 49
2451 6286 30
3073 3164 86
572 3936 95
210 1464 98
1550 3916 65
5201 5793 20
5894 2378 38
3874 6986 86
4351 815 44
6242 6483 58
1948 3997 87
7012 4310 12
7200 7926 21
6837 7488 33
5503 3612 62
200 3376 53
7650 4381 45
7412 3988 39
6251 4564 29
5924 2331 61
6202 1249 13
1374 6583 14
5001 1741 54
2626 1832 74
6290 487 81
6563 3863 27
3113 4907 25
4422 6033 16
5115 2298 21
2367 6355 63
7057 6308 6
7970 6179 10
6822 7509 100
4492 1900 36
2968 2276 97
1672 752 56
4189 7568 51
1457 4852 44
2646 1630 93
1405 2160 87
5197 2095 50
1983 2133 91
1510 3088 96
69 4490 73
4833 4136 79
6193 649 58
5710 2810 17
532 5923 87
1130 1656 84
7770 5448 25
3087 6616 36
6309 1191 47
7232 3213 12
5626 3776 53
1892 5055 100
3761 4686 56
1196 1513 67
443 7932 36
4840 3726 46
7248 2346 42
736 3471 23
5398 4428 21
6030 6973 88
3421 6349 94
1003 2170 78
3724 4652 78
3752 4447 58
5289 64 29
541 2627 53
4060 1388 21
4364 1010 36
6750 7259 78
7597 7456 98
4692 7191 43
7887 824 71
6803 7684 46
5134 4489 81
2508 1055 53
5460 6254 94
5698 4320 99
1494 3965 53
4237 5655 6
6158 3115 53
7376 1738 36
7413 6128 78
7820 2165 13
6494 2671 35
3794 2499 24
6904 99 88
3748 3187 54
71 5003 19
6617 7274 26
7189 488 46
718 2432 50
2421 7377 90
7857 2597 21
4092 1215 74
2827 1675 47
2030 6464 36
6196 5233 93
6539 6864 55
3510 1063 2
3569 1892 13
4880 706 51
4716 1921 96
1052 6700 22
6195 2077 73
6938 7177 72
6022 4418 63
167 2917 83
807 4419 47
5018 7398 7
4664 6518 19
6656 5192 89
3723 4224 94
3152 1287 8
5696 1551 69
1804 7868 7
4519 1235 88
7094 197 55
983 6115 35
2200 4954 14
3592 2986 21
6343 4713 30
4533 1636 53
179 724 63
7416 3486 60
2070 2111 52
5499 5604 32
1979 4046 61
2729 2081 89
7893 7951 74
1289 4821 3
1378 1754 59
4719 6403 18
5896 6491 78
3269 2542 62
2626 3644 54
7226 2229 4
904 5834 47
5217 15 65
6086 3311 75
125 4415 69
5980 6635 63
681 5579 45
517 1300 89
4887 5151 79
4885 5333 39
2544 225 14
7211 6354 99
2591 6462 3
7320 4571 13
1973 1029 85
7036 1146 6
3478 745 26
6534 5516 56
4388 3133 80
4427 3668 88
38 6057 22
5532 7993 98
3242 4170 63
50 7239 43
164 772 66
931 2307 26
2233 3050 23
3852 6581 17
2983 2493 7
2212 774 37
1188 863 90
3178 3419 56
7328 775 82
4166 6703 76
2294 65 28
380 4480 47
3343 6982 51
7982 425 10
7772 146 6
1830 1430 47
5425 4574 16
7787 854 89
1228 4496 7
2893 2010 33
2168 4580 50
5770 3509 49
3789 2435 62
4905 1847 56
1077 3418 88
5986 5071 29
485 3879 97
7522 5544 73
1213 3103 97
4369 2923 41
7876 900 11
2679 1279 87
5259 3689 3
4677 149 19
6335 2849 17
7433 7350 32
3407 2004 88
447 3342 10
4241 4678 32
5280 5264 65
2545 4318 23
3927 648 8
461 6725 31
4104 5891 14
1644 1086 30
4103 7241 25
5113 7375 92
3991 7289 98
507 5873 96
6485 409 39
7404 1072 55
5517 4265 41
5706 7591 88
1549 4936 63
3403 6928 12
3222 6313 96
1026 612 73
4695 4223 78
3086 1614 62
462 6178 8
7529 2553 27
1785 7577 23
7687 3668 82
679 7051 100
5539 5566 4
242 4600 70
5977 6334 95
1526 4563 85
6353 4894 71
6566 2246 72
1237 5637 76
1265 1870 32
1957 4185 65
900 6312 48
4658 3562 89
1855 1691 20
2019 1978 64
4840 6634 42
4314 3311 2
1453 5415 79
6508 5603 28
3432 433 15
4143 5717 5
7190 3328 18
142 4821 23
3394 3110 9
893 5806 12
569 6616 71
331 2249 69
4525 6515 17
1045 2967 20
832 5131 47
2525 1706 48
1503 6688 11
1103 6123 62
5116 7539 16
459 3779 7
5287 4437 88
7680 476 23
2898 2646 62
789 124 37
1948 354 75
3112 2845 56
675 7800 63
6547 2000 83
5613 1825 91
697 4222 61
4793 4169 52
4132 6539 11
1933 3951 41
1202 7160 43
5789 497 33
6855 6661 2
1910 7514 64
6903 7651 76
4597 7860 80
430 5883 65
6925 6794 97
1012 178 59
222 3151 60
3486 7633 92
3885 4309 84
746 6143 94
3986 1481 52
7141 3488 98
2017 7022 86
5417 1676 75
7255 5598 36
3684 211 28
1347 2280 89
5849 1027 63
5910 4679 19
5220 3991 78
1641 5986 34
843 998 37
4448 2111 37
4305 2923 7
308 6099 14
852 5660 28
2338 6261 45
412 6104 67
3558 7395 23
4941 4398 72
6409 6338 60
1777 3361 59
1004 2472 25
1995 7568 20
6174 4683 9
6356 44 88
1403 3428 95
2983 4640 69
6709 6242 47
2026 6613 30
271 4267 43
3555 3020 71
7852 4035 31
892 3335 17
6070 7215 89
1819 7027 6
3156 5851 95
5472 5228 61
6809 4018 93
7756 1868 12
3993 4081 59
4512 6419 3
3209 3295 22
6262 5945 48
4738 7002 90
5158 5240 77
134 6435 97
5516 4744 75
4767 5562 91
4403 5310 57
3834 1519 11
6619 7697 32
627 4285 18
1996 6556 70
3923 7801 18
6415 2289 62
7952 4540 59
3918 3212 21
7009 2784 48
3251 2463 95
1313 3404 75
4689 4769 93
738 4147 60
2011 1275 39
7853 3004 26
5717 5568 30
5248 5842 70
7113 3439 34
594 1082 99
5108 1532 37
6157 4271 14
5073 2249 41
4479 7397 42
3196 7666 31
6781 7085 93
1090 5125 13
1751 7485 52
1671 6124 15
517 4281 87
374 5050 63
5788 3623 70
5123 6782 29
700 7243 38
2164 4020 64
4372 7560 95
3206 339 17
6931 547 56
7704 4437 77
2562 7351 65
5590 5171 35
1514 984 68
7434 2133 49
5510 3172 62
4622 5727 11
157 2473 13
5103 6721 11
3045 1081 84
4084 501 63
6154 1496 9
264 3746 96
7500 219 8
16 2805 33
4146 1779 90
4588 2660 90
6456 3848 72
6186 2456 91
2726 1515 20
3906 5543 65
4504 2655 16
5918 4960 71
3989 3368 10
703 7629 2
6678 2954 8
656 7450 79
7333 2674 5
5328 1611 35
5619 6367 94
7107 6584 84
2255 3875 4
671 3783 38
735 3395 25
7682 5120 57
3960 5126 38
6256 7439 57
1543 4787 49
1962 4587 6
2575 5771 71
6789 6938 42
4331 4391 79
2458 487 46
1230 1671 47
6079 7368 50
4252 4377 44
296 4800 63
995 1621 66
3067 752 42
4614 3589 72
1819 3292 86
7287 3422 16
4897 1367 62
4135 4855 94
4474 3125 83
7411 6500 70
3337 6260 64
7502 822 58
726 5133 48
4631 7201 79
5199 2187 67
6304 1261 72
3626 4816 41
310 6263 78
1102 1059 54
7695 7290 9
7139 5762 86
2883 2999 74
7528 4151 81
5036 6809 8
7458 7731 94
30 1920 95
1021 4546 70
2066 4505 64
2619 5383 69
5842 495 2
377 7862 36
4943 1550 38
5748 4565 95
1427 5293 25
5238 686 1
7033 4098 26
6536 5917 66
2193 1822 15
6787 865 97
6881 2231 12
1656 697 34
74 505 37
6987 7541 93
7269 5066 12
6114 99 67
6008 3018 31
5056 6677 84
1723 6479 50
648 263 47
7157 3178 18
6016 2357 51
3837 2797 28
5650 321 48
232 2052 96
7123 2603 12
2675 144 93
1151 6689 17
5495 4304 66
4998 6408 45
1351 1633 67
1057 787 50
1012 4523 25
2431 5678 23
7140 644 70
209 3332 11
4109 5936 72
2752 4906 3
4235 4065 24
4288 4935 43
149 885 57
6039 6565 69
1438 3157 12
3046 7761 16
6747 6028 31
4796 1668 9
2672 3024 44
7228 6568 46
1913 2599 73
5150 7434 21
3036 4190 3
5356 6620 86
5667 5540 15
3075 4775 77
6598 7187 19
3822 1783 1
1614 7047 100
1323 1836 13
2135 2461 5
3039 7866 80
1974 3113 73
390 210 64
6267 5369 76
6513 673 40
980 688 30
4424 2837 13
6267 136 7
6228 5201 41
1828 4200 39
5302 17 41
2328 409 18
2021 4031 20
1265 7819 84
5916 7063 46
6762 506 99
926 7317 82
2238 7563 32
250 4261 92
3079 3044 97
1709 2716 11
5920 6173 58
3751 7651 84
5956 1809 31
5428 1576 12
6836 718 92
1067 6648 81
5899 5244 33
1327 4042 39
7325 6109 14
2285 3959 93
2844 7316 68
4423 5072 64
4480 5225 28
2067 1276 37
6274 1087 100
7398 1352 73
606 370 75
4395 2750 35
1704 6522 53
2750 5401 65
1718 1325 100
4470 2625 30
2519 1319 43
4954 5960 64
6986 7866 33
5352 949 52
2049 7300 9
6626 5042 55
5925 4090 43
7535 7622 62
5820 5710 38
693 817 72
3949 2117 51
924 4404 85
5459 5529 27
3260 19 44
6502 1576 83
76 7292 35
7752 1187 16
3373 2830 84
6810 918 94
734 116 91
3100 5961 12
424 6307 8
5977 5479 76
2962 3121 73
3249 3235 27
7742 2887 70
7864 372 5
2644 2592 57
6319 1134 39
20 7599 8
2657 4194 85
5058 6520 10
73 5321 41
4936 2245 94
3836 6725 47
7545 7244 97
1468 3526 19
3903 864 29
5909 4067 92
1205 2948 68
494 199 16
1885 819 21
4738 7503 29
1159 7179 90
1298 994 94
5205 2661 32
6938 2528 95
7986 7890 23
6428 1620 11
4714 443 75
5917 7860 90
5611 1328 57
7528 3273 62
4760 992 61
1336 1741 7
5369 1145 21
5856 3919 22
2078 4493 32
5768 4911 90
515 4719 2
4557 1044 92
1349 2359 20
1629 6191 88
3574 596 47
1517 5154 42
5832 2890 1
5648 6853 10
7907 3817 13
6468 5208 69
19 5053 5
1914 2280 40
6771 1445 66
4071 3566 59
3508 5049 47
7007 2488 7
7021 3106 57
4727 3871 58
3720 173 94
1514 5789 85
1158 4123 44
3308 2306 91
7894 599 42
7378 542 3
3289 4501 33
4440 4796 64
1808 237 4
4244 767 12
2265 1247 35
1722 6675 62
2160 3120 4
682 6245 29
6951 612 50
5313 2279 56
6177 3261 1
7421 7392 52
6924 7100 55
4632 2220 38
262 4311 100
1214 6096 68
2709 7857 2
1979 5114 33
7895 3248 71
3867 669 72
3218 1093 11
2419 7297 54
2643 4716 74
4293 677 44
1027 5691 68
1635 6747 29
1611 3555 42
5564 4955 9
6370 925 63
6259 763 27
4342 7707 89
7691 6944 69
4680 5734 100
5208 840 18
3828 4003 78
6344 1128 78
7781 7190 36
7206 2801 27
1705 5773 29
5210 4620 89
3434 1467 20
5918 6473 43
497 3155 84
286 2199 97
3967 5406 39
4725 4564 26
6367 5267 99
7564 2448 17
4430 7870 47
3419 7991 98
6471 5070 40
2592 3815 38
1967 2324 76
2678 6761 65
7719 132 57
7741 5365 77
3568 7528 61
5740 2789 49
5901 1517 3
4130 227 72
5728 6833 94
2593 5057 52
5812 4959 83
4708 2893 6
864 3867 94
6472 7508 81
3534 4057 22
7618 7138 83
5667 5898 1
4124 861 60
7865 1785 4
4259 2260 53
4387 1622 19
7609 1856 25
2823 833 27
3736 6426 69
4002 1561 28
1463 2504 27
318 2421 5
1969 5743 48
903 146 48
700 6738 73
2947 3298 35
2882 6984 2
6918 2385 89
6569 4575 35
7618 7709 82
3119 3325 47
5036 6415 13
7864 4410 38
2105 959 29
4184 1005 60
2865 7675 49
3311 4802 10
2438 5207 80
168 4167 43
5104 3277 28
2038 6513 97
4994 3227 87
7157 1279 52
3045 6564 12
3611 1724 100
3156 5120 90
1247 4456 1
2643 7431 75
5494 157 11
2960 5947 61
1817 4665 81
4860 4879 22
989 2696 8
7452 3728 98
7495 2496 57
5156 6072 25
3755 2948 39
6338 6577 51
3707 6796 15
5029 2196 63
4491 271 41
5997 2931 98
5350 3784 64
1268 2512 98
2875 2321 76
3273 7370 8
2593 886 30
1732 2122 55
1132 4462 38
4849 4128 59
4299 3961 70
6416 420 94
4491 2158 26
1041 1912 43
6317 211 16
7066 2632 24
5101 4394 65
920 384 56
580 311 66
6150 7625 96
7988 2455 99
2065 2812 45
1934 4959 10
1511 2606 81
2214 1588 58
43 2950 53
1852 921 62
5585 2584 17
2829 6539 60
3762 945 57
6193 1492 97
1173 3926 64
4478 2043 39
3087 7653 48
1063 1837 82
6363 5203 94
6331 3455 96
7340 3969 89
2306 1328 78
1387 6756 48
5490 4206 85
2729 5842 32
7659 3450 58
5523 3043 9
5444 5684 7
7409 3987 77
6187 1533 17
699 3203 50
2802 7651 34
6552 5205 57
3979 1143 80
5710 462 82
3631 7480 2
4896 1766 52
6203 4953 11
7546 844 63
3211 2060 78
5089 5104 88
6254 4536 5
4021 4509 74
3626 5287 90
453 5898 73
3394 3260 56
7527 3398 98
3529 3589 64
7750 1732 32
2665 5461 28
600 6406 15
7535 6916 42
7150 616 54
748 2718 40
3608 3159 87
1169 1687 81
2358 4001 79
872 7482 10
743 3567 81
934 5160 57
1846 3080 76
7357 5823 42
1136 4915 51
6490 6066 31
1532 4095 47
967 965 44
2454 3006 22
3425 4040 11
1129 3187 39
6962 2201 94
5968 1933 70
2404 759 1
7627 924 75
2760 4927 69
3821 2337 18
603 7696 74
62 3734 70
4153 4059 33
7220 4904 39
7126 4149 56
5938 4700 5
2988 435 9
1693 3428 15
7397 51 69
4983 3921 80
4967 7656 56
3527 7299 28
1790 6911 89
6755 5507 63
1021 2185 38
7268 3490 18
663 349 56
6372 2074 57
3665 1971 44
5367 4173 77
6769 6756 79
2257 6984 3
4578 4080 62
6848 3443 21
5737 3369 21
2051 3801 2
5713 7188 78
1080 1983 77
1452 2772 29
2221 7361 95
1032 5257 96
5495 7958 76
6267 2727 77
4509 7626 28
2324 6676 13
4794 6584 25
1367 7198 5
4646 1571 50
3503 275 50
7278 500 96
3547 4500 61
3540 7454 36
1818 2144 22
4596 3115 13
7869 7353 34
1407 350 75
2124 2455 56
1808 3300 56
6193 6120 61
5813 4475 24
2583 2644 56
6950 4924 73
1433 5701 74
2151 3143 80
5938 2867 18
3211 5252 29
215 971 16
3363 7128 2
3691 3647 51
5800 7260 97
3879 628 66
2250 1775 50
652 1363 36
934 6389 46
3574 4645 17
6561 4360 100
2110 6194 95
1770 4619 75
7863 4297 5
3606 92 94
3816 5616 87
5453 4195 2
7009 6920 14
6346 5594 30
5279 2336 55
427 3240 6
5176 5348 56
1489 2181 93
836 6739 39
2791 4099 39
4068 2618 43
739 2618 4
2803 3617 27
7544 4639 92
6799 6478 88
5028 7949 86
710 4120 22
1441 5841 69
5161 7365 14
156 5048 26
3251 2123 96
792 6841 23
585 3071 9
7518 3336 87
66 7568 10
964 7460 3
6339 879 68
7314 6641 16
2000 4581 73
1820 4924 3
6789 676 29
5678 6109 19
6821 1833 55
3018 3310 66
7589 3754 17
7556 290 44
1433 1593 69
4289 6311 46
5734 6297 42
7480 7740 84
3554 3112 99
1728 7344 92
3257 3087 17
6161 718 99
4251 4619 77
3839 1408 70
2545 1551 64
3905 3686 32
4830 1313 68
4881 3045 58
6287 6089 71
6983 5500 23
1195 6237 48
2939 4617 63
1811 6801 76
2049 968 61
1198 3842 42
6324 1082 70
93 6157 42
2303 5188 71
3961 4846 6
3653 1859 38
4194 2652 74
77 6351 17
4154 471 65
6786 7227 87
521 6769 10
6543 3662 23
4877 3934 1
7262 3620 76
1382 14 65
3675 2141 2
7215 2245 7
3486 6473 90
3138 5235 86
2899 6520 50
1914 6539 6
2397 5564 62
1635 2097 94
3839 537 3
2591 6818 2
386 2536 23
4330 2668 66
5001 5811 73
6667 643 12
347 6094 80
2226 5697 14
6652 2125 68
6863 6008 63
3032 4779 60
4677 6443 41
1376 3336 43
1186 5923 34
4261 4096 69
4848 2342 8
258 2670 3
2715 7542 52
7556 5680 22
5081 1179 58
145 2331 24
6712 2674 79
1929 1468 80
5241 5995 91
648 3484 70
7398 4164 3
1057 4129 74
2050 688 27
1417 7020 15
2491 7512 3
5585 4317 42
7766 6577 8
1727 2290 94
3756 5575 84
4476 2151 80
2749 5158 39
7096 3037 83
1602 1582 92
1917 6343 7
7805 1761 38
2747 362 3
924 2519 36
6172 7288 85
7848 70 83
57 1907 15
5277 6980 60
3754 6586 99
4077 7098 32
7121 154 13
6360 3801 54
7948 4273 15
7656 4593 49
2754 2526 39
2718 7126 2
4703 978 76
350 5385 25
4232 517 80
2648 7765 13
7734 7343 79
7507 3898 61
1305 6443 5
5417 1851 82
2722 5118 13
3441 1798 88
668 3504 53
3169 1010 63
5942 7503 34
3537 5376 58
7060 3938 9
7277 7912 68
5161 3356 6
4855 2512 16
7089 2735 60
5889 2297 57
7523 2514 79
2898 5884 81
7107 4327 77
1910 2293 30
4671 3743 85
6102 1446 100
1304 1486 16
6039 1554 62
825 4249 84
7731 6546 33
1210 1415 71
7020 5015 7
2209 6536 23
4713 2004 17
5845 1818 32
1246 2223 72
179 1178 91
5450 6021 13
3782 6418 95
7355 2348 56
5397 7729 31
3123 2516 25
6757 1418 79
3831 2352 14
651 7006 36
6278 6080 57
804 5771 68
399 7118 21
1433 4969 87
3819 410 61
5335 711 80
5219 3558 81
1629 4370 93
2859 159 18
4440 2122 38
4180 3688 26
4292 6223 54
1053 1628 52
5437 3967 2
1111 169 100
3827 6585 55
3092 2199 69
4413 5732 52
5209 2793 44
5214 7080 96
6172 3926 55
6288 20 25
1786 6095 51
5191 7191 64
5028 7144 42
1866 383 37
4778 664 36
5808 4299 85
6131 3246 81
2854 6914 66
5088 604 91
2350 5525 37
6271 4148 69
3812 6974 21
1783 4326 76
7406 937 3
735 5442 50
4997 2401 93
4506 5162 68
4998 1812 77
5599 2142 100
4765 6079 52
1390 3507 64
635 75 30
3757 2239 54
5794 7779 93
5897 1846 71
596 4259 100
4105 5529 100
7091 170 15
2425 6406 14
6506 2519 16
3708 1291 35
2363 7701 22
5444 7803 73
2903 5938 77
7193 6440 77
3087 129 69
2091 862 99
3175 5216 97
544 1348 47
3085 7846 80
7942 5323 44
5052 7144 86
4735 232 51
6169 3295 89
7137 129 63
4471 2670 35
3935 406 45
3341 3609 65
2492 7352 64
4964 417 86
7089 972 42
1684 6406 98
5835 7099 48
1881 1589 63
4497 2901 95
3748 1486 87
2048 5885 100
1907 7140 32
4396 2317 70
6245 3544 50
3232 7605 45
6533 3315 22
5404 6287 34
4048 1366 26
5652 2906 4
7777 5750 49
2105 5756 20
3816 3031 38
939 6371 39
6786 818 8
3867 2231 18
4062 1039 32
4632 6268 63
917 44 80
3101 4943 8
2314 5909 35
5452 1463 5
2020 7530 72
7679 3007 34
5499 1044 52
914 1162 85
3992 3673 76
76 2381 93
5184 4741 20
5523 1085 83
2881 6548 39
606 6088 58
3680 5569 9
684 5071 23
3754 3166 34
7092 6417 86
1235 6256 92
7922 2672 25
3687 3742 93
3573 6089 68
594 6801 58
3933 2482 50
4067 4866 75
5939 3969 21
568 7694 53
736 193 3
2787 2870 48
5611 5157 98
4049 7462 16
5507 7457 44
5202 4766 32
7749 7727 27
7060 3826 15
5543 5243 2
4480 3050 20
4543 1867 91
4510 7935 33
4450 6678 95
781 794 92
5610 6724 41
5908 6007 27
6941 5719 6
3510 7483 64
545 2500 76
6686 552 5
6893 5531 21
6629 3472 65
7460 1535 80
2279 6286 52
6106 2635 57
39 7611 5
6653 6142 45
669 5940 93
7984 3541 88
6065 9 13
5903 7412 90
270 2622 5
7819 436 41
827 3369 49
1286 6306 10
2279 4292 75
4822 6192 37
7266 4852 15
3157 1084 87
976 7630 36
4748 3915 85
3692 6829 26
5710 4975 20
2706 1239 37
7355 844 27
4737 1970 66
1329 6063 53
7232 5415 77
5409 1885 27
1885 758 92
2481 6321 51
6257 4899 72
2164 2137 19
6779 6732 15
6863 2800 28
2771 4480 57
3518 3707 15
3678 7524 56
78 3323 19
1999 2764 67
6851 6325 79
3831 4639 65
5560 4282 35
471 7524 43
214 78 11
5295 7404 51
7560 1014 50
4337 4611 90
7220 2723 86
7858 6895 96
2974 6282 84
6510 554 42
3895 3220 24
7635 286 37
4937 774 8
1221 961 72
653 3063 98
1594 313 82
2158 3909 66
4541 6587 16
4865 1542 98
1006 2701 52
3776 6205 83
5858 5453 27
1712 6812 50
845 7807 12
6904 6794 20
1955 1438 71
6627 72 20
748 3622 61
1446 1459 2
225 7003 47
6232 2644 48
6418 1276 82
6451 4915 36
2344 5295 47
2533 5618 44
554 4283 34
6096 6578 84
3248 3548 63
1864 770 16
6216 2725 11
6414 6892 28
852 380 90
4514 2910 4
4996 7079 85
5424 81 26
2125 3752 91
5913 3105 92
5651 6995 15
556 5426 9
585 4781 72
3971 2590 30
3726 7809 17
5970 5022 69
2700 1450 39
2271 5217 61
1430 6364 86
7448 5914 70
4621 3349 13
5528 5496 7
144 4800 81
7156 2430 64
937 60 17
5556 7705 73
6190 4329 24
6528 7707 21
1120 3271 74
6460 5253 61
6571 7954 39
554 3214 25
4996 1593 40
7811 330 87
5837 1064 65
2830 3389 6
2422 5060 33
2649 5928 26
5833 4184 82
6364 6097 41
6063 6059 26
3569 812 22
6094 3569 10
4304 7856 47
7000 2194 54
1480 2817 95
4214 2379 74
5642 6050 35
589 7757 81
7906 5131 83
324 4651 32
4336 4085 33
1507 976 16
632 114 47
7292 7830 6
1975 2928 42
1646 5131 75
2808 5657 1
6449 3169 62
6437 4733 95
3256 2200 64
7373 921 87
5476 3253 11
37 6893 85
4045 2294 54
6047 4678 58
6208 1773 48
5185 3420 77
2306 3795 13
5983 1522 41
4 7842 87
1918 6119 78
1749 5996 1
4235 3936 36
3300 3566 78
5035 3223 54
6912 6092 10
2885 2926 11
7471 4044 2
2072 3126 62
2077 4162 54
6229 2230 58
6959 3446 94
958 6793 13
3188 5122 99
7046 5880 42
2844 4246 10
4729 5336 48
5828 476 13
4713 4397 14
7896 4446 33
6203 2415 1
7226 3443 12
5965 7468 53
6235 1882 40
5580 668 79
153 2900 38
2379 5642 55
3900 2923 74
6687 5364 78
4583 2495 97
3655 5827 89
7316 1179 25
6033 5709 32
4782 955 93
935 4083 28
2237 4384 39
7263 1750 31
1759 1593 48
3829 7140 16
1534 2173 29
7893 6823 56
2714 6271 97
1694 2151 53
3537 4084 10
6501 7937 3
7121 6883 82
636 1258 92
7754 1142 93
4257 3485 10
5453 3577 100
2394 3277 43
904 4360 87
3675 3811 3
7895 6907 56
759 235 99
3933 6810 72
4491 208 25
3307 689 16
5374 5144 21
7658 5865 63
6660 5559 99
3172 4033 57
7797 4350 15
6076 6689 86
2878 5303 37
7838 2149 83
1387 997 45
4059 7898 91
2639 7551 47
3041 1828 73
2696 3284 6
989 7648 89
4078 7455 74
4038 4106 2
6161 6528 54
3815 5612 8
5478 1515 54
1216 1844 69
1694 2395 88
1021 965 92
4473 7652 51
1108 6387 24
1083 4736 69
1204 4846 16
5609 2692 63
7593 4500 97
7410 6734 35
5565 1477 73
6363 3756 13
4241 5437 64
4396 5850 1
774 1918 23
3967 7703 33
2681 3415 27
4810 3375 74
2327 1209 10
2263 1663 64
5121 4707 23
5894 5181 65
800 2641 5
3993 6892 89
6080 1488 67
3013 247 85
1914 2913 82
3297 1157 32
6502 7196 59
5306 5922 21
5156 5997 42
308 2335 40
5381 7278 81
5518 357 80
3039 7450 36
6196 4475 9
911 1845 94
3999 4388 2
7390 4996 82
5257 1533 70
1058 4445 87
3619 4288 86
157 6138 94
4898 3784 5
2407 5551 52
4465 6583 70
882 2491 36
6215 2550 42
6717 7155 78
832 3200 49
5315 1645 40
3627 4570 36
7929 6427 54
1337 7908 60
5977 3251 13
4144 6367 72
1290 2856 54
2936 4905 8
7137 4415 22
3335 7007 82
7475 3514 9
7766 7082 18
2073 2136 9
3135 7668 18
3137 7778 63
5127 4422 2
1705 4628 67
6249 368 6
1624 4623 95
2994 7628 59
3861 2020 17
5328 3372 68
7016 4316 8
7390 1022 91
7165 380 42
2319 667 37
1113 442 89
4189 3920 3
1303 5424 90
21 6762 4
184 6670 59
2020 1954 9
4265 3195 28
407 2527 76
4814 3953 54
4415 3161 76
860 6275 97
1090 1396 29
5064 1405 9
432 5506 54
758 1998 23
1231 5175 52
2263 5072 54
6176 996 2
1619 4210 74
2136 281 100
894 1255 22
3502 161 98
763 1704 29
6455 743 25
6928 602 7
342 6887 95
6582 1703 11
2335 201 97
399 5259 60
3905 5362 44
4965 388 55
6711 1397 77
6727 725 33
2827 7889 89
3078 1891 27
4889 7154 49
4539 6548 73
288 3267 82
7095 1085 92
120 3494 60
1925 2069 65
5674 7636 47
4979 4844 96
5517 2750 93
7320 6584 12
3960 2870 44
3955 5237 66
5868 2353 18
7393 260 91
3637 6394 10
914 2181 8
4677 3985 16
6122 227 13
4436 5131 47
4222 2450 73
3750 3483 69
5546 872 16
2045 1716 80
7226 5360 33
2130 7884 40
369 957 50
2025 2599 85
7967 3523 100
5122 1881 16
2138 1466 75
7527 7117 85
5309 6322 87
2636 506 57
5124 3938 71
7649 1522 24
6223 7577 95
5654 7183 42
1959 2130 33
6058 3996 83
1266 2860 96
1375 1292 50
6091 3748 35
5803 4589 98
377 4250 21
5853 3555 36
5417 4796 78
922 241 82
1219 2754 73
640 6504 100
1892 7214 23
1579 704 37
1202 7493 1
6370 4718 91
7231 4500 15
1944 6011 23
4589 4205 94
7391 6384 64
6821 275 64
4483 6490 61
2806 4652 21
5528 7300 30
5874 1150 10
6000 6935 20
2791 913 30
2875 4986 84
4548 656 54
1564 2039 48
7678 2301 96
5773 33 68
2702 6740 5
1630 6801 65
7092 6197 52
501 6717 4
5626 4474 50
4702 2910 40
2129 288 26
3215 4496 65
1334 5615 18
3942 83 53
4906 5381 100
3594 7113 27
5645 1783 79
6022 3334 49
2384 4992 37
3768 651 82
5070 3974 18
7904 6103 25
1519 1108 23
2988 7658 92
843 6818 50
1978 501 60
723 4711 64
2347 5045 24
1544 3120 88
6308 5617 20
2404 3565 25
3853 6034 94
5868 2428 15
157 2793 70
1733 6046 30
5624 2300 71
7808 3865 76
149 6240 73
2219 7492 1
1259 465 7
4423 2121 29
6798 1543 11
397 5721 88
503 4801 4
858 7130 77
6164 6046 60
2315 1375 19
2230 6511 5
2636 5162 85
5488 349 33
3994 2707 18
5031 5376 95
7977 3157 42
3948 802 70
2541 2738 90
6950 6126 85
1857 5394 96
4295 4977 99
1344 5619 58
5145 3610 88
6557 4439 35
1943 6999 14
6495 3768 68
4125 2068 83
7762 1115 55
5449 7260 31
1725 7512 99
3763 6528 63
7593 5200 22
728 3445 86
781 1313 14
3179 2271 68
7613 441 67
4643 2517 41
7636 510 74
5811 7255 51
7417 2427 76
674 1945 55
7972 2447 33
7573 5373 60
6758 2280 18
4228 4872 54
3001 5814 25
7217 94 97
6975 5743 14
4367 7024 23
4805 3224 63
3910 6629 13
4075 2051 36
7875 1110 76
4563 3856 56
1808 2351 58
4800 1855 44
1544 6444 10
4475 2766 94
4333 4143 16
7099 1603 53
3129 4464 49
2934 6098 41
4533 7464 62
1786 5569 13
3607 6641 35
4615 6403 29
6626 3459 16
4199 7626 60
7439 6568 88
3154 3381 68
6737 6678 63
6750 1643 26
6199 2801 41
4759 2337 89
7026 6323 87
4671 6914 99
6876 3511 56
6739 4935 82
7590 7264 13
7901 6450 50
4210 1565 98
3687 5113 86
1300 6688 82
2687 5381 5
1191 4078 1
3792 4349 9
1931 6359 87
2268 2007 65
5302 811 35
6885 2802 74
1454 3107 51
5035 4634 19
4648 7883 86
6368 5218 79
5921 1227 33
141 3365 59
146 1152 8
6243 3080 42
1677 2708 82
589 5411 100
7762 7648 89
1052 7821 34
2922 3126 49
2374 2981 94
7714 5770 41
7647 934 88
2004 6036 43
5575 4823 87
4944 5473 76
1509 5182 65
3932 4120 4
7855 5560 51
683 307 47
2113 7171 92
4775 7698 20
5827 6463 6
2403 188 58
3836 5086 100
5848 6954 7
7464 6834 63
910 6872 10
2557 3655 3
2977 7346 6
1747 1328 73
3513 5271 83
1265 970 20
836 2632 81
6055 3938 4
2881 3256 47
5320 3286 18
6255 955 1
3121 3465 29
1270 5192 31
7756 897 1
3415 7219 65
3465 5292 67
6373 6808 82
4587 4781 10
2825 1124 6
6314 286 23
906 4552 99
3424 6287 31
3238 6295 47
5849 5899 65
4115 2981 37
1811 2796 52
1677 6536 89
4605 3313 98
6018 123 58
7986 6032 70
2567 6661 76
2679 6319 51
834 6375 10
6085 7883 34
943 2595 69
5302 5982 94
508 3510 75
2823 3356 90
2197 5464 67
3106 6664 6
4582 5771 88
2823 178 8
5908 4898 17
2584 2288 34
4578 3833 28
5739 1345 28
7083 647 91
3395 290 6
4000 5578 21
7673 6907 66
3700 2203 48
1453 5019 24
444 1772 13
2510 3987 10
7733 7165 85
7080 7114 62
1097 495 96
6432 5839 7
2605 851 87
2602 5978 44
5892 2831 74
1321 6406 12
7588 6875 14
2905 7996 22
6978 3895 45
294 1259 61
3630 1987 78
4785 4819 62
2236 6473 41
1839 7634 47
6430 7695 13
5816 4363 98
7447 7418 4
4885 340 27
5733 6055 58
5584 367 59
7968 5582 59
4908 3935 52
3581 3327 71
357 3666 87
5272 6924 49
4752 4885 27
6441 225 82
11 6792 8
1623 2879 7
1507 6689 27
338 5597 22
7673 4209 21
6843 3725 90
7931 5024 94
7734 2818 73
2557 4221 25
1074 1243 43
3680 6578 35
2269 5958 58
1894 7867 74
1395 2305 11
4741 6364 64
199 5374 65
1402 2685 29
5790 1968 13
4609 2640 8
136 4146 24
699 3866 34
1420 5493 60
3300 945 29
5961 4926 93
5922 3087 26
4225 2395 49
5122 6283 97
7953 1710 74
5233 1716 91
5568 3695 62
2534 1680 67
1927 251 66
2881 6462 26
6099 1796 61
1438 7500 74
5848 7640 55
3078 6529 5
2323 5751 27
4305 7771 73
7598 5183 89
7243 1714 15
4701 1353 54
2732 1624 50
3582 7405 47
7255 1924 88
7639 1780 50
5837 4199 39
4788 7449 89
1716 4266 15
4327 6739 25
5735 4822 83
3049 1263 65
7078 2405 68
5725 5212 62
4660 3795 77
773 3324 63
1062 6874 54
1368 5984 9
1229 316 23
254 5572 85
2157 5820 17
1618 7115 92
1287 1082 35
2993 3427 46
3809 607 37
2779 7300 11
5269 6318 36
374 2861 2
4023 5859 4
6246 7413 50
1786 2542 70
1891 6221 12
6619 3873 17
3928 4293 46
669 6226 81
798 3891 68
1267 3212 72
1927 2649 69
916 1581 47
1847 1881 100
7601 7109 37
5577 4579 32
7586 4293 40
1012 2865 34
1299 543 94
4882 6405 86
1768 6476 34
6848 7319 18
4298 5200 56
7653 5185 79
6097 27 94
7058 6417 71
7476 976 83
2510 371 12
940 5838 89
28 221 47
6353 7998 85
6809 3323 59
2838 5551 20
4829 391 82
5963 7087 8
6132 7557 19
2373 2980 80
6275 477 83
4290 5030 35
5713 240 18
5246 2981 95
4277 86 99
2163 6393 71
1540 6970 36
1526 1735 8
1218 69 12
1721 7725 8
7253 2875 49
3521 4388 48
6708 1138 65
3711 5861 1
6329 1915 49
2952 7798 12
5026 6512 64
1609 1128 76
7901 3791 8
3837 7885 65
7284 354 86
630 5388 33
4870 3334 100
3439 7791 68
6494 5 9
7672 2977 18
6927 1989 71
7245 976 1
2785 7930 2
287 7142 13
5976 1920 44
3509 6083 52
7467 837 28
589 2286 4
3861 2054 71
7372 7944 39
1303 6112 35
1521 2907 7
5806 4434 89
6576 1470 90
5709 4369 91
2352 970 11
5080 5342 21
2243 3529 85
1014 4840 69
6871 3211 57
4538 6173 53
2354 5551 51
7164 155 28
4862 4761 54
4590 6042 32
5831 3996 63
323 453 43
7224 2164 2
6911 6426 36
3834 1537 82
4237 3720 82
5175 2832 37
6774 5949 33
2033 5884 72
922 1547 7
5777 5900 30
2947 2229 40
6491 4593 82
7894 5531 18
7391 2398 16
5189 2154 71
2352 5649 31
4763 2624 59
5576 1184 28
6677 2287 1
4563 3340 20
1723 2919 11
463 2555 96
5257 2538 50
6800 6988 53
4797 1825 26
1547 4121 70
1819 7718 18
1464 7640 12
3744 3096 66
3150 6987 81
2577 3751 79
499 6310 93
6592 2985 19
5348 7702 67
2198 450 78
28 1298 9
7393 7652 43
6351 5349 14
6801 4918 29
4895 3111 1
2507 3432 29
5694 4082 19
4373 6807 8
5282 5386 1
3360 6839 89
155 7084 89
5760 2669 86
5589 7380 79
4618 2250 98
2851 7643 51
879 4661 53
2336 915 100
5473 5896 77
2193 7077 65
5200 3482 46
6882 1247 33
1000 1502 49
369 6660 99
6005 2873 89
1764 6487 50
1643 2333 21
1863 3664 62
1529 598 19
4071 2142 39
180 4260 58
2563 3172 58
1899 654 14
3009 3646 24
4815 3504 98
3186 2030 64
210 5030 74
3306 1881 19
3874 4655 81
7732 295 19
1132 552 10
2116 1869 42
1384 2449 32
6677 5970 50
338 1969 8
7601 4514 13
4162 983 48
1962 4127 8
5936 6013 58
2502 3655 73
654 6101 98
1900 1914 52
6953 4156 38
6970 5471 3
3633 2534 36
7059 4914 24
4288 1095 24
4609 2689 31
275 3738 20
6560 2686 53
7776 4127 53
2225 5606 80
5388 5918 99
1872 4445 33
4683 6309 31
2861 5008 41
6061 2915 11
1293 3840 35
3375 6423 12
3928 2730 46
4281 1250 65
1420 2311 5
3810 111 74
3904 3377 41
7526 2203 4
7920 2081 40
1067 6310 55
1684 1418 25
5934 4547 92
32 1657 2
7254 1137 64
1784 1569 53
5892 5489 10
2495 5537 24
6890 6582 96
1302 436 68
495 7450 94
1857 6316 9
6194 7838 75
2166 5738 28
4905 3870 82
1848 273 100
5922 343 59
3611 7259 55
7490 3735 25
4164 6315 99
7655 7015 27
2467 6808 56
4692 2 40
3276 6588 17
6962 5690 29
1768 6355 75
397 2505 42
7406 558 45
2350 6716 96
5025 5877 98
6044 5941 14
5821 4629 27
3110 4038 74
2320 1256 2
2255 5684 90
1886 1358 40
5059 2277 32
1597 655 7
1789 2703 87
653 7284 55
3358 156 63
7520 4163 97
2237 2437 35
2081 4214 11
5562 7239 35
4694 5591 62
7687 7166 3
7286 1310 83
7330 6187 8
7017 6120 88
4991 2949 5
7787 5 71
4015 2961 12
3536 6977 69
3846 2888 24
6612 1345 15
6686 7260 72
2409 5743 16
682 6864 63
1915 6955 85
6127 2370 12
7470 7594 22
4455 7492 95
1325 6578 95
5446 6591 86
655 5386 45
439 587 36
2638 3416 36
4371 4797 23
7807 7049 17
1829 2633 66
4696 7012 18
5862 5685 14
3229 7611 95
735 5038 21
2904 1113 72
5335 6710 81
6403 1904 27
7833 3335 14
3617 2526 39
3922 2486 81
6021 3012 2
1439 2348 47
1132 3811 13
129 2215 3
6097 2221 97
5929 4116 37
2711 1689 83
903 536 29
745 3851 35
747 3587 2
6382 1018 93
5903 4250 47
3965 3561 22
158 3609 72
7389 1615 40
726 1685 85
2698 3884 52
5991 4788 83
3459 7716 76
4989 4675 7
5320 4461 87
4076 6925 6
1628 2450 63
3297 5733 17
1166 70 85
6055 1443 86
6394 1832 17
30 5934 89
1185 1071 38
3225 1148 37
2165 1314 99
4790 861 92
3251 4109 68
7783 756 20
872 6788 15
2055 5159 26
7274 941 83
6909 7864 73
4625 2733 97
2795 2439 85
3372 7420 40
4819 378 41
6637 425 3
1012 5839 15
3256 2214 1
2056 2319 55
2769 7552 97
6893 5288 51
4348 138 13
547 3128 87
286 2269 77
2544 1302 14
4755 1784 70
1977 2932 42
5060 4985 77
2825 1472 45
4806 1455 74
451 2856 35
1299 499 29
2397 7464 84
2859 2935 11
1546 661 91
1443 5114 13
7906 3960 31
2780 1602 85
2383 7048 82
3786 1212 89
1928 3603 71
5135 5904 17
7670 420 99
1280 5308 26
2902 6007 46
1388 3514 14
3099 7420 34
5510 1343 48
2929 759 97
6814 7057 11
4938 4888 20
5341 7029 41
2494 7289 55
405 7294 82
2677 4430 92
4889 1881 99
7429 4661 36
6376 2996 16
4424 6474 35
6088 3599 97
4010 7485 50
1711 7688 47
2254 7291 29
5126 6703 47
3136 871 8
2814 3850 67
4401 6215 62
3577 1880 6
7786 5065 74
7372 5761 50
6982 7427 3
2832 4905 89
6542 6290 4
7693 6049 80
7917 2571 60
7204 3397 67
3628 1296 68
367 4559 37
6300 6294 43
4945 3338 53
5967 29 65
3484 6224 16
7097 3636 27
7934 2520 88
4215 2485 94
4748 6677 51
3747 1040 58
7918 5698 43
4181 4045 10
5180 2821 20
380 1777 67
1540 2696 39
5906 1597 43
7411 364 72
3036 7182 22
6787 1714 71
3020 1941 98
4922 7680 19
6427 1059 25
5060 6111 63
122 1252 6
2819 6685 7
4513 5725 38
7899 5923 74
914 6753 29
3810 5820 10
1657 5812 61
2052 3581 39
1618 5624 89
7238 3484 49
4790 7692 26
4159 2774 13
391 4147 49
6885 2758 54
2635 5982 89
4383 5630 55
3658 2278 20
1610 7786 28
598 3526 14
6476 2162 83
7636 1307 28
4422 3931 42
6089 4567 93
5180 4840 28
3074 7353 99
7483 209 11
6657 5624 28
265 6539 5
1297 7662 35
5558 447 33
1596 5359 61
6766 6092 88
7289 164 12
6545 1124 86
7510 4764 77
3839 4318 12
3813 1916 16
3923 3034 87
2980 6425 65
3967 4791 79
477 6125 85
4632 7500 23
6241 2784 18
1312 1377 1
5808 644 45
6077 6230 4
603 3198 72
7886 3392 80
247 6004 55
2197 5592 65
4225 3989 13
4990 6527 44
2536 4247 93
7907 7255 33
1602 1731 48
3587 1098 53
5421 685 86
6447 5186 43
2083 3305 8
5270 554 78
4887 7887 96
1388 5562 35
5845 1346 33
7046 4688 55
2532 6819 91
7881 1060 56
5056 945 74
2890 5587 4
2058 6794 49
143 5306 60
7447 849 50
60 2404 26
3092 4414 55
600 7810 62
5026 5375 16
7757 6745 90
1451 4534 4
6346 801 37
6288 4685 91
3226 2145 34
3984 5821 60
2373 3349 39
522 2937 6
6963 3522 18
6382 3051 9
7102 1645 2
2158 7582 56
7191 345 42
6880 5224 48
7928 3881 56
2612 775 22
6829 2909 14
7307 2058 10
6988 485 26
915 5960 78
3581 387 76
2665 1858 43
3356 4056 32
25 1992 49
2515 1559 33
783 7643 54
4265 5953 47
7477 4026 92
7969 3191 66
5632 5627 70
2508 3296 48
785 1472 39
5481 7938 35
4440 5986 35
1705 5950 41
5490 3769 58
1332 5099 7
4679 2536 96
4359 4073 66
4721 3402 48
4002 4801 55
7126 4095 34
722 3967 41
3588 1634 40
4269 6568 76
1855 4635 50
1774 7397 21
1290 295 1
3411 2121 44
7378 1891 9
6114 1096 39
2562 5355 77
5120 6010 61
696 7264 94
127 1910 7
2245 5777 39
2828 5075 99
4170 1731 93
1467 4516 59
6856 2235 8
2723 6847 93
1581 209 37
4250 2559 34
2698 2767 92
1982 3532 14
2143 275 30
7901 6426 67
4312 6217 45
520 7414 2
7440 4802 76
5790 4144 40
932 3102 71
3075 6520 16
6816 6031 59
1721 4934 33
5674 5370 88
0 363 77
4505 7192 37
412 6665 60
1070 3267 91
627 992 69
714 4898 35
5141 7957 82
5070 2295 3
5416 1994 75
1193 1350 1
7656 4119 34
3048 5709 62
6032 1730 51
6648 1029 39
2205 3863 24
5859 4149 17
2090 2098 55
1238 2305 77
7 780 37
3912 4854 75
6189 4062 3
4069 2066 7
7883 6262 27
4832 6217 67
4074 6126 13
4484 5147 51
7730 5305 89
7200 5522 64
4097 6306 32
3842 2855 59
2769 1441 93
3908 1690 15
3024 3736 44
519 3271 58
33 2293 28
6733 3988 38
6083 7342 57
3783 3078 85
5321 2378 67
3612 1983 64
830 2069 81
5258 4238 29
1412 3874 27
186 6131 8
5226 1816 95
6451 3719 67
417 7147 71
7237 2039 38
2590 2940 20
6685 2471 43
6635 6857 58
4047 873 43
4692 2232 64
1011 7078 53
6877 2601 7
1995 6933 17
407 3108 16
4446 892 84
1453 6561 81
6840 5488 58
5495 4476 93
7241 3134 29
26 1163 64
662 6944 89
7810 2974 37
3989 6577 81
6793 2985 15
6943 5051 33
1385 5859 45
5338 7034 21
6315 995 58
892 6469 66
1222 103 20
5285 1670 79
6208 2420 90
5965 4502 17
7663 7683 73
1856 4509 49
4892 7843 85
7257 721 66
1344 2953 27
5600 7158 47
7559 870 36
6367 7390 88
4374 3260 48
5325 6662 4
4368 1578 46
4562 127 28
103 7554 63
6696 587 66
5895 7990 63
1945 3661 92
5678 2436 100
4772 1970 44
4456 3545 85
6100 134 35
1628 4060 53
1693 4417 77
690 4415 41
2040 4158 27
3383 2348 71
5594 6170 60
3682 6577 43
4572 5642 31
4442 7702 88
7088 3849 28
4594 7301 13
5760 6687 42
3378 3735 72
3571 3435 80
8 1404 41
469 1180 50
3188 2323 33
4511 1620 98
990 5371 73
7673 6038 74
2119 607 50
7114 3712 20
2841 6918 28
5992 1488 84
6983 2028 84
6459 3337 62
5769 654 50
7113 683 88
6579 4575 22
3620 5654 41
4219 4821 70
6733 3769 57
5620 1037 4
2449 326 67
7170 5174 75
4151 6627 25
3652 2164 46
3873 4272 40
1949 2527 74
4032 7257 51
4136 3424 42
5447 6647 18
6021 7548 87
836 5245 72
7066 5634 9
911 5436 100
710 274 75
2917 5027 43
127 6422 60
238 1170 56
1139 1632 16
4580 3870 65
924 273 13
539 2049 9
6 6818 28
7413 4947 44
4812 6998 97
3809 957 41
6924 4249 40
6321 3096 23
2790 2413 13
6790 3828 92
6299 984 88
5639 7702 1
6282 1969 63
549 3980 52
6999 2747 74
1100 1290 1
5460 3107 44
2355 4766 5
7186 6814 66
3286 7509 78
6930 3376 13
540 93 40
3075 7089 87
62 1841 90
5531 5253 48
7965 5968 92
1319 6951 24
300 1940 29
4387 2997 29
5598 6493 65
2774 1373 67
5894 7588 16
4855 3651 25
4629 6643 88
100 5050 26
7638 3099 100
1567 4070 61
411 4464 3
3251 6845 30
3998 3471 37
2329 2275 23
2254 2810 8
4818 2423 65
5158 2378 39
7579 7582 27
5345 5697 87
651 913 67
3604 3679 5
4552 7160 19
1174 3468 81
6130 7390 77
3535 1900 39
2820 4800 1
5922 719 65
1013 9 30
6287 6072 15
4082 3597 80
2258 6039 93
4697 4016 50
4177 7450 8
4554 7178 49
1912 6952 42
571 7882 66
911 904 72
6558 2081 80
3358 4028 42
5288 7457 78
82 3866 37
7247 6819 44
7284 7136 32
4661 1935 43
3690 32 75
2364 1232 87
6275 3429 52
3371 1126 49
5374 2290 63
3932 4978 38
6038 7275 19
4511 5579 84
7098 5494 54
1700 3888 87
6382 698 15
3589 2726 24
6830 4300 50
2400 6723 73
2014 7495 39
5672 6588 36
1307 4800 90
7108 2478 28
7781 945 83
1046 3644 50
5937 5857 56
5258 6825 46
4144 5834 99
5071 1068 63
5411 1619 25
2500 1529 35
3266 6465 37
6200 370 26
3421 441 96
6142 3735 41
2414 1758 95
936 4045 2
2296 3421 79
2718 1788 70
1981 7813 33
1654 3158 25
4663 2698 52
3727 5949 70
5737 2816 5
833 1071 74
1721 6357 60
1981 7162 14
2599 4222 97
1666 1382 38
7397 6218 81
1756 3112 81
1650 5392 40
1757 1709 53
4489 4912 58
1602 6145 15
4222 4249 35
5550 7292 47
623 560 81
7401 3276 70
1448 4969 13
5149 1766 40
975 7875 46
1061 2797 74
2852 3367 16
7048 5277 72
4862 4498 99
7501 1341 92
6672 418 4
1540 586 68
5184 7374 41
3442 1844 4
22 5146 67
1557 3526 56
1366 3077 98
4464 2806 94
2424 3886 52
276 2217 59
2182 2605 97
6225 2089 47
4843 5930 4
7270 1234 37
176 7915 54
1198 3932 65
2647 278 71
1704 5006 64
4802 369 34
814 2617 30
6987 4605 55
127 2177 49
4345 5005 27
3220 1482 7
2257 4886 63
4846 4126 51
1316 5545 91
1662 3986 68
6349 1291 34
3141 7660 7
6016 6553 46
4305 7218 98
5739 7538 44
7988 7793 11
2388 4852 26
3260 7157 54
5658 2470 35
384 1854 71
1424 7726 32
4259 1004 33
1162 7506 78
2917 510 92
3514 6845 41
4229 7681 68
3724 5602 17
5128 707 17
5859 5542 15
25 7503 72
4473 4438 41
2078 5474 81
1591 3242 39
3886 267 3
7021 3210 43
1338 6070 28
7334 2017 66
368 3005 47
4956 4180 37
4568 4538 47
3457 6956 15
301 6240 62
3971 6929 20
328 7134 50
6825 4712 56
1527 7762 26
7417 6284 90
4539 1066 32
2357 6118 42
5973 6655 35
6969 3909 76
5316 3779 35
1295 5032 4
2008 5594 30
7953 2485 35
7488 4549 84
6484 4521 19
4510 6636 6
5002 5196 57
2624 6098 62
1927 6721 62
363 1923 61
1436 4513 63
1654 2154 65
5715 4438 52
6138 5559 12
7132 3548 14
7983 533 69
3199 5474 72
2542 7089 10
278 7595 80
843 603 100
4644 1006 35
1367 141 31
776 4099 36
6323 7630 98
1238 2870 28
163 7953 62
3844 5686 27
3179 4927 19
3488 2448 86
5246 63 50
7974 5947 7
1745 4296 85
5579 1247 55
2639 2406 60
6843 5894 44
2129 2405 95
6146 5648 15
1741 1640 73
2022 5570 44
6021 162 92
7934 5693 61
2815 7765 80
6459 5566 14
4594 1672 36
275 7368 84
4102 4747 63
1720 3322 98
6246 5893 35
5644 6485 27
863 2506 71
5343 3815 60
5590 5178 54
7030 1074 17
3815 930 97
4517 6038 51
2401 3222 95
7237 6231 56
2915 4538 61
2931 3413 35
773 7900 81
4984 1528 83
3664 3579 71
1534 7457 33
501 2769 40
4519 4917 16
6234 3096 93
804 3 50
5022 7579 1
2711 6298 5
1197 4870 90
5077 1240 48
6114 3174 29
7141 4458 94
4867 5385 21
4009 2389 7
860 2408 1
2280 1915 6
4128 6746 72
6936 6348 92
558 5934 28
5684 6161 48
3846 6859 19
4081 3137 3
2160 4679 6
3123 6109 53
2333 3525 95
3974 7105 11
5730 116 33
2721 2239 26
3802 2000 36
7496 7209 82
987 106 73
69 4887 78
6450 7878 55
3721 5036 44
7701 2206 10
5333 838 48
3148 1340 48
3850 1598 38
661 7118 3
6172 6116 71
3880 2617 85
1116 2886 87
5627 2741 49
4743 4896 60
2961 7424 9
1373 7578 78
6688 3700 32
1398 7669 84
2403 6561 45
321 6041 71
2472 1228 33
4882 3280 65
3747 5321 13
960 139 60
7353 798 36
5964 813 7
6073 6062 30
7067 1453 30
7700 6226 93
3340 845 80
7194 5490 90
2313 5074 20
4237 7317 22
6711 971 66
4850 2794 83
4083 5509 56
1446 688 30
7777 4371 10
4999 5773 8
3942 4912 76
5890 2087 19
3160 1969 53
2071 965 94
6814 3256 100
4244 3340 73
3014 2971 60
844 5509 66
6948 5338 38
2084 6118 4
1920 5322 69
5627 3733 3
5293 5545 38
7511 2354 18
3887 4170 90
5574 5398 24
4893 6012 72
6944 5832 82
2357 2071 24
6433 4073 42
1182 2131 48
1343 5544 91
59 3415 12
6925 7697 16
7423 6135 42
880 4720 2
1242 7960 34
588 6343 47
6847 7027 41
6555 2488 48
5453 4886 72
5037 7870 11
5578 2279 25
2407 479 38
2060 2191 23
2011 742 36
3555 3033 29
3897 7400 18
3231 6306 88
6885 2453 25
6651 986 46
5778 258 93
3895 281 23
115 2459 19
5474 5478 53
7718 7108 76
7487 4584 70
5604 6908 24
1560 5508 8
2571 2663 23
2605 1892 67
5342 6722 77
2375 4654 43
510 839 4
3301 1737 22
2291 3059 41
2130 608 81
5801 32 72
2709 2773 97
4504 5431 11
6177 3321 86
6860 2894 67
527 831 42
6780 5221 69
2966 3624 45
5536 6604 18
289 4403 34
4943 3907 93
2393 535 45
2998 3214 94
7391 1737 50
6505 3810 1
2035 207 5
2620 2395 77
217 833 83
3062 1634 14
7289 1788 89
4023 5317 32
6900 1695 88
3147 6210 71
4063 955 96
3836 6541 28
1015 3028 42
6572 4317 93
4235 1943 38
5039 4253 68
743 6739 66
7192 3981 47
6301 7860 70
7766 902 51
2805 4336 74
5341 2695 38
4535 5296 97
4114 639 4
1522 6821 49
7523 5907 3
2640 6314 12
3086 2526 59
5155 3999 80
4410 7816 50
6090 6827 50
5468 2340 42
7420 5508 54
7720 5510 9
3779 3104 25
6963 4375 74
6719 7479 39
318 5349 87
338 6334 94
6520 7759 60
3090 415 50
4313 1284 41
1569 4216 61
5922 5016 60
2732 2340 38
4796 4049 9
7518 42 15
3212 4412 76
465 6581 46
4398 3177 87
1313 1007 17
7712 3600 93
1012 4793 30
469 569 46
2378 1434 54
5027 5950 19
6643 3854 34
1645 7510 19
1924 1983 9
233 7400 72
4318 2453 36
5584 7184 66
6205 528 84
2496 2338 57
6987 7347 65
3210 5904 51
2499 6001 25
6426 3265 93
4601 3977 67
1550 3983 77
5590 1004 71
3346 5328 63
2008 5534 45
5864 6125 20
7095 7853 51
1427 7894 10
1397 5312 23
7279 3686 56
4069 4763 43
4307 3443 5
3898 5450 33
2865 1047 94
7648 1494 80
2416 6519 51
2919 3818 41
3202 7486 32
7783 1177 95
6567 5140 45
1941 4583 61
4372 4712 58
7265 5638 32
5035 1605 28
2126 4429 25
1956 5187 59
6499 3455 37
315 1411 74
2744 2197 55
7361 5315 29
4398 7972 26
3703 7344 3
3502 610 46
656 7739 6
6946 2142 81
2596 1461 12
6704 3505 46
2922 1675 64
7927 1566 18
7311 7375 52
4 4989 44
316 239 56
7299 2944 13
7393 5384 89
5049 5101 78
6142 5975 65
259 135 39
5625 2580 18
7783 5460 78
84 5663 32
3537 4135 90
2665 134 70
1827 4181 70
7677 4067 36
4270 5774 42
6686 1331 26
1329 6033 30
3146 3746 13
6593 29 45
5950 7182 19
964 409 28
3977 564 35
4080 5534 10
858 6365 14
318 3232 48
4163 3364 83
1617 4685 59
7220 3088 22
1583 4769 83
5241 5285 73
97 7909 51
3744 2170 37
7320 6817 73
1414 4892 4
712 3548 94
1977 1153 40
3605 7888 69
2787 3958 71
7059 2003 84
2427 1082 25
4941 4577 6
1808 5764 72
5888 5442 35
3370 6292 3
5221 181 51
4262 3642 84
873 4790 54
3485 1248 89
5248 1575 60
2875 2324 57
1975 2333 48
7981 4099 46
6383 413 31
1408 3227 54
2746 4400 40
7873 4536 60
4459 5333 37
1709 4819 11
4928 4816 53
6919 3618 59
623 3542 55
4625 5701 47
1722 1135 78
5929 4691 54
1900 3194 17
4477 1963 25
6072 3423 26
4979 5465 23
4366 5991 55
4168 6820 87
6997 6777 54
3956 522 20
1289 5893 95
3349 1077 60
6682 858 55
5052 912 38
7356 2673 93
7839 4922 44
3110 5424 61
834 4977 75
5867 2585 7
6391 820 61
2262 2536 35
2850 5104 74
1375 4400 55
5346 1482 16
2843 6295 94
2563 7165 62
7624 917 60
2571 4010 65
6791 2193 8
7042 7827 67
3698 6962 68
3163 5827 4
5030 4609 90
2713 2305 45
4258 5448 44
5605 5633 3
3160 6154 90
3948 3923 56
4288 2383 50
3366 4981 72
4083 6213 94
3096 1048 70
107 2064 53
6656 6117 61
5185 6201 97
3817 1458 23
5551 3433 82
3051 7296 34
4228 1697 37
6073 7642 9
6331 7100 48
1400 5209 98
2228 7907 62
3187 4320 99
313 6952 87
659 3921 95
3837 340 29
1455 1571 59
2330 645 65
1293 781 96
2662 7957 98
6385 2172 52
7733 7202 11
895 6351 95
3517 2812 20
6891 6299 67
55 7682 35
6917 4838 89
1847 5054 34
6665 731 76
6825 1292 43
5188 1162 15
1592 6955 28
527 1835 99
4026 3205 91
1365 1471 94
3627 363 67
3760 1470 78
1231 2534 16
4230 7055 71
5690 7615 34
821 7220 16
7628 4070 40
3347 4083 42
2864 2375 23
4485 6240 89
5192 1287 37
1722 115 68
6109 449 48
5390 584 32
996 2862 63
3244 4370 35
1923 6729 14
7568 7077 55
1078 4655 9
563 4959 72
2020 4672 66
403 3912 20
1689 1615 7
1367 565 66
4686 7427 76
6103 5517 48
4742 3232 22
3091 6894 61
5030 2873 70
1808 1790 61
2091 3125 91
112 3808 3
4430 2193 12
4099 3156 36
7096 192 91
1785 5841 10
4365 7589 94
2502 6974 2
6770 5284 89
1859 3625 57
4203 1205 43
7872 5920 98
4735 5247 7
5657 1092 43
1538 7697 68
3389 878 24
4326 923 85
1665 7580 58
3425 1960 54
5233 6652 39
7485 7094 39
4467 2824 63
3606 4452 26
7084 6877 7
2545 538 45
5613 2559 77
951 3468 61
2818 4700 28
2359 1875 4
7295 7493 30
2844 5184 54
6296 1149 3
2009 270 44
2665 4497 70
6832 2086 30
11 6974 29
3667 721 44
1755 3171 34
7089 1024 26
5650 6858 26
712 5288 96
4792 4024 90
7991 703 61
1716 940 87
487 6577 20
1536 3369 11
5977 6849 1
1425 2058 88
4700 7688 30
1766 2855 85
2406 3390 96
6310 526 41
7260 563 33
5701 1972 16
7066 7416 29
3341 7899 9
4384 1827 48
6900 7811 33
1814 6850 91
1378 4732 47
6039 7026 59
387 4949 31
1239 7278 16
4772 3177 72
2771 6737 72
4188 5782 85
4510 5110 41
5485 5414 16
5498 7512 81
6368 6493 26
556 4639 38
3011 3359 67
6775 7949 51
365 3910 96
4430 579 13
3686 4522 49
4412 2149 76
4533 5073 84
7640 2351 9
563 6173 64
2154 7636 70
1276 5274 91
2389 3856 73
1886 7445 97
2441 1907 99
5867 1794 79
1077 3444 8
5519 1709 58
2740 1536 74
6079 576 93
4058 3909 52
7954 1823 43
363 3837 23
5391 1843 19
5504 7215 24
6410 2722 88
379 4876 63
7069 3793 68
2759 4092 71
7454 5456 44
2623 4004 71
1356 2785 95
1775 1768 72
1611 5824 11
6926 3626 51
2188 1859 75
6695 2460 18
5766 7508 20
2453 1839 2
6449 1494 38
3318 894 6
7691 3276 18
1623 1201 2
2867 2392 10
1810 1244 42
6771 6072 18
4078 891 77
7039 2693 45
105 1257 93
4652 2517 5
4215 3419 47
4722 4664 96
7079 2611 87
6120 7848 14
4226 3468 93
1785 3859 50
355 3337 15
7838 2671 92
5803 4657 9
1412 2892 56
7858 6336 79
304 4575 44
494 341 2
1951 841 10
2617 7684 61
1350 1579 16
409 7776 10
4127 3414 76
6185 2618 83
4262 2328 1
5307 3270 40
4440 7780 52
3239 3246 40
6303 4012 51
204 5088 42
1476 6629 87
4896 2902 97
3856 2604 36
1292 7135 76
7205 349 23
1276 6021 51
823 6028 3
4807 6692 100
1049 5239 16
5799 4852 100
6534 4739 19
5716 913 30
618 4294 3
7295 931 86
7541 2450 10
2857 4780 85
7367 2277 63
7100 261 78
4771 1218 91
5758 2580 84
2509 1154 25
3658 4044 87
1903 1589 73
3592 5158 62
3206 778 73
1696 787 47
5996 2989 61
2598 5040 3
517 7423 62
6971 3952 40
3886 1450 33
552 60 13
3381 4816 41
5871 3382 16
4895 902 30
5528 2155 52
3982 2974 60
5799 4538 46
7053 3720 77
125 417 32
4507 40 42
7390 2888 30
7663 1444 46
727 5755 5
7736 7088 16
1348 436 62
2508 5209 5
2540 934 84
7933 1712 97
571 5530 7
6023 2403 15
3705 4761 63
1235 5829 38
1429 2762 69
4911 1460 8
7977 827 96
4879 819 64
5240 2719 91
1174 645 89
991 423 35
5739 765 15
7084 5098 88
5309 7589 81
1639 3160 5
174 3557 82
7044 3552 64
6776 7986 78
7245 3986 40
7995 316 47
41 5572 65
5358 7326 52
3553 4682 88
6388 4533 58
784 3601 80
5296 3940 4
408 873 82
1003 6061 43
3658 6974 2
5146 2775 98
3479 319 17
5776 1287 32
1335 186 38
6607 6540 17
6074 1712 2
2723 77 79
621 4996 47
2118 7111 17
1458 876 48
1198 325 87
162 7381 1
7743 5893 84
190 7099 28
6528 5160 96
4949 6765 6
3696 2053 33
5114 4673 40
4865 3726 58
1656 5653 4
5591 2761 9
5463 2284 77
7118 4740 60
3145 2628 59
6803 5639 25
6042 3273 10
2210 6423 88
507 5826 88
3681 3137 94
4375 7419 29
5692 3413 90
6761 5755 30
5025 4513 43
5176 2187 15
482 6222 81
7992 977 16
3282 6143 24
1176 3637 96
2519 3287 83
7839 7825 7
7532 6327 63
3787 7834 29
3205 5983 53
5082 2054 91
7183 1990 18
7517 4883 65
6395 3603 60
425 630 77
4891 6867 77
6476 1502 74
5895 7755 88
6792 7891 93
3280 5843 3
6561 3352 29
5281 5351 90
1644 7504 7
7276 4634 66
6263 5460 9
19 1450 37
743 7254 64
5516 636 47
746 834 27
1970 2161 56
4460 7180 4
766 4922 16
3293 5240 18
2353 5226 17
2637 1427 83
3940 7915 59
6232 7234 75
4238 2841 70
4276 1445 6
5707 5818 65
5400 1729 27
5355 4273 22
5434 4748 37
5350 5804 70
6373 7274 23
7582 2410 82
3212 7029 24
154 6204 37
4574 317 39
1798 128 39
2606 6940 84
4094 5948 65
539 2902 81
4823 1432 82
7896 2409 87
7458 7306 22
6155 7354 72
226 1955 55
4691 7881 70
4878 2304 56
3186 5459 95
2314 3263 6
2523 2008 11
1409 2730 93
4897 6818 15
2541 4842 84
5929 1694 77
1596 7878 77
3476 2615 4
518 6837 72
668 7916 87
4527 7861 27
7254 2983 97
5189 186 71
90 7090 22
7270 6389 87
715 5187 75
3598 100 68
5848 5332 26
1743 3523 51
7812 1665 56
7192 596 33
6985 6443 33
3017 4682 77
5694 1767 78
6109 3459 18
6184 3926 12
909 4205 53
175 6565 41
6044 2918 6
7825 3937 40
6817 7256 66
3482 473 54
2605 2805 56
5120 1381 74
5455 6328 64
5551 1619 33
4403 2644 82
2783 2998 4
1975 7544 71
1565 566 16
6661 4418 95
379 7718 84
3460 7009 63
3182 6858 98
1787 2594 3
2081 3076 99
7074 2002 51
3554 4241 62
5531 2580 58
3073 435 73
4486 5784 65
6428 5132 60
5826 1868 52
2664 7200 91
3714 5869 52
704 6242 76
6665 2645 65
185 1010 49
2655 7067 3
3554 2363 99
4561 1424 81
2807 4685 2
319 402 26
2834 4624 53
5672 1896 87
1331 7741 43
7134 1365 47
5047 5975 96
1924 6452 7
1721 440 96
1930 6009 4
1239 6802 58
3919 7731 82
774 7519 28
7951 2992 94
924 5732 30
3535 5538 60
3817 6531 43
7180 3455 96
6077 5844 100
4319 4709 97
6012 7668 38
3820 6885 65
3362 6474 94
3464 5948 83
5659 891 30
3849 6369 49
842 5477 54
931 5883 11
7068 7204 57
2429 2066 33
6790 6214 77
3319 1228 84
6979 3211 96
6084 4301 53
306 7486 92
2619 982 37
5064 7759 41
5900 7936 78
7337 2367 79
4256 1594 32
5593 2078 58
4281 1082 99
6357 1716 9
1940 3852 25
3412 6333 81
4083 3420 39
5554 6750 48
2379 4656 40
1928 588 21
951 5679 14
978 2775 18
4192 7527 1
2026 1519 33
1405 5065 26
3522 1328 56
1561 1156 99
5379 4757 16
6101 5981 82
4188 5341 82
5632 1381 64
3020 5194 85
7427 6389 19
7726 2197 23
746 4312 84
143 3590 97
7256 1401 42
7237 3540 68
3586 7494 62
1985 6128 35
2810 1315 64
3379 1631 95
4432 4569 55
3329 7109 33
7166 4678 49
5785 196 41
6756 1847 1
4680 3826 37
158 7954 36
3528 5094 44
2969 6715 93
2008 5126 7
5171 6830 38
4712 308 27
5905 2742 72
3405 4241 69
3330 3745 54
3166 5974 79
5702 574 66
5220 7230 45
4879 2678 2
7420 4944 78
4900 1754 7
5218 3421 83
5208 7914 71
5587 7144 70
6731 4906 12
320 4870 59
4771 6440 31
3163 1472 59
1596 7411 18
1376 6450 29
1187 882 27
4001 1742 84
5702 3481 16
558 192 27
2993 7117 31
4460 3181 92
6030 6675 2
3314 301 64
2045 5315 89
5974 1352 34
7976 2311 81
5476 3649 82
5982 3313 52
2568 4527 83
4646 5495 65
2748 486 53
4931 7686 72
5998 2485 23
7828 2360 15
2121 7283 85
5411 5131 67
7519 7008 10
6653 416 35
5409 5642 27
404 5433 47
5787 7502 31
2192 7621 5
6197 4663 37
2840 3296 38
5726 4659 31
4972 2363 44
4999 4060 14
7657 2297 71
3061 1291 23
2879 5147 89
483 3388 93
7642 2431 49
7419 6894 26
283 4110 44
5561 5602 62
6908 4099 61
6308 1386 48
7086 2665 58
5748 864 94
3710 4811 70
2237 3608 77
6966 6095 43
2134 4667 39
1689 1127 52
637 1782 81
1801 2980 28
2250 353 26
1306 598 43
7878 1048 37
1067 1313 97
6913 3416 73
3229 5300 27
2377 4099 42
4768 6728 42
5119 3150 35
5603 874 95
7202 7022 96
948 5750 66
5531 56 54
5064 7772 47
5553 3928 8
4704 733 75
7708 5835 95
355 4462 74
1713 6638 59
545 6108 33
66 6336 83
3944 3718 70
3705 4018 44
7825 5534 94
1675 2249 61
3087 352 44
6490 833 82
3232 2495 78
843 6775 75
7089 3761 2
7399 6310 36
4021 6732 21
202 3989 78
6754 5425 44
4210 7923 92
4933 7536 49
7437 2359 60
88 4155 62
2151 4619 17
4134 4456 54
1187 6748 18
2534 2853 56
1493 5439 51
1678 5309 93
5583 5896 54
426 4174 87
3798 7438 25
6349 5233 43
5256 7955 26
995 5604 54
6864 1363 60
3514 940 93
2618 6354 10
6256 2416 36
1695 7474 56
2946 3388 4
5781 5102 37
2901 1237 16
1888 7477 55
5097 3598 95
340 4663 21
510 2373 3
5802 7204 74
309 5583 62
6547 2383 88
5501 568 29
3944 297 15
5846 2832 32
5305 4406 61
6190 1028 71
6056 2788 79
5982 1113 93
4925 4879 95
5628 751 87
1316 6749 77
2812 2695 100
7644 228 63
7893 3865 25
2701 3523 24
7069 5200 25
4736 1798 36
5144 7342 71
6094 59 27
3603 7546 49
6044 2174 90
4368 1089 16
263 2588 50
5705 3585 88
6958 4715 18
598 188 68
4233 7180 18
4034 396 50
177 7931 15
5090 3006 81
7071 5171 77
1767 4241 29
3442 5325 46
3648 7077 41
5797 179 18
7074 7517 89
6183 3687 4
5605 4018 18
5222 4030 7
3510 2824 66
5186 3757 82
3987 7817 30
973 387 64
7336 7142 2
5735 2250 64
3580 1715 32
6522 4415 57
3692 891 26
7484 704 99
1100 4301 49
6211 6767 59
805 3377 68
3272 6336 97
2214 2950 67
3923 5493 25
5662 2026 90
2849 3188 93
1949 3172 55
4418 500 55
2671 4665 89
6560 4256 91
3493 1669 27
6883 2003 55
1892 7395 83
7329 7880 39
4278 5215 8
6971 6008 39
7016 350 94
2878 5030 37
4055 6453 63
2476 103 90
5243 4389 71
4689 5776 81
4504 1076 71
143 5110 6
924 245 90
5599 4981 25
5822 6859 35
7063 7353 36
4020 1558 68
3990 7617 82
7328 5479 65
205 1325 1
7604 910 99
2694 827 54
3602 6540 55
1142 736 16
1517 6909 54
7392 7704 56
222 6279 92
2741 7188 95
6857 7239 38
6796 3926 2
3228 4186 95
213 4170 68
644 1467 28
5115 3696 10
7628 6052 57
5811 5568 1
708 6336 88
1310 4312 11
7369 4001 45
4720 5464 11
3766 2437 15
3262 2176 95
538 2010 45
2083 5194 66
1949 5817 50
86 3671 14
4267 2861 19
5056 4271 14
2913 2855 29
641 4687 58
1184 3410 91
6304 7478 58
5284 5272 31
5369 5008 59
4812 128 40
6656 2297 92
1347 4273 22
897 5224 66
7087 2909 39
586 975 86
102 5693 41
6438 1860 80
2580 2861 25
3857 5313 24
5108 6039 92
4191 5597 66
1319 2852 76
5433 1450 68
4468 6161 8
1243 378 63
3713 7035 11
753 2453 97
2710 1662 77
7492 2661 87
3954 6161 78
1675 1639 22
6439 2074 84
6483 7910 19
3552 4646 38
6220 5616 47
465 6725 4
4496 2679 60
5836 5414 12
6767 5084 1
2156 3140 66
7703 3655 10
921 1867 25
4567 1757 86
1316 777 47
32 7637 69
5264 4778 84
2168 7848 96
4324 4473 24
5307 7422 38
5591 7372 96
2208 5208 75
6201 933 90
4302 6073 58
4501 1506 48
2590 6587 18
6175 6760 37
5257 3986 45
5079 4447 3
2752 1980 43
2001 4954 89
1691 2651 14
4361 7555 84
1894 2077 50
990 6092 95
4448 5637 64
1416 1307 82
3159 6297 70
6700 1678 28
3868 3588 59
5549 6314 40
1730 559 98
1091 7739 60
98 3001 37
43 542 77
2537 3333 61
2510 4869 72
773 3640 68
5558 6770 2
5049 75 31
4479 19 99
5187 2178 68
5463 5669 18
314 2492 52
624 3307 89
6138 2483 73
1843 7605 74
7180 1595 56
828 1201 97
57 1981 11
7965 2840 18
6042 165 39
7165 6244 59
5942 2811 80
4106 1498 27
4128 5078 72
4931 2273 9
6704 7285 78
3684 959 20
1743 2459 24
6929 7027 39
1493 4495 63
7581 519 66
4420 5405 15
1988 4603 67
2942 3150 61
7288 3155 13
6834 2285 76
528 6757 39
1776 1186 15
6761 4458 93
6982 5355 12
826 1871 35
5967 7715 47
1090 4827 56
4734 2823 42
7993 5645 29
6818 382 91
5617 371 33
4428 5260 5
837 7207 53
3434 3001 91
4294 1501 86
1298 7781 91
6025 7507 77
6134 4231 23
779 1375 67
5984 1182 64
1965 6976 71
2214 5255 30
2514 5853 78
2142 7514 47
4362 4161 68
5353 2174 35
7766 6866 28
3218 7099 5
7422 536 72
7772 6492 63
3662 3927 92
6957 5941 72
2613 1451 4
58 4326 99
6725 5033 87
3816 6680 95
1717 2953 43
5780 4910 68
5340 5416 34
5417 5541 2
4727 6594 57
7383 5304 45
4826 4483 17
2597 6995 79
1924 5892 75
5908 1411 74
5287 1748 90
900 77 32
7837 4603 3
3196 90 25
6860 178 71
969 846 11
7499 7653 68
6230 888 13
6884 3737 49
5235 2225 97
6600 2151 74
2112 4984 57
7188 6859 87
2236 1814 13
7029 2129 38
3592 3454 36
7778 6889 76
7543 2571 38
5183 6587 54
548 932 56
7102 6653 83
3348 6221 15
4473 2272 23
3935 7071 85
2823 5988 3
668 7854 55
6889 6978 63
4616 99 7
1821 6584 46
7254 5024 39
5665 2481 79
4346 4445 99
5249 6699 82
6488 5758 20
7638 7161 88
4447 1354 92
7579 5213 21
6673 7930 17
5610 5652 63
2058 2594 17
1064 4591 13
4821 6932 50
3459 712 56
1957 7454 24
2042 2509 77
5024 3763 44
1702 7747 86
126 5439 22
759 4587 55
7034 6814 4
535 7068 42
4058 6441 79
6866 7589 78
1723 2445 59
4055 7069 75
6755 1220 53
4759 7595 73
5667 6799 53
893 463 33
3898 4333 43
5608 2442 74
7543 2026 93
111 2698 70
3486 7273 76
6380 6680 63
880 7820 50
3464 7316 53
5316 98 55
7567 5744 59
5291 3126 95
356 7301 37
3182 28 4
2594 2661 96
1623 1234 14
4363 7103 19
5679 6267 4
4499 7358 21
7224 6929 95
6272 6639 96
631 5 63
3656 664 100
5707 6489 20
6650 7486 63
7473 5703 60
6442 6021 10
6865 5540 39
6523 4633 5
1408 2376 99
2592 7435 86
3867 6242 56
5251 3493 81
13 3627 23
6999 813 24
2583 5636 24
1934 6093 4
4038 2273 82
3943 5085 85
5249 4070 88
1433 6777 100
506 2160 58
7882 3304 94
4797 4339 87
735 96 70
87 6765 7
3562 6999 24
2827 6422 38
4360 2763 20
1847 7596 4
7584 7252 37
1862 512 90
5046 7645 32
4613 530 38
7134 6126 100
203 2803 93
5957 3263 7
2468 2957 13
870 7641 6
6488 4710 73
6416 7447 46
7678 4193 27
2165 6292 74
6135 2888 56
539 1203 17
7522 1027 32
3487 4631 7
155 6451 43
7264 4935 25
3047 3884 48
4152 1536 99
2801 524 73
5343 7757 35
3750 4014 69
1736 7809 17
6198 1948 2
570 7484 28
6932 5522 28
5211 1452 56
7193 3 69
1006 1895 85
5711 2173 61
7297 2473 88
4454 1239 53
7185 4078 63
4138 5042 1
6821 2149 41
3446 5882 13
5342 5993 78
6775 5281 82
640 3677 30
5525 7519 8
1787 1595 48
375 2855 97
690 4594 19
1401 2293 71
3706 3913 88
3474 4124 92
5215 5665 43
5525 6960 10
5300 736 10
5315 3820 16
6617 3626 74
4558 7242 39
1821 681 98
5946 2280 89
401 1293 50
6832 882 79
5450 4510 91
4768 7370 66
4856 4198 54
6754 7951 48
4635 4376 93
294 7332 19
2316 7230 2
972 3513 91
6890 5087 84
7360 4829 82
1253 6922 11
4195 7637 83
3371 3684 65
353 7246 66
6959 5827 57
812 3903 82
5882 601 35
3532 5003 49
185 294 83
526 7984 46
7637 2490 36
6527 4248 42
1889 844 31
1263 3658 68
5976 7600 2
6956 3150 13
4451 130 22
211 627 56
4316 3887 64
107 5128 6
2852 7998 24
7719 1763 13
324 1312 19
7201 6548 51
24 7663 5
4162 1016 58
3361 1761 34
7008 1422 83
887 2699 94
4898 7290 35
6175 3711 26
6828 2589 42
5326 6724 30
7681 4244 42
5210 7020 52
2431 3306 1
2783 675 78
5896 5911 11
5569 7513 38
6932 6205 52
7661 4652 69
5554 3263 74
6371 3929 61
2507 7021 92
5705 372 77
2848 5339 67
736 7128 49
593 451 66
3580 3896 72
5491 3370 32
13 5685 37
1442 542 78
6244 5994 79
7574 6451 18
242 5775 4
2581 7227 29
989 3212 68
2281 6363 25
3582 6147 55
5596 1819 11
7388 4481 31
2648 1742 98
4203 3400 20
324 5493 34
4120 2501 15
45 537 49
1095 7246 14
6418 2502 69
6666 2748 6
1855 1024 35
2423 984 56
795 6103 58
7369 6511 42
795 846 34
1708 982 29
2483 6288 84
5493 278 21
5177 6709 6
6873 3412 89
3792 2200 41
1069 5099 11
7789 3200 27
3434 4878 87
2839 2142 100
5015 7607 79
747 2153 98
2137 5906 67
7938 5809 78
7678 1031 85
6003 6576 73
5538 1333 12
6025 6473 68
7482 7955 40
4949 2509 42
4179 7631 96
5022 406 35
5671 168 82
6053 6309 12
4534 7389 93
7691 1076 24
1961 902 31
4762 69 22
2965 4334 17
3313 5797 80
3319 7998 71
3654 2349 69
1055 2734 14
6900 1626 4
921 3948 23
1414 4632 18
2050 4263 35
2462 421 46
7137 2445 14
3640 2789 29
3035 6428 78
4462 3868 17
3063 67 70
139 4776 43
625 2512 32
2096 7828 63
3866 6505 43
507 1199 11
6712 2949 14
3531 840 40
3512 5109 44
697 7851 50
1020 6493 49
7427 1609 57
5614 1107 40
5819 5187 80
2707 1570 57
5420 3753 94
2994 5750 54
3324 3070 45
6448 636 50
4208 7225 81
1782 7827 12
3194 3047 44
1469 438 40
6200 1659 72
6945 3223 57
5674 3980 63
6301 6151 14
2513 6856 66
3866 5004 14
723 6555 29
3686 6881 61
1249 7148 38
7125 1801 90
1121 3335 14
5996 2783 24
6427 6649 97
2733 4574 47
5081 7131 78
6445 5294 96
6786 2907 89
1208 5021 92
4264 3945 40
7115 3692 74
2763 6998 43
5237 7197 82
7778 962 37
7746 1764 19
625 196 84
4246 6965 72
3603 5731 55
2713 5918 76
3006 6740 21
4880 917 39
1881 4908 65
6897 2781 91
6941 252 9
979 3330 1
2055 3939 89
3491 6449 55
7874 5469 12
2926 6257 21
1006 3158 16
72 313 83
3717 3069 13
4982 2786 33
2209 4918 98
4323 5266 21
3283 5002 88
876 510 49
2674 5759 52
4392 431 75
1166 2185 90
390 1437 6
7373 2149 10
3261 7105 54
3629 6061 58
6716 2252 70
2186 3705 50
2115 2846 43
621 2187 36
4995 2037 82
6797 4145 84
366 1131 94
5840 2354 46
7316 6948 82
2191 3305 9
453 6403 95
6946 5272 85
1997 2634 54
246 5082 14
1813 7354 10
2912 2139 89
380 7846 7
3165 1252 78
1267 1352 25
3069 7499 71
4606 1656 43
2558 4510 57
45 5529 90
2855 4258 38
