1000 10000
0 1 38
1 2 80
2 3 96
3 4 19
4 5 74
5 6 78
6 7 60
7 8 60
8 9 16
9 10 45
10 11 16
11 12 10
12 13 6
13 14 46
14 15 87
15 16 34
16 17 61
17 18 15
18 19 71
19 20 66
20 21 3
21 22 6
22 23 97
23 24 73
24 25 84
25 26 94
26 27 22
27 28 1
28 29 19
29 30 100
30 31 19
31 32 62
32 33 31
33 34 62
34 35 53
35 36 1
36 37 44
37 38 3
38 39 30
39 40 53
40 41 62
41 42 40
42 43 14
43 44 5
44 45 30
45 46 98
46 47 37
47 48 24
48 49 46
49 50 10
50 51 79
51 52 62
52 53 20
53 54 39
54 55 52
55 56 99
56 57 60
57 58 47
58 59 5
59 60 86
60 61 61
61 62 69
62 63 18
63 64 46
64 65 7
65 66 2
66 67 95
67 68 95
68 69 97
69 70 57
70 71 81
71 72 39
72 73 31
73 74 2
74 75 10
75 76 24
76 77 69
77 78 25
78 79 45
79 80 69
80 81 13
81 82 61
82 83 50
83 84 84
84 85 4
85 86 18
86 87 91
87 88 40
88 89 26
89 90 19
90 91 67
91 92 76
92 93 32
93 94 43
94 95 53
95 96 21
96 97 55
97 98 57
98 99 19
99 100 4
100 101 97
101 102 85
102 103 78
103 104 45
104 105 94
105 106 40
106 107 90
107 108 93
108 109 60
109 110 73
110 111 93
111 112 33
112 113 9
113 114 58
114 115 20
115 116 53
116 117 5
117 118 97
118 119 33
119 120 85
120 121 39
121 122 75
122 123 28
123 124 54
124 125 83
125 126 59
126 127 36
127 128 97
128 129 29
129 130 61
130 131 55
131 132 28
132 133 15
133 134 30
134 135 81
135 136 17
136 137 8
137 138 2
138 139 99
139 140 43
140 141 78
141 142 40
142 143 20
143 144 30
144 145 1
145 146 2
146 147 82
147 148 20
148 149 71
149 150 72
150 151 73
151 152 80
152 153 78
153 154 61
154 155 8
155 156 93
156 157 36
157 158 66
158 159 12
159 160 92
160 161 87
161 162 86
162 163 63
163 164 45
164 165 34
165 166 10
166 167 7
167 168 38
168 169 32
169 170 67
170 171 33
171 172 67
172 173 73
173 174 60
174 175 64
175 176 28
176 177 89
177 178 57
178 179 48
179 180 39
180 181 12
181 182 98
182 183 72
183 184 85
184 185 77
185 186 73
186 187 57
187 188 24
188 189 78
189 190 26
190 191 50
191 192 5
192 193 53
193 194 72
194 195 43
195 196 12
196 197 3
197 198 44
198 199 11
199 200 21
200 201 4
201 202 90
202 203 64
203 204 48
204 205 32
205 206 57
206 207 51
207 208 70
208 209 91
209 210 14
210 211 25
211 212 61
212 213 42
213 214 54
214 215 76
215 216 21
216 217 23
217 218 95
218 219 8
219 220 60
220 221 29
221 222 70
222 223 17
223 224 89
224 225 93
225 226 63
226 227 81
227 228 30
228 229 64
229 230 11
230 231 88
231 232 46
232 233 81
233 234 22
234 235 19
235 236 42
236 237 90
237 238 89
238 239 54
239 240 33
240 241 81
241 242 13
242 243 90
243 244 36
244 245 32
245 246 91
246 247 12
247 248 28
248 249 23
249 250 65
250 251 43
251 252 1
252 253 82
253 254 36
254 255 87
255 256 31
256 257 1
257 258 17
258 259 52
259 260 54
260 261 42
261 262 49
262 263 23
263 264 70
264 265 12
265 266 27
266 267 34
267 268 25
268 269 95
269 270 17
270 271 33
271 272 22
272 273 52
273 274 56
274 275 71
275 276 41
276 277 37
277 278 7
278 279 98
279 280 26
280 281 97
281 282 25
282 283 26
283 284 70
284 285 50
285 286 72
286 287 31
287 288 15
288 289 29
289 290 100
290 291 4
291 292 27
292 293 61
293 294 98
294 295 51
295 296 42
296 297 6
297 298 4
298 299 28
299 300 35
300 301 91
301 302 64
302 303 24
303 304 69
304 305 15
305 306 54
306 307 49
307 308 45
308 309 99
309 310 56
310 311 25
311 312 60
312 313 68
313 314 9
314 315 77
315 316 37
316 317 24
317 318 25
318 319 73
319 320 81
320 321 37
321 322 48
322 323 64
323 324 99
324 325 64
325 326 40
326 327 54
327 328 82
328 329 10
329 330 80
330 331 84
331 332 16
332 333 33
333 334 51
334 335 19
335 336 70
336 337 5
337 338 86
338 339 60
339 340 33
340 341 68
341 342 23
342 343 2
343 344 72
344 345 52
345 346 81
346 347 23
347 348 35
348 349 65
349 350 10
350 351 18
351 352 95
352 353 70
353 354 40
354 355 39
355 356 52
356 357 94
357 358 84
358 359 14
359 360 68
360 361 35
361 362 74
362 363 12
363 364 21
364 365 93
365 366 55
366 367 88
367 368 70
368 369 26
369 370 23
370 371 66
371 372 18
372 373 82
373 374 99
374 375 56
375 376 52
376 377 53
377 378 27
378 379 25
379 380 100
380 381 10
381 382 97
382 383 90
383 384 56
384 385 91
385 386 89
386 387 64
387 388 19
388 389 34
389 390 28
390 391 35
391 392 71
392 393 73
393 394 85
394 395 90
395 396 86
396 397 89
397 398 41
398 399 78
399 400 89
400 401 65
401 402 86
402 403 9
403 404 94
404 405 17
405 406 79
406 407 90
407 408 67
408 409 61
409 410 59
410 411 1
411 412 38
412 413 11
413 414 95
414 415 67
415 416 98
416 417 1
417 418 29
418 419 17
419 420 31
420 421 55
421 422 49
422 423 70
423 424 45
424 425 66
425 426 100
426 427 23
427 428 18
428 429 72
429 430 2
430 431 24
431 432 50
432 433 33
433 434 18
434 435 75
435 436 37
436 437 65
437 438 75
438 439 85
439 440 73
440 441 66
441 442 31
442 443 57
443 444 55
444 445 10
445 446 51
446 447 37
447 448 64
448 449 27
449 450 26
450 451 25
451 452 59
452 453 98
453 454 98
454 455 40
455 456 49
456 457 90
457 458 91
458 459 64
459 460 44
460 461 80
461 462 36
462 463 51
463 464 65
464 465 58
465 466 67
466 467 50
467 468 87
468 469 20
469 470 24
470 471 73
471 472 50
472 473 29
473 474 58
474 475 3
475 476 77
476 477 65
477 478 5
478 479 18
479 480 100
480 481 95
481 482 47
482 483 96
483 484 28
484 485 92
485 486 89
486 487 38
487 488 75
488 489 2
489 490 96
490 491 93
491 492 34
492 493 43
493 494 56
494 495 97
495 496 58
496 497 97
497 498 99
498 499 86
499 500 8
500 501 30
501 502 31
502 503 39
503 504 20
504 505 86
505 506 27
506 507 32
507 508 49
508 509 17
509 510 38
510 511 56
511 512 40
512 513 94
513 514 85
514 515 70
515 516 94
516 517 58
517 518 8
518 519 10
519 520 21
520 521 62
521 522 68
522 523 100
523 524 36
524 525 15
525 526 26
526 527 52
527 528 30
528 529 88
529 530 33
530 531 75
531 532 85
532 533 70
533 534 14
534 535 71
535 536 71
536 537 36
537 538 56
538 539 30
539 540 30
540 541 81
541 542 42
542 543 82
543 544 26
544 545 87
545 546 62
546 547 92
547 548 9
548 549 52
549 550 1
550 551 51
551 552 63
552 553 80
553 554 20
554 555 65
555 556 8
556 557 71
557 558 40
558 559 80
559 560 6
560 561 90
561 562 89
562 563 34
563 564 3
564 565 38
565 566 58
566 567 10
567 568 44
568 569 58
569 570 68
570 571 4
571 572 33
572 573 47
573 574 16
574 575 55
575 576 99
576 577 29
577 578 84
578 579 60
579 580 87
580 581 4
581 582 26
582 583 4
583 584 4
584 585 83
585 586 31
586 587 37
587 588 54
588 589 13
589 590 33
590 591 53
591 592 83
592 593 77
593 594 28
594 595 22
595 596 97
596 597 63
597 598 46
598 599 9
599 600 85
600 601 6
601 602 20
602 603 54
603 604 42
604 605 55
605 606 70
606 607 64
607 608 14
608 609 73
609 610 14
610 611 98
611 612 97
612 613 52
613 614 72
614 615 33
615 616 5
616 617 80
617 618 40
618 619 28
619 620 44
620 621 44
621 622 75
622 623 8
623 624 26
624 625 3
625 626 19
626 627 97
627 628 9
628 629 84
629 630 43
630 631 70
631 632 69
632 633 41
633 634 6
634 635 18
635 636 92
636 637 16
637 638 45
638 639 26
639 640 24
640 641 55
641 642 10
642 643 72
643 644 19
644 645 67
645 646 94
646 647 28
647 648 64
648 649 96
649 650 52
650 651 74
651 652 66
652 653 56
653 654 44
654 655 62
655 656 74
656 657 42
657 658 5
658 659 25
659 660 57
660 661 36
661 662 16
662 663 76
663 664 13
664 665 2
665 666 35
666 667 12
667 668 10
668 669 5
669 670 10
670 671 5
671 672 32
672 673 86
673 674 98
674 675 71
675 676 18
676 677 48
677 678 2
678 679 10
679 680 77
680 681 50
681 682 81
682 683 48
683 684 35
684 685 18
685 686 47
686 687 44
687 688 65
688 689 40
689 690 5
690 691 62
691 692 95
692 693 64
693 694 89
694 695 5
695 696 27
696 697 38
697 698 2
698 699 63
699 700 94
700 701 51
701 702 51
702 703 86
703 704 54
704 705 66
705 706 69
706 707 17
707 708 62
708 709 8
709 710 95
710 711 65
711 712 95
712 713 3
713 714 87
714 715 59
715 716 64
716 717 95
717 718 81
718 719 58
719 720 68
720 721 39
721 722 58
722 723 65
723 724 13
724 725 46
725 726 82
726 727 55
727 728 83
728 729 95
729 730 63
730 731 39
731 732 83
732 733 97
733 734 66
734 735 91
735 736 21
736 737 20
737 738 28
738 739 7
739 740 22
740 741 11
741 742 38
742 743 2
743 744 4
744 745 10
745 746 62
746 747 69
747 748 34
748 749 8
749 750 66
750 751 32
751 752 39
752 753 85
753 754 69
754 755 3
755 756 35
756 757 82
757 758 27
758 759 29
759 760 50
760 761 12
761 762 70
762 763 70
763 764 35
764 765 63
765 766 94
766 767 88
767 768 4
768 769 74
769 770 42
770 771 81
771 772 97
772 773 29
773 774 55
774 775 18
775 776 43
776 777 76
777 778 57
778 779 81
779 780 58
780 781 100
781 782 74
782 783 42
783 784 13
784 785 38
785 786 26
786 787 78
787 788 59
788 789 35
789 790 87
790 791 94
791 792 57
792 793 86
793 794 24
794 795 43
795 796 68
796 797 76
797 798 74
798 799 76
799 800 24
800 801 11
801 802 38
802 803 91
803 804 54
804 805 51
805 806 50
806 807 83
807 808 39
808 809 33
809 810 30
810 811 90
811 812 10
812 813 39
813 814 6
814 815 2
815 816 96
816 817 91
817 818 85
818 819 10
819 820 36
820 821 32
821 822 96
822 823 96
823 824 68
824 825 96
825 826 49
826 827 58
827 828 50
828 829 64
829 830 9
830 831 45
831 832 10
832 833 30
833 834 61
834 835 33
835 836 56
836 837 68
837 838 22
838 839 76
839 840 95
840 841 80
841 842 79
842 843 79
843 844 12
844 845 10
845 846 94
846 847 50
847 848 98
848 849 6
849 850 100
850 851 55
851 852 6
852 853 45
853 854 74
854 855 89
855 856 55
856 857 36
857 858 71
858 859 12
859 860 97
860 861 15
861 862 69
862 863 77
863 864 84
864 865 62
865 866 87
866 867 11
867 868 84
868 869 9
869 870 43
870 871 71
871 872 23
872 873 8
873 874 40
874 875 83
875 876 90
876 877 71
877 878 15
878 879 9
879 880 52
880 881 9
881 882 24
882 883 99
883 884 59
884 885 38
885 886 87
886 887 38
887 888 89
888 889 82
889 890 24
890 891 95
891 892 91
892 893 99
893 894 60
894 895 76
895 896 36
896 897 38
897 898 71
898 899 9
899 900 49
900 901 78
901 902 38
902 903 56
903 904 71
904 905 43
905 906 25
906 907 91
907 908 34
908 909 12
909 910 44
910 911 50
911 912 26
912 913 2
913 914 41
914 915 47
915 916 58
916 917 6
917 918 75
918 919 12
919 920 77
920 921 12
921 922 83
922 923 65
923 924 75
924 925 75
925 926 69
926 927 59
927 928 24
928 929 97
929 930 41
930 931 38
931 932 48
932 933 29
933 934 9
934 935 87
935 936 53
936 937 23
937 938 44
938 939 97
939 940 81
940 941 2
941 942 98
942 943 97
943 944 56
944 945 5
945 946 33
946 947 90
947 948 5
948 949 53
949 950 93
950 951 100
951 952 92
952 953 8
953 954 26
954 955 56
955 956 70
956 957 97
957 958 8
958 959 53
959 960 17
960 961 63
961 962 22
962 963 70
963 964 30
964 965 46
965 966 100
966 967 63
967 968 70
968 969 59
969 970 39
970 971 91
971 972 74
972 973 5
973 974 92
974 975 29
975 976 96
976 977 96
977 978 6
978 979 90
979 980 40
980 981 46
981 982 11
982 983 63
983 984 34
984 985 28
985 986 17
986 987 19
987 988 65
988 989 47
989 990 39
990 991 36
991 992 23
992 993 59
993 994 27
994 995 8
995 996 37
996 997 98
997 998 26
998 999 99
453 698 4
536 279 31
411 813 61
684 270 17
133 910 8
822 940 95
416 725 59
613 919 42
82 932 88
866 551 5
164 26 42
376 777 82
480 987 99
150 376 60
749 380 40
969 829 85
569 838 7
468 36 42
133 273 2
56 75 87
691 812 54
999 749 100
913 555 59
768 726 95
757 849 38
247 241 46
205 129 26
954 274 61
207 228 88
671 756 62
46 358 27
113 22 68
498 520 48
772 831 53
307 852 82
551 967 57
88 876 80
403 589 14
480 28 43
755 784 63
639 704 81
212 903 14
617 14 99
350 608 59
636 392 56
437 91 91
726 348 55
513 450 79
910 396 30
622 523 87
697 949 80
147 459 93
842 492 77
258 66 46
45 980 63
492 347 33
209 633 58
240 341 8
537 128 47
128 584 16
400 138 70
640 180 19
696 345 42
896 874 48
515 667 98
172 601 20
223 40 83
168 345 28
347 177 4
88 548 13
534 460 36
206 894 37
128 503 34
690 321 4
92 799 49
627 687 9
511 873 16
920 377 7
2 276 87
806 84 75
597 184 99
209 536 38
924 484 24
618 759 37
531 462 73
747 62 4
147 252 14
713 687 90
844 511 75
532 30 11
867 447 36
532 397 25
104 269 74
377 182 3
563 322 85
211 89 33
535 119 24
890 342 60
473 679 36
789 648 50
479 86 59
537 736 59
557 745 59
431 564 13
378 283 34
363 899 65
607 570 25
356 498 99
330 605 94
237 7 11
225 152 37
245 487 17
850 186 9
285 805 18
55 896 85
80 51 53
18 410 70
982 997 12
896 397 58
969 917 87
5 817 98
257 490 18
722 668 83
929 718 56
535 571 48
279 838 77
205 187 97
323 710 43
199 507 74
242 529 12
707 610 77
288 87 59
506 154 94
481 320 54
593 51 37
336 454 14
548 63 55
989 201 33
684 809 9
254 138 69
2 760 12
595 473 48
606 411 80
348 106 93
850 830 75
965 408 13
932 730 100
938 205 19
379 66 93
741 721 58
48 841 79
139 827 80
750 201 80
163 825 17
186 814 24
665 633 53
907 358 32
877 588 40
682 816 46
439 713 38
899 462 63
301 539 75
438 502 58
232 355 90
391 383 54
543 66 91
229 624 55
116 431 94
332 627 74
334 693 14
166 794 88
620 495 54
741 893 58
788 997 16
752 311 71
248 778 75
143 33 21
569 714 77
493 876 76
342 102 83
536 110 38
846 457 13
603 397 51
797 539 15
486 229 41
722 771 73
12 641 60
693 565 55
716 251 60
345 826 19
959 908 35
583 227 41
423 462 29
947 614 16
911 586 14
505 100 62
256 18 73
872 592 94
102 565 92
696 790 93
23 707 66
152 771 58
374 606 7
424 77 74
104 934 85
925 910 46
122 113 24
984 165 84
186 124 84
920 332 87
311 518 23
591 607 40
379 54 75
335 205 81
787 4 61
333 114 40
414 537 87
919 922 35
465 346 49
737 918 46
587 224 4
452 912 15
248 176 58
498 165 42
33 914 32
362 780 59
277 632 23
13 212 67
515 178 98
961 458 15
557 414 87
85 535 100
184 502 30
595 309 7
397 749 43
209 799 90
349 205 47
190 624 4
377 472 84
564 587 7
294 775 72
453 527 53
534 440 49
400 497 56
765 155 11
181 334 87
75 946 76
373 272 28
897 643 53
408 800 3
978 156 84
715 866 66
407 27 56
221 253 24
196 671 51
19 595 11
339 799 57
178 887 66
556 238 73
99 805 25
988 722 61
855 806 84
962 397 95
668 141 21
406 293 33
896 86 2
633 85 74
207 848 3
122 181 88
583 642 43
703 892 92
817 624 35
335 259 83
379 363 60
34 268 84
624 345 41
773 552 37
436 861 30
219 948 98
763 779 15
114 868 57
487 985 90
471 799 19
425 484 3
512 268 75
541 698 64
402 257 22
139 645 84
421 984 14
525 900 18
691 272 69
18 822 92
529 117 82
576 498 28
67 554 41
651 497 83
720 206 11
10 140 14
263 900 27
873 732 60
250 600 64
665 494 18
573 914 84
418 404 39
770 518 43
46 353 17
958 738 19
82 90 61
770 245 7
389 837 29
437 355 92
719 721 30
610 566 95
476 396 67
954 936 14
732 483 22
269 31 54
262 162 60
841 51 85
496 955 60
154 334 63
770 474 11
344 75 36
728 412 50
704 688 60
434 459 25
75 819 8
799 2 70
967 272 1
590 103 37
314 91 81
917 962 14
790 950 70
446 521 19
86 541 96
872 758 74
638 806 76
658 724 70
637 849 99
249 903 49
646 221 70
987 51 95
669 39 5
705 588 93
999 180 56
567 473 92
312 33 13
697 731 30
192 924 12
971 421 95
795 474 75
862 54 85
455 319 53
828 644 4
650 596 37
230 560 13
481 76 89
696 530 34
441 724 41
65 572 32
803 539 54
790 661 32
737 625 53
885 426 62
876 232 42
24 461 88
990 21 1
874 185 53
383 939 94
798 70 100
9 350 6
767 88 41
37 479 48
627 580 88
271 984 40
768 91 42
336 421 53
737 732 24
3 110 47
354 297 29
852 296 72
233 589 5
277 17 92
987 45 43
109 384 40
679 124 22
956 949 80
786 258 9
588 417 99
879 884 95
600 467 91
613 989 17
743 991 7
231 401 95
837 649 24
607 830 52
120 230 5
176 384 23
36 186 96
779 826 36
800 57 63
969 216 89
518 927 60
994 525 18
260 396 52
758 491 70
996 153 90
815 463 23
622 223 75
536 34 60
894 580 87
91 457 88
391 265 28
129 476 89
44 955 86
862 35 81
329 655 94
550 735 9
281 408 26
372 5 26
695 723 5
495 532 9
962 220 11
683 894 8
991 851 7
495 882 49
516 592 91
824 571 35
662 678 55
565 864 27
733 878 53
797 868 66
245 850 16
867 160 71
334 837 24
697 930 69
105 618 70
752 189 16
881 880 97
871 465 3
879 825 1
128 819 34
228 743 91
160 1 82
556 832 76
507 258 1
193 287 9
616 326 99
559 631 12
259 376 64
9 539 82
779 128 11
283 761 2
541 432 97
840 341 40
632 179 94
753 102 79
937 173 69
770 67 95
300 166 71
708 582 48
345 57 63
74 45 86
871 990 98
676 968 45
749 647 14
594 758 39
24 65 3
821 323 38
488 818 78
252 683 1
445 158 28
468 997 95
426 102 46
854 163 53
794 825 70
298 220 84
82 772 69
230 654 14
273 868 96
963 151 4
432 731 95
909 419 86
638 964 40
760 274 45
983 311 41
320 894 73
229 745 22
200 31 87
651 714 37
562 864 48
473 543 97
159 185 21
868 91 78
153 770 46
844 530 77
17 626 80
131 294 4
911 920 97
616 185 80
462 481 1
117 598 13
607 685 25
430 558 21
225 491 17
64 651 59
325 268 60
797 433 32
984 455 15
11 464 8
680 392 40
479 974 61
721 291 66
694 757 87
952 779 91
39 724 49
749 104 15
242 102 99
570 142 2
498 482 62
210 702 35
559 775 1
941 326 8
517 534 9
882 350 9
33 824 8
357 396 33
132 977 57
200 689 70
800 821 21
41 167 68
104 951 64
124 706 90
31 594 94
616 51 62
541 298 71
935 870 95
714 625 81
783 339 62
814 484 9
660 894 56
547 597 82
783 452 49
643 40 53
163 731 44
81 724 7
593 247 66
159 479 88
615 219 33
975 470 34
744 182 88
789 433 66
43 498 17
555 20 72
653 228 34
996 542 98
493 650 9
199 403 69
220 72 42
30 203 26
840 462 18
868 960 73
415 742 85
425 628 35
735 371 77
987 504 5
543 867 52
578 588 44
29 725 40
486 606 88
597 900 80
421 655 28
992 592 29
912 359 22
383 622 47
631 835 74
235 131 78
715 405 91
601 179 64
237 372 98
512 180 42
854 69 50
437 247 10
870 405 45
592 514 58
359 662 60
95 163 66
391 312 97
399 258 86
656 9 33
588 773 60
130 396 97
237 453 24
236 883 8
442 169 34
519 448 34
669 828 15
430 449 25
587 617 95
706 252 17
359 167 38
36 605 74
356 663 54
474 781 85
705 805 45
585 864 87
558 205 54
111 34 27
986 57 13
531 231 94
51 39 65
122 224 46
180 933 9
316 103 51
584 41 69
148 397 99
479 965 69
4 17 96
323 639 98
867 580 46
254 515 53
488 342 67
532 139 13
29 132 31
143 704 94
201 732 68
162 969 19
93 730 68
156 443 24
868 963 18
255 692 67
838 978 95
374 683 2
497 244 62
830 868 87
570 768 4
113 930 80
689 918 68
600 215 95
658 826 40
666 651 58
106 348 66
159 999 61
48 318 98
866 406 100
870 752 79
90 567 29
738 109 88
650 404 77
327 925 67
438 807 91
762 877 80
317 435 87
817 375 13
296 544 65
5 328 33
630 366 61
396 563 70
380 388 55
448 596 24
545 373 45
227 14 8
587 603 17
668 642 62
759 463 51
379 542 87
951 519 85
479 914 3
813 341 11
380 148 40
526 580 25
533 476 61
394 764 55
812 746 72
715 955 53
195 430 1
896 647 8
898 954 25
654 927 39
60 197 94
479 351 20
101 166 49
617 256 53
284 670 31
929 803 54
539 580 32
89 610 72
716 399 28
976 413 83
121 522 19
123 681 86
181 799 53
184 709 30
106 793 57
185 256 92
962 424 49
87 805 82
550 373 5
526 633 12
951 2 61
637 819 52
884 593 23
793 212 65
610 174 42
360 839 91
900 769 36
556 236 26
780 302 28
731 822 86
423 671 67
809 95 77
623 149 46
423 586 16
168 235 74
869 862 48
216 535 10
178 23 32
641 230 61
206 546 64
231 256 40
632 594 6
496 141 99
274 136 60
695 675 41
442 428 45
717 724 70
15 991 35
128 818 11
603 724 34
578 905 28
772 79 27
85 645 90
595 191 41
323 366 23
343 354 62
69 442 52
831 67 67
800 69 24
640 540 28
880 592 66
680 532 24
324 456 34
190 669 6
994 378 67
362 557 100
730 446 47
333 60 59
562 88 96
961 175 64
690 754 21
170 535 41
96 422 46
821 756 1
347 300 67
981 795 48
927 382 24
119 399 98
152 20 100
737 927 77
539 243 85
671 520 10
623 257 9
787 755 87
127 608 83
506 782 16
708 63 4
117 303 23
263 341 37
380 87 35
936 239 56
509 305 83
396 279 45
942 600 88
515 161 92
786 496 58
992 566 86
391 208 51
930 397 12
539 817 63
380 674 88
532 868 73
805 141 80
211 304 82
80 322 41
22 173 16
694 223 35
957 975 58
640 932 83
575 132 48
862 313 93
606 487 14
606 898 77
829 174 32
502 952 40
825 146 67
367 121 7
478 25 51
135 232 97
79 549 78
965 122 44
594 311 94
506 876 44
277 105 86
640 0 22
17 619 61
650 364 16
386 61 57
780 191 46
211 58 49
994 754 6
619 695 30
983 430 24
170 142 8
121 782 31
265 101 18
692 691 7
618 509 64
996 228 82
232 615 23
306 173 63
655 527 85
426 724 14
792 886 41
449 654 20
354 367 53
414 481 83
176 733 39
769 963 2
248 416 14
481 418 2
790 259 59
760 680 14
189 535 62
215 323 2
834 241 63
975 198 81
64 959 5
487 371 11
265 547 65
454 499 85
266 98 15
488 127 16
864 324 25
737 651 48
810 375 62
394 859 46
392 785 96
892 133 96
102 786 66
315 942 69
808 437 8
254 279 85
930 38 26
901 781 47
825 637 50
659 386 90
450 636 23
613 889 7
450 518 89
150 105 74
988 512 45
680 47 5
38 84 75
716 659 8
802 71 11
12 35 96
508 737 39
353 461 30
991 349 98
774 942 67
783 185 36
174 412 10
549 660 84
764 68 27
424 20 9
82 514 97
898 295 79
769 227 63
975 381 67
205 10 13
255 615 27
774 69 65
959 530 48
41 895 97
322 798 13
292 474 98
113 601 49
582 920 75
520 811 62
656 156 13
43 338 12
928 598 23
95 372 38
432 550 44
388 612 17
943 273 25
928 121 68
197 496 89
12 645 100
285 671 82
316 861 88
846 258 92
544 252 64
755 221 47
978 841 75
728 557 78
180 656 6
177 320 55
753 984 27
937 539 5
727 164 11
131 685 73
91 817 97
213 488 51
150 840 35
732 413 55
758 590 75
508 611 30
105 565 16
688 93 88
577 636 88
761 433 17
160 461 56
9 811 25
741 726 89
991 277 10
193 401 88
800 657 21
310 555 75
733 815 62
614 188 69
355 375 79
538 554 53
5 848 77
839 35 84
745 11 21
749 958 76
367 678 33
756 148 85
305 470 88
502 996 13
368 385 45
643 722 79
886 217 60
137 391 67
412 1 70
178 3 3
619 166 36
181 794 39
92 402 59
874 480 52
642 723 7
104 579 23
561 702 57
52 603 49
676 599 81
602 269 3
825 322 50
636 77 15
58 695 34
745 784 99
707 209 79
825 517 53
440 373 15
122 328 74
434 235 9
371 220 7
598 801 74
766 998 74
933 299 65
173 421 64
636 496 79
178 118 69
409 991 84
747 383 74
571 950 59
202 184 57
362 979 34
165 26 71
24 585 84
586 273 70
518 929 30
782 940 6
259 852 43
225 872 38
841 461 19
480 802 44
458 937 49
706 133 64
80 49 73
903 496 91
436 780 73
7 765 6
158 225 62
131 135 40
751 922 66
472 956 2
68 282 6
44 282 4
261 275 25
275 906 79
249 974 28
371 759 43
449 844 78
268 65 16
487 853 4
46 62 62
906 561 14
345 532 32
411 771 35
86 899 24
21 732 67
548 963 13
560 882 94
393 52 83
418 787 27
624 730 50
981 979 26
144 654 73
198 191 57
338 463 31
972 947 61
967 349 19
114 22 16
720 225 42
250 88 86
683 561 55
523 980 12
227 860 41
722 542 7
791 707 55
543 612 9
226 458 85
484 428 17
140 945 67
849 216 67
97 462 87
411 460 66
749 545 30
62 786 52
111 806 36
459 978 6
793 786 50
201 339 26
872 164 55
330 758 76
754 519 2
204 126 88
659 879 17
870 255 24
946 451 57
984 750 78
557 27 56
65 94 47
343 909 29
538 390 50
798 105 38
656 451 83
397 380 10
775 441 97
195 203 19
523 94 29
356 792 76
577 276 64
312 797 65
395 195 92
896 533 53
157 447 70
557 793 17
316 613 86
363 906 90
276 168 99
507 140 60
202 33 19
363 893 74
654 820 16
313 440 80
615 967 9
856 882 12
803 739 51
319 967 99
417 485 99
122 667 73
634 323 17
997 881 98
427 656 17
129 12 69
559 93 53
29 719 83
890 209 8
379 731 98
187 336 86
296 819 92
540 110 72
759 314 99
471 901 83
651 459 32
357 254 50
819 828 88
335 525 18
244 712 12
825 87 11
719 239 43
141 905 35
739 450 20
748 613 66
435 620 58
352 738 85
806 471 85
979 253 64
31 126 74
676 106 33
314 686 1
69 681 18
167 855 66
227 991 84
72 279 8
642 340 70
866 512 22
305 360 22
68 33 77
303 408 66
759 938 91
871 232 77
807 788 6
664 898 27
650 907 88
670 0 57
169 110 39
447 379 47
226 864 39
546 128 39
412 976 81
110 479 43
18 42 43
739 27 92
966 280 13
858 707 30
972 910 83
753 699 81
839 18 99
962 621 73
559 304 63
829 532 29
635 872 45
112 218 71
120 540 7
96 263 25
46 12 57
468 283 31
824 598 8
297 226 30
730 743 60
48 64 91
877 852 88
667 330 60
340 892 99
185 626 8
531 239 84
794 285 4
429 582 27
995 789 86
573 521 66
63 252 84
220 598 49
114 737 10
525 909 4
669 868 83
64 878 96
571 25 52
694 430 9
316 910 44
464 773 14
601 340 90
164 443 18
607 948 64
445 591 79
702 639 24
676 512 14
104 234 39
786 487 98
652 262 96
271 600 48
743 983 51
268 634 41
70 891 26
2 361 4
472 604 5
907 140 24
276 469 98
450 331 48
482 622 20
469 610 45
280 474 21
590 516 54
5 854 1
49 219 84
36 843 11
284 338 47
802 438 58
218 512 40
293 44 94
277 397 82
87 284 62
818 113 54
345 879 51
574 874 3
493 675 71
44 992 46
131 929 28
165 394 39
421 729 42
882 907 68
714 258 61
674 309 30
823 718 96
954 821 73
1 862 64
2 51 72
257 829 6
40 603 88
686 256 12
665 383 81
456 662 37
92 121 60
418 549 76
900 71 41
80 321 36
749 941 42
668 646 68
646 361 89
593 598 2
502 636 14
913 115 62
154 873 18
723 637 13
740 902 53
66 829 54
991 142 83
11 694 43
532 295 45
486 84 58
399 43 92
123 808 56
216 343 47
729 816 66
67 845 39
692 851 43
403 672 8
275 542 31
861 788 60
446 226 80
384 822 46
857 579 92
759 430 10
318 889 59
12 371 38
601 27 71
392 688 53
374 511 17
165 430 65
142 44 90
761 345 95
154 339 3
517 645 38
636 6 35
385 71 80
409 595 32
101 677 85
605 531 37
841 217 59
988 559 46
105 688 17
140 972 49
228 27 98
505 531 97
135 384 10
38 208 4
925 387 42
160 395 3
313 756 15
458 487 29
130 900 84
116 370 96
374 313 48
888 444 61
994 826 55
984 88 29
606 961 16
389 30 39
970 340 78
541 980 16
477 553 54
541 168 77
246 833 84
440 356 31
826 259 71
194 177 6
507 342 68
270 235 97
830 557 55
347 165 59
582 139 100
444 150 63
816 488 21
401 782 100
734 880 31
623 325 57
792 620 47
201 730 40
147 39 86
475 710 55
906 227 14
964 593 91
599 722 36
533 458 87
37 130 75
790 549 13
57 794 69
275 466 88
34 944 97
148 949 47
512 980 10
483 754 87
491 588 31
375 491 29
522 203 57
761 441 39
605 511 92
492 362 58
725 865 90
980 455 41
443 827 61
764 591 58
806 956 48
200 996 11
59 853 1
439 640 85
298 893 25
62 311 89
256 448 4
510 971 63
220 926 74
19 762 48
929 687 4
722 872 70
527 134 64
299 644 36
819 804 34
278 733 22
528 957 80
8 990 100
200 676 100
828 89 30
2 14 5
737 341 84
632 740 7
142 5 76
937 768 83
658 809 77
884 845 71
613 104 9
399 487 73
77 280 41
687 407 3
66 306 35
549 110 64
808 577 95
697 72 1
955 100 53
868 299 69
76 112 51
842 794 25
707 478 6
145 72 72
402 666 30
211 232 87
281 401 81
292 929 16
405 266 91
22 321 59
476 842 23
548 640 22
978 33 61
214 357 42
647 759 13
187 888 72
503 866 45
453 585 83
624 554 8
637 682 53
241 463 72
234 822 31
803 289 56
563 520 12
142 916 78
720 271 41
496 158 29
881 133 83
629 721 6
271 748 41
317 102 1
189 511 79
46 715 28
593 706 90
62 583 84
466 3 35
246 940 75
82 316 94
101 826 37
129 270 57
842 866 32
571 788 91
891 942 44
422 909 38
377 936 97
675 89 12
687 42 50
564 387 94
632 844 71
675 4 14
166 254 72
875 666 19
966 278 77
129 950 68
702 943 30
268 105 48
781 634 65
999 48 11
360 498 96
385 500 87
432 475 46
110 208 64
368 770 37
2 52 86
767 186 42
552 822 42
850 719 22
371 657 87
472 730 89
647 215 80
677 754 61
35 295 40
136 930 66
125 738 74
315 974 65
52 395 69
713 468 20
579 890 9
287 43 37
666 58 83
111 782 52
543 267 10
835 688 2
241 379 92
337 838 2
709 124 95
413 31 50
736 404 34
530 906 60
266 9 73
464 877 97
41 519 40
677 762 32
454 773 27
772 219 53
131 976 86
125 575 2
76 770 39
807 367 13
181 265 44
17 332 30
341 773 74
517 223 35
641 371 58
1 568 30
663 646 55
974 879 85
675 23 55
898 829 79
606 780 30
457 207 40
152 302 90
65 710 23
937 246 61
484 473 75
59 473 68
57 582 96
990 942 24
785 530 100
650 544 65
962 561 8
776 365 21
225 725 20
619 140 90
622 847 79
315 578 28
146 981 82
527 635 91
388 163 68
642 259 81
345 947 92
337 290 73
469 538 90
60 707 69
62 690 15
930 7 50
630 230 45
44 134 42
957 301 53
761 241 36
500 949 68
962 76 63
274 928 81
760 459 55
546 180 44
458 43 57
165 863 45
481 209 90
49 674 85
136 981 100
793 527 86
391 241 66
960 108 20
636 951 50
994 406 72
953 981 53
569 219 26
458 436 92
593 176 8
213 622 2
981 14 20
829 792 74
907 355 95
698 960 40
521 952 98
967 757 40
161 854 48
773 718 31
247 232 65
458 666 79
162 960 57
763 771 86
498 603 2
835 9 79
357 376 93
551 228 81
634 46 23
808 321 18
848 514 73
808 95 26
428 245 3
402 480 90
662 0 12
901 288 16
397 990 92
954 993 50
44 512 77
481 371 64
392 90 76
32 918 6
950 444 58
275 357 63
787 992 26
386 564 58
358 415 66
847 240 91
191 877 92
974 101 3
505 839 23
751 38 23
36 956 18
148 866 68
282 224 96
431 581 72
436 563 59
427 516 33
758 839 29
143 353 44
894 903 95
845 892 41
419 763 79
823 476 89
497 544 21
204 591 26
186 295 34
593 855 4
207 636 8
364 69 30
940 879 51
460 409 10
810 826 84
47 332 73
693 773 78
352 654 83
151 515 88
463 539 5
282 290 43
931 37 40
127 546 77
532 0 60
416 61 53
362 54 73
973 200 23
203 304 2
303 437 24
882 1 6
729 191 97
310 224 74
663 640 75
415 848 76
422 609 31
896 325 82
712 252 82
271 181 13
370 336 91
999 806 41
984 220 76
762 393 55
590 149 67
380 78 42
544 753 71
20 167 27
780 517 59
268 952 63
42 481 27
361 601 95
296 632 72
129 759 57
102 780 52
708 508 18
369 972 94
448 827 16
697 180 72
98 461 81
920 122 70
125 728 86
861 344 28
30 807 6
195 142 35
213 335 67
978 157 86
118 701 77
727 671 57
435 947 55
496 311 39
482 163 51
786 387 74
906 384 2
25 782 84
124 11 80
703 615 98
843 437 10
234 558 71
501 817 71
546 534 97
540 51 43
504 308 72
482 862 12
179 961 81
714 552 96
396 226 14
879 865 81
157 677 31
625 290 32
871 816 68
501 796 8
250 312 63
935 571 86
832 981 91
627 12 25
674 162 6
186 548 2
287 390 31
191 352 42
621 934 34
430 732 88
404 605 7
247 783 36
285 83 44
333 685 68
332 72 6
205 373 39
944 982 65
784 671 74
632 116 20
780 418 79
750 601 11
990 277 33
276 941 44
914 980 2
67 450 52
977 179 11
970 547 12
978 403 56
737 189 71
582 422 21
346 519 40
74 264 61
205 516 49
740 268 64
287 549 66
689 968 15
603 595 8
172 75 93
951 68 30
430 92 70
599 458 63
92 648 56
267 641 2
703 965 38
250 563 68
450 706 68
610 583 32
525 271 25
597 2 87
174 946 12
105 449 16
612 944 22
736 939 89
6 202 78
587 625 71
373 680 6
408 627 2
385 582 94
253 541 46
939 957 23
399 725 84
617 188 74
672 214 98
664 101 50
8 742 44
327 92 90
748 84 92
807 434 87
258 817 44
512 723 44
9 996 59
229 613 55
637 670 25
700 714 21
91 653 20
818 877 6
738 911 2
29 248 36
214 15 28
77 247 92
62 354 46
424 732 22
606 597 68
594 81 38
951 333 84
884 805 39
822 493 94
283 544 79
200 397 62
513 742 26
737 987 53
291 68 78
371 427 93
206 584 80
538 333 27
865 368 92
895 859 67
35 787 79
454 411 64
873 248 64
705 833 43
499 442 54
649 144 94
783 64 42
824 500 30
785 443 60
21 201 31
590 502 41
56 469 50
28 927 22
105 281 77
712 409 2
655 408 27
924 159 12
160 516 8
786 185 95
664 746 89
720 814 83
685 446 12
805 289 1
309 924 25
443 515 56
535 254 36
742 353 8
828 872 79
828 307 22
913 809 96
786 326 64
354 373 51
271 941 24
876 318 11
903 392 8
553 828 51
348 193 53
858 794 68
884 837 35
858 461 75
414 439 2
610 295 17
459 673 42
179 721 70
384 229 49
117 429 17
740 1 87
718 531 74
789 514 30
161 541 9
345 19 42
165 732 90
881 241 13
354 634 11
582 222 12
519 211 61
311 245 17
57 243 40
267 234 34
219 749 96
571 616 99
556 414 42
753 428 88
540 678 70
411 702 76
171 203 51
327 411 55
870 575 64
22 532 95
115 696 61
495 117 94
337 439 15
980 692 52
206 114 40
764 895 68
204 772 51
951 419 78
18 611 80
857 69 68
474 408 57
885 628 23
688 714 26
881 9 74
723 697 54
752 836 47
821 874 85
203 485 13
333 285 80
531 451 52
183 820 86
404 882 49
466 13 8
409 387 65
803 15 91
280 203 21
66 41 88
479 389 19
541 743 97
847 66 55
648 981 8
450 375 52
803 989 44
231 997 95
559 42 33
446 220 8
350 729 38
608 68 71
369 374 47
369 722 5
656 349 71
929 8 38
217 831 67
842 483 38
5 631 81
95 772 11
548 48 7
581 766 43
583 548 79
521 751 36
803 677 52
758 140 2
671 207 63
713 742 39
169 662 20
346 890 40
749 158 91
258 758 61
597 433 66
774 889 86
578 541 64
758 156 31
473 414 72
712 270 39
202 588 32
185 241 60
214 861 43
868 907 73
507 745 19
557 76 59
696 133 39
443 821 46
659 958 80
431 271 55
692 533 27
636 939 75
636 225 33
528 269 83
190 463 70
278 218 66
595 823 27
63 661 78
814 821 78
461 760 99
187 786 9
773 698 75
368 150 44
217 31 47
259 264 4
415 879 89
243 824 56
630 38 86
666 783 33
428 897 21
888 514 33
736 900 44
996 666 83
94 844 75
249 812 58
706 67 97
94 826 100
903 326 94
748 801 81
674 858 1
997 465 25
571 40 31
411 318 14
961 22 90
360 849 79
406 566 2
312 80 66
312 232 2
14 17 77
916 623 71
762 308 4
132 837 52
619 5 57
938 624 42
864 402 59
390 580 7
990 638 76
733 442 68
707 138 39
578 228 57
596 868 93
379 929 38
341 618 53
633 211 47
995 443 99
494 649 87
804 461 72
939 593 51
53 949 46
832 674 37
677 863 38
110 941 93
167 631 51
54 690 65
697 974 65
69 275 56
156 747 64
810 599 42
179 204 71
42 455 58
667 452 84
948 169 7
19 685 78
24 609 18
699 453 84
454 802 69
960 910 54
639 488 96
401 881 16
584 572 84
277 642 93
78 583 75
592 94 36
594 51 71
31 66 43
230 84 92
606 616 89
246 882 70
659 596 22
501 862 98
886 683 20
375 737 81
286 884 81
125 997 21
30 216 90
691 622 61
973 618 47
940 847 78
62 127 34
347 67 44
975 395 82
669 852 90
937 306 9
551 385 79
71 416 22
168 229 48
469 55 27
942 100 8
167 438 15
529 973 99
759 166 97
114 439 1
278 155 80
207 326 64
299 219 24
20 129 83
256 365 36
353 673 31
62 975 22
170 809 90
146 776 35
76 864 99
154 271 9
98 484 83
302 706 57
617 803 16
137 478 59
780 505 31
144 311 63
3 273 18
487 875 9
441 459 99
306 395 83
715 56 29
418 363 46
190 725 35
574 547 67
991 777 67
862 199 32
44 538 13
840 562 99
765 889 95
371 15 20
522 489 48
741 656 50
559 483 69
838 658 37
117 859 80
406 123 33
698 453 42
762 513 13
903 196 89
951 817 18
510 567 74
579 512 49
869 644 41
229 970 56
932 372 75
661 279 15
131 570 86
185 165 28
854 218 50
182 406 83
903 285 61
927 576 97
558 571 38
143 785 38
252 797 94
367 893 9
337 556 73
845 573 80
337 175 99
672 25 23
252 218 53
874 521 25
588 263 76
0 623 88
600 792 6
627 376 76
232 152 27
458 554 36
199 93 30
486 237 93
948 40 95
291 609 21
924 238 79
908 589 47
6 466 78
760 702 16
615 487 77
429 512 60
704 999 94
769 375 40
708 827 48
170 674 4
762 204 5
340 646 52
226 615 68
910 468 51
773 501 13
50 626 4
278 551 86
438 928 84
996 160 80
24 753 45
215 237 34
49 465 73
773 111 92
608 189 29
922 173 70
379 610 81
199 392 6
750 568 13
651 772 22
236 556 68
856 565 84
929 927 39
365 66 32
19 749 83
431 524 9
775 282 24
418 345 30
30 332 97
293 667 5
933 637 27
597 611 66
678 192 32
295 848 62
947 599 89
506 739 36
277 912 29
339 963 46
10 678 72
543 706 35
622 435 100
794 311 28
339 142 8
313 442 85
261 88 35
991 834 55
935 984 19
938 372 46
928 198 7
164 92 24
162 710 60
272 150 35
968 448 45
913 501 19
246 5 48
60 661 91
751 647 76
273 577 18
904 294 82
114 757 95
55 784 1
462 212 87
663 249 42
717 402 86
884 356 90
757 909 30
313 298 70
107 271 45
190 729 19
940 342 61
429 863 84
822 119 18
734 485 54
116 287 69
492 949 30
137 596 74
433 632 17
583 116 40
546 355 91
45 343 22
733 15 66
581 931 11
820 873 57
523 657 70
898 410 40
560 326 95
10 82 83
253 800 78
104 98 58
75 463 37
118 92 99
585 214 23
67 895 60
783 738 70
32 616 66
863 532 23
103 873 18
789 567 75
296 561 94
246 818 43
983 793 26
31 969 79
431 240 35
144 50 12
52 27 70
523 457 22
226 989 62
574 252 14
577 688 36
897 823 75
820 76 48
895 350 80
362 158 81
51 328 56
209 156 9
834 466 36
482 912 85
565 221 19
380 139 81
576 823 77
384 781 46
275 303 21
932 16 12
679 933 8
683 420 54
601 32 94
475 311 41
249 161 66
656 619 98
332 562 93
714 844 7
223 417 24
116 512 62
773 938 5
661 693 8
648 354 24
550 681 41
940 833 5
814 319 62
438 373 90
255 962 11
444 354 76
413 531 68
537 658 28
70 216 40
288 181 56
156 29 83
907 41 16
419 220 17
518 879 72
557 95 24
317 502 97
731 262 96
313 220 84
886 50 94
464 916 38
635 316 63
285 403 10
752 314 54
43 677 79
428 398 74
443 824 90
146 658 84
8 540 95
844 237 44
107 379 77
915 500 26
433 844 25
484 547 52
274 308 91
573 215 33
884 39 56
271 828 1
712 978 70
965 324 40
233 728 22
345 857 68
820 805 45
946 132 41
382 783 62
265 454 100
780 25 100
603 191 66
459 688 44
120 304 94
198 181 7
622 887 23
419 307 50
546 916 42
776 160 14
170 565 42
442 757 80
897 724 9
690 393 35
100 804 2
52 661 16
602 335 17
76 233 24
23 830 84
948 974 31
135 264 24
279 868 28
926 35 42
926 50 22
39 420 58
9 392 86
28 731 59
946 11 79
787 313 31
247 40 70
588 364 40
566 973 1
544 61 28
535 709 57
271 751 91
131 374 52
549 194 6
93 426 42
832 163 81
221 224 32
226 259 82
87 930 9
95 193 46
50 337 63
870 287 9
279 211 34
752 662 6
870 492 76
442 727 34
484 394 70
529 552 17
216 571 21
805 296 77
910 153 55
149 733 27
346 361 41
408 125 68
171 56 83
34 584 40
337 697 81
193 246 65
976 259 35
886 337 90
311 297 13
229 111 42
648 240 88
672 790 83
141 673 55
824 105 40
45 156 66
737 535 37
82 671 4
270 989 9
30 992 45
156 504 99
117 977 17
793 351 66
761 577 51
866 637 29
985 467 77
619 434 42
446 427 62
330 665 57
500 850 65
201 23 94
429 689 28
823 129 56
99 779 61
16 523 82
253 40 48
889 492 100
195 294 66
210 780 77
791 253 61
865 511 11
61 125 29
979 93 68
963 846 14
324 151 68
889 594 95
603 765 69
5 575 1
429 378 28
143 768 2
226 464 70
943 233 33
625 661 75
652 218 26
59 650 14
212 605 13
849 701 5
113 734 100
341 183 48
594 928 42
331 126 47
27 13 63
81 806 26
842 27 49
631 777 43
672 548 73
174 492 30
633 663 81
965 397 6
805 890 60
576 165 57
24 500 37
69 546 9
839 600 13
340 800 92
863 406 16
143 851 72
991 293 73
525 784 70
994 900 61
792 307 68
837 679 62
945 581 30
253 1 76
271 81 22
924 661 33
633 127 60
442 16 5
728 684 33
902 665 84
556 127 35
126 134 82
94 924 84
460 918 50
649 318 11
894 402 65
728 288 78
298 118 90
0 13 72
322 356 56
254 148 2
92 540 82
851 894 96
823 565 90
514 553 9
812 548 39
379 666 61
988 388 23
240 389 10
480 314 14
96 81 18
829 987 98
444 404 54
87 873 7
995 891 59
463 812 33
326 476 31
318 402 49
672 859 69
592 315 70
133 364 64
738 128 67
578 119 70
572 700 26
753 804 88
425 499 100
730 92 62
780 186 68
25 767 29
307 443 50
617 796 85
232 196 23
125 551 97
523 108 29
478 298 59
277 541 78
86 651 6
832 105 98
585 474 55
66 233 5
637 295 83
932 41 53
498 271 69
399 252 60
307 652 62
153 897 98
809 544 59
135 730 90
364 74 65
907 466 100
189 700 71
770 556 34
358 941 92
529 20 74
315 924 6
975 766 84
702 303 34
966 675 63
395 930 76
676 454 31
412 370 94
550 250 80
120 317 59
579 969 35
377 815 7
466 339 8
505 166 17
61 658 50
997 106 46
114 354 95
400 872 12
452 883 99
414 0 39
613 659 62
442 457 65
396 61 46
813 414 95
730 648 14
954 197 16
180 477 27
601 525 59
111 401 87
338 297 13
162 391 68
162 38 74
619 208 70
58 214 56
41 595 37
871 98 58
116 345 26
803 295 55
529 79 68
565 592 91
148 396 18
296 878 15
558 151 87
432 371 60
614 80 53
939 319 76
469 586 51
828 200 9
315 476 80
630 915 83
359 783 31
277 195 95
678 124 33
875 987 98
325 177 40
722 603 5
801 405 47
516 422 59
995 935 2
672 895 49
149 809 79
950 617 3
341 982 88
86 12 82
226 280 57
132 351 44
610 643 3
380 116 6
127 599 19
902 459 39
752 216 91
442 835 5
196 820 45
826 199 59
264 353 51
799 68 56
218 825 94
631 466 79
445 598 2
414 247 96
866 541 17
605 415 23
14 625 48
571 21 19
819 59 83
604 787 77
283 523 84
226 542 67
373 80 63
441 12 17
142 184 75
202 244 39
598 51 39
397 854 52
952 483 89
382 270 84
194 145 48
505 7 7
25 71 56
573 520 57
994 878 21
557 258 96
113 48 92
98 777 5
822 185 91
541 524 65
451 45 34
945 589 85
454 296 46
77 936 17
984 126 80
123 756 52
680 245 17
358 59 99
690 684 73
948 46 15
928 382 10
554 285 8
672 4 17
670 55 65
331 410 77
489 413 42
652 24 58
335 22 18
988 98 5
956 967 60
549 728 97
315 114 40
490 236 17
96 50 18
617 797 21
677 587 55
112 475 34
922 781 8
437 280 63
349 647 79
843 992 33
240 687 88
961 830 74
224 489 40
630 409 74
978 612 19
16 799 20
334 810 74
272 420 74
578 372 84
521 804 7
866 181 6
957 692 90
139 652 42
459 548 68
402 618 52
568 996 6
135 632 68
768 396 100
133 11 16
730 949 58
879 434 91
127 991 41
208 354 36
302 669 74
483 700 42
589 357 94
593 349 58
243 161 66
471 198 56
315 570 23
210 69 75
827 25 26
354 473 79
43 563 70
261 330 70
744 567 42
796 195 74
513 610 14
488 440 14
317 261 92
419 60 60
694 513 19
288 319 1
415 496 91
285 242 74
91 23 32
584 104 95
128 174 58
471 60 10
30 625 72
550 361 41
125 521 26
896 642 20
275 22 50
861 121 58
588 890 32
596 626 82
808 429 62
749 295 92
255 572 33
180 164 27
181 198 80
246 384 31
435 555 60
587 589 43
67 615 84
81 177 9
723 171 78
518 714 22
578 283 2
400 360 82
604 13 39
649 863 67
308 798 30
932 265 3
332 153 56
886 707 46
662 564 81
663 885 68
816 931 2
996 735 73
208 287 14
879 638 5
319 231 6
897 137 26
0 220 91
138 24 86
209 500 42
674 356 24
911 758 5
760 512 32
680 410 94
209 620 98
803 645 9
934 385 31
373 781 89
765 151 70
151 965 33
393 54 14
182 671 97
729 428 58
632 206 73
504 366 32
147 427 21
645 313 75
636 232 40
405 6 27
523 198 93
783 812 91
825 370 80
751 323 90
765 846 15
182 657 96
641 376 3
339 787 7
903 486 27
109 812 25
599 808 49
875 545 31
926 858 88
857 785 77
273 146 92
690 97 95
853 682 33
331 53 51
669 645 24
510 243 12
306 312 7
802 177 87
5 137 45
952 84 33
682 662 24
751 943 82
871 945 29
312 783 86
803 131 99
705 597 75
81 677 65
252 624 88
638 168 31
53 859 72
959 475 22
849 88 39
194 168 83
836 676 55
636 189 41
720 577 52
307 604 48
460 793 83
981 829 94
709 933 11
402 838 47
671 705 70
922 362 15
879 304 73
139 112 62
407 306 89
326 47 8
961 349 68
862 631 24
270 695 25
629 942 87
298 132 78
977 393 59
139 995 2
911 544 23
975 56 37
255 357 53
344 171 53
167 440 47
879 33 51
121 507 42
138 63 99
396 249 48
73 451 67
869 595 54
415 467 43
410 785 82
195 895 83
853 648 68
418 137 46
276 256 5
752 930 52
660 320 75
596 311 100
845 435 26
920 1 35
376 54 58
204 478 42
862 219 11
0 553 92
512 843 29
742 822 17
752 120 74
67 876 73
722 928 24
430 705 12
307 512 25
348 73 38
744 621 72
718 234 12
749 35 92
994 108 24
232 53 76
189 274 4
624 391 9
802 452 35
739 444 69
675 815 51
877 861 78
866 671 1
31 778 54
460 37 99
808 483 33
986 562 76
279 248 79
538 886 100
398 857 87
97 267 71
534 345 86
6 325 41
954 234 13
818 18 34
904 827 7
0 991 31
951 241 14
233 537 7
184 187 43
555 61 30
363 376 44
875 977 91
807 492 74
330 537 11
839 953 34
60 708 30
993 298 32
320 674 17
844 783 92
122 717 64
283 123 33
70 20 91
760 190 5
821 864 55
118 77 18
955 476 25
737 859 14
168 440 86
482 13 22
511 115 77
836 934 51
909 14 82
802 888 99
199 605 29
503 288 88
377 952 40
754 544 45
159 592 70
700 167 20
310 447 51
829 796 66
739 411 65
663 155 12
547 401 9
793 377 23
413 185 4
950 273 21
955 260 96
969 352 74
43 699 18
852 392 12
947 705 15
503 763 83
108 508 99
620 381 48
775 478 35
767 627 63
192 633 15
450 938 54
917 745 89
825 625 70
808 924 7
820 334 57
313 671 64
926 355 62
148 824 60
688 814 56
382 241 14
425 196 97
237 657 30
564 642 94
600 586 70
526 362 76
823 712 21
193 469 48
800 472 19
378 109 52
883 413 35
199 683 42
25 72 70
575 316 86
55 725 61
360 240 9
386 202 9
545 147 21
297 543 9
231 910 85
6 397 49
245 123 82
307 342 93
111 161 58
965 581 21
714 741 25
546 443 89
282 553 9
534 876 20
728 166 31
916 599 33
201 372 90
759 114 34
3 952 51
737 583 60
578 880 6
49 314 26
499 465 22
226 872 75
87 919 49
423 691 35
261 961 63
444 829 49
190 351 92
909 553 57
299 762 44
811 312 35
725 433 80
848 832 37
985 793 80
940 601 63
339 741 55
805 41 85
744 395 45
51 20 41
62 673 39
450 583 75
464 356 62
634 480 19
661 749 22
545 112 21
596 291 49
748 26 49
380 216 11
967 531 72
395 957 62
427 805 48
299 897 97
525 535 71
618 252 69
446 666 13
510 205 43
0 53 4
22 977 36
242 333 67
387 839 14
550 738 16
856 728 94
600 492 74
700 769 86
975 418 58
309 341 94
648 515 7
497 897 18
119 108 33
842 815 62
597 325 40
191 473 56
854 583 35
206 869 86
88 84 78
356 847 69
181 274 44
827 165 74
706 789 54
119 635 15
196 286 22
518 41 75
322 836 56
704 857 93
666 738 44
306 953 27
719 696 94
192 527 10
258 532 6
821 726 11
121 791 31
811 532 49
564 57 61
174 166 71
379 711 62
898 969 59
727 124 93
121 762 73
591 183 20
328 666 49
623 24 61
248 489 41
528 279 34
136 519 73
197 813 81
257 185 78
84 385 44
506 658 86
437 749 28
805 558 14
347 69 94
893 922 39
502 287 33
724 737 84
36 862 48
315 336 86
920 40 2
49 552 63
740 63 49
324 85 68
972 337 52
179 614 29
236 457 49
475 429 79
74 750 11
456 837 85
239 114 20
255 504 83
768 377 7
981 576 47
119 791 4
402 52 43
834 382 12
719 45 55
437 943 85
250 262 11
421 393 4
616 449 87
577 346 58
653 332 36
315 617 11
884 366 24
99 404 77
993 966 87
970 564 87
516 600 29
700 517 29
848 630 69
455 290 49
201 757 27
281 169 32
95 924 42
56 113 49
171 912 55
610 164 55
63 249 32
343 220 86
515 559 11
514 751 10
906 16 75
963 532 38
860 603 70
79 10 69
394 932 86
575 345 13
35 581 75
766 802 41
160 879 54
648 191 90
719 623 28
131 316 31
844 201 48
908 669 77
402 676 30
300 625 19
154 756 38
474 209 23
695 616 95
40 995 33
450 468 26
147 442 99
847 209 21
130 952 21
341 769 99
425 838 57
808 21 32
34 8 45
382 816 31
885 37 9
505 538 41
913 634 39
621 829 13
133 976 94
186 751 45
941 488 68
813 363 10
938 428 28
628 332 22
700 627 77
923 929 100
204 32 80
235 738 32
63 399 39
242 282 21
304 954 99
918 642 5
717 338 98
405 377 24
801 628 44
640 869 86
180 740 95
542 218 66
326 273 76
593 393 49
608 133 45
242 742 30
228 924 6
230 299 29
474 369 17
663 354 12
399 953 6
865 583 58
884 674 16
16 597 34
664 795 42
77 701 29
410 585 51
256 7 94
691 131 67
797 38 51
368 750 98
310 420 52
501 856 91
466 717 36
582 536 80
717 864 45
456 938 48
294 386 48
966 756 70
689 83 87
862 996 49
426 68 12
549 30 42
726 877 88
203 220 83
158 557 7
54 822 98
311 512 41
290 502 47
839 857 66
304 615 20
175 129 52
297 715 79
973 471 21
227 9 17
75 332 38
939 820 35
7 988 46
485 329 18
52 891 46
460 254 71
351 983 71
50 521 10
124 720 97
281 635 19
765 39 8
21 47 78
19 134 19
467 414 61
935 428 46
27 290 79
561 10 12
761 609 90
568 432 80
535 986 48
250 389 51
887 908 90
785 335 49
615 945 93
57 962 94
508 50 46
547 278 90
958 262 15
472 579 33
282 952 28
823 404 71
998 587 6
820 578 40
82 447 16
730 439 36
510 63 26
74 316 12
86 869 31
472 966 72
944 392 34
258 570 35
909 794 1
625 810 94
948 679 10
570 161 62
960 942 54
788 14 3
257 534 45
688 692 75
733 213 100
867 287 96
538 236 54
882 405 10
169 55 98
129 853 6
498 845 61
59 227 28
543 103 70
295 515 10
990 668 62
133 370 86
772 817 18
13 384 90
346 28 44
239 781 4
484 335 80
513 576 80
342 337 81
705 238 19
224 750 51
235 260 15
9 185 65
182 511 52
445 844 97
79 571 71
863 654 14
872 569 25
867 450 59
925 718 66
372 388 10
131 457 27
394 581 87
718 243 13
966 599 96
550 247 52
348 690 90
837 966 33
443 889 33
160 526 18
687 266 28
119 736 24
51 106 5
821 386 14
353 747 32
47 491 95
320 711 20
6 309 77
974 514 42
779 444 53
576 641 99
786 241 41
681 2 72
849 607 39
88 496 68
7 64 50
596 986 74
278 210 40
841 687 4
814 843 42
460 309 22
937 133 68
953 119 8
68 199 49
347 220 63
253 544 88
125 89 29
715 238 28
213 760 42
722 704 1
217 509 37
139 390 87
976 871 96
418 800 45
241 303 7
716 316 36
505 432 78
91 858 75
844 12 36
644 687 19
60 635 71
992 9 78
409 225 33
176 693 87
766 444 31
137 811 87
293 816 45
983 727 91
987 52 23
104 662 57
609 531 92
457 156 40
751 431 57
569 274 1
474 260 34
518 579 73
889 174 57
546 631 72
518 444 6
27 232 45
492 296 32
929 181 13
504 652 33
52 258 45
463 553 14
297 927 46
867 163 71
304 106 63
775 301 81
899 767 63
113 438 65
38 834 50
577 764 65
265 458 81
528 251 4
823 638 9
81 866 44
499 292 30
545 265 14
432 691 100
795 220 17
585 145 49
877 524 53
666 467 27
106 910 65
435 867 13
828 742 63
643 75 32
112 621 5
219 257 45
135 899 27
133 385 39
942 821 62
969 834 46
710 506 12
572 735 94
275 858 64
170 340 44
997 464 27
789 279 61
930 654 3
998 696 8
725 223 84
407 974 35
975 21 7
91 821 69
646 879 65
514 128 54
650 255 99
767 911 76
439 588 4
212 362 10
826 64 71
592 459 83
55 858 43
463 469 79
928 946 65
275 311 40
525 931 7
338 972 92
360 981 48
661 355 82
682 749 67
699 715 31
268 57 32
343 125 67
655 102 4
11 597 14
869 715 90
972 449 99
459 493 8
869 670 74
821 501 25
572 421 14
838 937 88
351 243 45
550 671 20
333 101 26
911 631 83
24 760 73
48 514 85
605 438 64
342 527 55
582 91 69
756 753 59
727 186 87
184 401 6
947 587 40
840 124 2
525 49 11
572 202 82
998 326 55
349 284 60
994 274 97
26 440 74
260 625 84
580 715 75
686 675 90
205 689 36
283 126 70
129 305 68
759 858 62
962 77 63
512 184 35
105 328 82
602 578 33
618 776 79
70 703 67
834 809 6
672 747 50
850 950 29
299 640 2
314 431 96
953 579 21
166 788 72
774 175 22
235 621 50
48 914 49
211 14 15
921 758 98
500 222 92
208 146 76
645 253 24
895 156 58
683 350 60
832 754 50
309 911 45
928 405 17
984 2 30
983 294 91
354 55 57
833 252 46
915 258 27
878 895 20
103 947 66
205 906 62
168 223 97
545 452 69
945 190 68
520 301 47
188 71 31
818 93 34
143 574 11
514 422 52
795 107 15
423 130 46
643 733 20
840 97 55
166 86 93
236 821 17
354 124 66
365 537 23
677 218 69
54 628 2
266 102 4
172 455 44
890 510 57
140 832 43
991 341 17
183 691 1
674 467 98
685 985 23
686 131 25
887 798 28
107 223 79
857 910 82
382 448 64
489 430 22
437 78 32
573 762 10
936 449 95
940 174 96
874 239 74
624 252 48
67 875 27
271 912 1
633 162 73
349 257 32
719 791 3
680 375 30
626 457 15
95 823 90
235 935 66
979 405 87
596 173 11
46 16 58
909 912 27
177 819 1
999 805 22
76 265 42
965 236 92
83 502 78
795 630 14
988 977 35
964 61 17
734 299 53
100 213 28
781 815 21
378 260 9
92 342 40
981 418 63
514 416 71
166 906 99
137 820 6
281 18 8
143 56 66
120 727 59
786 928 25
496 305 85
483 445 7
708 611 74
983 173 37
361 752 64
500 70 13
361 582 54
299 996 4
474 634 82
858 432 35
796 390 60
891 886 82
410 714 61
248 630 92
417 154 15
626 93 3
16 643 88
277 236 45
211 345 74
172 320 63
506 881 17
192 851 72
863 664 41
343 762 2
143 689 1
945 19 64
586 435 46
525 518 20
7 750 43
746 718 15
442 877 74
269 233 99
813 382 59
177 210 36
236 440 63
69 829 58
415 597 26
738 867 3
669 541 45
52 487 71
204 55 63
911 358 71
995 507 49
441 485 14
565 290 92
868 800 91
451 0 72
594 586 72
492 618 20
81 463 22
245 250 92
831 335 47
952 486 54
934 631 64
542 898 13
456 375 15
99 929 63
458 446 19
777 302 23
50 164 47
406 853 93
933 710 94
418 125 52
382 84 3
984 855 67
358 285 64
585 714 11
429 965 31
174 962 65
964 245 29
717 479 78
972 673 1
614 412 90
100 78 51
330 24 25
406 988 23
389 533 74
995 684 81
212 845 24
635 281 5
411 206 24
925 19 37
879 103 97
702 341 30
338 268 1
997 680 86
825 407 15
980 159 66
790 742 62
31 44 13
622 633 31
899 368 63
769 134 82
115 400 85
947 139 41
520 771 4
483 80 90
672 907 69
87 341 94
215 825 82
791 217 21
542 805 97
850 147 29
940 952 19
49 567 15
377 537 97
575 273 65
399 16 99
960 536 5
502 143 26
14 701 57
14 932 5
665 599 83
341 13 96
542 903 46
713 498 82
72 667 69
125 503 77
765 210 49
323 149 82
648 536 18
859 872 22
613 607 16
83 962 65
518 762 8
584 626 27
253 31 81
119 817 63
978 934 51
206 454 74
753 866 14
520 546 67
546 815 9
260 417 30
853 0 86
963 99 92
90 764 27
79 874 45
128 101 72
15 101 62
623 960 36
902 788 70
233 96 64
274 235 33
713 763 88
802 126 39
866 417 60
44 127 29
427 451 17
116 700 46
758 853 11
581 506 8
814 191 94
474 513 37
950 358 54
529 394 59
848 796 50
340 471 81
490 338 85
55 831 56
403 587 34
934 491 73
572 917 24
908 793 61
486 527 34
557 106 98
238 773 95
106 305 78
168 170 47
447 307 22
35 689 33
877 544 30
551 82 36
298 447 68
965 328 38
278 258 19
243 497 46
275 759 74
205 76 71
664 21 24
418 489 78
286 338 73
563 945 21
917 741 59
52 462 86
818 198 69
874 183 36
820 722 43
319 188 91
281 126 27
178 519 50
234 81 13
195 123 95
583 976 74
376 321 93
34 544 13
269 914 71
493 658 46
989 38 27
728 672 53
52 202 12
110 3 39
999 837 81
865 786 61
509 727 31
115 151 59
284 666 38
200 756 89
539 194 8
313 18 63
102 638 42
699 933 12
801 532 47
471 361 99
108 740 88
118 783 76
168 95 52
27 487 41
625 993 95
174 579 68
540 173 6
724 62 51
187 679 4
202 743 75
723 995 14
665 836 50
154 923 31
15 248 73
372 888 26
61 488 46
407 204 99
566 55 65
142 302 6
459 625 28
54 369 84
159 511 89
527 10 57
882 170 58
197 331 32
723 593 51
210 499 12
110 970 39
21 241 81
15 788 37
297 89 14
256 145 10
697 100 65
199 782 100
937 2 70
638 155 15
243 920 85
93 209 96
72 610 71
1 402 90
920 521 66
262 90 77
947 926 26
483 337 32
402 788 6
681 496 89
123 692 41
243 350 94
772 104 81
267 153 53
366 565 38
15 151 79
798 361 71
406 190 81
366 379 11
47 628 18
121 955 99
70 780 36
390 503 58
493 911 1
554 501 18
383 378 98
843 159 65
354 650 42
866 390 90
665 919 22
94 221 55
729 740 51
756 415 61
169 166 19
797 10 73
91 86 56
463 891 18
287 337 33
18 115 41
388 549 4
619 917 67
673 836 100
215 882 13
472 851 52
156 190 98
462 842 91
500 50 99
863 97 35
303 899 64
940 350 68
928 664 7
452 549 84
590 961 66
775 255 63
364 606 85
849 194 55
826 803 57
508 762 7
713 383 21
444 568 15
867 102 44
535 966 9
452 302 15
744 389 97
951 717 32
992 868 70
881 293 36
672 83 71
724 371 32
17 782 71
442 21 49
163 382 57
443 503 38
13 367 37
525 601 81
848 361 89
524 483 68
728 269 32
277 342 94
194 723 57
577 314 65
84 29 69
618 707 51
359 545 8
359 426 9
442 193 67
950 315 41
682 466 88
52 237 4
978 717 39
538 267 51
421 243 10
744 125 17
414 189 77
460 900 29
664 247 11
645 672 66
635 824 81
417 825 8
868 273 42
980 697 60
268 709 100
7 175 52
10 37 15
569 775 93
446 968 45
540 955 46
919 945 32
673 209 7
848 465 91
240 541 47
629 455 26
582 800 36
632 164 51
503 60 84
915 664 62
338 192 94
606 912 68
209 525 4
718 741 59
827 947 97
53 889 11
600 173 54
690 27 65
246 892 46
732 628 51
557 991 75
266 279 84
564 426 9
648 413 73
750 633 70
140 990 45
277 561 50
849 329 45
440 918 86
440 684 55
882 796 21
583 873 97
59 660 89
522 329 3
314 413 52
299 940 75
47 208 36
205 856 19
396 125 20
311 424 89
385 774 92
735 761 80
505 269 99
887 465 14
58 336 27
586 436 11
156 730 95
387 766 79
268 492 60
180 721 74
941 252 89
490 515 8
774 617 57
665 552 38
114 954 13
874 529 71
268 713 3
252 722 66
32 198 60
144 539 100
968 622 49
430 63 29
551 603 85
49 996 10
430 32 33
499 906 61
191 62 62
721 405 24
41 685 35
981 265 70
686 883 95
948 268 49
811 702 6
851 538 36
70 261 94
946 766 73
657 219 83
449 647 80
968 547 72
649 924 76
517 622 12
540 528 75
126 727 60
629 482 36
622 405 2
970 194 12
491 268 96
492 383 84
424 163 72
276 603 7
298 705 42
238 217 39
966 443 14
891 371 42
25 145 23
524 780 97
201 607 9
983 474 85
9 35 9
658 807 29
771 559 92
279 854 35
683 923 6
206 782 88
845 30 80
90 508 86
232 630 85
747 727 21
980 537 16
737 225 63
211 471 80
959 186 68
66 907 100
729 24 74
835 80 37
359 841 86
554 232 91
115 926 33
9 220 8
925 250 87
669 499 89
61 459 72
606 623 19
970 804 56
967 336 27
519 494 98
86 696 56
671 502 25
144 743 45
750 334 32
521 483 59
294 8 26
761 25 72
285 366 56
52 1 76
283 955 89
240 593 33
607 183 41
576 676 16
189 356 82
697 116 57
656 386 35
420 747 57
549 5 46
78 169 89
974 706 83
920 60 28
376 370 93
568 503 89
662 941 92
739 873 9
501 669 44
410 339 48
719 49 29
191 249 80
356 453 18
301 695 39
616 854 49
748 390 28
909 117 3
251 769 93
901 581 45
533 550 60
944 366 22
807 520 53
474 116 26
129 818 54
899 936 79
308 195 87
86 764 61
247 57 4
672 101 54
728 662 20
590 371 43
501 200 73
305 113 53
406 651 49
779 540 77
818 972 18
285 807 8
692 345 56
743 699 44
412 817 14
549 665 93
524 947 64
69 337 46
906 609 59
255 85 41
449 677 76
226 794 61
494 697 90
90 267 50
410 263 90
724 896 19
685 892 86
430 88 20
864 438 33
408 178 43
239 585 42
521 251 15
320 65 14
729 296 56
572 359 45
808 346 39
746 795 90
305 756 8
332 932 75
394 151 80
130 279 35
646 807 88
246 41 7
830 131 58
858 607 64
523 253 88
555 43 53
261 655 88
233 752 87
17 309 52
694 529 2
400 372 30
351 681 55
207 72 80
790 803 22
415 677 29
803 283 57
482 740 72
661 358 36
610 808 39
294 304 58
24 745 1
378 227 31
406 459 86
817 798 93
267 545 25
661 227 91
339 98 50
232 438 71
218 823 14
857 12 42
153 89 71
437 243 24
468 291 60
772 886 8
888 827 75
427 35 60
575 89 79
337 17 9
549 961 86
807 474 46
4 223 2
933 416 35
155 160 67
563 708 95
177 3 89
238 441 94
142 171 77
113 789 58
639 861 86
477 737 100
882 679 44
74 747 100
999 407 73
287 114 56
518 304 59
86 174 1
962 449 18
836 177 58
915 999 47
286 63 29
598 159 61
164 64 29
972 792 55
905 559 98
520 232 62
881 264 33
287 112 52
870 806 64
49 164 61
429 806 29
156 736 2
453 312 99
588 54 14
355 426 49
552 503 60
315 274 73
400 874 78
938 941 81
861 850 57
550 410 83
332 303 13
398 106 32
688 467 26
285 254 97
998 312 19
98 148 53
98 57 58
110 627 22
365 464 54
433 788 80
818 739 96
426 824 34
564 316 18
773 99 6
54 12 67
795 807 48
508 130 6
235 535 94
935 859 60
709 809 49
800 520 94
975 770 97
747 215 24
811 59 20
517 213 13
676 962 41
289 931 86
89 387 52
323 918 94
904 363 16
390 366 11
619 670 16
288 968 59
914 591 17
719 121 75
85 514 91
330 193 84
416 309 45
507 599 41
71 855 23
431 931 39
908 689 79
602 19 11
327 508 63
735 275 100
909 629 64
370 71 23
909 872 96
814 77 24
532 200 31
715 392 32
179 306 58
152 957 27
503 427 9
732 620 34
340 328 86
284 434 48
192 180 20
485 768 71
265 29 77
9 205 8
321 535 47
854 943 1
931 936 21
106 358 85
149 482 51
659 460 52
900 477 94
834 383 76
491 483 90
115 3 81
320 529 43
481 229 69
199 858 4
628 643 77
262 765 6
356 230 28
851 377 49
903 416 7
977 58 21
927 215 65
291 379 18
755 379 68
910 531 62
98 411 82
934 866 5
172 210 86
565 877 62
549 39 66
403 382 65
281 698 73
638 861 33
654 93 52
427 158 13
53 947 45
475 49 32
569 766 39
497 757 32
305 811 60
867 537 68
4 46 8
566 290 77
882 136 15
228 710 89
973 20 80
752 242 48
908 446 10
7 468 82
887 359 65
540 413 68
292 702 38
955 508 54
319 399 97
953 933 65
870 298 43
126 691 85
902 362 86
660 414 48
112 198 8
601 577 7
642 413 85
546 292 44
167 748 38
827 353 78
132 38 68
194 508 54
721 934 36
834 325 85
472 303 88
429 40 48
804 157 37
31 854 95
802 240 35
239 693 9
159 928 90
579 404 67
455 911 71
345 820 63
236 38 67
186 391 84
368 766 70
350 387 38
346 533 84
0 101 25
675 208 25
250 15 81
166 279 61
191 709 51
21 865 4
241 902 8
73 356 90
747 228 56
740 816 31
959 858 80
700 603 41
493 76 5
732 984 62
383 2 16
9 666 81
284 259 59
636 586 46
445 863 84
916 264 100
448 153 54
862 663 27
783 590 40
505 646 2
150 932 94
78 383 69
729 785 3
795 205 14
487 447 88
829 527 31
929 467 49
272 490 47
119 887 81
455 246 56
899 403 92
460 943 2
520 283 68
436 778 64
131 450 61
337 34 39
497 242 16
924 182 53
365 13 44
19 623 98
74 221 51
805 182 6
573 921 64
874 556 58
738 8 34
257 765 41
432 460 49
297 648 4
18 590 66
524 618 29
309 37 9
994 90 49
923 756 69
452 127 5
356 309 60
320 835 84
43 654 24
275 889 97
9 321 21
998 959 100
613 191 27
312 66 49
28 664 25
528 881 97
415 723 73
212 918 11
408 688 20
158 517 79
908 311 81
326 65 2
692 701 58
113 907 78
122 491 54
784 879 59
410 82 49
765 70 7
278 478 33
172 945 76
282 911 47
554 671 53
162 763 49
5 738 92
866 197 63
984 669 74
126 774 95
656 132 48
774 571 27
46 933 63
719 626 76
891 219 51
443 77 62
306 769 66
103 239 97
280 890 83
270 584 83
508 518 32
461 730 32
287 580 74
729 70 42
864 629 50
699 438 72
611 51 63
859 132 46
756 262 28
241 904 49
817 886 35
378 807 75
356 96 11
476 961 100
652 770 46
210 397 51
324 233 99
409 134 79
314 771 49
228 477 93
471 592 18
379 144 51
254 605 92
559 113 49
757 504 76
176 809 82
886 541 27
131 224 77
465 932 27
947 734 37
635 135 88
518 82 12
915 933 30
183 490 26
438 406 77
383 420 80
943 456 91
170 872 27
71 509 86
147 781 62
103 565 11
714 101 94
11 912 55
946 973 25
438 131 55
302 967 90
255 972 86
859 546 12
569 947 35
423 561 1
73 442 77
46 284 55
887 338 37
473 142 62
695 868 17
661 753 44
968 819 78
905 22 12
599 531 70
284 825 5
56 668 49
862 535 17
169 812 33
853 440 92
833 265 93
903 628 33
394 552 26
50 982 5
983 720 93
444 785 26
325 190 82
669 408 1
326 805 75
191 48 39
447 484 45
354 895 33
126 963 13
641 147 3
29 430 8
875 659 31
431 94 77
758 992 61
659 570 6
53 104 15
881 622 53
207 824 51
856 544 93
283 949 95
554 842 35
722 961 8
547 106 7
492 642 17
587 978 90
158 653 49
349 364 97
639 801 13
630 430 30
274 373 89
669 40 8
913 256 84
713 297 49
789 402 4
151 966 45
526 770 31
264 362 1
66 668 99
972 39 61
654 119 45
320 948 87
245 232 54
607 482 41
702 207 7
813 193 75
214 661 74
236 189 10
573 576 22
553 861 19
942 56 52
80 352 100
234 783 5
921 268 20
654 960 54
142 944 51
396 829 70
349 489 43
512 128 27
122 454 62
470 675 71
777 940 56
329 645 5
13 496 17
544 984 17
75 760 68
984 176 95
716 197 71
875 234 71
269 453 66
540 390 85
194 480 74
373 154 50
855 579 52
189 105 91
694 674 52
633 298 10
422 604 30
120 263 8
163 527 37
402 250 59
683 89 69
430 501 18
777 987 85
561 579 69
618 325 29
94 894 98
24 286 35
423 721 65
80 24 19
810 589 54
559 278 74
61 812 17
128 895 2
686 689 25
301 65 63
690 150 58
469 404 51
363 585 22
513 669 50
970 332 18
71 597 9
424 433 45
355 254 52
825 304 49
687 543 87
304 298 19
192 85 12
714 616 20
443 690 19
390 653 42
148 469 56
367 527 11
734 309 6
663 887 67
702 286 22
460 183 20
431 210 82
23 842 90
520 210 87
227 5 28
35 127 92
639 775 8
450 134 76
644 955 34
772 707 85
557 760 26
168 650 84
116 195 54
892 437 46
267 676 61
497 871 10
998 290 61
983 404 97
225 320 26
996 479 85
367 610 92
40 368 91
373 557 39
868 836 84
650 833 62
698 334 30
817 336 4
308 870 3
512 582 40
698 497 86
667 140 2
544 871 1
446 95 35
54 138 73
439 81 50
716 403 25
678 877 43
813 961 96
599 883 81
933 109 86
397 693 34
170 569 28
861 212 8
603 72 51
850 867 22
952 668 41
542 506 84
971 125 28
129 792 56
225 946 69
414 253 33
883 606 57
930 185 84
224 995 50
22 961 12
769 609 49
820 337 29
549 239 75
786 783 6
324 369 73
505 657 57
959 728 94
354 789 62
723 585 28
547 845 65
427 259 28
84 384 12
835 224 15
500 456 85
492 701 4
789 195 36
826 404 84
393 292 20
874 61 78
590 417 99
748 166 97
46 458 78
238 252 95
829 603 71
105 945 58
408 500 67
855 464 54
630 255 45
675 188 55
507 233 53
573 810 83
735 28 67
630 113 35
720 292 51
392 894 35
919 832 6
274 820 74
37 94 37
951 542 63
148 706 75
298 8 42
580 932 72
488 916 64
705 734 68
371 394 73
1 675 13
705 534 49
675 382 42
222 730 83
521 608 8
444 192 95
839 47 73
850 894 100
117 886 100
810 209 38
11 231 100
734 281 31
668 176 18
786 580 32
904 914 33
840 670 85
187 771 63
880 336 81
211 602 32
295 178 89
901 840 40
472 245 4
448 638 33
50 744 93
971 961 44
189 861 68
565 92 16
729 690 35
513 681 66
372 889 15
440 406 91
112 750 58
488 40 61
527 325 89
983 837 67
882 43 93
326 104 63
128 56 56
23 893 46
974 332 5
438 355 27
212 164 76
689 640 52
119 200 49
319 685 60
779 72 3
147 890 8
569 812 82
752 807 76
189 716 12
669 721 48
156 642 85
38 726 63
841 777 30
500 316 36
671 277 4
642 726 70
835 870 42
342 764 77
174 561 33
882 974 53
986 517 52
577 934 75
522 964 30
73 266 6
929 937 18
529 579 62
555 482 74
93 499 77
272 747 17
311 620 31
718 837 57
72 738 89
141 256 89
592 582 94
126 678 47
414 844 69
897 343 27
277 711 100
99 750 4
644 560 36
694 49 80
31 340 56
6 762 48
537 15 85
91 33 33
366 437 24
279 447 59
72 55 96
144 223 70
922 142 43
639 985 6
554 407 94
177 5 11
748 567 91
928 139 6
96 421 43
707 933 47
542 806 53
179 141 96
0 385 82
341 87 88
633 563 92
516 208 73
665 579 8
162 603 68
163 133 74
805 301 99
463 377 60
444 171 5
741 13 31
921 662 13
158 445 69
815 128 89
425 519 25
565 748 67
262 961 89
602 891 56
196 14 62
80 87 58
391 936 72
866 659 99
624 527 29
787 378 85
102 648 72
338 503 47
708 857 25
298 324 93
334 229 3
749 341 64
803 749 90
437 518 94
455 632 4
288 879 64
13 286 95
293 489 40
341 852 93
500 24 68
581 391 55
263 219 96
428 603 66
933 727 21
0 146 94
855 164 69
233 186 27
269 37 81
123 453 99
670 315 32
115 381 11
990 719 25
854 506 26
844 20 24
223 415 6
615 103 49
431 459 23
362 515 59
253 624 95
653 905 8
566 631 36
953 381 55
411 715 73
556 451 86
856 929 95
184 335 44
560 392 10
405 200 13
413 813 21
35 876 53
158 661 46
207 605 91
691 838 39
471 869 42
568 236 44
729 67 14
464 680 83
842 614 23
832 866 50
33 118 92
13 118 31
645 697 26
790 836 30
512 495 14
421 570 42
407 231 67
136 881 20
409 55 29
198 14 1
574 627 41
316 374 98
182 193 44
345 984 36
297 8 60
839 776 4
749 940 33
892 610 54
871 543 2
653 435 39
224 647 39
44 415 6
746 457 10
549 512 89
564 104 50
822 731 22
383 394 95
316 481 41
571 150 83
503 275 81
75 441 71
490 483 85
896 706 99
490 399 26
415 884 41
577 324 23
781 269 76
803 478 5
309 130 30
796 811 40
87 492 81
880 669 42
732 537 44
49 679 1
609 244 77
680 446 13
472 113 65
410 108 65
436 712 98
178 37 8
316 940 32
260 633 86
105 863 63
772 95 17
94 821 73
769 324 60
977 337 4
262 445 13
113 509 36
585 998 36
888 475 5
363 563 65
647 901 21
163 145 39
904 140 97
624 991 73
789 931 67
278 345 96
171 63 8
603 693 6
784 893 83
529 913 67
879 831 100
150 244 4
763 878 59
314 261 13
981 468 90
598 128 4
26 274 69
32 604 43
935 895 24
982 84 64
259 161 2
905 35 52
914 153 36
921 410 76
18 731 28
709 804 21
615 211 76
688 447 22
309 438 49
782 323 79
838 453 30
792 659 84
136 654 69
228 913 28
608 314 56
116 961 28
627 209 26
455 292 91
705 104 74
720 303 69
345 95 100
922 101 57
404 363 7
756 821 26
92 693 68
39 56 84
672 448 85
636 398 23
522 677 41
772 300 48
803 617 28
456 722 90
206 497 25
841 336 81
589 410 46
230 745 41
213 826 2
227 776 53
821 806 6
353 610 65
378 245 80
109 874 80
851 98 78
271 269 86
811 346 54
973 52 98
456 268 95
40 887 71
102 450 75
100 805 71
271 31 48
870 710 14
439 127 12
175 705 97
911 693 66
801 773 40
358 336 19
234 642 49
327 551 87
631 122 26
433 948 40
169 938 97
153 14 1
481 238 34
820 449 21
570 240 44
129 414 72
732 69 69
331 833 29
249 555 61
730 585 54
369 931 49
951 313 37
141 777 22
738 105 90
683 447 67
530 950 42
729 850 6
229 884 24
862 372 45
230 585 57
976 134 54
320 905 92
83 409 20
748 440 12
584 247 82
807 988 77
388 386 5
954 801 92
604 962 20
427 494 20
742 626 78
684 499 13
305 786 98
18 663 49
408 331 29
740 731 32
242 826 18
594 529 80
289 989 63
679 117 99
654 28 29
338 0 11
126 262 94
838 867 4
233 520 78
567 608 57
970 475 38
790 681 14
63 310 40
615 963 70
538 404 29
875 120 42
703 402 65
36 373 56
950 708 3
114 303 31
921 781 33
365 252 25
534 672 83
196 103 90
943 105 80
706 181 50
712 869 39
126 402 68
783 572 97
480 126 50
420 721 49
937 376 10
363 19 6
805 685 11
436 986 20
619 816 66
802 198 49
240 298 66
638 909 29
982 236 20
730 134 5
56 94 87
6 294 16
1 68 23
995 340 29
990 149 53
240 204 94
334 520 34
364 19 88
135 394 70
335 120 21
230 377 36
316 757 68
582 289 69
577 567 7
683 191 1
407 930 94
110 377 41
664 771 26
435 127 95
58 467 31
874 157 82
174 980 77
926 15 90
557 731 38
366 506 11
562 688 32
978 295 73
733 928 88
804 192 17
97 249 90
341 349 17
551 581 36
975 125 77
589 423 53
4 202 32
451 526 80
324 590 12
96 442 55
253 702 91
792 101 63
49 152 1
710 328 68
660 24 74
411 453 34
684 669 36
216 667 60
40 913 40
797 790 93
803 978 72
10 204 63
247 412 100
859 103 26
180 981 14
613 327 80
210 85 50
183 476 76
901 21 4
816 319 2
596 657 61
365 480 62
815 696 7
342 815 11
494 69 14
588 885 53
649 742 17
509 33 43
141 398 61
26 179 34
225 976 3
873 722 33
810 587 80
847 127 45
903 17 68
74 897 52
447 969 44
693 784 8
93 189 53
771 836 85
830 617 96
644 698 3
207 828 3
788 479 26
513 708 25
214 124 5
586 201 77
178 993 34
758 418 80
508 616 48
985 270 64
29 860 61
945 395 93
298 381 87
78 746 18
857 59 50
105 130 19
696 341 21
543 441 72
65 210 83
672 125 71
903 558 87
903 464 12
744 177 62
428 803 13
431 566 79
398 462 29
940 169 49
335 462 61
785 575 83
163 554 13
179 26 47
12 968 88
752 45 82
731 32 88
467 98 65
436 830 97
49 834 86
489 548 77
197 833 32
348 281 90
530 470 6
527 158 100
812 843 14
361 233 2
453 626 52
703 763 66
447 967 79
862 618 45
113 62 16
476 437 69
396 607 75
538 580 47
388 293 18
277 226 51
575 160 43
340 514 33
170 587 67
66 852 83
257 562 50
670 975 71
333 291 60
470 90 96
606 766 9
969 959 75
715 175 79
64 704 58
449 275 86
807 956 37
499 317 94
849 583 85
538 356 46
832 209 86
3 423 25
66 509 1
379 523 45
344 980 100
350 772 46
761 133 96
47 887 78
318 570 17
760 745 15
378 571 48
253 630 23
907 11 42
130 783 31
268 116 70
985 1 31
871 130 4
199 712 59
46 64 27
862 497 97
419 246 20
450 333 3
727 640 67
413 71 28
747 206 6
654 542 42
260 179 59
689 261 57
984 858 31
117 241 79
278 673 90
115 636 70
730 441 92
944 911 15
738 642 20
381 843 96
203 329 75
962 685 91
758 270 54
803 638 100
953 252 11
436 308 53
611 294 97
15 95 23
22 281 6
443 52 18
907 873 73
704 677 9
522 650 79
653 155 96
391 3 50
247 110 93
419 932 32
720 35 77
136 91 77
513 18 24
934 181 9
810 799 14
898 468 95
938 867 19
287 977 34
994 426 56
139 170 3
316 869 43
554 309 61
280 926 98
665 153 70
733 786 1
116 596 37
915 968 29
922 185 89
651 452 72
857 688 5
319 148 26
413 955 49
923 263 46
356 846 17
452 489 43
793 156 67
426 107 54
487 22 70
444 529 79
391 680 63
635 968 91
94 18 40
557 406 79
576 541 16
323 176 14
285 887 96
470 734 88
661 585 82
674 127 81
859 659 60
398 335 52
815 803 81
373 845 39
115 95 97
914 959 10
357 648 7
413 167 41
992 679 57
67 356 60
288 772 26
828 664 18
419 897 97
656 683 89
792 485 30
542 79 92
487 899 32
448 202 28
952 393 45
387 174 29
198 268 29
861 999 7
268 677 33
172 659 35
293 61 22
269 158 77
312 885 11
221 18 47
804 470 14
873 775 77
797 513 54
670 309 85
145 9 74
402 601 91
655 740 1
542 927 53
66 347 37
520 402 66
1 418 50
714 752 87
823 154 88
451 487 41
630 687 8
249 488 65
154 877 37
418 329 92
423 993 58
106 902 24
394 950 99
958 759 10
511 14 65
161 102 100
844 179 59
502 986 85
636 20 84
604 799 28
345 862 26
283 430 69
467 674 25
221 894 4
542 409 98
289 810 81
555 800 95
457 504 61
887 604 36
827 378 43
418 275 55
265 553 54
496 449 31
440 927 10
588 718 41
213 651 20
767 412 97
227 499 59
112 371 45
448 478 54
896 203 40
155 953 89
485 433 98
412 8 4
898 497 94
554 961 56
13 707 18
177 653 26
25 810 7
947 221 14
512 497 55
214 34 7
170 325 50
143 593 71
148 533 40
143 904 1
998 808 99
176 881 61
394 336 69
585 416 32
648 86 31
222 606 19
523 428 3
658 790 27
293 518 1
605 376 97
63 589 92
471 415 58
459 927 35
828 627 33
784 237 65
262 748 51
905 744 87
503 674 7
214 723 64
805 506 29
717 664 84
426 742 89
846 845 7
525 31 70
258 883 91
495 823 32
682 753 71
220 726 39
942 865 84
724 623 41
665 214 22
355 657 29
424 176 16
743 806 26
510 454 98
385 281 99
480 391 45
79 120 9
426 590 29
599 160 42
282 431 24
53 734 52
30 504 62
149 760 11
480 123 94
101 707 61
747 196 20
251 777 18
832 957 37
854 213 24
385 327 74
209 417 50
736 19 12
671 806 53
253 898 25
164 590 81
70 791 3
127 261 40
538 170 91
254 846 27
490 556 4
411 535 95
704 126 34
973 111 24
278 772 78
338 351 15
811 857 32
308 163 66
435 566 46
471 16 50
117 732 19
87 113 67
341 895 97
57 509 15
627 716 36
437 323 41
23 136 51
506 483 13
157 476 77
763 492 26
338 480 15
992 552 69
752 841 29
414 218 77
521 40 16
122 666 21
605 401 9
845 36 35
620 654 30
709 86 59
759 357 32
577 459 35
236 83 63
992 301 13
968 72 71
878 136 31
416 650 39
329 534 40
841 262 59
343 61 42
655 720 1
511 779 95
666 41 31
503 292 59
798 920 79
49 352 58
298 853 56
241 8 88
82 19 13
732 185 94
512 657 100
439 652 5
61 920 53
470 496 3
144 689 93
481 440 13
994 214 43
64 607 58
104 622 46
505 238 82
835 861 79
615 824 2
723 695 84
417 200 57
452 649 70
350 637 92
716 133 23
671 98 1
916 924 57
112 153 10
793 333 92
373 169 22
817 585 94
442 938 4
914 319 55
810 356 69
7 724 7
698 428 32
399 99 19
272 395 84
848 493 30
9 598 15
502 322 6
578 942 8
527 943 33
365 158 92
338 780 3
755 363 61
531 626 88
638 687 63
111 553 15
986 428 74
195 776 3
872 805 22
19 83 84
482 144 52
974 829 61
443 734 58
110 527 87
38 839 62
652 828 51
157 721 60
5 593 60
164 847 13
356 980 11
393 420 23
727 171 11
667 206 61
147 643 80
88 62 90
686 389 37
313 755 47
964 390 12
863 314 93
810 303 27
863 215 79
825 930 99
245 556 58
278 274 40
824 170 1
761 564 78
339 875 33
26 644 57
851 214 61
340 853 79
264 192 52
638 450 66
11 954 56
775 661 81
591 531 74
186 571 43
66 549 12
678 596 61
274 393 8
265 429 17
554 693 33
645 720 69
643 372 34
262 754 76
648 773 64
455 553 62
11 373 70
701 376 84
942 688 82
512 587 46
252 642 21
679 340 56
476 624 30
96 514 96
165 790 98
373 107 57
931 47 92
41 525 26
724 689 44
852 630 56
340 532 31
402 578 17
498 118 58
760 286 93
366 458 9
659 52 92
253 90 8
770 103 62
812 598 4
292 658 69
272 794 88
112 484 54
305 101 52
872 381 51
564 807 12
368 996 13
425 41 35
281 710 25
363 560 84
21 454 53
719 391 11
577 846 71
735 634 22
984 145 14
316 429 98
424 256 42
456 663 4
489 397 52
571 432 96
991 516 93
819 307 55
111 40 84
315 997 58
292 950 36
859 941 23
711 220 30
201 581 93
944 852 82
774 741 40
736 504 18
464 824 26
276 505 94
30 364 14
857 886 27
751 514 43
106 517 67
369 836 75
718 784 53
763 45 73
933 204 71
337 745 47
794 330 75
754 441 33
733 138 63
399 854 98
802 225 5
612 378 44
34 71 11
487 601 71
873 513 12
872 451 29
910 86 82
936 519 38
771 576 53
792 158 33
124 716 19
135 350 30
930 144 80
811 432 23
493 717 27
943 704 53
802 540 24
461 41 33
623 475 57
602 402 99
643 937 56
862 250 89
397 467 43
657 880 90
960 392 90
961 719 42
584 601 69
709 939 96
249 244 54
746 689 53
679 268 26
776 586 56
795 660 48
322 793 49
359 617 94
404 533 20
595 961 4
511 170 74
632 411 42
355 508 41
62 409 84
544 784 55
185 497 64
134 818 50
640 169 32
126 656 94
210 604 32
659 240 41
556 908 11
637 933 77
333 368 22
960 496 83
276 853 54
172 348 28
132 285 27
270 438 86
770 76 63
273 601 20
546 231 60
797 934 57
8 5 5
429 191 41
167 113 19
676 671 71
459 720 100
728 226 1
310 953 99
814 831 91
469 15 56
933 843 81
480 837 21
93 828 74
537 959 16
678 505 58
413 945 88
442 126 60
875 476 52
932 404 8
161 501 71
686 926 80
375 583 25
908 554 95
796 64 1
402 631 3
596 329 32
536 451 92
246 846 79
127 634 10
532 589 40
532 291 27
822 899 46
927 501 41
520 890 45
383 256 74
120 475 10
122 757 93
223 454 6
734 797 37
154 18 63
100 338 50
126 689 42
334 14 70
841 698 52
703 139 50
236 914 45
489 188 46
268 199 54
307 832 5
401 633 72
248 876 31
216 770 81
327 757 25
356 169 99
774 262 13
254 453 78
506 434 69
330 633 18
810 765 5
786 296 57
280 957 15
318 289 22
309 677 53
758 663 23
381 76 72
810 336 98
290 644 55
277 23 100
79 893 42
513 942 83
721 815 9
934 846 85
732 643 62
609 820 47
404 626 23
795 512 97
548 467 54
573 565 45
948 668 91
629 875 2
801 541 95
88 98 3
265 791 50
258 846 35
505 64 75
179 138 77
252 493 74
880 164 40
351 268 27
347 349 72
708 555 37
904 555 61
99 493 81
785 369 95
648 355 73
249 209 62
884 498 62
989 428 47
182 74 95
977 755 85
208 178 34
904 809 35
695 377 77
906 441 54
716 137 39
369 211 73
632 174 98
590 310 70
460 343 68
693 541 89
843 472 77
382 58 26
998 604 76
879 863 33
651 396 86
406 112 57
347 228 88
822 201 30
78 705 79
513 835 59
162 179 86
735 686 19
520 113 84
546 419 71
193 50 29
69 505 81
531 809 81
245 791 62
581 443 79
632 191 87
50 79 88
777 75 50
246 564 70
653 409 93
876 56 30
29 11 18
300 986 58
715 375 62
534 47 88
879 912 82
265 664 47
339 549 8
949 580 100
719 235 10
726 633 38
286 8 77
460 129 49
526 22 40
686 180 30
841 559 2
300 312 17
12 407 10
232 297 54
54 198 60
508 86 16
701 670 6
753 59 12
305 467 90
70 641 60
770 264 15
527 834 52
8 924 22
549 616 59
375 401 99
949 30 78
998 285 63
844 558 44
59 828 28
822 924 19
354 701 67
290 999 30
263 296 58
725 696 23
164 0 15
715 456 18
385 104 72
237 69 38
972 475 2
44 601 98
562 716 14
323 150 32
792 448 89
626 283 15
437 188 36
859 72 26
673 380 83
871 304 67
990 341 8
683 661 2
448 735 45
487 457 82
258 954 72
925 721 91
282 512 84
360 316 47
725 689 13
883 168 21
315 918 60
815 645 98
396 880 8
279 373 11
688 112 68
291 160 62
7 804 76
899 106 63
82 5 1
186 432 10
503 363 64
501 296 5
710 348 17
179 831 65
571 464 59
495 209 43
74 956 47
214 615 52
95 736 96
556 980 93
545 377 96
463 179 9
25 608 4
288 587 17
61 544 96
532 141 8
304 698 83
623 218 19
242 469 65
720 276 53
217 395 26
322 490 62
966 939 84
671 284 8
363 460 47
890 978 10
172 988 36
949 729 8
963 933 16
363 227 85
225 418 3
440 604 64
670 774 61
33 71 60
69 186 22
345 290 35
786 469 16
334 44 11
393 145 42
33 450 48
826 954 10
115 703 95
337 733 31
637 932 65
248 826 65
106 275 51
507 697 79
586 881 84
838 72 59
690 248 54
661 379 71
340 10 63
439 890 85
496 489 83
311 402 88
102 155 7
206 51 69
380 352 34
713 717 16
742 252 6
156 221 96
274 405 55
337 144 2
133 153 95
421 804 7
180 510 41
455 355 77
791 659 52
445 127 23
738 726 40
707 262 16
375 914 50
64 343 6
241 187 40
909 19 52
772 787 18
227 43 50
653 358 78
827 813 3
493 243 21
152 737 86
699 467 25
404 903 45
104 971 99
850 860 71
687 290 94
165 722 93
190 423 45
278 71 48
389 917 75
387 386 57
330 802 60
427 872 24
47 994 39
956 158 85
695 688 11
294 664 92
286 275 20
800 936 92
18 603 44
803 21 80
483 193 51
667 321 10
132 507 38
162 672 42
782 832 54
987 589 32
200 531 29
511 161 96
249 478 23
699 519 93
562 373 95
902 195 92
641 930 82
270 560 41
255 870 27
359 39 61
305 118 75
56 47 42
219 578 71
392 782 58
455 515 70
685 387 65
159 424 40
424 579 15
948 513 7
587 507 48
328 325 51
721 23 8
313 914 82
20 553 97
450 462 29
412 298 26
383 10 84
274 967 11
438 659 40
319 846 77
426 206 56
900 230 53
743 114 54
400 809 21
780 199 22
506 715 68
800 911 35
502 172 97
2 941 46
865 352 50
554 140 19
217 859 65
257 421 23
146 480 48
498 17 22
733 271 8
169 629 72
793 770 14
462 518 72
779 735 27
138 162 97
336 821 56
204 575 19
130 125 46
138 268 75
842 469 32
782 838 75
428 604 73
686 510 2
621 311 40
637 768 1
425 32 46
851 517 69
831 265 66
687 349 80
670 306 65
36 931 94
841 345 65
106 341 50
779 768 58
221 985 27
247 242 8
991 69 20
640 575 94
925 1 15
725 970 66
947 732 89
355 214 83
634 44 77
755 986 27
180 476 77
822 338 28
175 185 43
681 793 54
464 514 54
256 995 4
399 410 62
106 365 91
392 41 70
431 937 6
542 95 77
658 89 65
211 33 51
1 20 8
252 762 52
584 14 4
264 488 52
712 573 87
925 934 65
327 414 14
930 236 79
776 200 98
130 466 68
305 559 43
789 304 74
256 625 60
986 15 54
259 113 67
828 32 26
83 777 30
957 877 70
764 596 3
460 501 37
274 353 65
636 721 76
862 678 48
198 994 50
979 791 89
475 574 54
398 771 37
661 12 41
249 895 72
995 916 12
50 14 16
890 789 25
358 729 12
811 996 86
787 991 41
294 823 72
680 115 79
406 815 85
84 367 63
591 6 51
43 645 91
972 527 6
735 573 84
863 949 49
869 78 49
560 335 34
400 849 37
521 559 94
665 806 98
692 728 1
643 427 34
197 34 92
288 174 77
286 205 52
712 263 58
209 171 60
496 58 42
372 778 73
734 554 58
422 822 57
562 365 97
936 217 6
714 673 37
891 278 81
180 184 56
295 215 72
200 84 100
811 801 72
748 729 80
100 968 72
573 679 23
830 862 5
742 23 42
373 473 15
411 558 93
917 343 40
963 844 92
0 630 17
579 30 38
328 18 91
127 96 76
606 471 46
149 938 27
122 947 22
367 29 91
433 304 28
543 869 3
604 521 62
636 531 24
91 578 45
647 999 69
835 776 90
311 823 57
103 981 23
898 3 96
303 386 11
786 472 62
677 82 88
823 749 68
938 198 6
79 12 84
661 78 29
91 253 43
330 134 27
913 511 48
440 569 52
928 672 54
387 353 26
797 166 45
349 318 75
723 756 81
666 791 24
977 588 79
570 769 49
857 549 1
491 362 57
737 715 60
109 177 75
303 135 34
66 567 98
831 956 94
60 750 45
842 186 48
485 389 84
392 950 62
634 124 36
579 603 67
312 438 91
953 870 61
558 219 33
479 293 68
33 323 82
79 450 59
325 947 48
485 818 91
124 835 86
147 897 71
946 435 40
250 217 69
373 742 34
179 176 92
607 751 48
933 865 32
32 939 65
368 762 6
759 762 89
703 729 60
927 489 34
32 503 63
14 416 1
560 240 43
100 966 27
604 177 75
28 936 91
591 8 2
736 34 16
702 912 28
892 579 66
202 672 28
5 504 99
975 877 62
895 936 66
959 344 21
893 311 30
769 562 87
99 519 93
993 140 2
224 299 56
623 764 47
619 116 24
367 0 3
757 642 99
892 809 89
460 699 91
465 409 52
524 136 48
341 447 19
775 821 53
914 316 54
258 727 4
121 583 61
229 702 15
452 653 25
681 877 76
742 503 90
894 818 94
990 807 20
635 86 31
337 982 13
274 523 21
633 442 58
56 259 98
908 588 3
556 348 66
718 497 77
32 416 62
16 716 62
416 63 76
107 227 66
221 312 17
348 371 49
847 978 83
965 382 42
589 265 73
302 241 27
168 532 98
606 617 49
981 407 34
211 703 49
222 341 27
541 511 68
319 633 17
462 262 56
35 284 71
24 492 63
94 252 18
668 102 75
612 915 10
958 754 2
20 990 25
683 890 65
718 15 8
861 821 15
493 837 85
15 600 65
681 434 100
200 232 11
623 440 47
123 39 49
119 827 65
678 567 7
553 307 4
287 469 92
924 867 40
370 624 8
779 894 79
888 519 86
857 845 40
480 888 18
240 477 29
494 53 49
795 538 42
257 229 37
231 434 91
131 833 46
553 810 62
828 474 42
391 518 92
33 125 68
344 445 50
873 457 47
518 21 14
227 513 48
242 424 19
860 64 55
762 689 43
469 626 44
727 446 68
410 470 54
387 250 38
891 640 34
494 147 85
96 874 2
170 422 14
187 630 3
301 520 2
679 888 9
226 460 93
743 717 99
762 667 21
244 234 72
521 597 18
211 305 86
321 427 16
961 205 73
788 644 17
728 28 48
629 505 98
851 331 69
118 897 58
890 906 98
784 700 63
502 315 17
541 705 10
291 678 29
725 238 97
875 260 87
18 630 55
472 706 68
790 607 20
415 261 38
512 382 34
589 860 65
473 451 80
968 580 9
773 347 34
419 831 2
274 364 55
273 214 51
475 336 32
726 266 51
966 129 17
750 787 10
984 839 2
931 699 33
252 926 5
793 402 93
935 666 2
235 587 90
501 184 88
213 84 28
681 304 69
514 669 72
942 926 83
88 41 96
471 921 40
53 310 37
451 813 39
611 432 78
979 719 9
496 922 5
480 584 63
48 830 61
360 800 44
584 409 100
374 455 93
748 828 67
108 991 11
713 427 17
98 955 62
667 143 6
522 657 1
883 316 58
677 354 49
820 978 79
874 544 36
154 45 26
845 738 92
806 820 28
127 367 100
77 258 72
724 3 91
46 235 1
908 645 31
417 976 30
281 912 96
192 53 39
709 940 54
427 477 56
223 80 71
790 190 43
552 800 26
253 955 43
28 786 20
973 242 6
414 812 24
300 491 56
872 290 72
613 579 36
89 333 70
37 166 15
786 917 26
998 417 79
350 286 86
402 126 74
565 968 15
455 704 83
905 975 44
873 488 23
927 8 53
492 487 54
578 201 69
284 106 77
821 470 44
317 72 63
786 652 38
769 100 16
633 741 89
599 887 6
957 777 87
330 380 45
818 346 37
338 601 81
606 124 37
970 904 56
503 182 47
131 997 60
493 632 18
53 513 25
814 795 78
49 788 86
708 658 26
434 862 35
893 19 20
825 130 15
975 309 87
569 893 25
886 497 55
809 646 48
545 948 6
847 745 34
505 399 65
423 502 63
491 286 18
969 278 61
158 399 20
645 972 40
153 817 27
567 590 5
610 176 16
864 793 57
785 950 24
72 288 30
937 193 83
553 697 39
82 157 42
642 559 54
187 274 45
479 601 75
327 205 79
292 840 35
323 746 84
846 103 38
837 296 16
889 82 100
641 670 48
989 907 66
363 733 29
388 500 44
455 144 35
822 693 94
759 623 86
343 972 16
266 265 72
255 394 62
677 945 48
48 993 1
728 600 96
284 834 89
902 327 82
289 459 27
251 144 38
581 20 17
523 424 51
460 525 3
974 16 92
520 161 70
368 942 43
179 360 11
798 52 53
436 572 63
853 840 81
682 132 21
713 461 44
910 294 33
50 498 49
958 355 74
251 747 70
252 769 42
244 82 5
606 848 11
9 835 94
814 627 54
321 141 25
25 9 80
235 600 14
710 612 31
166 509 53
747 590 47
298 601 4
789 37 22
26 65 74
531 318 7
796 766 44
719 452 89
512 639 72
67 273 26
121 807 56
167 326 70
442 780 65
330 494 33
620 557 55
861 739 23
705 941 54
599 678 100
873 89 44
126 412 83
764 864 59
445 71 72
892 867 4
43 748 58
953 398 6
302 596 80
427 335 34
3 90 96
562 592 48
819 104 83
612 66 74
170 767 32
905 320 41
658 953 63
865 494 30
211 159 39
435 543 41
467 575 13
583 649 75
73 509 38
104 710 86
20 309 57
971 334 12
8 958 20
91 940 24
521 46 100
705 524 86
543 434 40
928 310 60
251 630 35
845 459 30
191 354 23
905 271 91
449 976 66
901 856 13
287 823 19
409 378 100
894 472 1
553 677 53
477 321 17
75 321 90
224 802 88
139 481 78
563 625 60
409 639 26
495 859 2
700 334 55
183 609 69
91 56 48
563 193 22
208 948 67
335 911 33
403 923 21
417 648 97
871 24 75
306 868 67
536 890 76
256 140 94
348 594 39
801 511 40
929 212 88
911 134 94
172 497 36
6 290 11
614 573 91
23 962 40
653 303 84
714 525 6
208 488 53
579 555 62
742 405 22
304 368 69
364 847 96
693 443 94
755 717 76
764 265 17
571 419 90
485 475 26
945 528 22
290 74 69
891 470 85
458 992 99
679 392 94
362 826 32
844 894 57
496 382 61
934 180 44
540 538 28
446 730 57
832 470 72
47 730 89
512 444 72
588 422 14
651 3 26
245 69 71
413 99 47
908 256 22
727 204 8
181 222 2
748 771 44
875 705 62
567 188 96
285 597 48
14 954 36
247 143 74
924 439 11
297 387 46
226 71 85
798 308 25
991 725 4
68 128 96
224 193 82
882 878 81
71 967 4
477 744 73
132 184 3
443 49 17
263 982 7
96 368 59
832 626 33
538 727 67
93 116 66
555 316 29
136 762 90
972 242 4
353 285 96
195 578 2
365 242 95
678 329 24
94 509 100
887 267 70
851 394 17
372 731 46
524 177 99
634 552 37
25 852 61
756 145 62
798 364 86
209 482 78
783 486 15
224 492 20
393 165 62
777 44 23
752 526 8
451 656 58
18 877 84
867 174 46
515 15 27
426 722 61
321 557 73
651 284 16
752 646 4
182 283 76
498 339 5
709 186 5
934 407 98
705 739 23
252 795 27
630 645 59
117 353 95
482 224 60
999 472 50
698 771 44
2 202 89
213 270 1
667 300 81
748 164 80
442 202 50
959 312 51
481 916 32
706 360 73
669 85 64
219 232 1
897 716 87
344 509 79
433 338 38
819 707 14
671 173 20
340 671 41
252 348 2
763 699 10
644 351 42
837 525 7
947 942 60
986 657 9
63 291 17
372 300 78
539 595 78
644 321 76
356 117 26
833 254 71
948 577 64
889 155 71
722 201 73
429 666 50
134 55 41
954 106 13
816 697 66
25 343 93
184 851 11
524 969 23
199 121 6
363 961 26
548 506 80
966 43 58
566 889 40
650 771 48
38 854 41
868 522 30
550 128 10
855 132 59
676 889 68
937 979 6
711 500 50
374 857 63
104 793 45
280 287 56
104 708 77
134 510 82
556 606 42
949 460 34
116 108 68
506 432 9
816 969 20
38 205 76
645 525 85
368 472 7
726 622 100
585 990 29
744 910 74
304 247 45
833 543 41
100 961 94
81 374 44
80 555 39
405 600 22
513 592 70
755 55 65
284 234 82
731 79 26
855 175 10
690 834 85
360 481 62
531 152 31
66 494 22
131 127 96
312 800 52
667 588 54
789 792 66
494 608 30
411 160 48
647 414 93
842 153 24
180 5 44
651 806 21
293 890 26
859 619 8
535 106 7
495 81 61
643 274 47
716 970 60
678 324 2
25 481 76
414 214 11
834 923 43
805 577 24
872 255 87
32 371 30
208 584 78
420 433 97
192 56 91
591 198 86
25 480 3
2 622 25
661 323 32
965 320 92
339 949 69
825 58 36
929 905 23
981 999 36
171 260 78
546 223 19
80 32 88
945 858 93
403 162 71
407 557 84
852 661 32
394 523 75
485 897 36
926 891 38
165 173 15
912 576 10
657 721 20
140 390 39
946 411 25
158 668 93
740 2 45
893 937 89
736 316 46
704 569 26
692 758 60
561 878 31
356 400 30
689 213 91
43 571 88
253 678 81
660 70 62
688 849 18
480 596 88
835 359 76
926 752 70
517 257 90
564 588 54
917 137 55
591 505 32
222 52 55
948 140 65
869 876 68
676 993 36
92 512 25
675 877 97
395 253 47
874 860 93
521 670 20
931 892 40
31 953 90
702 50 5
665 906 8
484 706 47
33 566 85
149 465 47
93 831 71
15 489 28
190 2 2
415 417 73
85 798 10
945 267 61
630 254 53
924 68 78
968 574 89
695 259 93
122 712 95
368 461 72
311 40 50
386 772 41
168 166 77
23 749 14
539 654 87
802 132 99
595 346 45
599 422 94
252 167 38
717 108 76
251 88 28
861 720 82
48 33 66
91 221 5
81 334 31
509 224 54
552 267 36
911 965 37
963 45 45
300 795 54
13 408 55
273 743 14
216 819 7
996 155 33
441 381 51
618 380 72
439 392 48
904 769 57
105 450 77
646 688 96
741 794 74
40 470 34
211 470 54
314 957 71
588 826 2
731 59 99
992 272 8
874 46 77
353 362 97
734 318 11
409 789 64
532 24 30
897 655 52
641 466 21
860 30 96
433 423 57
172 876 82
928 403 53
935 753 95
439 114 75
956 204 37
371 646 64
34 18 89
722 641 84
643 399 91
447 508 86
410 775 87
288 742 33
948 678 95
563 382 17
446 309 26
899 660 69
364 985 79
767 121 95
116 216 21
771 84 3
620 670 15
469 159 35
14 862 79
854 812 3
162 609 74
367 433 42
239 832 63
309 178 95
756 179 5
662 959 68
71 252 58
324 902 84
11 761 50
329 350 54
580 61 23
208 64 49
625 85 42
843 622 72
210 943 34
693 561 95
593 554 38
600 280 98
273 642 18
30 325 73
199 905 64
795 569 59
382 671 33
990 237 10
535 667 92
283 685 65
744 607 84
153 351 21
62 621 63
128 188 27
569 835 74
327 783 49
301 941 52
227 620 39
819 606 77
755 987 91
8 915 44
776 256 23
119 24 92
383 997 15
180 710 4
661 275 5
834 836 30
248 56 44
52 667 43
429 931 45
285 65 43
401 101 77
493 915 70
413 271 43
296 702 85
942 10 27
636 440 40
795 298 61
657 110 84
627 558 19
31 510 47
529 462 88
543 462 68
279 19 24
502 874 59
171 343 43
668 187 23
773 317 48
962 351 35
361 346 86
595 553 98
717 983 90
579 901 1
328 900 96
570 24 37
376 829 90
399 274 4
273 821 31
545 612 34
438 250 73
593 894 21
674 323 21
636 932 89
264 532 15
759 89 77
563 664 12
245 138 87
300 436 29
44 604 25
816 765 77
69 262 15
245 694 97
892 8 64
879 222 20
615 342 5
440 612 71
225 587 91
317 475 56
223 730 86
42 254 2
306 458 84
131 308 67
410 214 35
432 116 20
38 548 73
116 645 3
282 51 30
954 945 15
987 708 48
67 802 11
736 508 30
464 58 96
838 779 74
602 664 46
130 356 64
947 772 61
860 579 2
231 684 5
19 945 71
313 635 45
148 114 77
836 68 3
826 833 27
140 688 89
923 729 34
164 502 57
463 312 16
178 590 86
743 403 92
398 850 17
510 383 72
871 800 37
493 951 12
946 437 15
842 177 60
862 724 40
185 4 97
273 404 60
653 799 2
133 127 12
782 922 97
751 320 59
37 769 37
428 17 76
192 371 76
244 937 73
87 419 56
981 253 35
139 921 22
932 577 25
65 798 44
433 135 92
272 450 20
744 882 47
708 227 87
199 383 43
380 605 2
688 724 29
349 481 32
44 598 82
436 989 99
406 356 2
613 169 32
652 990 62
445 787 64
253 126 77
733 687 27
322 448 55
883 147 98
452 424 89
834 421 6
839 847 60
629 191 49
581 889 51
845 398 30
416 99 8
822 98 68
415 87 31
683 925 59
375 594 76
290 530 27
704 762 27
256 941 45
530 694 84
79 365 60
100 589 68
684 7 37
475 448 20
329 627 81
979 130 47
962 817 64
507 886 50
426 930 34
889 900 79
98 296 12
545 299 23
959 443 64
484 554 84
705 896 42
414 758 2
393 861 83
174 267 63
277 24 53
399 430 99
648 100 37
423 230 31
469 905 57
869 142 24
556 81 32
627 392 34
279 672 94
32 683 14
262 686 65
212 848 86
401 58 83
215 154 100
822 433 55
702 222 19
407 609 99
726 783 32
575 828 12
603 417 39
263 557 8
576 542 17
889 402 68
343 249 41
573 761 95
482 722 95
689 293 97
415 798 79
136 546 35
547 965 6
489 398 12
270 458 100
696 308 100
884 323 68
514 340 88
543 355 85
109 883 95
160 488 34
502 335 63
42 3 60
931 854 37
381 396 75
174 627 38
375 803 15
799 709 94
854 403 69
708 17 51
216 804 7
712 570 37
756 336 12
252 838 58
555 963 69
200 971 10
83 119 91
783 126 36
392 224 86
352 906 65
506 546 60
743 708 34
832 452 13
101 810 8
481 462 46
301 423 62
509 43 95
121 548 87
953 566 19
712 724 85
812 463 68
761 606 53
564 222 87
337 821 50
122 316 85
335 414 34
253 122 87
84 432 5
808 110 27
343 3 60
495 188 11
888 754 81
276 520 45
724 87 37
286 36 79
904 151 13
647 947 92
571 679 31
811 495 11
501 250 3
894 355 72
739 639 52
663 244 42
335 44 87
784 525 68
528 472 97
899 320 34
479 294 82
796 265 52
151 130 71
215 257 66
922 385 13
836 318 95
54 805 71
377 891 79
635 351 94
167 128 4
87 385 84
903 855 24
831 206 80
969 362 3
217 785 93
321 307 4
398 917 70
139 293 56
819 274 8
65 791 5
601 115 58
71 458 77
277 485 47
342 450 42
583 928 29
910 77 72
145 884 70
319 22 39
856 613 70
623 768 49
835 400 13
986 822 83
504 434 89
727 886 27
24 100 39
352 526 41
678 16 29
814 252 36
381 580 51
73 951 18
762 889 43
608 54 96
168 998 46
371 813 30
380 858 54
998 891 63
913 795 22
781 43 36
305 574 70
833 951 69
77 21 3
336 884 15
748 232 100
905 396 4
416 219 18
309 115 62
578 534 37
218 80 17
886 236 20
502 748 28
282 947 82
463 118 6
756 729 10
328 446 66
734 279 18
570 285 78
864 928 89
261 44 34
168 464 12
927 179 91
970 89 56
131 468 50
984 106 56
345 661 15
332 636 39
949 594 100
69 375 26
599 196 86
15 117 54
689 561 41
383 206 27
402 652 8
134 695 52
252 768 32
164 121 76
864 760 50
59 572 2
569 973 42
193 192 83
745 561 13
264 103 13
710 496 21
698 475 91
449 805 71
274 623 88
644 833 72
929 292 46
322 768 44
591 307 32
984 994 82
38 164 17
5 892 5
60 244 89
114 715 54
36 857 43
736 754 22
583 399 94
507 867 82
332 839 9
909 944 51
517 694 8
111 816 57
868 248 64
431 447 64
662 256 71
52 893 2
955 22 52
8 798 12
964 239 16
986 868 31
195 127 5
545 160 86
384 678 22
296 305 57
975 714 71
728 712 67
94 870 74
870 739 58
659 429 23
641 423 82
846 5 68
991 732 19
587 470 45
872 759 23
67 476 68
132 997 40
780 177 30
363 277 38
667 993 90
994 577 12
527 725 17
51 715 4
702 105 97
965 300 95
756 193 44
161 558 25
816 515 23
569 342 23
773 756 58
309 92 93
430 656 59
436 909 79
188 817 81
290 130 34
242 935 25
164 877 5
199 454 79
801 461 78
999 919 84
533 739 11
870 588 64
778 843 10
261 172 10
12 615 60
434 886 43
670 526 99
361 63 63
903 30 82
969 314 93
973 935 29
365 889 54
880 954 76
902 563 80
120 407 54
564 356 80
792 273 76
626 910 83
14 707 81
479 938 59
789 988 14
601 81 79
20 726 63
701 629 72
986 454 40
474 331 47
624 33 83
241 936 16
803 886 43
274 634 14
856 119 50
699 216 1
169 471 1
118 718 85
111 958 25
958 297 45
560 644 40
599 674 36
55 444 13
64 499 80
336 240 30
460 67 49
895 560 70
817 121 70
65 663 98
526 681 10
417 402 71
957 756 100
779 730 48
227 429 11
11 414 93
856 603 73
203 883 92
615 914 14
989 114 88
48 997 57
244 242 85
734 823 69
230 318 10
176 979 11
296 737 88
450 4 33
21 856 47
593 238 52
689 743 57
815 77 69
162 440 39
379 185 78
792 517 42
704 93 90
484 915 10
277 128 19
239 261 86
751 924 38
826 173 34
98 272 33
549 136 73
156 993 69
131 19 5
117 694 85
832 844 85
329 678 9
954 704 52
360 913 5
967 157 85
137 309 59
196 898 55
793 453 55
877 422 11
618 257 45
751 246 10
679 320 88
387 372 63
841 158 44
860 401 45
28 917 70
467 807 28
663 141 16
3 103 54
572 107 41
391 429 59
967 275 73
175 411 78
19 946 4
100 684 16
837 960 71
37 405 98
31 4 97
873 986 31
549 938 8
316 540 66
892 80 68
242 719 78
84 528 11
927 127 43
904 869 53
448 791 98
115 959 93
329 821 89
224 847 88
210 263 63
205 72 27
836 909 18
915 70 33
400 705 58
675 854 81
974 296 44
510 60 67
749 26 57
376 447 70
309 252 51
957 338 4
757 958 55
216 876 5
543 292 24
786 851 76
557 208 21
196 623 65
357 458 85
792 453 3
726 610 10
730 396 100
983 678 81
231 159 11
277 640 33
523 650 90
756 726 75
403 810 41
437 226 13
17 564 58
952 212 80
208 578 13
646 189 94
31 428 68
331 401 98
561 863 64
323 972 47
68 415 42
149 245 96
476 404 93
875 723 19
661 547 45
23 671 77
32 580 59
625 553 6
346 211 21
74 807 29
53 627 7
566 440 62
252 549 75
273 634 25
772 137 33
849 740 62
862 186 35
177 339 88
899 742 5
659 350 41
118 261 3
979 112 80
431 301 69
847 289 76
849 297 44
426 968 19
954 111 78
722 932 27
707 820 90
995 236 8
345 473 76
802 424 79
837 759 88
348 299 46
823 594 16
973 334 33
517 923 23
269 579 99
578 670 21
463 795 62
631 272 32
274 232 12
878 114 84
347 229 77
35 607 81
102 615 86
100 601 59
960 452 68
209 473 46
648 156 3
957 14 78
129 736 26
690 429 43
487 923 14
72 673 81
596 215 30
324 13 52
77 782 40
838 153 59
376 403 63
946 547 25
231 803 35
612 614 38
860 1 76
446 553 28
362 104 37
75 879 35
39 614 99
837 664 19
681 424 4
391 605 52
484 809 11
553 277 85
890 518 55
603 413 44
72 823 72
923 702 64
614 820 52
59 433 91
593 188 24
53 588 97
311 852 45
913 805 85
161 479 30
924 679 97
315 502 80
175 130 66
762 975 7
872 12 87
898 933 59
893 351 78
232 718 62
264 509 63
991 521 99
861 635 50
442 127 50
4 682 68
101 549 33
330 75 17
73 466 20
100 485 34
784 379 49
465 335 47
82 257 56
850 271 36
614 229 98
175 111 33
212 67 48
32 968 61
771 619 90
529 333 77
992 39 11
935 52 10
855 674 93
133 90 88
113 510 4
82 104 62
209 9 98
776 667 66
778 212 78
374 535 1
797 693 60
322 314 58
561 956 54
299 823 100
981 632 42
242 763 44
99 740 78
446 371 7
39 168 37
791 610 65
119 569 93
167 77 84
930 960 71
40 329 8
390 884 75
815 601 62
671 944 39
646 487 22
989 728 22
645 417 99
291 213 77
597 764 79
292 338 9
379 11 89
427 404 42
624 988 89
469 209 26
981 891 71
491 496 60
430 95 96
382 205 95
311 589 31
344 289 63
468 910 99
273 888 51
327 958 43
172 669 72
17 614 83
679 879 36
857 313 38
684 461 22
12 419 40
188 460 1
906 970 90
431 966 97
885 140 1
587 641 21
68 790 28
783 578 12
700 912 66
194 49 62
103 985 13
882 91 96
178 342 69
105 830 19
692 793 21
150 973 66
349 323 85
341 945 67
864 466 7
812 650 16
120 789 1
64 51 20
916 656 91
854 225 26
547 327 96
537 496 22
393 811 49
773 790 15
477 463 79
774 431 34
252 633 33
50 77 61
497 152 15
830 811 36
420 281 77
840 954 6
849 396 96
370 567 29
165 911 94
750 868 7
864 714 70
527 624 91
14 312 75
574 91 51
259 489 56
456 451 21
15 755 83
451 878 96
681 260 55
682 960 95
119 663 74
871 128 83
381 360 59
600 737 16
3 535 27
230 538 75
532 528 64
411 303 27
540 998 19
71 186 5
576 217 69
971 120 98
122 654 57
880 270 22
392 972 41
142 178 11
1 112 86
573 715 79
690 366 55
977 700 44
935 150 67
465 265 68
570 832 45
458 556 60
517 267 86
645 651 99
188 49 7
886 424 57
15 252 32
954 368 49
375 331 98
181 303 25
265 832 13
614 511 92
153 231 62
121 155 1
576 507 83
998 42 70
419 308 47
876 791 79
467 15 57
816 791 31
559 149 36
226 85 47
729 424 88
288 970 18
926 762 80
990 643 78
781 295 44
244 594 22
348 136 33
551 756 61
453 705 22
680 201 30
859 330 68
681 546 35
400 212 44
374 57 28
454 88 80
830 387 86
383 219 2
64 457 74
25 211 58
393 506 7
840 226 59
792 323 81
516 207 70
335 93 14
621 74 92
992 299 66
626 542 83
765 511 85
717 806 32
16 306 19
667 654 71
375 937 99
224 665 47
956 250 21
80 863 41
321 374 99
270 157 30
516 360 80
988 432 79
468 71 99
872 425 64
604 890 6
341 842 47
648 896 41
272 16 92
591 828 2
980 1 33
616 235 19
330 191 96
653 333 6
565 313 41
149 396 59
193 661 54
721 849 26
49 89 89
78 665 43
616 945 63
217 296 26
415 100 80
605 306 68
470 642 2
861 733 49
417 134 53
289 114 67
991 613 31
531 634 69
581 637 79
586 755 78
382 248 42
678 672 91
784 385 67
779 899 73
285 59 91
581 130 14
659 967 55
811 494 11
310 121 51
594 161 35
369 34 10
541 571 39
95 101 17
801 85 92
381 756 85
822 906 22
71 263 64
208 684 77
533 947 67
716 233 89
489 638 40
387 89 43
625 75 50
31 275 70
473 438 78
552 801 56
649 277 47
475 575 48
385 388 13
820 385 46
530 603 60
895 935 87
777 890 16
270 174 4
100 261 74
278 706 91
986 649 53
81 826 14
576 155 88
630 721 74
642 859 57
940 722 21
419 309 10
240 39 36
599 575 8
738 286 50
322 28 57
64 278 54
95 718 17
215 173 73
842 810 29
411 714 75
567 404 98
678 272 77
158 991 6
345 240 42
684 165 9
204 244 70
855 917 59
394 69 18
47 285 7
455 941 30
849 233 85
735 924 1
505 539 25
793 401 27
718 603 88
668 435 66
535 445 94
346 107 84
862 758 16
321 483 11
218 71 61
94 558 59
380 51 87
336 659 76
721 294 16
763 883 75
167 245 23
728 128 75
440 397 89
210 252 53
373 921 85
639 617 18
751 682 22
427 716 60
227 734 99
514 559 82
695 722 12
615 250 16
139 835 40
935 284 14
732 488 11
258 752 76
45 721 21
140 791 88
742 180 48
797 49 46
609 328 41
158 316 17
640 661 44
550 92 13
915 112 78
72 56 75
525 711 9
58 837 57
613 84 18
903 20 91
31 698 51
926 734 82
120 828 23
569 327 31
218 217 40
327 559 63
684 172 97
258 930 47
570 233 74
588 950 93
83 748 1
666 29 59
563 487 77
186 367 90
545 248 52
91 94 76
321 175 2
371 110 3
811 137 83
173 801 6
726 656 80
837 670 38
669 874 67
213 514 33
363 150 74
620 298 42
542 613 44
761 276 55
974 627 26
935 309 30
161 359 83
717 586 62
613 178 83
376 342 47
193 419 20
178 732 93
614 762 21
481 145 69
120 897 63
136 0 26
18 542 39
799 691 4
695 984 44
454 691 36
521 292 98
174 162 80
600 955 50
413 194 96
749 823 28
481 381 68
374 434 25
558 430 6
473 696 75
52 765 82
158 824 60
237 896 33
108 481 48
596 750 29
611 592 11
297 396 6
507 2 100
101 178 80
982 961 38
426 200 52
414 146 62
551 213 15
291 611 86
933 999 20
318 764 15
23 793 38
600 110 11
352 946 18
78 373 63
417 423 31
556 656 22
918 688 41
959 192 46
270 522 86
239 571 90
455 971 15
786 449 55
278 956 95
153 884 48
83 537 52
491 225 81
410 670 88
126 527 35
334 339 21
565 800 30
624 117 47
653 217 86
334 931 96
972 520 79
400 139 53
853 778 40
340 729 18
531 584 83
665 425 72
61 881 56
371 171 8
965 958 53
435 553 63
907 666 63
546 302 21
296 755 51
803 866 56
794 488 97
113 71 9
268 339 9
310 751 96
140 783 10
659 561 52
411 167 72
978 487 38
425 106 43
493 871 88
395 887 34
10 338 89
196 271 87
38 146 85
908 863 29
596 899 58
790 813 59
786 669 90
325 552 58
967 292 100
402 116 77
849 243 50
838 387 38
613 532 6
941 506 69
870 645 22
711 426 92
939 248 43
613 358 41
440 11 52
125 631 33
800 564 46
881 817 80
533 553 34
73 657 29
717 366 56
621 56 7
169 530 29
901 282 71
673 797 2
681 755 21
265 110 32
695 215 58
884 189 9
603 444 4
849 118 62
311 292 45
420 120 71
119 973 73
893 569 35
533 998 46
3 976 3
49 823 19
199 647 7
136 237 59
426 567 74
971 624 89
237 945 51
113 926 87
815 129 33
632 982 73
708 160 7
632 35 6
168 293 73
921 183 18
511 65 10
443 920 86
343 76 91
355 944 90
6 118 47
310 24 78
908 543 52
832 74 12
110 920 39
934 940 16
692 33 87
989 366 49
43 572 98
615 17 79
947 811 37
193 10 24
689 876 99
819 965 62
160 994 19
735 565 22
637 846 74
414 181 4
959 321 64
763 847 97
540 276 42
246 977 57
582 811 87
746 953 56
675 631 55
242 3 44
40 255 21
884 186 12
254 679 31
260 360 48
420 299 10
323 42 27
673 752 54
365 444 73
634 456 83
547 427 55
641 975 96
367 839 21
426 911 65
174 177 84
560 150 99
658 518 16
927 923 41
565 998 33
579 140 5
371 586 71
274 384 4
246 820 58
275 417 80
165 288 16
194 707 98
974 361 24
601 773 61
87 560 39
914 506 68
268 403 53
862 882 19
944 544 11
950 271 63
979 816 28
653 692 84
253 944 36
272 191 17
856 483 89
701 296 23
823 4 36
342 99 97
758 694 60
401 274 20
252 356 98
169 862 11
809 906 13
997 755 17
214 54 98
329 52 47
352 204 43
301 824 21
766 774 38
712 565 64
835 387 2
909 802 97
946 173 4
223 45 53
344 91 9
436 479 59
728 522 57
330 196 55
654 958 69
206 932 66
146 43 70
66 911 56
501 104 37
22 170 18
866 564 40
703 924 21
847 668 38
182 573 62
27 411 27
653 710 100
677 937 36
4 808 89
235 66 47
953 472 29
340 382 96
91 696 12
539 726 52
944 159 62
372 715 68
761 924 27
816 45 31
1 433 36
82 241 11
62 470 18
530 124 27
914 642 15
703 537 30
593 758 55
205 99 55
318 804 6
537 395 91
188 58 57
588 692 57
532 660 44
833 387 73
841 790 22
288 734 39
757 626 42
553 297 97
470 186 10
351 45 58
111 867 19
929 504 34
849 67 24
421 935 40
954 986 96
431 837 31
363 365 8
396 568 83
558 81 85
316 995 97
508 153 35
742 185 36
4 581 51
99 555 31
504 231 92
541 628 22
840 650 15
904 855 9
675 216 18
844 189 64
926 78 4
486 462 21
313 199 67
940 839 77
360 696 43
238 981 12
783 870 90
5 438 39
234 277 42
570 716 26
109 311 28
850 46 61
432 145 83
726 24 21
675 433 94
646 236 28
693 384 98
734 962 94
234 529 11
9 148 34
702 398 73
339 674 44
336 632 17
121 580 28
483 507 73
315 441 100
338 431 30
869 211 90
265 836 10
46 346 95
36 128 19
34 746 42
325 194 67
184 716 29
581 248 96
684 21 19
738 543 96
986 862 44
167 641 33
969 172 14
601 418 72
850 317 94
539 601 70
143 421 91
854 174 78
352 64 38
621 447 24
790 557 81
956 719 88
22 404 57
291 747 24
444 532 95
114 823 55
638 1 7
323 652 22
911 971 38
727 838 35
313 92 58
516 648 22
677 536 89
835 234 62
262 633 71
541 177 93
464 931 3
512 140 31
678 459 75
186 115 64
227 500 10
103 433 20
126 479 44
887 732 57
683 681 29
339 673 58
927 447 35
659 329 6
571 493 25
295 651 33
832 960 46
182 679 32
651 509 4
863 183 42
893 743 94
856 780 32
921 392 31
356 247 84
384 44 6
308 809 68
984 565 83
436 554 54
295 197 20
430 364 51
666 901 45
260 934 87
854 644 11
20 131 73
676 35 24
997 791 88
591 297 23
257 478 39
873 372 4
318 895 63
652 164 74
845 2 82
628 476 59
852 537 25
785 17 56
619 857 46
232 567 81
899 179 97
813 634 95
764 335 9
529 160 66
733 79 44
494 445 37
308 872 61
876 185 71
626 655 18
733 63 37
330 404 24
553 888 94
54 723 18
550 548 78
481 370 5
730 7 42
988 279 66
609 365 69
470 459 27
565 344 70
649 767 89
895 184 36
840 951 13
637 214 79
37 699 15
205 917 8
459 726 8
511 959 71
878 476 76
312 933 29
220 730 84
276 689 72
869 383 80
770 346 15
774 204 27
685 328 57
107 203 94
902 291 28
520 421 40
202 959 39
335 491 78
295 855 77
435 393 38
729 747 21
912 377 76
8 227 76
888 625 39
817 576 46
831 799 19
647 784 1
596 253 90
493 171 62
420 65 84
705 19 55
112 525 100
292 280 60
975 27 19
64 361 74
752 321 66
346 581 21
529 445 85
51 234 31
442 527 16
465 595 100
250 388 34
386 471 51
26 190 10
876 685 58
428 192 87
793 694 4
8 982 62
865 93 58
780 111 100
215 531 28
682 241 24
497 437 95
856 444 17
661 265 69
445 871 72
33 375 41
927 784 10
814 370 93
708 702 23
245 656 51
164 32 6
646 121 56
929 666 56
930 796 69
332 320 60
198 494 86
945 194 75
161 730 21
46 508 55
124 466 94
927 966 26
973 269 4
411 946 25
997 129 95
857 670 56
701 861 13
831 874 29
59 547 32
83 991 92
422 404 14
393 969 31
984 460 19
251 864 38
390 799 39
834 262 31
44 469 27
873 53 6
924 889 67
219 886 68
717 582 14
552 940 86
899 101 35
347 111 54
704 811 73
216 896 81
52 399 15
188 598 76
619 90 4
514 396 7
584 356 74
601 316 56
483 404 82
429 953 23
230 455 26
953 939 86
395 145 72
29 612 94
285 526 66
537 655 79
592 314 10
481 995 97
400 672 64
153 885 14
423 204 78
766 971 30
358 21 41
944 905 17
159 9 3
237 908 24
821 422 98
920 58 88
156 456 11
410 683 56
606 243 36
52 57 94
639 186 58
198 112 48
908 491 20
18 743 15
885 378 58
683 246 23
309 423 89
557 298 89
746 326 100
133 999 49
533 746 83
109 990 43
374 17 26
33 114 49
140 298 86
845 588 61
873 453 79
407 673 50
609 40 5
892 872 100
417 181 56
120 21 15
936 661 91
661 543 85
577 751 71
449 264 62
221 688 68
512 104 48
454 645 50
557 381 65
185 612 36
719 337 65
499 519 68
681 968 45
144 241 88
1 284 56
591 590 55
972 556 37
723 394 39
201 319 8
852 772 23
249 180 61
15 687 22
471 518 88
538 443 26
284 72 90
744 861 76
164 997 3
900 89 93
286 798 98
615 558 13
373 622 89
55 453 89
315 481 95
697 849 6
843 534 52
301 789 29
179 389 58
0 983 47
290 486 80
863 490 45
39 363 77
994 168 58
631 472 9
495 946 81
291 340 23
389 129 76
946 72 72
865 741 44
499 581 48
757 110 27
559 890 25
979 977 50
796 936 42
1 151 90
785 311 13
311 189 23
211 317 56
213 787 91
314 899 9
102 464 15
748 862 23
398 219 17
947 510 96
416 990 22
807 720 19
631 211 10
340 925 32
558 956 26
789 206 73
135 185 43
909 135 83
415 163 15
871 656 28
785 80 55
656 680 66
938 94 64
318 364 100
449 678 87
730 130 22
325 78 58
276 676 25
763 234 32
192 145 58
954 328 8
820 95 19
494 464 82
13 774 49
937 55 15
977 375 80
282 490 87
86 488 60
26 758 71
190 388 57
531 814 90
768 256 81
240 879 27
937 338 41
107 568 70
790 207 70
926 995 22
13 255 36
297 281 77
262 427 23
819 709 79
84 929 75
756 693 6
250 837 26
938 628 100
762 125 88
613 852 20
964 262 59
745 908 98
808 594 90
850 11 1
965 36 48
596 798 39
127 889 40
301 271 44
291 527 13
273 805 91
9 464 32
424 174 85
589 311 26
817 258 13
488 182 66
950 121 85
175 387 25
638 973 95
397 211 60
59 241 54
490 142 8
187 34 90
468 7 40
816 136 52
687 559 100
671 395 44
624 115 97
102 831 76
463 221 74
28 128 98
279 378 17
25 426 73
131 831 70
125 456 14
531 822 15
921 139 80
583 200 99
411 96 61
285 160 87
210 72 29
875 509 53
510 408 82
309 753 30
913 305 84
884 253 73
331 669 51
798 14 26
903 618 5
460 322 79
569 309 52
643 654 89
527 402 23
66 201 52
907 345 27
672 280 96
412 485 14
466 507 66
665 103 79
253 711 92
147 669 46
13 38 21
17 682 45
764 252 84
683 292 73
931 895 56
760 696 5
596 371 13
273 963 39
122 160 26
97 813 53
618 720 84
701 515 46
376 522 93
516 36 70
856 47 24
709 848 59
139 198 59
49 888 11
473 524 75
758 804 34
736 379 93
934 446 22
173 103 5
343 246 75
143 626 56
415 184 97
38 734 4
61 831 75
591 24 36
650 894 22
70 696 99
309 616 88
183 336 68
619 763 29
429 917 87
780 150 25
278 948 10
357 210 66
238 742 92
22 78 96
427 344 54
189 898 86
997 702 76
86 970 12
787 715 97
74 707 92
79 741 41
335 646 37
350 506 28
360 577 79
933 974 4
584 769 45
722 222 97
653 930 69
762 685 53
26 204 90
545 338 77
744 895 76
789 650 20
394 599 61
332 40 1
761 200 10
113 396 85
103 258 84
284 550 96
690 379 69
9 841 29
132 119 66
102 575 8
30 593 21
189 267 37
72 862 36
424 27 92
553 497 22
398 287 76
910 73 51
89 269 66
598 486 21
790 74 92
20 388 96
596 724 51
799 981 99
831 931 92
736 254 70
772 336 27
104 208 58
944 576 2
952 965 45
149 690 82
574 275 18
350 592 22
540 585 50
348 513 66
163 15 47
64 605 10
489 418 49
888 190 25
320 574 42
768 593 29
863 409 16
523 15 14
449 25 44
152 551 63
833 73 81
189 100 34
933 77 12
191 634 92
672 19 68
653 265 39
330 672 55
588 199 23
20 847 57
