4000 20000
0 1 38
1 2 80
2 3 96
3 4 19
4 5 74
5 6 78
6 7 60
7 8 60
8 9 16
9 10 45
10 11 16
11 12 10
12 13 6
13 14 46
14 15 87
15 16 34
16 17 61
17 18 15
18 19 71
19 20 66
20 21 3
21 22 6
22 23 97
23 24 73
24 25 84
25 26 94
26 27 22
27 28 1
28 29 19
29 30 100
30 31 19
31 32 62
32 33 31
33 34 62
34 35 53
35 36 1
36 37 44
37 38 3
38 39 30
39 40 53
40 41 62
41 42 40
42 43 14
43 44 5
44 45 30
45 46 98
46 47 37
47 48 24
48 49 46
49 50 10
50 51 79
51 52 62
52 53 20
53 54 39
54 55 52
55 56 99
56 57 60
57 58 47
58 59 5
59 60 86
60 61 61
61 62 69
62 63 18
63 64 46
64 65 7
65 66 2
66 67 95
67 68 95
68 69 97
69 70 57
70 71 81
71 72 39
72 73 31
73 74 2
74 75 10
75 76 24
76 77 69
77 78 25
78 79 45
79 80 69
80 81 13
81 82 61
82 83 50
83 84 84
84 85 4
85 86 18
86 87 91
87 88 40
88 89 26
89 90 19
90 91 67
91 92 76
92 93 32
93 94 43
94 95 53
95 96 21
96 97 55
97 98 57
98 99 19
99 100 4
100 101 97
101 102 85
102 103 78
103 104 45
104 105 94
105 106 40
106 107 90
107 108 93
108 109 60
109 110 73
110 111 93
111 112 33
112 113 9
113 114 58
114 115 20
115 116 53
116 117 5
117 118 97
118 119 33
119 120 85
120 121 39
121 122 75
122 123 28
123 124 54
124 125 83
125 126 59
126 127 36
127 128 97
128 129 29
129 130 61
130 131 55
131 132 28
132 133 15
133 134 30
134 135 81
135 136 17
136 137 8
137 138 2
138 139 99
139 140 43
140 141 78
141 142 40
142 143 20
143 144 30
144 145 1
145 146 2
146 147 82
147 148 20
148 149 71
149 150 72
150 151 73
151 152 80
152 153 78
153 154 61
154 155 8
155 156 93
156 157 36
157 158 66
158 159 12
159 160 92
160 161 87
161 162 86
162 163 63
163 164 45
164 165 34
165 166 10
166 167 7
167 168 38
168 169 32
169 170 67
170 171 33
171 172 67
172 173 73
173 174 60
174 175 64
175 176 28
176 177 89
177 178 57
178 179 48
179 180 39
180 181 12
181 182 98
182 183 72
183 184 85
184 185 77
185 186 73
186 187 57
187 188 24
188 189 78
189 190 26
190 191 50
191 192 5
192 193 53
193 194 72
194 195 43
195 196 12
196 197 3
197 198 44
198 199 11
199 200 21
200 201 4
201 202 90
202 203 64
203 204 48
204 205 32
205 206 57
206 207 51
207 208 70
208 209 91
209 210 14
210 211 25
211 212 61
212 213 42
213 214 54
214 215 76
215 216 21
216 217 23
217 218 95
218 219 8
219 220 60
220 221 29
221 222 70
222 223 17
223 224 89
224 225 93
225 226 63
226 227 81
227 228 30
228 229 64
229 230 11
230 231 88
231 232 46
232 233 81
233 234 22
234 235 19
235 236 42
236 237 90
237 238 89
238 239 54
239 240 33
240 241 81
241 242 13
242 243 90
243 244 36
244 245 32
245 246 91
246 247 12
247 248 28
248 249 23
249 250 65
250 251 43
251 252 1
252 253 82
253 254 36
254 255 87
255 256 31
256 257 1
257 258 17
258 259 52
259 260 54
260 261 42
261 262 49
262 263 23
263 264 70
264 265 12
265 266 27
266 267 34
267 268 25
268 269 95
269 270 17
270 271 33
271 272 22
272 273 52
273 274 56
274 275 71
275 276 41
276 277 37
277 278 7
278 279 98
279 280 26
280 281 97
281 282 25
282 283 26
283 284 70
284 285 50
285 286 72
286 287 31
287 288 15
288 289 29
289 290 100
290 291 4
291 292 27
292 293 61
293 294 98
294 295 51
295 296 42
296 297 6
297 298 4
298 299 28
299 300 35
300 301 91
301 302 64
302 303 24
303 304 69
304 305 15
305 306 54
306 307 49
307 308 45
308 309 99
309 310 56
310 311 25
311 312 60
312 313 68
313 314 9
314 315 77
315 316 37
316 317 24
317 318 25
318 319 73
319 320 81
320 321 37
321 322 48
322 323 64
323 324 99
324 325 64
325 326 40
326 327 54
327 328 82
328 329 10
329 330 80
330 331 84
331 332 16
332 333 33
333 334 51
334 335 19
335 336 70
336 337 5
337 338 86
338 339 60
339 340 33
340 341 68
341 342 23
342 343 2
343 344 72
344 345 52
345 346 81
346 347 23
347 348 35
348 349 65
349 350 10
350 351 18
351 352 95
352 353 70
353 354 40
354 355 39
355 356 52
356 357 94
357 358 84
358 359 14
359 360 68
360 361 35
361 362 74
362 363 12
363 364 21
364 365 93
365 366 55
366 367 88
367 368 70
368 369 26
369 370 23
370 371 66
371 372 18
372 373 82
373 374 99
374 375 56
375 376 52
376 377 53
377 378 27
378 379 25
379 380 100
380 381 10
381 382 97
382 383 90
383 384 56
384 385 91
385 386 89
386 387 64
387 388 19
388 389 34
389 390 28
390 391 35
391 392 71
392 393 73
393 394 85
394 395 90
395 396 86
396 397 89
397 398 41
398 399 78
399 400 89
400 401 65
401 402 86
402 403 9
403 404 94
404 405 17
405 406 79
406 407 90
407 408 67
408 409 61
409 410 59
410 411 1
411 412 38
412 413 11
413 414 95
414 415 67
415 416 98
416 417 1
417 418 29
418 419 17
419 420 31
420 421 55
421 422 49
422 423 70
423 424 45
424 425 66
425 426 100
426 427 23
427 428 18
428 429 72
429 430 2
430 431 24
431 432 50
432 433 33
433 434 18
434 435 75
435 436 37
436 437 65
437 438 75
438 439 85
439 440 73
440 441 66
441 442 31
442 443 57
443 444 55
444 445 10
445 446 51
446 447 37
447 448 64
448 449 27
449 450 26
450 451 25
451 452 59
452 453 98
453 454 98
454 455 40
455 456 49
456 457 90
457 458 91
458 459 64
459 460 44
460 461 80
461 462 36
462 463 51
463 464 65
464 465 58
465 466 67
466 467 50
467 468 87
468 469 20
469 470 24
470 471 73
471 472 50
472 473 29
473 474 58
474 475 3
475 476 77
476 477 65
477 478 5
478 479 18
479 480 100
480 481 95
481 482 47
482 483 96
483 484 28
484 485 92
485 486 89
486 487 38
487 488 75
488 489 2
489 490 96
490 491 93
491 492 34
492 493 43
493 494 56
494 495 97
495 496 58
496 497 97
497 498 99
498 499 86
499 500 8
500 501 30
501 502 31
502 503 39
503 504 20
504 505 86
505 506 27
506 507 32
507 508 49
508 509 17
509 510 38
510 511 56
511 512 40
512 513 94
513 514 85
514 515 70
515 516 94
516 517 58
517 518 8
518 519 10
519 520 21
520 521 62
521 522 68
522 523 100
523 524 36
524 525 15
525 526 26
526 527 52
527 528 30
528 529 88
529 530 33
530 531 75
531 532 85
532 533 70
533 534 14
534 535 71
535 536 71
536 537 36
537 538 56
538 539 30
539 540 30
540 541 81
541 542 42
542 543 82
543 544 26
544 545 87
545 546 62
546 547 92
547 548 9
548 549 52
549 550 1
550 551 51
551 552 63
552 553 80
553 554 20
554 555 65
555 556 8
556 557 71
557 558 40
558 559 80
559 560 6
560 561 90
561 562 89
562 563 34
563 564 3
564 565 38
565 566 58
566 567 10
567 568 44
568 569 58
569 570 68
570 571 4
571 572 33
572 573 47
573 574 16
574 575 55
575 576 99
576 577 29
577 578 84
578 579 60
579 580 87
580 581 4
581 582 26
582 583 4
583 584 4
584 585 83
585 586 31
586 587 37
587 588 54
588 589 13
589 590 33
590 591 53
591 592 83
592 593 77
593 594 28
594 595 22
595 596 97
596 597 63
597 598 46
598 599 9
599 600 85
600 601 6
601 602 20
602 603 54
603 604 42
604 605 55
605 606 70
606 607 64
607 608 14
608 609 73
609 610 14
610 611 98
611 612 97
612 613 52
613 614 72
614 615 33
615 616 5
616 617 80
617 618 40
618 619 28
619 620 44
620 621 44
621 622 75
622 623 8
623 624 26
624 625 3
625 626 19
626 627 97
627 628 9
628 629 84
629 630 43
630 631 70
631 632 69
632 633 41
633 634 6
634 635 18
635 636 92
636 637 16
637 638 45
638 639 26
639 640 24
640 641 55
641 642 10
642 643 72
643 644 19
644 645 67
645 646 94
646 647 28
647 648 64
648 649 96
649 650 52
650 651 74
651 652 66
652 653 56
653 654 44
654 655 62
655 656 74
656 657 42
657 658 5
658 659 25
659 660 57
660 661 36
661 662 16
662 663 76
663 664 13
664 665 2
665 666 35
666 667 12
667 668 10
668 669 5
669 670 10
670 671 5
671 672 32
672 673 86
673 674 98
674 675 71
675 676 18
676 677 48
677 678 2
678 679 10
679 680 77
680 681 50
681 682 81
682 683 48
683 684 35
684 685 18
685 686 47
686 687 44
687 688 65
688 689 40
689 690 5
690 691 62
691 692 95
692 693 64
693 694 89
694 695 5
695 696 27
696 697 38
697 698 2
698 699 63
699 700 94
700 701 51
701 702 51
702 703 86
703 704 54
704 705 66
705 706 69
706 707 17
707 708 62
708 709 8
709 710 95
710 711 65
711 712 95
712 713 3
713 714 87
714 715 59
715 716 64
716 717 95
717 718 81
718 719 58
719 720 68
720 721 39
721 722 58
722 723 65
723 724 13
724 725 46
725 726 82
726 727 55
727 728 83
728 729 95
729 730 63
730 731 39
731 732 83
732 733 97
733 734 66
734 735 91
735 736 21
736 737 20
737 738 28
738 739 7
739 740 22
740 741 11
741 742 38
742 743 2
743 744 4
744 745 10
745 746 62
746 747 69
747 748 34
748 749 8
749 750 66
750 751 32
751 752 39
752 753 85
753 754 69
754 755 3
755 756 35
756 757 82
757 758 27
758 759 29
759 760 50
760 761 12
761 762 70
762 763 70
763 764 35
764 765 63
765 766 94
766 767 88
767 768 4
768 769 74
769 770 42
770 771 81
771 772 97
772 773 29
773 774 55
774 775 18
775 776 43
776 777 76
777 778 57
778 779 81
779 780 58
780 781 100
781 782 74
782 783 42
783 784 13
784 785 38
785 786 26
786 787 78
787 788 59
788 789 35
789 790 87
790 791 94
791 792 57
792 793 86
793 794 24
794 795 43
795 796 68
796 797 76
797 798 74
798 799 76
799 800 24
800 801 11
801 802 38
802 803 91
803 804 54
804 805 51
805 806 50
806 807 83
807 808 39
808 809 33
809 810 30
810 811 90
811 812 10
812 813 39
813 814 6
814 815 2
815 816 96
816 817 91
817 818 85
818 819 10
819 820 36
820 821 32
821 822 96
822 823 96
823 824 68
824 825 96
825 826 49
826 827 58
827 828 50
828 829 64
829 830 9
830 831 45
831 832 10
832 833 30
833 834 61
834 835 33
835 836 56
836 837 68
837 838 22
838 839 76
839 840 95
840 841 80
841 842 79
842 843 79
843 844 12
844 845 10
845 846 94
846 847 50
847 848 98
848 849 6
849 850 100
850 851 55
851 852 6
852 853 45
853 854 74
854 855 89
855 856 55
856 857 36
857 858 71
858 859 12
859 860 97
860 861 15
861 862 69
862 863 77
863 864 84
864 865 62
865 866 87
866 867 11
867 868 84
868 869 9
869 870 43
870 871 71
871 872 23
872 873 8
873 874 40
874 875 83
875 876 90
876 877 71
877 878 15
878 879 9
879 880 52
880 881 9
881 882 24
882 883 99
883 884 59
884 885 38
885 886 87
886 887 38
887 888 89
888 889 82
889 890 24
890 891 95
891 892 91
892 893 99
893 894 60
894 895 76
895 896 36
896 897 38
897 898 71
898 899 9
899 900 49
900 901 78
901 902 38
902 903 56
903 904 71
904 905 43
905 906 25
906 907 91
907 908 34
908 909 12
909 910 44
910 911 50
911 912 26
912 913 2
913 914 41
914 915 47
915 916 58
916 917 6
917 918 75
918 919 12
919 920 77
920 921 12
921 922 83
922 923 65
923 924 75
924 925 75
925 926 69
926 927 59
927 928 24
928 929 97
929 930 41
930 931 38
931 932 48
932 933 29
933 934 9
934 935 87
935 936 53
936 937 23
937 938 44
938 939 97
939 940 81
940 941 2
941 942 98
942 943 97
943 944 56
944 945 5
945 946 33
946 947 90
947 948 5
948 949 53
949 950 93
950 951 100
951 952 92
952 953 8
953 954 26
954 955 56
955 956 70
956 957 97
957 958 8
958 959 53
959 960 17
960 961 63
961 962 22
962 963 70
963 964 30
964 965 46
965 966 100
966 967 63
967 968 70
968 969 59
969 970 39
970 971 91
971 972 74
972 973 5
973 974 92
974 975 29
975 976 96
976 977 96
977 978 6
978 979 90
979 980 40
980 981 46
981 982 11
982 983 63
983 984 34
984 985 28
985 986 17
986 987 19
987 988 65
988 989 47
989 990 39
990 991 36
991 992 23
992 993 59
993 994 27
994 995 8
995 996 37
996 997 98
997 998 26
998 999 99
999 1000 46
1000 1001 70
1001 1002 4
1002 1003 54
1003 1004 28
1004 1005 31
1005 1006 42
1006 1007 82
1007 1008 61
1008 1009 69
1009 1010 28
1010 1011 17
1011 1012 14
1012 1013 92
1013 1014 8
1014 1015 83
1015 1016 95
1016 1017 95
1017 1018 42
1018 1019 73
1019 1020 59
1020 1021 62
1021 1022 92
1022 1023 42
1023 1024 9
1024 1025 94
1025 1026 88
1026 1027 87
1027 1028 56
1028 1029 5
1029 1030 17
1030 1031 3
1031 1032 42
1032 1033 38
1033 1034 78
1034 1035 82
1035 1036 49
1036 1037 99
1037 1038 99
1038 1039 16
1039 1040 38
1040 1041 60
1041 1042 75
1042 1043 39
1043 1044 40
1044 1045 97
1045 1046 83
1046 1047 85
1047 1048 57
1048 1049 84
1049 1050 7
1050 1051 47
1051 1052 4
1052 1053 42
1053 1054 14
1054 1055 28
1055 1056 2
1056 1057 6
1057 1058 8
1058 1059 87
1059 1060 70
1060 1061 82
1061 1062 54
1062 1063 100
1063 1064 75
1064 1065 100
1065 1066 92
1066 1067 56
1067 1068 59
1068 1069 77
1069 1070 73
1070 1071 95
1071 1072 76
1072 1073 85
1073 1074 38
1074 1075 25
1075 1076 25
1076 1077 46
1077 1078 21
1078 1079 13
1079 1080 26
1080 1081 96
1081 1082 28
1082 1083 61
1083 1084 21
1084 1085 23
1085 1086 88
1086 1087 68
1087 1088 76
1088 1089 62
1089 1090 5
1090 1091 36
1091 1092 27
1092 1093 12
1093 1094 3
1094 1095 68
1095 1096 50
1096 1097 53
1097 1098 48
1098 1099 78
1099 1100 84
1100 1101 53
1101 1102 31
1102 1103 86
1103 1104 82
1104 1105 56
1105 1106 97
1106 1107 57
1107 1108 9
1108 1109 88
1109 1110 80
1110 1111 41
1111 1112 59
1112 1113 14
1113 1114 49
1114 1115 3
1115 1116 43
1116 1117 76
1117 1118 79
1118 1119 63
1119 1120 64
1120 1121 71
1121 1122 81
1122 1123 22
1123 1124 91
1124 1125 14
1125 1126 62
1126 1127 2
1127 1128 99
1128 1129 36
1129 1130 61
1130 1131 59
1131 1132 64
1132 1133 40
1133 1134 56
1134 1135 44
1135 1136 10
1136 1137 91
1137 1138 73
1138 1139 35
1139 1140 55
1140 1141 52
1141 1142 46
1142 1143 79
1143 1144 92
1144 1145 40
1145 1146 30
1146 1147 63
1147 1148 53
1148 1149 87
1149 1150 70
1150 1151 95
1151 1152 80
1152 1153 15
1153 1154 46
1154 1155 93
1155 1156 85
1156 1157 50
1157 1158 77
1158 1159 26
1159 1160 7
1160 1161 46
1161 1162 5
1162 1163 99
1163 1164 63
1164 1165 50
1165 1166 35
1166 1167 33
1167 1168 21
1168 1169 64
1169 1170 58
1170 1171 25
1171 1172 35
1172 1173 8
1173 1174 54
1174 1175 13
1175 1176 47
1176 1177 13
1177 1178 59
1178 1179 16
1179 1180 41
1180 1181 14
1181 1182 70
1182 1183 65
1183 1184 19
1184 1185 19
1185 1186 70
1186 1187 35
1187 1188 42
1188 1189 90
1189 1190 88
1190 1191 48
1191 1192 52
1192 1193 67
1193 1194 98
1194 1195 18
1195 1196 61
1196 1197 20
1197 1198 23
1198 1199 5
1199 1200 83
1200 1201 17
1201 1202 35
1202 1203 28
1203 1204 35
1204 1205 18
1205 1206 4
1206 1207 9
1207 1208 55
1208 1209 13
1209 1210 54
1210 1211 47
1211 1212 36
1212 1213 21
1213 1214 90
1214 1215 37
1215 1216 13
1216 1217 51
1217 1218 34
1218 1219 70
1219 1220 33
1220 1221 4
1221 1222 10
1222 1223 80
1223 1224 49
1224 1225 63
1225 1226 69
1226 1227 9
1227 1228 52
1228 1229 88
1229 1230 16
1230 1231 93
1231 1232 38
1232 1233 7
1233 1234 1
1234 1235 28
1235 1236 87
1236 1237 81
1237 1238 9
1238 1239 75
1239 1240 60
1240 1241 19
1241 1242 99
1242 1243 21
1243 1244 54
1244 1245 38
1245 1246 93
1246 1247 49
1247 1248 24
1248 1249 62
1249 1250 76
1250 1251 37
1251 1252 54
1252 1253 47
1253 1254 73
1254 1255 75
1255 1256 7
1256 1257 4
1257 1258 15
1258 1259 26
1259 1260 14
1260 1261 72
1261 1262 69
1262 1263 90
1263 1264 85
1264 1265 52
1265 1266 75
1266 1267 54
1267 1268 4
1268 1269 11
1269 1270 87
1270 1271 45
1271 1272 36
1272 1273 54
1273 1274 40
1274 1275 25
1275 1276 11
1276 1277 27
1277 1278 74
1278 1279 38
1279 1280 19
1280 1281 3
1281 1282 57
1282 1283 33
1283 1284 85
1284 1285 22
1285 1286 9
1286 1287 33
1287 1288 54
1288 1289 12
1289 1290 24
1290 1291 90
1291 1292 35
1292 1293 60
1293 1294 48
1294 1295 68
1295 1296 36
1296 1297 79
1297 1298 65
1298 1299 50
1299 1300 48
1300 1301 9
1301 1302 59
1302 1303 54
1303 1304 74
1304 1305 59
1305 1306 56
1306 1307 75
1307 1308 59
1308 1309 44
1309 1310 57
1310 1311 13
1311 1312 38
1312 1313 29
1313 1314 34
1314 1315 37
1315 1316 90
1316 1317 65
1317 1318 61
1318 1319 58
1319 1320 25
1320 1321 36
1321 1322 50
1322 1323 99
1323 1324 34
1324 1325 61
1325 1326 94
1326 1327 24
1327 1328 1
1328 1329 11
1329 1330 23
1330 1331 16
1331 1332 37
1332 1333 25
1333 1334 49
1334 1335 17
1335 1336 86
1336 1337 19
1337 1338 9
1338 1339 29
1339 1340 81
1340 1341 18
1341 1342 6
1342 1343 90
1343 1344 85
1344 1345 9
1345 1346 6
1346 1347 53
1347 1348 2
1348 1349 42
1349 1350 70
1350 1351 99
1351 1352 100
1352 1353 12
1353 1354 90
1354 1355 40
1355 1356 58
1356 1357 97
1357 1358 92
1358 1359 87
1359 1360 1
1360 1361 82
1361 1362 98
1362 1363 26
1363 1364 50
1364 1365 18
1365 1366 73
1366 1367 67
1367 1368 83
1368 1369 93
1369 1370 72
1370 1371 56
1371 1372 54
1372 1373 58
1373 1374 48
1374 1375 28
1375 1376 84
1376 1377 77
1377 1378 21
1378 1379 19
1379 1380 97
1380 1381 33
1381 1382 72
1382 1383 43
1383 1384 20
1384 1385 51
1385 1386 74
1386 1387 25
1387 1388 53
1388 1389 12
1389 1390 71
1390 1391 62
1391 1392 77
1392 1393 29
1393 1394 9
1394 1395 59
1395 1396 51
1396 1397 16
1397 1398 94
1398 1399 49
1399 1400 33
1400 1401 54
1401 1402 60
1402 1403 6
1403 1404 37
1404 1405 34
1405 1406 46
1406 1407 14
1407 1408 55
1408 1409 7
1409 1410 55
1410 1411 99
1411 1412 21
1412 1413 33
1413 1414 69
1414 1415 81
1415 1416 9
1416 1417 26
1417 1418 14
1418 1419 69
1419 1420 1
1420 1421 77
1421 1422 12
1422 1423 60
1423 1424 48
1424 1425 48
1425 1426 61
1426 1427 42
1427 1428 80
1428 1429 35
1429 1430 11
1430 1431 93
1431 1432 86
1432 1433 84
1433 1434 75
1434 1435 97
1435 1436 41
1436 1437 13
1437 1438 94
1438 1439 74
1439 1440 100
1440 1441 94
1441 1442 21
1442 1443 19
1443 1444 38
1444 1445 7
1445 1446 93
1446 1447 75
1447 1448 73
1448 1449 58
1449 1450 5
1450 1451 85
1451 1452 79
1452 1453 14
1453 1454 83
1454 1455 80
1455 1456 76
1456 1457 21
1457 1458 80
1458 1459 17
1459 1460 83
1460 1461 17
1461 1462 19
1462 1463 82
1463 1464 24
1464 1465 67
1465 1466 64
1466 1467 53
1467 1468 91
1468 1469 36
1469 1470 32
1470 1471 88
1471 1472 59
1472 1473 40
1473 1474 69
1474 1475 82
1475 1476 46
1476 1477 44
1477 1478 72
1478 1479 38
1479 1480 90
1480 1481 47
1481 1482 63
1482 1483 31
1483 1484 54
1484 1485 75
1485 1486 44
1486 1487 51
1487 1488 58
1488 1489 24
1489 1490 36
1490 1491 90
1491 1492 40
1492 1493 39
1493 1494 54
1494 1495 55
1495 1496 7
1496 1497 91
1497 1498 23
1498 1499 63
1499 1500 55
1500 1501 12
1501 1502 44
1502 1503 94
1503 1504 34
1504 1505 63
1505 1506 74
1506 1507 34
1507 1508 70
1508 1509 14
1509 1510 17
1510 1511 80
1511 1512 88
1512 1513 63
1513 1514 50
1514 1515 54
1515 1516 75
1516 1517 90
1517 1518 58
1518 1519 79
1519 1520 100
1520 1521 16
1521 1522 76
1522 1523 32
1523 1524 71
1524 1525 25
1525 1526 78
1526 1527 75
1527 1528 15
1528 1529 4
1529 1530 21
1530 1531 57
1531 1532 72
1532 1533 77
1533 1534 50
1534 1535 88
1535 1536 76
1536 1537 35
1537 1538 11
1538 1539 83
1539 1540 54
1540 1541 12
1541 1542 38
1542 1543 85
1543 1544 46
1544 1545 13
1545 1546 61
1546 1547 40
1547 1548 51
1548 1549 80
1549 1550 54
1550 1551 15
1551 1552 49
1552 1553 23
1553 1554 41
1554 1555 73
1555 1556 78
1556 1557 73
1557 1558 2
1558 1559 65
1559 1560 60
1560 1561 70
1561 1562 57
1562 1563 55
1563 1564 72
1564 1565 26
1565 1566 60
1566 1567 35
1567 1568 83
1568 1569 19
1569 1570 96
1570 1571 91
1571 1572 35
1572 1573 59
1573 1574 23
1574 1575 41
1575 1576 43
1576 1577 47
1577 1578 29
1578 1579 95
1579 1580 62
1580 1581 16
1581 1582 92
1582 1583 59
1583 1584 14
1584 1585 51
1585 1586 11
1586 1587 62
1587 1588 26
1588 1589 2
1589 1590 73
1590 1591 88
1591 1592 60
1592 1593 94
1593 1594 11
1594 1595 57
1595 1596 92
1596 1597 70
1597 1598 80
1598 1599 93
1599 1600 3
1600 1601 71
1601 1602 66
1602 1603 16
1603 1604 78
1604 1605 58
1605 1606 38
1606 1607 61
1607 1608 7
1608 1609 43
1609 1610 8
1610 1611 74
1611 1612 11
1612 1613 94
1613 1614 85
1614 1615 93
1615 1616 92
1616 1617 46
1617 1618 13
1618 1619 12
1619 1620 24
1620 1621 99
1621 1622 17
1622 1623 84
1623 1624 19
1624 1625 13
1625 1626 84
1626 1627 93
1627 1628 34
1628 1629 87
1629 1630 32
1630 1631 52
1631 1632 23
1632 1633 60
1633 1634 61
1634 1635 40
1635 1636 38
1636 1637 6
1637 1638 75
1638 1639 34
1639 1640 21
1640 1641 81
1641 1642 79
1642 1643 1
1643 1644 61
1644 1645 34
1645 1646 12
1646 1647 40
1647 1648 42
1648 1649 54
1649 1650 87
1650 1651 92
1651 1652 93
1652 1653 35
1653 1654 47
1654 1655 35
1655 1656 49
1656 1657 74
1657 1658 92
1658 1659 46
1659 1660 59
1660 1661 23
1661 1662 4
1662 1663 46
1663 1664 92
1664 1665 15
1665 1666 25
1666 1667 18
1667 1668 58
1668 1669 50
1669 1670 17
1670 1671 42
1671 1672 4
1672 1673 92
1673 1674 32
1674 1675 37
1675 1676 79
1676 1677 59
1677 1678 28
1678 1679 64
1679 1680 23
1680 1681 2
1681 1682 22
1682 1683 67
1683 1684 52
1684 1685 18
1685 1686 98
1686 1687 97
1687 1688 46
1688 1689 15
1689 1690 56
1690 1691 42
1691 1692 87
1692 1693 9
1693 1694 54
1694 1695 100
1695 1696 19
1696 1697 51
1697 1698 30
1698 1699 60
1699 1700 31
1700 1701 7
1701 1702 40
1702 1703 75
1703 1704 43
1704 1705 21
1705 1706 80
1706 1707 90
1707 1708 35
1708 1709 21
1709 1710 47
1710 1711 20
1711 1712 63
1712 1713 4
1713 1714 38
1714 1715 48
1715 1716 84
1716 1717 57
1717 1718 59
1718 1719 7
1719 1720 30
1720 1721 78
1721 1722 72
1722 1723 46
1723 1724 53
1724 1725 53
1725 1726 54
1726 1727 45
1727 1728 49
1728 1729 41
1729 1730 50
1730 1731 56
1731 1732 77
1732 1733 16
1733 1734 11
1734 1735 19
1735 1736 34
1736 1737 87
1737 1738 8
1738 1739 95
1739 1740 76
1740 1741 38
1741 1742 28
1742 1743 28
1743 1744 90
1744 1745 65
1745 1746 53
1746 1747 41
1747 1748 81
1748 1749 3
1749 1750 98
1750 1751 16
1751 1752 84
1752 1753 72
1753 1754 87
1754 1755 66
1755 1756 41
1756 1757 3
1757 1758 56
1758 1759 23
1759 1760 26
1760 1761 24
1761 1762 20
1762 1763 68
1763 1764 51
1764 1765 2
1765 1766 60
1766 1767 11
1767 1768 34
1768 1769 80
1769 1770 57
1770 1771 18
1771 1772 89
1772 1773 66
1773 1774 56
1774 1775 24
1775 1776 73
1776 1777 10
1777 1778 81
1778 1779 25
1779 1780 99
1780 1781 73
1781 1782 61
1782 1783 86
1783 1784 81
1784 1785 84
1785 1786 97
1786 1787 40
1787 1788 95
1788 1789 67
1789 1790 15
1790 1791 21
1791 1792 41
1792 1793 30
1793 1794 33
1794 1795 90
1795 1796 9
1796 1797 2
1797 1798 64
1798 1799 9
1799 1800 74
1800 1801 21
1801 1802 85
1802 1803 3
1803 1804 13
1804 1805 19
1805 1806 88
1806 1807 59
1807 1808 65
1808 1809 43
1809 1810 71
1810 1811 90
1811 1812 92
1812 1813 82
1813 1814 63
1814 1815 35
1815 1816 34
1816 1817 26
1817 1818 83
1818 1819 38
1819 1820 37
1820 1821 60
1821 1822 4
1822 1823 27
1823 1824 84
1824 1825 63
1825 1826 35
1826 1827 41
1827 1828 78
1828 1829 56
1829 1830 37
1830 1831 44
1831 1832 87
1832 1833 30
1833 1834 22
1834 1835 95
1835 1836 98
1836 1837 77
1837 1838 78
1838 1839 15
1839 1840 12
1840 1841 87
1841 1842 57
1842 1843 49
1843 1844 99
1844 1845 90
1845 1846 48
1846 1847 80
1847 1848 19
1848 1849 43
1849 1850 49
1850 1851 3
1851 1852 52
1852 1853 27
1853 1854 75
1854 1855 55
1855 1856 70
1856 1857 64
1857 1858 41
1858 1859 26
1859 1860 22
1860 1861 14
1861 1862 65
1862 1863 84
1863 1864 43
1864 1865 99
1865 1866 14
1866 1867 53
1867 1868 91
1868 1869 18
1869 1870 70
1870 1871 28
1871 1872 69
1872 1873 2
1873 1874 83
1874 1875 92
1875 1876 53
1876 1877 12
1877 1878 82
1878 1879 58
1879 1880 50
1880 1881 28
1881 1882 7
1882 1883 56
1883 1884 41
1884 1885 66
1885 1886 50
1886 1887 83
1887 1888 73
1888 1889 21
1889 1890 11
1890 1891 2
1891 1892 15
1892 1893 14
1893 1894 27
1894 1895 91
1895 1896 27
1896 1897 88
1897 1898 74
1898 1899 60
1899 1900 26
1900 1901 61
1901 1902 64
1902 1903 67
1903 1904 50
1904 1905 18
1905 1906 58
1906 1907 92
1907 1908 84
1908 1909 42
1909 1910 41
1910 1911 39
1911 1912 78
1912 1913 52
1913 1914 43
1914 1915 5
1915 1916 36
1916 1917 17
1917 1918 96
1918 1919 74
1919 1920 19
1920 1921 9
1921 1922 10
1922 1923 61
1923 1924 78
1924 1925 25
1925 1926 7
1926 1927 39
1927 1928 84
1928 1929 29
1929 1930 44
1930 1931 36
1931 1932 92
1932 1933 72
1933 1934 73
1934 1935 30
1935 1936 62
1936 1937 57
1937 1938 95
1938 1939 48
1939 1940 40
1940 1941 67
1941 1942 96
1942 1943 94
1943 1944 14
1944 1945 74
1945 1946 49
1946 1947 22
1947 1948 27
1948 1949 4
1949 1950 54
1950 1951 27
1951 1952 17
1952 1953 60
1953 1954 85
1954 1955 6
1955 1956 85
1956 1957 50
1957 1958 96
1958 1959 60
1959 1960 16
1960 1961 34
1961 1962 63
1962 1963 78
1963 1964 48
1964 1965 11
1965 1966 35
1966 1967 8
1967 1968 36
1968 1969 73
1969 1970 42
1970 1971 50
1971 1972 71
1972 1973 69
1973 1974 60
1974 1975 44
1975 1976 46
1976 1977 25
1977 1978 8
1978 1979 82
1979 1980 8
1980 1981 80
1981 1982 1
1982 1983 70
1983 1984 97
1984 1985 28
1985 1986 1
1986 1987 60
1987 1988 11
1988 1989 37
1989 1990 32
1990 1991 10
1991 1992 81
1992 1993 92
1993 1994 97
1994 1995 14
1995 1996 80
1996 1997 96
1997 1998 70
1998 1999 45
1999 2000 53
2000 2001 19
2001 2002 9
2002 2003 55
2003 2004 96
2004 2005 88
2005 2006 76
2006 2007 74
2007 2008 64
2008 2009 81
2009 2010 76
2010 2011 66
2011 2012 73
2012 2013 70
2013 2014 64
2014 2015 85
2015 2016 99
2016 2017 25
2017 2018 91
2018 2019 49
2019 2020 65
2020 2021 23
2021 2022 70
2022 2023 99
2023 2024 6
2024 2025 95
2025 2026 67
2026 2027 4
2027 2028 5
2028 2029 71
2029 2030 59
2030 2031 93
2031 2032 100
2032 2033 19
2033 2034 56
2034 2035 57
2035 2036 48
2036 2037 92
2037 2038 32
2038 2039 4
2039 2040 13
2040 2041 70
2041 2042 74
2042 2043 30
2043 2044 20
2044 2045 93
2045 2046 12
2046 2047 98
2047 2048 43
2048 2049 95
2049 2050 80
2050 2051 48
2051 2052 75
2052 2053 87
2053 2054 6
2054 2055 85
2055 2056 46
2056 2057 32
2057 2058 53
2058 2059 83
2059 2060 65
2060 2061 4
2061 2062 66
2062 2063 60
2063 2064 37
2064 2065 24
2065 2066 57
2066 2067 13
2067 2068 49
2068 2069 8
2069 2070 89
2070 2071 70
2071 2072 54
2072 2073 34
2073 2074 45
2074 2075 73
2075 2076 41
2076 2077 7
2077 2078 58
2078 2079 32
2079 2080 81
2080 2081 54
2081 2082 54
2082 2083 80
2083 2084 67
2084 2085 32
2085 2086 74
2086 2087 63
2087 2088 53
2088 2089 89
2089 2090 43
2090 2091 62
2091 2092 88
2092 2093 24
2093 2094 42
2094 2095 3
2095 2096 47
2096 2097 88
2097 2098 100
2098 2099 3
2099 2100 1
2100 2101 88
2101 2102 19
2102 2103 53
2103 2104 39
2104 2105 94
2105 2106 94
2106 2107 80
2107 2108 8
2108 2109 100
2109 2110 1
2110 2111 36
2111 2112 6
2112 2113 77
2113 2114 9
2114 2115 41
2115 2116 4
2116 2117 48
2117 2118 48
2118 2119 63
2119 2120 59
2120 2121 88
2121 2122 28
2122 2123 99
2123 2124 40
2124 2125 77
2125 2126 10
2126 2127 42
2127 2128 34
2128 2129 43
2129 2130 53
2130 2131 74
2131 2132 74
2132 2133 24
2133 2134 1
2134 2135 12
2135 2136 47
2136 2137 36
2137 2138 30
2138 2139 29
2139 2140 86
2140 2141 30
2141 2142 72
2142 2143 24
2143 2144 59
2144 2145 5
2145 2146 28
2146 2147 2
2147 2148 92
2148 2149 99
2149 2150 5
2150 2151 43
2151 2152 11
2152 2153 39
2153 2154 40
2154 2155 68
2155 2156 13
2156 2157 22
2157 2158 96
2158 2159 95
2159 2160 80
2160 2161 79
2161 2162 26
2162 2163 9
2163 2164 59
2164 2165 42
2165 2166 99
2166 2167 88
2167 2168 89
2168 2169 95
2169 2170 61
2170 2171 47
2171 2172 91
2172 2173 62
2173 2174 99
2174 2175 17
2175 2176 75
2176 2177 100
2177 2178 7
2178 2179 24
2179 2180 41
2180 2181 95
2181 2182 84
2182 2183 65
2183 2184 24
2184 2185 61
2185 2186 84
2186 2187 52
2187 2188 13
2188 2189 24
2189 2190 5
2190 2191 18
2191 2192 39
2192 2193 23
2193 2194 4
2194 2195 19
2195 2196 96
2196 2197 78
2197 2198 83
2198 2199 36
2199 2200 81
2200 2201 6
2201 2202 63
2202 2203 97
2203 2204 22
2204 2205 89
2205 2206 52
2206 2207 93
2207 2208 60
2208 2209 100
2209 2210 53
2210 2211 18
2211 2212 27
2212 2213 40
2213 2214 52
2214 2215 76
2215 2216 50
2216 2217 70
2217 2218 100
2218 2219 16
2219 2220 90
2220 2221 82
2221 2222 47
2222 2223 23
2223 2224 63
2224 2225 23
2225 2226 75
2226 2227 54
2227 2228 4
2228 2229 60
2229 2230 90
2230 2231 59
2231 2232 87
2232 2233 10
2233 2234 46
2234 2235 88
2235 2236 40
2236 2237 27
2237 2238 28
2238 2239 13
2239 2240 48
2240 2241 89
2241 2242 5
2242 2243 96
2243 2244 86
2244 2245 87
2245 2246 4
2246 2247 81
2247 2248 33
2248 2249 66
2249 2250 94
2250 2251 56
2251 2252 74
2252 2253 9
2253 2254 29
2254 2255 41
2255 2256 26
2256 2257 38
2257 2258 1
2258 2259 26
2259 2260 70
2260 2261 73
2261 2262 5
2262 2263 50
2263 2264 54
2264 2265 9
2265 2266 97
2266 2267 23
2267 2268 11
2268 2269 69
2269 2270 90
2270 2271 8
2271 2272 100
2272 2273 86
2273 2274 7
2274 2275 50
2275 2276 89
2276 2277 49
2277 2278 52
2278 2279 60
2279 2280 91
2280 2281 83
2281 2282 58
2282 2283 35
2283 2284 67
2284 2285 68
2285 2286 55
2286 2287 57
2287 2288 87
2288 2289 27
2289 2290 74
2290 2291 88
2291 2292 53
2292 2293 80
2293 2294 87
2294 2295 66
2295 2296 25
2296 2297 86
2297 2298 16
2298 2299 87
2299 2300 17
2300 2301 71
2301 2302 34
2302 2303 84
2303 2304 24
2304 2305 70
2305 2306 94
2306 2307 69
2307 2308 11
2308 2309 62
2309 2310 70
2310 2311 76
2311 2312 19
2312 2313 16
2313 2314 89
2314 2315 89
2315 2316 97
2316 2317 88
2317 2318 47
2318 2319 3
2319 2320 88
2320 2321 83
2321 2322 1
2322 2323 13
2323 2324 82
2324 2325 34
2325 2326 23
2326 2327 75
2327 2328 91
2328 2329 17
2329 2330 1
2330 2331 82
2331 2332 56
2332 2333 84
2333 2334 76
2334 2335 51
2335 2336 26
2336 2337 1
2337 2338 20
2338 2339 29
2339 2340 9
2340 2341 62
2341 2342 33
2342 2343 99
2343 2344 56
2344 2345 64
2345 2346 12
2346 2347 26
2347 2348 38
2348 2349 64
2349 2350 1
2350 2351 54
2351 2352 82
2352 2353 78
2353 2354 13
2354 2355 11
2355 2356 29
2356 2357 77
2357 2358 2
2358 2359 55
2359 2360 44
2360 2361 97
2361 2362 85
2362 2363 35
2363 2364 40
2364 2365 64
2365 2366 18
2366 2367 94
2367 2368 76
2368 2369 11
2369 2370 79
2370 2371 94
2371 2372 18
2372 2373 69
2373 2374 78
2374 2375 7
2375 2376 95
2376 2377 31
2377 2378 17
2378 2379 71
2379 2380 78
2380 2381 7
2381 2382 71
2382 2383 59
2383 2384 48
2384 2385 35
2385 2386 6
2386 2387 63
2387 2388 8
2388 2389 5
2389 2390 86
2390 2391 88
2391 2392 100
2392 2393 98
2393 2394 68
2394 2395 97
2395 2396 45
2396 2397 75
2397 2398 65
2398 2399 14
2399 2400 60
2400 2401 76
2401 2402 39
2402 2403 3
2403 2404 7
2404 2405 3
2405 2406 83
2406 2407 33
2407 2408 38
2408 2409 49
2409 2410 82
2410 2411 78
2411 2412 26
2412 2413 69
2413 2414 1
2414 2415 45
2415 2416 16
2416 2417 28
2417 2418 47
2418 2419 100
2419 2420 95
2420 2421 43
2421 2422 11
2422 2423 46
2423 2424 86
2424 2425 17
2425 2426 53
2426 2427 80
2427 2428 83
2428 2429 70
2429 2430 30
2430 2431 23
2431 2432 84
2432 2433 9
2433 2434 78
2434 2435 69
2435 2436 24
2436 2437 66
2437 2438 14
2438 2439 28
2439 2440 87
2440 2441 96
2441 2442 97
2442 2443 16
2443 2444 4
2444 2445 44
2445 2446 74
2446 2447 95
2447 2448 91
2448 2449 42
2449 2450 86
2450 2451 64
2451 2452 97
2452 2453 40
2453 2454 77
2454 2455 28
2455 2456 45
2456 2457 99
2457 2458 32
2458 2459 41
2459 2460 33
2460 2461 90
2461 2462 73
2462 2463 23
2463 2464 75
2464 2465 22
2465 2466 21
2466 2467 4
2467 2468 87
2468 2469 66
2469 2470 72
2470 2471 37
2471 2472 57
2472 2473 87
2473 2474 48
2474 2475 48
2475 2476 55
2476 2477 97
2477 2478 16
2478 2479 19
2479 2480 21
2480 2481 87
2481 2482 10
2482 2483 78
2483 2484 16
2484 2485 78
2485 2486 46
2486 2487 85
2487 2488 54
2488 2489 77
2489 2490 2
2490 2491 63
2491 2492 80
2492 2493 14
2493 2494 30
2494 2495 4
2495 2496 92
2496 2497 93
2497 2498 97
2498 2499 62
2499 2500 19
2500 2501 80
2501 2502 47
2502 2503 49
2503 2504 1
2504 2505 12
2505 2506 60
2506 2507 13
2507 2508 61
2508 2509 69
2509 2510 25
2510 2511 44
2511 2512 56
2512 2513 21
2513 2514 23
2514 2515 50
2515 2516 17
2516 2517 7
2517 2518 66
2518 2519 59
2519 2520 33
2520 2521 27
2521 2522 60
2522 2523 80
2523 2524 44
2524 2525 32
2525 2526 99
2526 2527 46
2527 2528 15
2528 2529 2
2529 2530 47
2530 2531 8
2531 2532 69
2532 2533 40
2533 2534 40
2534 2535 48
2535 2536 98
2536 2537 61
2537 2538 73
2538 2539 30
2539 2540 66
2540 2541 70
2541 2542 76
2542 2543 87
2543 2544 96
2544 2545 78
2545 2546 91
2546 2547 4
2547 2548 73
2548 2549 49
2549 2550 75
2550 2551 11
2551 2552 15
2552 2553 25
2553 2554 11
2554 2555 99
2555 2556 58
2556 2557 15
2557 2558 2
2558 2559 50
2559 2560 49
2560 2561 62
2561 2562 22
2562 2563 71
2563 2564 35
2564 2565 56
2565 2566 78
2566 2567 1
2567 2568 95
2568 2569 33
2569 2570 8
2570 2571 52
2571 2572 54
2572 2573 9
2573 2574 89
2574 2575 36
2575 2576 9
2576 2577 4
2577 2578 83
2578 2579 8
2579 2580 36
2580 2581 40
2581 2582 33
2582 2583 14
2583 2584 98
2584 2585 57
2585 2586 21
2586 2587 69
2587 2588 70
2588 2589 81
2589 2590 83
2590 2591 21
2591 2592 5
2592 2593 17
2593 2594 68
2594 2595 11
2595 2596 96
2596 2597 64
2597 2598 13
2598 2599 71
2599 2600 90
2600 2601 4
2601 2602 60
2602 2603 94
2603 2604 62
2604 2605 6
2605 2606 62
2606 2607 55
2607 2608 30
2608 2609 71
2609 2610 94
2610 2611 88
2611 2612 95
2612 2613 72
2613 2614 63
2614 2615 81
2615 2616 79
2616 2617 34
2617 2618 62
2618 2619 82
2619 2620 49
2620 2621 9
2621 2622 67
2622 2623 90
2623 2624 56
2624 2625 55
2625 2626 60
2626 2627 82
2627 2628 79
2628 2629 46
2629 2630 49
2630 2631 65
2631 2632 5
2632 2633 53
2633 2634 17
2634 2635 74
2635 2636 44
2636 2637 9
2637 2638 73
2638 2639 7
2639 2640 60
2640 2641 25
2641 2642 66
2642 2643 16
2643 2644 48
2644 2645 88
2645 2646 62
2646 2647 22
2647 2648 33
2648 2649 98
2649 2650 48
2650 2651 34
2651 2652 75
2652 2653 19
2653 2654 88
2654 2655 79
2655 2656 44
2656 2657 66
2657 2658 5
2658 2659 50
2659 2660 17
2660 2661 56
2661 2662 3
2662 2663 72
2663 2664 66
2664 2665 23
2665 2666 34
2666 2667 100
2667 2668 55
2668 2669 98
2669 2670 50
2670 2671 66
2671 2672 9
2672 2673 20
2673 2674 41
2674 2675 69
2675 2676 23
2676 2677 8
2677 2678 42
2678 2679 4
2679 2680 21
2680 2681 26
2681 2682 85
2682 2683 47
2683 2684 18
2684 2685 87
2685 2686 97
2686 2687 73
2687 2688 42
2688 2689 75
2689 2690 85
2690 2691 43
2691 2692 63
2692 2693 35
2693 2694 74
2694 2695 38
2695 2696 77
2696 2697 99
2697 2698 51
2698 2699 5
2699 2700 55
2700 2701 87
2701 2702 52
2702 2703 58
2703 2704 59
2704 2705 44
2705 2706 3
2706 2707 73
2707 2708 40
2708 2709 49
2709 2710 61
2710 2711 88
2711 2712 60
2712 2713 91
2713 2714 80
2714 2715 43
2715 2716 66
2716 2717 28
2717 2718 100
2718 2719 60
2719 2720 29
2720 2721 92
2721 2722 36
2722 2723 22
2723 2724 39
2724 2725 63
2725 2726 47
2726 2727 64
2727 2728 84
2728 2729 74
2729 2730 24
2730 2731 14
2731 2732 78
2732 2733 72
2733 2734 41
2734 2735 91
2735 2736 61
2736 2737 18
2737 2738 64
2738 2739 24
2739 2740 38
2740 2741 98
2741 2742 52
2742 2743 19
2743 2744 42
2744 2745 86
2745 2746 7
2746 2747 50
2747 2748 44
2748 2749 25
2749 2750 10
2750 2751 88
2751 2752 41
2752 2753 45
2753 2754 60
2754 2755 52
2755 2756 58
2756 2757 36
2757 2758 67
2758 2759 60
2759 2760 10
2760 2761 17
2761 2762 66
2762 2763 40
2763 2764 32
2764 2765 97
2765 2766 40
2766 2767 26
2767 2768 86
2768 2769 66
2769 2770 1
2770 2771 33
2771 2772 59
2772 2773 78
2773 2774 60
2774 2775 14
2775 2776 40
2776 2777 97
2777 2778 24
2778 2779 46
2779 2780 24
2780 2781 24
2781 2782 89
2782 2783 8
2783 2784 45
2784 2785 17
2785 2786 34
2786 2787 52
2787 2788 45
2788 2789 34
2789 2790 67
2790 2791 83
2791 2792 15
2792 2793 44
2793 2794 45
2794 2795 25
2795 2796 59
2796 2797 62
2797 2798 95
2798 2799 71
2799 2800 26
2800 2801 17
2801 2802 36
2802 2803 17
2803 2804 38
2804 2805 4
2805 2806 61
2806 2807 74
2807 2808 36
2808 2809 67
2809 2810 54
2810 2811 48
2811 2812 79
2812 2813 85
2813 2814 71
2814 2815 81
2815 2816 45
2816 2817 59
2817 2818 87
2818 2819 87
2819 2820 56
2820 2821 21
2821 2822 54
2822 2823 12
2823 2824 4
2824 2825 27
2825 2826 99
2826 2827 6
2827 2828 13
2828 2829 54
2829 2830 24
2830 2831 94
2831 2832 6
2832 2833 4
2833 2834 65
2834 2835 13
2835 2836 23
2836 2837 46
2837 2838 19
2838 2839 94
2839 2840 9
2840 2841 32
2841 2842 11
2842 2843 51
2843 2844 59
2844 2845 5
2845 2846 69
2846 2847 15
2847 2848 40
2848 2849 99
2849 2850 48
2850 2851 97
2851 2852 69
2852 2853 1
2853 2854 2
2854 2855 96
2855 2856 33
2856 2857 64
2857 2858 98
2858 2859 87
2859 2860 59
2860 2861 46
2861 2862 26
2862 2863 52
2863 2864 53
2864 2865 49
2865 2866 35
2866 2867 67
2867 2868 54
2868 2869 14
2869 2870 13
2870 2871 3
2871 2872 14
2872 2873 31
2873 2874 15
2874 2875 71
2875 2876 94
2876 2877 21
2877 2878 74
2878 2879 68
2879 2880 17
2880 2881 97
2881 2882 19
2882 2883 10
2883 2884 74
2884 2885 68
2885 2886 16
2886 2887 45
2887 2888 24
2888 2889 87
2889 2890 97
2890 2891 18
2891 2892 26
2892 2893 70
2893 2894 67
2894 2895 84
2895 2896 98
2896 2897 95
2897 2898 38
2898 2899 69
2899 2900 2
2900 2901 50
2901 2902 25
2902 2903 62
2903 2904 84
2904 2905 87
2905 2906 87
2906 2907 58
2907 2908 77
2908 2909 4
2909 2910 12
2910 2911 94
2911 2912 80
2912 2913 69
2913 2914 92
2914 2915 68
2915 2916 61
2916 2917 22
2917 2918 95
2918 2919 66
2919 2920 83
2920 2921 40
2921 2922 67
2922 2923 66
2923 2924 58
2924 2925 11
2925 2926 35
2926 2927 66
2927 2928 16
2928 2929 100
2929 2930 61
2930 2931 5
2931 2932 32
2932 2933 98
2933 2934 87
2934 2935 41
2935 2936 100
2936 2937 88
2937 2938 76
2938 2939 79
2939 2940 10
2940 2941 57
2941 2942 29
2942 2943 74
2943 2944 11
2944 2945 88
2945 2946 66
2946 2947 41
2947 2948 77
2948 2949 33
2949 2950 93
2950 2951 67
2951 2952 44
2952 2953 81
2953 2954 91
2954 2955 77
2955 2956 88
2956 2957 80
2957 2958 32
2958 2959 44
2959 2960 87
2960 2961 82
2961 2962 38
2962 2963 13
2963 2964 30
2964 2965 55
2965 2966 65
2966 2967 1
2967 2968 33
2968 2969 33
2969 2970 64
2970 2971 37
2971 2972 61
2972 2973 40
2973 2974 57
2974 2975 70
2975 2976 39
2976 2977 39
2977 2978 55
2978 2979 45
2979 2980 60
2980 2981 24
2981 2982 55
2982 2983 38
2983 2984 45
2984 2985 23
2985 2986 2
2986 2987 8
2987 2988 59
2988 2989 61
2989 2990 17
2990 2991 67
2991 2992 65
2992 2993 62
2993 2994 76
2994 2995 47
2995 2996 51
2996 2997 38
2997 2998 55
2998 2999 87
2999 3000 96
3000 3001 52
3001 3002 85
3002 3003 48
3003 3004 92
3004 3005 3
3005 3006 82
3006 3007 35
3007 3008 11
3008 3009 39
3009 3010 15
3010 3011 40
3011 3012 53
3012 3013 59
3013 3014 25
3014 3015 54
3015 3016 48
3016 3017 61
3017 3018 40
3018 3019 77
3019 3020 55
3020 3021 82
3021 3022 75
3022 3023 72
3023 3024 72
3024 3025 96
3025 3026 53
3026 3027 2
3027 3028 83
3028 3029 20
3029 3030 44
3030 3031 1
3031 3032 90
3032 3033 65
3033 3034 8
3034 3035 90
3035 3036 96
3036 3037 25
3037 3038 66
3038 3039 93
3039 3040 39
3040 3041 7
3041 3042 20
3042 3043 94
3043 3044 48
3044 3045 36
3045 3046 20
3046 3047 11
3047 3048 17
3048 3049 49
3049 3050 62
3050 3051 26
3051 3052 53
3052 3053 29
3053 3054 68
3054 3055 31
3055 3056 93
3056 3057 81
3057 3058 54
3058 3059 54
3059 3060 59
3060 3061 32
3061 3062 9
3062 3063 62
3063 3064 72
3064 3065 72
3065 3066 40
3066 3067 28
3067 3068 98
3068 3069 42
3069 3070 83
3070 3071 13
3071 3072 53
3072 3073 19
3073 3074 13
3074 3075 69
3075 3076 86
3076 3077 19
3077 3078 80
3078 3079 53
3079 3080 19
3080 3081 71
3081 3082 30
3082 3083 11
3083 3084 80
3084 3085 57
3085 3086 19
3086 3087 26
3087 3088 92
3088 3089 97
3089 3090 43
3090 3091 49
3091 3092 9
3092 3093 81
3093 3094 82
3094 3095 56
3095 3096 38
3096 3097 5
3097 3098 53
3098 3099 64
3099 3100 12
3100 3101 96
3101 3102 1
3102 3103 61
3103 3104 64
3104 3105 82
3105 3106 52
3106 3107 89
3107 3108 60
3108 3109 23
3109 3110 80
3110 3111 22
3111 3112 65
3112 3113 62
3113 3114 18
3114 3115 42
3115 3116 37
3116 3117 84
3117 3118 91
3118 3119 91
3119 3120 77
3120 3121 36
3121 3122 56
3122 3123 24
3123 3124 26
3124 3125 79
3125 3126 31
3126 3127 28
3127 3128 74
3128 3129 83
3129 3130 86
3130 3131 43
3131 3132 68
3132 3133 67
3133 3134 81
3134 3135 10
3135 3136 77
3136 3137 63
3137 3138 15
3138 3139 46
3139 3140 43
3140 3141 59
3141 3142 16
3142 3143 17
3143 3144 24
3144 3145 74
3145 3146 87
3146 3147 87
3147 3148 48
3148 3149 22
3149 3150 54
3150 3151 10
3151 3152 18
3152 3153 3
3153 3154 32
3154 3155 65
3155 3156 24
3156 3157 61
3157 3158 21
3158 3159 55
3159 3160 64
3160 3161 24
3161 3162 26
3162 3163 40
3163 3164 64
3164 3165 60
3165 3166 6
3166 3167 50
3167 3168 15
3168 3169 99
3169 3170 28
3170 3171 14
3171 3172 60
3172 3173 70
3173 3174 68
3174 3175 41
3175 3176 45
3176 3177 43
3177 3178 45
3178 3179 72
3179 3180 73
3180 3181 70
3181 3182 2
3182 3183 100
3183 3184 35
3184 3185 13
3185 3186 82
3186 3187 11
3187 3188 61
3188 3189 73
3189 3190 34
3190 3191 58
3191 3192 91
3192 3193 28
3193 3194 78
3194 3195 8
3195 3196 27
3196 3197 9
3197 3198 65
3198 3199 90
3199 3200 60
3200 3201 20
3201 3202 41
3202 3203 33
3203 3204 37
3204 3205 23
3205 3206 35
3206 3207 36
3207 3208 62
3208 3209 7
3209 3210 45
3210 3211 52
3211 3212 84
3212 3213 7
3213 3214 67
3214 3215 81
3215 3216 7
3216 3217 24
3217 3218 65
3218 3219 55
3219 3220 28
3220 3221 89
3221 3222 60
3222 3223 66
3223 3224 69
3224 3225 54
3225 3226 24
3226 3227 33
3227 3228 46
3228 3229 34
3229 3230 20
3230 3231 67
3231 3232 6
3232 3233 100
3233 3234 38
3234 3235 67
3235 3236 37
3236 3237 56
3237 3238 100
3238 3239 74
3239 3240 45
3240 3241 47
3241 3242 34
3242 3243 7
3243 3244 59
3244 3245 57
3245 3246 9
3246 3247 96
3247 3248 97
3248 3249 18
3249 3250 64
3250 3251 70
3251 3252 76
3252 3253 21
3253 3254 18
3254 3255 54
3255 3256 41
3256 3257 10
3257 3258 43
3258 3259 46
3259 3260 83
3260 3261 76
3261 3262 1
3262 3263 35
3263 3264 31
3264 3265 67
3265 3266 99
3266 3267 80
3267 3268 48
3268 3269 93
3269 3270 39
3270 3271 24
3271 3272 12
3272 3273 40
3273 3274 98
3274 3275 16
3275 3276 3
3276 3277 100
3277 3278 74
3278 3279 93
3279 3280 77
3280 3281 54
3281 3282 25
3282 3283 85
3283 3284 68
3284 3285 53
3285 3286 10
3286 3287 63
3287 3288 26
3288 3289 9
3289 3290 79
3290 3291 76
3291 3292 87
3292 3293 13
3293 3294 61
3294 3295 83
3295 3296 51
3296 3297 79
3297 3298 16
3298 3299 71
3299 3300 7
3300 3301 4
3301 3302 12
3302 3303 31
3303 3304 23
3304 3305 27
3305 3306 35
3306 3307 37
3307 3308 39
3308 3309 9
3309 3310 35
3310 3311 94
3311 3312 24
3312 3313 56
3313 3314 51
3314 3315 31
3315 3316 83
3316 3317 40
3317 3318 28
3318 3319 45
3319 3320 95
3320 3321 61
3321 3322 88
3322 3323 52
3323 3324 17
3324 3325 92
3325 3326 79
3326 3327 50
3327 3328 58
3328 3329 100
3329 3330 57
3330 3331 86
3331 3332 40
3332 3333 21
3333 3334 51
3334 3335 94
3335 3336 40
3336 3337 12
3337 3338 54
3338 3339 82
3339 3340 63
3340 3341 39
3341 3342 68
3342 3343 88
3343 3344 54
3344 3345 87
3345 3346 73
3346 3347 81
3347 3348 15
3348 3349 80
3349 3350 22
3350 3351 31
3351 3352 82
3352 3353 9
3353 3354 33
3354 3355 41
3355 3356 3
3356 3357 18
3357 3358 16
3358 3359 70
3359 3360 23
3360 3361 35
3361 3362 96
3362 3363 98
3363 3364 58
3364 3365 65
3365 3366 94
3366 3367 83
3367 3368 58
3368 3369 14
3369 3370 48
3370 3371 87
3371 3372 32
3372 3373 93
3373 3374 61
3374 3375 49
3375 3376 14
3376 3377 61
3377 3378 90
3378 3379 77
3379 3380 83
3380 3381 18
3381 3382 32
3382 3383 51
3383 3384 96
3384 3385 40
3385 3386 83
3386 3387 15
3387 3388 67
3388 3389 37
3389 3390 13
3390 3391 7
3391 3392 48
3392 3393 3
3393 3394 51
3394 3395 14
3395 3396 24
3396 3397 97
3397 3398 8
3398 3399 55
3399 3400 78
3400 3401 97
3401 3402 13
3402 3403 44
3403 3404 60
3404 3405 32
3405 3406 94
3406 3407 51
3407 3408 88
3408 3409 44
3409 3410 28
3410 3411 11
3411 3412 86
3412 3413 65
3413 3414 1
3414 3415 22
3415 3416 2
3416 3417 62
3417 3418 61
3418 3419 66
3419 3420 37
3420 3421 16
3421 3422 39
3422 3423 7
3423 3424 57
3424 3425 79
3425 3426 20
3426 3427 46
3427 3428 22
3428 3429 6
3429 3430 49
3430 3431 100
3431 3432 76
3432 3433 6
3433 3434 62
3434 3435 70
3435 3436 30
3436 3437 99
3437 3438 44
3438 3439 24
3439 3440 18
3440 3441 15
3441 3442 8
3442 3443 13
3443 3444 79
3444 3445 31
3445 3446 27
3446 3447 11
3447 3448 18
3448 3449 70
3449 3450 70
3450 3451 7
3451 3452 62
3452 3453 51
3453 3454 64
3454 3455 100
3455 3456 23
3456 3457 82
3457 3458 24
3458 3459 62
3459 3460 23
3460 3461 31
3461 3462 18
3462 3463 63
3463 3464 66
3464 3465 53
3465 3466 85
3466 3467 43
3467 3468 73
3468 3469 14
3469 3470 80
3470 3471 89
3471 3472 41
3472 3473 45
3473 3474 66
3474 3475 20
3475 3476 36
3476 3477 37
3477 3478 53
3478 3479 42
3479 3480 49
3480 3481 83
3481 3482 18
3482 3483 74
3483 3484 39
3484 3485 77
3485 3486 97
3486 3487 2
3487 3488 25
3488 3489 42
3489 3490 14
3490 3491 49
3491 3492 42
3492 3493 2
3493 3494 80
3494 3495 26
3495 3496 59
3496 3497 77
3497 3498 69
3498 3499 14
3499 3500 19
3500 3501 54
3501 3502 62
3502 3503 22
3503 3504 33
3504 3505 2
3505 3506 84
3506 3507 25
3507 3508 63
3508 3509 98
3509 3510 20
3510 3511 81
3511 3512 7
3512 3513 96
3513 3514 5
3514 3515 49
3515 3516 38
3516 3517 11
3517 3518 27
3518 3519 55
3519 3520 65
3520 3521 46
3521 3522 50
3522 3523 85
3523 3524 27
3524 3525 10
3525 3526 15
3526 3527 49
3527 3528 13
3528 3529 16
3529 3530 87
3530 3531 33
3531 3532 25
3532 3533 74
3533 3534 66
3534 3535 48
3535 3536 82
3536 3537 38
3537 3538 62
3538 3539 40
3539 3540 86
3540 3541 46
3541 3542 40
3542 3543 79
3543 3544 96
3544 3545 90
3545 3546 14
3546 3547 96
3547 3548 11
3548 3549 79
3549 3550 66
3550 3551 32
3551 3552 95
3552 3553 69
3553 3554 81
3554 3555 44
3555 3556 8
3556 3557 26
3557 3558 28
3558 3559 85
3559 3560 94
3560 3561 4
3561 3562 26
3562 3563 91
3563 3564 79
3564 3565 47
3565 3566 83
3566 3567 64
3567 3568 50
3568 3569 66
3569 3570 39
3570 3571 90
3571 3572 46
3572 3573 64
3573 3574 23
3574 3575 62
3575 3576 89
3576 3577 7
3577 3578 46
3578 3579 52
3579 3580 89
3580 3581 16
3581 3582 11
3582 3583 74
3583 3584 99
3584 3585 52
3585 3586 45
3586 3587 69
3587 3588 5
3588 3589 5
3589 3590 4
3590 3591 9
3591 3592 75
3592 3593 72
3593 3594 66
3594 3595 8
3595 3596 81
3596 3597 8
3597 3598 11
3598 3599 2
3599 3600 4
3600 3601 96
3601 3602 51
3602 3603 74
3603 3604 39
3604 3605 36
3605 3606 47
3606 3607 30
3607 3608 100
3608 3609 35
3609 3610 98
3610 3611 78
3611 3612 95
3612 3613 67
3613 3614 79
3614 3615 19
3615 3616 36
3616 3617 18
3617 3618 42
3618 3619 10
3619 3620 55
3620 3621 67
3621 3622 84
3622 3623 77
3623 3624 7
3624 3625 27
3625 3626 43
3626 3627 3
3627 3628 9
3628 3629 9
3629 3630 52
3630 3631 97
3631 3632 90
3632 3633 30
3633 3634 79
3634 3635 77
3635 3636 23
3636 3637 63
3637 3638 98
3638 3639 39
3639 3640 67
3640 3641 21
3641 3642 2
3642 3643 13
3643 3644 26
3644 3645 62
3645 3646 27
3646 3647 78
3647 3648 7
3648 3649 65
3649 3650 96
3650 3651 54
3651 3652 48
3652 3653 5
3653 3654 90
3654 3655 97
3655 3656 33
3656 3657 80
3657 3658 13
3658 3659 30
3659 3660 48
3660 3661 98
3661 3662 12
3662 3663 61
3663 3664 49
3664 3665 59
3665 3666 93
3666 3667 75
3667 3668 53
3668 3669 82
3669 3670 62
3670 3671 66
3671 3672 16
3672 3673 13
3673 3674 5
3674 3675 34
3675 3676 12
3676 3677 93
3677 3678 60
3678 3679 23
3679 3680 10
3680 3681 38
3681 3682 38
3682 3683 44
3683 3684 56
3684 3685 44
3685 3686 39
3686 3687 62
3687 3688 17
3688 3689 95
3689 3690 28
3690 3691 25
3691 3692 93
3692 3693 13
3693 3694 68
3694 3695 20
3695 3696 50
3696 3697 89
3697 3698 2
3698 3699 65
3699 3700 100
3700 3701 29
3701 3702 68
3702 3703 82
3703 3704 32
3704 3705 87
3705 3706 88
3706 3707 85
3707 3708 26
3708 3709 92
3709 3710 55
3710 3711 26
3711 3712 64
3712 3713 76
3713 3714 23
3714 3715 47
3715 3716 98
3716 3717 85
3717 3718 75
3718 3719 73
3719 3720 56
3720 3721 78
3721 3722 19
3722 3723 66
3723 3724 6
3724 3725 18
3725 3726 33
3726 3727 55
3727 3728 76
3728 3729 99
3729 3730 27
3730 3731 94
3731 3732 54
3732 3733 5
3733 3734 73
3734 3735 17
3735 3736 11
3736 3737 14
3737 3738 69
3738 3739 73
3739 3740 10
3740 3741 82
3741 3742 97
3742 3743 22
3743 3744 49
3744 3745 51
3745 3746 16
3746 3747 85
3747 3748 35
3748 3749 74
3749 3750 42
3750 3751 55
3751 3752 76
3752 3753 60
3753 3754 75
3754 3755 51
3755 3756 62
3756 3757 30
3757 3758 11
3758 3759 57
3759 3760 16
3760 3761 69
3761 3762 10
3762 3763 88
3763 3764 58
3764 3765 64
3765 3766 88
3766 3767 77
3767 3768 44
3768 3769 17
3769 3770 17
3770 3771 47
3771 3772 56
3772 3773 1
3773 3774 82
3774 3775 25
3775 3776 75
3776 3777 73
3777 3778 89
3778 3779 100
3779 3780 28
3780 3781 10
3781 3782 20
3782 3783 41
3783 3784 88
3784 3785 81
3785 3786 66
3786 3787 21
3787 3788 32
3788 3789 56
3789 3790 75
3790 3791 74
3791 3792 82
3792 3793 62
3793 3794 62
3794 3795 19
3795 3796 69
3796 3797 36
3797 3798 38
3798 3799 79
3799 3800 54
3800 3801 56
3801 3802 53
3802 3803 1
3803 3804 85
3804 3805 77
3805 3806 84
3806 3807 4
3807 3808 84
3808 3809 75
3809 3810 2
3810 3811 21
3811 3812 75
3812 3813 96
3813 3814 76
3814 3815 37
3815 3816 68
3816 3817 33
3817 3818 76
3818 3819 15
3819 3820 85
3820 3821 31
3821 3822 48
3822 3823 88
3823 3824 51
3824 3825 100
3825 3826 13
3826 3827 37
3827 3828 39
3828 3829 45
3829 3830 65
3830 3831 73
3831 3832 79
3832 3833 89
3833 3834 22
3834 3835 60
3835 3836 14
3836 3837 40
3837 3838 67
3838 3839 42
3839 3840 1
3840 3841 70
3841 3842 18
3842 3843 1
3843 3844 3
3844 3845 62
3845 3846 17
3846 3847 36
3847 3848 19
3848 3849 80
3849 3850 39
3850 3851 10
3851 3852 41
3852 3853 59
3853 3854 88
3854 3855 49
3855 3856 52
3856 3857 65
3857 3858 73
3858 3859 7
3859 3860 11
3860 3861 58
3861 3862 23
3862 3863 57
3863 3864 71
3864 3865 57
3865 3866 6
3866 3867 61
3867 3868 49
3868 3869 68
3869 3870 60
3870 3871 81
3871 3872 61
3872 3873 27
3873 3874 3
3874 3875 83
3875 3876 33
3876 3877 50
3877 3878 64
3878 3879 8
3879 3880 15
3880 3881 6
3881 3882 70
3882 3883 34
3883 3884 75
3884 3885 79
3885 3886 99
3886 3887 71
3887 3888 21
3888 3889 79
3889 3890 83
3890 3891 52
3891 3892 53
3892 3893 45
3893 3894 38
3894 3895 15
3895 3896 13
3896 3897 33
3897 3898 74
3898 3899 44
3899 3900 24
3900 3901 9
3901 3902 38
3902 3903 23
3903 3904 7
3904 3905 60
3905 3906 81
3906 3907 74
3907 3908 77
3908 3909 100
3909 3910 74
3910 3911 94
3911 3912 30
3912 3913 65
3913 3914 18
3914 3915 43
3915 3916 64
3916 3917 64
3917 3918 50
3918 3919 79
3919 3920 18
3920 3921 12
3921 3922 69
3922 3923 41
3923 3924 100
3924 3925 84
3925 3926 75
3926 3927 39
3927 3928 74
3928 3929 58
3929 3930 96
3930 3931 59
3931 3932 21
3932 3933 19
3933 3934 57
3934 3935 37
3935 3936 98
3936 3937 34
3937 3938 17
3938 3939 3
3939 3940 71
3940 3941 3
3941 3942 59
3942 3943 84
3943 3944 59
3944 3945 28
3945 3946 70
3946 3947 52
3947 3948 93
3948 3949 30
3949 3950 79
3950 3951 95
3951 3952 6
3952 3953 26
3953 3954 86
3954 3955 43
3955 3956 23
3956 3957 88
3957 3958 38
3958 3959 85
3959 3960 47
3960 3961 19
3961 3962 49
3962 3963 81
3963 3964 44
3964 3965 46
3965 3966 94
3966 3967 49
3967 3968 71
3968 3969 14
3969 3970 64
3970 3971 9
3971 3972 5
3972 3973 73
3973 3974 91
3974 3975 50
3975 3976 91
3976 3977 44
3977 3978 79
3978 3979 73
3979 3980 1
3980 3981 77
3981 3982 6
3982 3983 16
3983 3984 23
3984 3985 62
3985 3986 14
3986 3987 14
3987 3988 40
3988 3989 76
3989 3990 93
3990 3991 66
3991 3992 48
3992 3993 96
3993 3994 2
3994 3995 7
3995 3996 29
3996 3997 6
3997 3998 5
3998 3999 29
145 1046 28
987 1102 91
3148 998 98
1087 1484 76
1715 1798 85
3106 1072 7
625 1950 86
134 186 7
2478 3625 57
556 1383 54
1260 1644 78
1389 345 90
947 87 74
2655 2193 97
511 2240 89
3747 1573 6
3311 1675 79
1040 2497 74
1977 3925 98
1026 579 66
2900 792 20
2261 1353 47
1234 3888 95
2434 3869 35
732 456 3
604 2880 23
1671 1003 9
3402 2735 57
2180 2093 99
459 909 87
1615 2891 55
270 3166 71
2195 2174 62
326 904 46
3387 1938 43
663 563 95
2656 3399 22
2676 390 47
3447 1647 47
2603 2997 55
1162 249 79
2050 447 81
1423 1836 98
207 3175 79
1989 805 34
1034 3488 17
2179 1320 76
3027 3016 52
71 819 13
3511 2638 88
646 3482 26
955 3786 46
2240 3939 76
3088 2231 3
2210 260 10
1855 1374 91
1129 2154 40
1991 3193 11
1487 2627 46
3288 1589 39
373 3102 45
3857 782 21
746 2093 10
1148 1426 80
3029 2310 28
2538 1249 80
2570 1583 20
3660 3587 54
2080 631 45
2783 2231 80
664 1267 62
3428 1452 91
3588 1107 17
3934 2028 15
2392 808 4
736 1454 90
2930 2617 83
608 1252 45
3194 2461 97
333 3427 89
470 3214 74
2020 1278 97
3953 1671 49
3936 489 67
2900 2538 33
663 3988 89
3919 1709 66
648 519 2
2747 2239 10
2109 117 72
3291 3561 21
317 1516 74
3893 749 34
3432 1185 82
3672 2163 12
2840 3038 32
3952 1884 91
3286 2606 46
1256 1431 26
1976 3277 83
3519 1340 53
695 977 72
451 3303 9
402 2876 24
1680 567 91
1391 2958 46
765 2995 62
2604 1742 63
2308 1409 74
3365 3224 48
3374 3916 26
2536 124 13
2957 2704 11
1300 1259 69
15 278 69
699 668 86
2621 908 100
3348 290 28
308 2571 35
2776 3465 52
862 1221 37
850 274 4
3052 1215 41
2612 3036 94
3614 3484 24
3064 3229 79
236 2659 90
1041 2603 91
3496 2682 1
2241 676 12
1559 1788 38
1841 906 87
1526 2186 13
1521 1651 98
3209 442 48
1690 72 5
1685 2959 3
3672 3864 29
509 3433 71
1168 3891 92
3304 3015 70
3219 3357 2
3927 3851 63
2906 2236 31
2512 3317 54
1126 2540 88
1799 450 22
2814 480 55
273 386 27
967 184 2
2268 1875 29
1205 3298 60
296 1188 23
1199 2920 75
2395 192 7
3611 3508 86
3509 2671 34
2372 1361 90
3956 741 63
315 2125 24
3352 3178 29
138 1716 59
1071 3981 79
3422 2293 53
2635 254 26
3325 880 60
1953 459 74
375 2100 91
130 2676 87
3317 258 88
3823 2287 3
2069 2777 44
328 1267 92
1738 1857 78
550 2407 35
3570 659 45
682 2428 95
2525 1780 60
3155 2810 64
949 2705 52
526 416 24
1538 3147 49
3883 2608 27
3802 1086 61
1891 2974 99
2025 1075 64
1627 283 90
1017 11 37
159 1889 61
182 3629 15
955 1107 47
3886 1801 34
1891 1928 63
784 1878 62
1789 1122 48
827 2363 52
2148 22 86
30 197 22
3333 146 85
432 1139 34
1851 3210 44
2288 874 52
1587 1173 5
3727 1111 40
3266 348 29
2468 3272 12
2126 1380 88
2029 2299 88
118 1974 68
2809 179 100
1802 525 93
1098 660 40
1559 1687 73
1644 3529 91
2683 2856 26
2431 2698 31
1186 3295 72
3820 3816 83
2885 6 87
2545 8 6
2870 1030 83
238 162 61
3486 2746 26
457 2661 39
3201 1824 67
1476 369 13
2385 1675 55
3004 3601 8
1616 320 33
1419 2999 95
1650 2674 65
2714 2585 37
3552 2374 60
40 2008 64
555 3653 12
2450 617 88
687 2895 64
482 2963 91
2119 265 83
2135 3965 15
3280 46 70
1688 2129 30
1795 1944 9
2308 1597 5
3640 492 81
2234 864 35
1866 2916 82
2609 269 85
1549 2769 86
1719 1615 68
310 1101 55
1225 3446 79
2361 1785 23
3193 1536 83
1800 3430 58
3666 3037 44
395 1275 89
2328 49 38
1480 2404 3
2822 1571 69
2103 1498 52
667 662 44
2582 570 5
3560 3047 35
3786 617 34
101 2068 65
1515 2547 1
1362 1543 8
3166 1638 60
1244 405 68
3388 2423 54
1458 3366 22
2320 3952 56
1816 421 69
669 562 98
1942 913 3
3909 2021 54
3856 543 39
397 155 21
123 3702 39
1656 640 40
93 1252 76
588 1834 49
1156 520 91
3341 464 38
3823 1499 32
1896 3553 45
2411 3979 83
2181 3936 9
1153 2427 97
606 1557 4
1542 3882 35
3094 2165 99
616 1911 56
2129 2166 17
3047 987 84
3354 1761 36
1209 3307 26
2836 778 18
230 2029 35
2709 1080 24
3865 3322 56
2179 1389 17
2321 2331 14
3998 1776 16
2504 3267 49
829 1607 79
3975 2938 89
1201 2493 33
2277 3170 63
1845 805 74
1580 591 4
3410 1902 72
2172 3627 23
529 3856 60
3637 2396 73
1413 2133 46
3479 151 14
2983 3162 55
499 230 80
2723 1103 47
3508 137 95
3878 595 95
1850 2051 99
374 1933 76
3454 1967 59
1209 1501 50
1143 2089 21
2250 3047 45
1546 2423 52
3674 1969 37
2309 2902 87
3577 3922 46
1630 1773 83
2408 3058 60
2294 3226 96
1905 801 100
437 237 86
12 1756 65
3387 1193 90
961 249 32
3533 1024 45
123 2041 98
2506 882 93
2936 76 77
1907 3717 69
122 2890 88
2770 2108 14
2530 1197 65
1434 3279 81
1333 1115 74
842 2114 96
3173 35 100
3991 802 68
3978 3313 9
1178 9 2
176 2951 35
3336 2531 75
276 571 1
3013 3748 77
3287 2634 81
3064 3537 85
2800 2454 11
354 1596 49
2892 310 29
1630 2749 41
97 264 31
1395 2196 12
2528 3232 58
3790 2791 8
24 3820 11
2090 3475 30
2726 307 12
2002 3368 80
968 2828 48
200 580 8
2840 1611 67
1181 844 24
3453 1124 41
3213 1170 93
609 1620 27
3624 88 33
2333 1905 85
904 2195 65
877 3915 4
2413 858 36
1664 2591 76
491 751 89
2879 2012 87
1797 1815 59
3285 2499 56
287 2548 69
2105 967 47
2855 938 83
1212 3215 29
2210 2253 53
479 571 92
3101 2882 28
1605 1986 16
1137 3527 14
3295 2518 73
217 1086 75
1609 1270 11
0 756 52
3132 187 72
1104 2373 71
3582 250 59
3357 1867 1
1361 987 95
2963 330 32
3723 407 83
1440 519 28
2259 3370 87
1253 2287 79
3628 3567 95
1735 1689 91
3745 3856 68
357 464 69
169 1975 57
1550 3720 64
3376 2815 68
17 556 17
1016 2852 88
2665 731 97
1113 3044 13
3803 2704 71
3775 1192 27
421 1901 79
2537 2576 100
192 419 37
1994 3827 39
2001 3463 44
1903 1830 12
835 2537 37
3083 1479 1
209 3435 77
744 1666 56
3288 1663 86
2878 847 38
2629 3479 48
2921 3520 65
862 3184 68
3016 2431 4
1181 1578 14
3723 2606 13
2954 2948 32
3898 2579 6
1580 2728 72
1872 796 58
3560 341 29
172 1471 67
232 3293 12
3128 2063 55
1070 399 84
2752 58 25
1516 3644 34
3353 77 71
497 3795 42
125 1971 74
1617 1320 54
3624 2380 27
39 2899 47
3510 3853 5
2076 1590 68
3049 1247 46
3095 1069 78
879 2085 14
3904 3428 13
2301 67 8
3080 1530 81
1470 480 19
1062 1742 2
1328 1173 35
3092 2956 52
893 1392 65
1486 2282 1
2272 1199 67
2585 2193 98
3517 3388 68
94 2187 90
3319 3132 61
3121 1164 46
828 1592 16
1211 3597 7
2840 912 94
986 2413 49
1893 2989 6
1895 2686 6
2328 3831 100
3770 956 79
2122 3965 66
2177 2578 97
2245 302 78
1462 819 23
2902 783 62
563 3584 63
3388 3125 32
2313 1104 15
3926 3244 53
2543 3625 39
655 2696 65
1039 3239 35
3789 3669 34
1162 2899 47
2155 3560 7
2830 2759 7
2760 589 94
31 1989 64
921 1790 5
537 1662 96
1207 2118 77
967 1417 51
3796 2718 97
304 2483 28
3714 3227 77
1838 2187 55
721 1731 46
175 2243 17
3455 1782 49
836 3590 5
2697 3374 14
3924 3979 80
2108 3415 40
967 2636 97
435 787 64
3805 1992 100
1626 2846 96
3924 2090 57
876 1038 46
1747 3677 60
704 292 22
2489 52 99
56 760 83
3170 2928 91
1420 3774 70
3840 1580 53
3811 3909 97
3029 1571 17
3416 1907 78
2873 1239 25
928 2562 46
2666 3125 17
3840 2260 77
3086 3420 50
2412 48 84
36 3137 36
1507 3704 56
914 3219 64
184 888 81
1286 711 85
2058 2915 81
381 1015 43
983 116 41
1923 3578 67
1 474 91
1155 615 40
3960 3678 96
3973 1978 5
2050 3044 49
1486 2541 40
362 3017 4
3673 230 96
1777 2308 28
1428 2488 79
3969 1004 39
2256 2295 36
1662 2626 85
961 3608 20
3509 3672 98
407 110 51
3359 883 76
155 914 4
3825 700 15
3467 2718 29
899 3801 44
2326 2876 44
2253 2320 43
2066 1305 76
3358 1129 15
1412 1720 90
3615 3785 85
3570 1603 42
3052 3121 83
1905 3555 50
2178 818 21
2364 1021 19
1182 1326 60
3420 131 21
2544 284 37
276 1180 95
3517 2027 47
1637 380 82
3306 3343 5
1328 2906 70
3095 3084 36
2618 3299 16
2062 3503 47
2156 181 29
1160 1700 94
150 1567 13
2186 3062 54
0 2361 42
245 2090 37
218 2892 98
802 904 21
1216 40 31
1749 921 89
5 207 73
764 3867 32
897 2926 67
2562 2967 42
3393 3036 43
2438 1211 90
1301 3272 72
1011 3267 28
726 501 38
1347 3607 100
3226 1623 99
881 3016 77
1572 2169 60
598 2644 39
313 1657 55
3015 2837 3
669 1076 79
2070 2335 27
3808 2513 5
1927 1061 37
2406 3796 30
2528 2857 13
3036 2240 11
3122 2055 71
2035 688 37
3889 3731 45
3310 636 70
720 2857 10
1846 3214 93
488 2778 13
2915 3401 87
1378 1096 4
3228 207 20
568 1381 22
1342 2660 98
629 3426 12
2804 3058 73
2684 2248 44
3788 2197 50
1247 1522 49
652 2026 79
1548 2937 91
1537 64 3
3128 3355 13
45 3190 71
2463 3881 85
1750 390 24
2235 2819 51
3268 2824 55
2137 3868 55
206 1718 51
1235 2873 49
3450 473 18
3846 3200 72
2210 3809 40
906 526 88
3461 3235 16
2708 1239 63
1160 1266 88
3265 2690 51
3186 283 26
1251 2499 94
2286 3402 84
3927 3624 63
48 990 68
651 207 19
2195 79 29
1562 1227 20
1411 1646 63
3739 1336 44
2930 3511 41
2422 273 25
3135 1423 29
335 1731 34
2741 2710 34
288 226 21
1495 1525 95
3928 2566 79
2685 2933 64
464 795 79
1673 3141 76
2404 405 100
1111 1301 28
3765 1728 92
3921 45 7
1800 2074 98
717 412 98
2191 453 98
1614 2221 74
759 2818 59
1690 817 35
2078 1590 8
1057 2421 21
2067 1932 75
1074 2522 29
2198 2627 69
3874 575 61
2381 307 18
302 3702 96
273 1189 44
368 2783 60
1832 2494 10
2594 2213 27
2566 60 71
3860 1493 26
2254 2704 46
2826 2688 62
2334 1251 53
1084 998 60
8 3464 18
3786 468 11
1796 619 62
3778 852 74
3756 3531 1
810 3089 59
2500 2804 38
2720 201 41
2509 61 39
2331 3745 26
2167 1801 94
3830 881 40
2902 3359 62
754 2957 68
858 3908 67
407 1992 1
2971 1734 33
370 3560 75
337 3658 81
1736 3445 26
3269 1737 52
2893 1753 1
3985 2357 23
2453 2187 64
2682 968 71
2856 816 10
2615 797 82
3509 200 74
3646 54 3
993 1423 22
63 1083 8
990 3644 7
1419 1835 43
2930 861 61
2388 2691 60
324 1488 96
1332 3353 89
3220 1533 83
1974 3730 29
2177 3147 21
1589 2467 52
2971 1013 74
3950 2085 30
273 3082 38
1709 3683 21
2337 3198 54
1334 1075 87
1473 3661 90
3439 2665 4
1817 1645 64
3494 993 64
2821 3334 43
1997 1770 54
2597 577 94
3135 256 42
3298 2000 30
3140 1775 60
87 804 31
2360 2010 41
224 1878 50
113 3708 22
421 1124 77
2851 1638 2
2620 1635 27
3696 637 12
641 2065 8
3146 742 95
2656 2987 89
2882 3256 83
2740 1784 12
3223 1156 1
1239 3698 25
1773 2060 56
2142 1019 36
2970 1415 8
3314 3490 79
3312 1231 22
3655 3237 96
3145 1306 64
1417 1494 51
1085 3764 24
3505 1274 11
3614 1570 8
2213 3315 51
1395 775 53
3435 3177 68
3537 3351 35
3435 1847 75
1658 1756 2
2442 1183 17
1836 2694 42
717 2887 70
1539 918 49
470 1718 17
2962 7 87
2874 2127 74
3157 2059 30
645 2165 9
1380 76 42
662 2929 90
3526 966 13
1417 2538 11
2328 889 12
2076 847 61
1244 981 17
230 974 40
1070 936 34
878 2997 96
2287 2465 99
2227 1658 42
3015 1715 88
2163 2715 70
1647 2808 76
686 814 51
1310 1647 55
3482 2301 64
88 2130 95
461 2786 61
1982 468 94
1348 1756 15
3921 2768 52
825 457 40
3059 3582 68
817 3091 51
3805 1677 78
72 2445 80
3429 276 68
1897 1632 57
3542 2513 23
2754 2858 26
3526 39 74
2893 2789 54
3010 3344 47
3285 3496 85
813 1940 13
1334 1142 80
2126 1805 52
733 3282 86
1618 3530 49
1865 53 8
1638 1551 65
3214 62 91
1123 813 21
267 167 88
1917 1557 19
2167 2972 97
3391 266 55
2593 3926 8
1801 1501 52
3215 3956 44
926 3988 95
2236 171 33
1785 880 8
1402 2916 38
2433 274 71
1478 1497 47
1477 2890 5
2626 1399 71
3717 33 38
870 3325 67
3369 1935 38
21 2527 81
381 3091 11
2193 194 7
2324 3066 43
2334 2192 79
2084 3006 36
3212 2709 52
3034 561 2
2684 828 63
2852 2969 39
679 2649 20
1387 3561 40
2999 634 91
1032 3034 61
2388 1732 66
3097 3556 86
2315 2166 64
3033 625 31
1895 1659 72
2851 1083 39
809 2354 32
741 966 60
859 3446 43
3474 3631 73
2028 2983 19
2231 307 59
2784 534 39
1775 3287 46
2638 3833 80
1724 1087 55
2769 2133 27
2547 3756 75
2545 900 33
2114 1078 83
763 1852 70
1113 874 66
2381 3295 27
252 2647 78
3259 3286 78
1846 3043 99
750 3146 9
3094 2795 75
1473 602 44
868 124 47
1038 1056 4
1660 3516 89
973 3297 56
2520 155 86
2667 3135 33
1715 3591 21
3552 2056 33
2944 3603 44
3984 2667 83
377 3379 75
996 3250 58
2827 269 97
379 3306 100
3612 1306 94
2992 3205 81
2697 3432 1
3990 1863 25
2284 161 31
1644 1272 14
3844 89 90
1441 3396 79
1624 2264 2
1251 320 66
1248 928 2
57 68 77
3666 2494 71
3049 1235 4
530 3348 52
2478 21 57
3753 2498 42
3457 1609 59
1562 2323 7
3962 2553 76
2932 1769 68
2829 553 39
2315 915 57
2387 3473 93
1516 3716 38
1367 2474 53
2532 846 47
3982 1772 99
1976 2598 87
3217 1844 72
3759 2372 51
213 3796 46
3331 2699 37
2710 3454 38
440 3766 93
669 2526 51
217 2763 65
2788 3896 65
279 1101 56
624 2991 64
3241 2397 42
717 816 71
169 1820 58
2671 1811 84
3794 678 7
76 2741 78
99 2438 18
2798 1814 84
1819 3211 69
3843 3640 54
2556 1953 96
1607 3526 16
2337 2290 84
1108 2570 93
314 2332 75
2371 379 36
2376 207 71
126 266 43
923 338 92
2427 2465 89
985 3531 70
2636 2387 22
2006 3451 98
3544 2733 20
1501 2949 81
1146 3538 81
500 3988 21
120 864 90
2764 2490 61
3893 2475 47
3763 3389 78
249 511 34
1390 268 44
3901 1583 82
2677 3410 90
3751 1224 9
2207 1542 79
284 1664 22
672 917 48
1876 220 27
3769 403 8
669 1753 15
2119 3892 99
3037 664 97
457 1758 1
1113 622 80
829 1305 64
1197 878 24
82 518 83
1025 1462 36
1414 2695 31
250 3901 22
680 3236 90
587 3107 35
305 3458 99
619 1085 9
394 1938 83
1209 2826 57
2468 3215 16
548 1913 59
3122 2022 31
576 1246 63
12 1094 18
1951 3501 9
1766 1838 99
1225 1582 83
2860 227 29
1674 1455 46
762 2900 35
2297 2188 67
3967 3108 67
3448 796 32
179 2152 13
3360 2250 99
3060 3558 95
1485 63 20
2091 1957 48
2966 2624 50
2238 1932 69
3352 2632 37
468 3439 80
1627 492 33
2794 1815 42
3049 2055 13
3613 785 89
3805 3271 18
2040 2270 74
2317 2051 49
3478 2578 41
919 3880 56
3729 1488 75
2646 1117 15
526 2283 86
741 661 28
3417 874 50
731 1626 83
3612 1142 61
3708 2306 97
2235 2285 38
572 3142 38
1011 3190 94
1469 3575 9
1349 2227 73
3380 2292 80
1350 700 99
2691 100 23
1010 872 53
3496 2087 25
2355 1052 76
2 2493 88
2401 3170 6
2509 1506 76
928 608 27
1833 2217 36
798 375 30
1944 948 93
3794 160 95
1165 2439 21
3698 952 79
3633 2359 47
25 1865 78
3042 2809 16
2461 1949 77
1719 2051 60
2816 3998 94
3077 1503 40
2832 3310 48
682 2697 4
3051 817 5
1361 2586 52
906 2460 68
3642 1873 51
3094 2005 13
200 2505 4
1113 2204 86
1752 3713 84
3985 642 80
99 3014 45
862 949 34
198 1862 73
3093 446 92
2433 756 29
3689 693 70
1519 2443 81
799 1568 6
3003 2273 13
2606 3091 22
947 2225 68
3425 2263 84
3716 3709 39
1463 264 32
76 2997 83
1724 2098 9
3100 1131 24
1674 1380 30
120 1328 97
1175 2671 5
3732 2548 27
2389 2445 66
2713 769 32
1182 3392 62
3788 2398 89
2025 2956 36
1109 3651 29
1359 3853 46
41 2712 72
2172 2824 35
2490 1742 100
3177 1247 28
1359 569 8
1252 1771 85
1044 355 35
3966 3338 55
3741 3939 19
3755 1490 46
3714 793 7
659 369 24
651 2840 60
1091 601 35
3872 1795 45
3652 2006 19
986 20 48
240 2647 91
3004 2590 76
1092 2311 18
3617 1177 82
459 3028 95
222 3136 1
1849 849 87
2654 997 42
2868 1609 86
3538 1427 90
3029 3636 30
1255 1195 70
428 1086 45
762 2918 19
3760 1368 61
1719 3452 84
3289 479 18
2939 1943 54
467 1151 69
1971 3799 30
548 2384 74
1735 2528 17
2334 466 40
2186 1420 91
180 1375 22
2932 60 66
2325 3726 11
3283 3492 57
2092 2628 70
3593 1643 40
2242 1307 95
43 330 83
1015 3203 78
417 394 58
302 1855 37
474 368 99
2340 858 23
268 3582 60
3134 2955 70
129 2467 66
3453 2129 23
413 3492 18
3157 2271 75
1185 2245 94
984 3274 43
3934 3174 26
127 3878 79
1724 960 35
577 201 12
211 109 70
2094 1831 22
906 3957 62
2297 1011 14
2310 2755 36
3590 3294 75
3282 305 48
3583 1403 80
1450 633 81
207 1312 56
836 624 9
3338 1866 36
1928 3651 85
2262 884 19
1523 558 81
2305 3294 77
1538 3126 46
1103 1213 21
3730 67 12
2716 3734 8
2735 1683 54
2406 130 94
1902 1247 41
999 644 66
2625 2476 98
1328 2248 93
2859 3379 7
895 1670 24
465 2049 62
3094 3753 5
2647 2773 8
2592 1418 24
2202 2725 41
3760 3334 5
3258 1278 62
1752 1493 90
1021 3849 11
1776 1419 76
1652 2126 68
2151 2632 28
280 867 40
1152 727 56
627 116 83
3628 167 16
1676 880 17
2073 3517 72
2228 382 24
1270 2009 97
2925 1049 96
1252 881 84
3544 200 94
1858 3665 38
2541 1266 63
1142 1612 10
3009 1259 54
172 2709 79
1713 1592 74
1775 3297 90
585 2632 84
32 2161 95
3378 948 44
430 1516 77
3660 2001 26
1735 3376 25
1936 2189 52
1097 1233 91
2292 860 33
3537 157 56
1087 3313 1
2851 3913 70
3862 1297 40
935 2913 22
1383 3428 68
3281 3221 45
3787 529 41
1529 3133 62
1063 1817 100
3120 103 100
2414 764 66
1838 2752 44
481 1217 94
792 724 7
2491 3548 23
1679 1228 50
2185 3667 42
3105 640 14
683 2261 42
1769 3029 80
3591 2896 9
2761 1572 35
400 3219 2
209 2646 16
2409 1342 17
307 935 24
94 3320 84
3793 3898 31
541 1058 24
1119 3473 28
3705 143 42
3707 202 22
157 1680 58
38 1571 86
114 2924 59
3787 45 79
3149 1254 31
991 161 70
2353 1456 40
2264 3895 1
2176 247 28
2141 2837 57
1085 3005 91
527 1498 52
2199 777 6
372 1704 42
3329 653 81
887 897 32
904 1037 82
350 3721 9
381 772 46
202 1349 63
3482 1149 9
1118 844 34
3009 2651 6
3482 1970 76
1768 2910 34
1937 1578 70
2119 2211 17
865 2287 21
3221 1185 77
3643 615 55
596 2935 27
1386 1444 41
1633 502 68
685 226 83
138 2339 40
1350 2788 81
773 986 65
3904 1039 35
3544 1349 90
1247 1189 13
919 444 42
2592 962 88
2689 3162 83
564 2692 55
3297 422 40
181 625 66
2951 2140 37
328 2685 4
1082 3959 9
120 3970 45
624 2018 99
469 3909 17
3175 1407 66
3046 2311 51
3464 2551 29
3940 1870 77
2477 1737 42
1785 1709 62
1321 2661 57
2002 3402 65
806 94 94
1718 2756 28
3293 516 56
398 3118 61
64 2094 82
1014 160 48
3559 1968 100
780 1176 66
841 3123 77
3165 1012 61
3462 2046 11
244 503 29
3916 373 68
3855 3387 14
1297 607 68
3558 2376 95
2412 3063 69
21 2301 1
1716 1512 28
573 3074 2
905 1856 70
3772 933 33
2501 2644 75
2608 874 26
239 2601 14
849 2423 13
3397 2805 5
453 2936 100
1365 733 48
2376 3715 42
1327 505 47
111 54 63
326 3227 26
3368 111 49
2525 3109 43
2691 2192 73
698 1970 30
2533 2655 81
3861 1591 6
3223 3561 60
2307 663 57
98 2001 37
277 2186 9
3359 2403 13
1363 3200 92
3452 1626 16
573 3406 72
3965 1173 73
2101 3139 70
3977 3601 61
3168 1231 68
3350 2718 62
3783 2324 30
1014 4 76
1087 326 22
3697 2647 33
2534 511 60
1769 64 5
2915 2738 33
3610 2660 84
2226 509 35
505 538 82
377 3697 84
1842 3673 50
2599 1273 11
3577 1608 65
2915 1153 78
1195 472 90
0 54 72
1290 1426 56
1017 592 2
368 2161 82
3404 3577 96
3294 2262 90
2057 2212 9
3249 2195 39
1519 2665 61
3955 1554 23
961 1559 10
1920 1259 14
386 324 18
3318 3949 98
1776 1618 54
350 3494 7
3982 3565 59
1855 3249 33
1307 1905 31
1273 1610 49
2690 3438 69
2369 1260 70
532 1458 64
2954 513 67
2313 478 70
2290 2802 26
3013 3216 88
1703 1999 100
2920 370 62
3121 746 68
102 3069 29
1230 1772 50
2468 3186 85
930 784 23
502 2204 97
2094 432 29
1913 1192 59
1111 2165 78
344 2607 6
3329 421 98
2342 1896 55
266 934 5
2551 1182 83
3730 166 53
1992 1087 69
1596 1009 60
1231 2611 62
615 3591 98
3239 2179 59
542 2920 90
1459 298 65
3630 1864 100
759 2801 71
3081 2225 34
1434 3766 92
2118 83 74
1263 3696 6
3900 3066 84
2808 1212 34
3866 2702 63
1583 3722 76
2704 1816 31
1649 1480 94
2201 1003 80
481 1271 59
2318 3877 35
1511 3263 7
1866 1357 8
2023 664 17
244 2632 50
3990 425 46
456 1418 95
1602 3490 12
1808 3533 99
1659 0 39
2455 2638 62
1768 1829 65
1587 245 46
3254 1659 95
2921 2595 14
3818 790 16
722 1909 27
2407 2101 59
444 1605 87
1352 1189 13
650 1566 68
650 152 74
2479 835 70
234 859 56
167 2380 37
3487 394 58
465 1381 26
3212 1181 55
2119 317 68
2263 2371 91
593 1585 18
1185 3515 15
2233 605 87
1731 1486 60
2457 322 53
3758 1276 76
1879 2346 51
3313 803 9
1260 1907 80
2520 3663 83
1439 3133 31
1108 780 95
2713 497 33
3500 3950 98
1302 708 40
2888 2413 5
3206 1621 47
2065 1690 59
3982 3743 2
2689 3580 49
596 3238 79
3802 2471 3
1367 3930 88
344 51 82
906 1121 57
528 1406 44
2441 2575 3
1523 465 6
508 2397 19
3609 1837 39
3008 865 91
1770 3341 5
787 3281 45
3305 797 59
1057 1412 51
3199 272 56
872 3303 94
2525 1864 79
1781 2394 2
1656 989 96
3465 2164 17
2420 1660 23
57 2502 48
2286 84 19
3278 238 83
2417 3150 77
1133 2093 84
907 2171 67
1495 320 63
1767 49 17
571 737 75
809 976 39
2392 204 39
1591 3419 52
3809 1933 89
1531 1082 84
776 581 48
2022 29 7
103 284 56
2295 2081 57
3978 3512 21
2231 1032 96
454 194 92
392 3111 5
3289 741 91
2165 2099 65
1804 182 34
3783 2356 85
1817 1186 46
308 3747 17
3936 507 80
493 3027 52
2722 983 17
1432 236 99
2762 2737 73
3795 187 15
3712 1528 10
2218 1143 8
2689 16 17
2681 221 65
1324 1643 77
1958 1654 42
2611 96 58
1341 88 18
3954 393 5
3826 3871 60
2199 2914 97
1261 459 40
1961 947 17
387 203 18
2470 3190 21
2710 2350 55
449 1900 34
3689 3126 8
1748 1122 63
1399 2589 79
3375 3970 33
962 2749 88
3846 3322 74
898 1959 40
2522 1638 74
3912 2449 19
66 3196 20
1336 3241 74
1090 1680 74
2313 1488 84
2087 3216 7
3465 724 6
3828 2768 90
559 2609 42
1838 2194 68
1610 2474 52
2274 3986 6
540 2531 68
3075 1584 100
532 44 16
2920 3797 58
3518 1736 91
510 3966 41
833 1417 36
1211 2676 74
1935 2802 42
2356 1431 94
2375 1399 58
975 645 66
1886 795 56
1260 2281 23
840 276 75
3309 100 26
1419 1892 79
173 2255 70
1044 1322 70
2978 2269 42
3184 783 74
2052 2440 14
1952 1762 14
1269 1045 92
1676 243 60
2776 2054 19
1152 1276 1
1662 1984 91
1142 970 74
365 95 32
2339 418 95
514 697 58
1886 243 10
123 2502 72
2202 1446 41
501 2085 26
3586 2568 20
1102 90 50
3446 486 58
2352 3562 32
2387 2507 82
3233 1718 62
2999 1182 92
1022 2288 33
723 658 27
724 794 80
987 1538 31
1743 2220 60
2351 2358 43
269 2461 84
326 709 9
2892 687 78
2072 2859 22
2315 1133 2
1601 1441 82
2419 55 39
2597 3453 67
1235 3194 30
3731 1063 3
1331 615 56
3544 2828 46
2650 2258 81
2652 3543 68
3264 3726 2
3987 2943 73
833 1148 14
3519 2553 5
1278 924 6
3589 550 26
3 882 91
552 98 86
837 2000 42
2699 1426 24
3646 3032 5
3040 2048 32
2721 1642 94
838 2481 98
3215 2582 9
3738 1543 31
1495 3127 89
3063 605 70
607 3862 33
1574 217 14
729 2686 97
2917 1712 58
2528 827 73
2017 1467 32
588 1709 21
2580 1253 75
2544 928 40
1621 27 27
2093 794 93
3133 3248 91
3300 1480 80
3005 1294 90
3060 3384 15
731 2630 96
2566 1506 3
1356 3151 7
3612 1944 27
436 3249 25
329 1267 60
3235 1942 88
2183 1209 93
3434 3485 86
3140 3058 28
586 3647 70
390 3780 86
2730 1312 34
215 2002 67
2582 925 52
974 479 31
1248 254 81
708 3445 1
549 1781 96
337 1315 69
2649 942 76
3774 3247 88
3782 1157 32
3132 3434 81
526 3946 71
2391 2967 9
2710 2587 26
2499 3492 64
675 1228 6
3438 2869 96
1901 870 85
352 1533 20
673 3282 84
2706 2195 64
756 1607 73
2311 2044 31
2417 1908 47
3172 3314 99
3318 3729 71
3735 421 41
3355 1875 68
2822 2788 93
1451 567 88
1216 2901 14
450 2448 41
1225 3545 33
188 283 97
1399 2716 87
2525 932 28
2780 995 63
3768 3453 30
529 3102 98
1572 2330 14
3981 42 92
2177 886 98
224 1476 26
1428 2110 35
686 2082 17
1762 1850 88
133 2022 13
2031 1663 14
252 3930 40
999 1896 8
1805 2652 87
2381 2120 42
1871 1688 42
3140 3270 20
3580 3281 86
2594 2694 42
549 1832 28
1026 184 76
3723 2051 67
1283 2985 60
1246 3982 85
1741 1038 93
6 1380 38
218 2283 21
1914 1674 87
878 421 1
2215 3660 52
3375 1125 75
3288 671 76
481 2931 7
3504 2896 73
3715 927 44
2822 476 31
2049 968 35
292 1499 75
2485 2844 72
937 442 75
142 3671 100
432 930 24
215 3001 19
1098 155 63
1567 324 81
1808 1364 74
1776 2746 68
3260 2035 88
3445 3092 87
2686 39 4
3112 2139 47
150 3955 81
1932 1282 99
2249 3018 28
994 3130 54
3546 3968 40
3430 3451 10
1068 2825 54
1382 3435 1
1303 1613 96
939 487 82
73 1349 91
3310 274 1
3967 1231 96
964 548 24
2150 272 19
748 1712 56
245 1165 23
1669 1453 38
1754 3503 98
3621 3231 50
2949 1320 54
427 3359 96
1357 240 71
1190 3975 30
1258 1281 68
657 3377 79
3663 489 72
2539 1134 13
1305 282 3
3637 3043 20
170 3285 87
2178 474 8
687 3821 48
987 2951 86
556 675 45
3415 1931 2
849 2047 12
3077 3345 94
2009 3636 2
3278 3211 89
3923 796 61
1136 2014 29
3513 1508 96
1573 3018 55
1781 639 60
2764 2803 17
777 1241 45
2013 3319 80
2618 2957 42
2582 2653 16
472 2188 41
349 3172 38
882 1654 19
159 3803 28
839 3822 27
3814 3878 36
2938 172 70
716 3411 40
463 3791 71
564 2014 77
3316 434 51
3925 2480 39
1910 3100 48
1370 3071 63
2514 768 64
584 1801 94
2124 3670 75
3549 3303 63
2786 3233 93
276 3281 34
2247 1254 68
2542 3705 36
2476 594 83
2385 2755 82
2207 1528 25
529 1703 20
3870 949 66
1199 2257 65
3731 2403 59
2784 2104 37
3037 3295 72
816 772 47
1885 3203 48
720 1512 11
2069 3534 42
1371 797 69
1649 101 8
2760 2303 32
3414 222 73
2439 1441 25
348 1547 21
322 2181 15
828 1191 55
359 926 92
3395 24 40
1935 982 13
3249 1230 35
3704 445 17
2281 3863 59
823 2858 75
960 2186 45
3537 1129 56
323 2138 88
781 2915 17
1205 3665 60
1311 805 38
3560 3039 12
1355 15 96
2008 2951 59
2389 2315 89
218 198 32
1028 1996 47
866 907 88
2975 348 92
1949 1695 70
1368 1047 97
2496 1779 83
1956 761 36
3668 3638 56
2275 1196 77
1723 3247 32
1367 2900 44
3185 3393 84
1453 3943 80
3165 3763 61
2492 1356 75
2178 3220 5
3380 2979 40
1783 205 3
1607 250 68
1549 1801 59
2995 1856 36
2476 2538 49
745 2646 75
876 2182 12
816 2385 30
1938 2994 3
1930 1521 22
424 3869 54
2860 1583 96
2452 1708 81
1900 1198 90
3848 2100 54
2829 2473 26
2722 1786 67
493 2043 21
1715 3 6
157 88 98
1431 969 34
2653 1550 84
553 2202 74
612 3427 73
3754 2401 50
2925 2803 77
3422 3901 42
2294 1237 35
3746 2593 52
273 1989 90
713 477 11
1311 3368 82
2456 2389 33
1574 766 48
2221 3418 59
1360 827 87
3405 352 9
3107 1424 85
2721 727 28
1721 3310 17
2959 2826 79
2141 476 64
562 785 29
846 2072 5
2992 1288 84
2238 2817 86
3714 2667 74
1741 1225 96
1060 2876 70
3720 771 53
370 1035 54
211 3286 73
405 485 80
1211 3246 54
1929 2257 6
2402 698 17
2829 1518 72
2468 3593 97
2330 2910 13
3690 485 77
2884 2366 19
768 1313 67
1948 2493 3
2409 995 49
1631 2114 28
1337 545 52
2912 790 82
3220 1029 19
3097 339 39
1744 2026 66
3424 1750 75
1107 3220 56
547 1388 7
3731 3573 93
1551 2009 29
1311 2898 74
3345 146 87
1899 1263 34
3408 3682 5
48 198 56
2494 2962 7
1940 1298 9
2691 3889 34
2072 718 62
1125 946 46
1933 1901 43
3132 299 76
424 1827 84
3382 959 12
779 1021 51
3311 3074 38
247 3924 58
1865 476 80
145 1609 6
1699 3336 39
471 2876 5
2190 1751 95
3375 1003 27
402 1686 40
159 2466 45
3443 2310 35
2283 2615 34
1400 1262 62
426 3539 37
925 397 41
3066 3973 97
3474 3880 57
3460 2066 61
1138 2803 52
1140 3392 64
2740 1822 30
1928 805 76
1060 1127 17
1272 382 93
1676 224 12
1942 687 92
2189 2441 17
2185 255 25
1269 1373 23
3408 2061 56
409 2058 76
398 3624 2
2973 3854 54
1507 3442 61
2779 318 2
2732 1576 94
3403 2302 35
504 140 59
2984 3065 81
1625 642 88
2149 2594 20
3596 2876 63
1086 525 32
1238 3379 21
1905 3635 67
3041 1609 68
1192 1203 63
736 619 76
1491 1896 21
903 2783 62
3776 161 100
1304 1801 47
1010 591 45
3938 3389 21
824 521 96
814 1367 77
3943 1702 84
2261 3234 3
1271 137 1
1783 1528 82
1207 3540 4
346 2021 54
1612 3652 64
1551 2484 83
482 534 98
3741 747 76
1781 3765 49
2706 3252 37
396 3752 43
1102 2514 34
860 2803 63
3061 3694 93
3990 819 4
3191 942 74
1241 255 40
1548 969 29
813 1217 96
3931 3674 65
187 2870 34
3906 1620 38
956 3207 63
1738 2561 87
3402 722 75
3790 2170 22
2614 1304 28
3024 2372 40
1956 2432 14
1778 970 75
1166 913 93
233 921 30
1156 1897 37
672 2654 36
472 1599 96
229 3462 59
2308 3537 68
606 66 60
1355 2658 80
1677 309 71
1129 1642 59
2018 1025 1
3735 2766 14
2645 3189 4
2031 1473 76
3916 1242 43
2057 2007 86
3639 1867 72
1438 2328 54
3191 2869 87
1774 1827 94
1900 1179 39
1901 3866 76
2788 2756 9
3454 3451 100
1922 1707 7
444 2198 4
1668 2907 88
3496 815 23
3305 633 56
248 218 83
3887 1245 52
1606 1163 51
1877 3357 86
2603 1219 62
770 702 13
2052 1191 72
3120 3893 48
805 909 1
664 301 34
1503 3759 83
1372 28 99
1826 1940 33
716 209 90
1800 1841 26
2838 1407 99
2822 200 53
386 498 73
3845 1127 64
737 3063 4
316 87 5
3097 77 14
755 1870 42
2423 3743 43
1828 108 30
3134 2247 2
447 3047 61
3573 2273 44
3167 2142 99
1907 1003 39
2038 3549 91
3575 3140 34
1949 2460 95
3707 228 97
3723 2035 6
1811 2189 28
3561 3835 27
571 1888 58
1297 1130 96
1116 3294 41
2836 3995 59
219 3282 58
1569 330 45
618 2920 44
1431 2041 7
1035 297 32
461 347 87
1212 1888 97
2851 3778 40
1339 1034 58
1388 3638 80
24 2500 82
3750 3793 68
365 2280 17
2440 3842 95
2150 3152 2
96 1030 54
1799 2753 70
2994 2932 22
3981 3468 29
3823 2152 24
2133 3530 41
387 676 6
3909 516 86
230 1993 85
2412 236 23
1086 2175 11
2779 1181 52
362 3961 67
2445 533 38
3407 3088 82
681 54 39
3582 1387 3
1727 958 79
129 1936 34
3176 2055 58
3186 1368 34
3239 2821 24
750 897 76
2018 943 27
574 36 19
2593 728 52
2051 1782 85
3867 318 58
2827 3453 66
557 3490 57
976 3471 46
2332 3703 72
2639 1488 39
369 525 46
1049 1577 59
3468 2872 25
497 3866 60
3832 2201 25
2055 1392 70
3582 3349 97
1291 1773 89
1283 642 53
692 2751 27
1093 478 74
921 206 11
197 3287 39
555 1413 75
1262 191 50
3794 1282 72
769 27 31
3055 3899 52
1644 3117 45
2089 2306 65
3933 3145 25
1620 2725 1
2863 3399 61
1523 354 50
2707 31 7
1968 2384 99
2958 1113 22
1581 3366 69
121 3259 85
1669 1841 31
870 3751 14
2708 3813 12
290 275 20
1934 1391 23
2480 1015 55
3510 502 9
1158 2861 24
1084 854 77
1644 2889 71
29 869 51
1466 557 40
3464 3905 88
3818 1673 81
1777 966 31
272 2866 32
1434 1067 27
2023 1728 78
365 3433 75
3379 50 36
2577 2748 19
1251 929 7
2542 2806 100
39 3110 41
903 1317 18
2773 3464 77
1776 1216 14
3246 3448 30
3264 1785 99
2908 3638 70
3407 3949 6
900 417 67
2275 2438 54
3660 1831 16
1587 3007 44
2273 2277 28
8 1897 27
1335 2073 58
2888 3556 18
2277 2187 64
2857 2074 45
204 108 24
1797 1968 30
1240 3718 19
498 2016 66
1291 210 26
1784 1855 56
533 1191 93
1820 3470 17
2830 1216 11
2484 3103 31
3231 3598 77
2513 455 44
2575 155 84
1998 2309 77
2585 1062 46
3227 2114 26
137 3294 64
341 325 87
1740 1996 30
1186 2181 27
533 1728 70
3996 3180 23
653 412 11
2340 582 49
3508 2096 53
2667 1869 27
426 3642 65
1742 3471 13
3312 2969 63
2572 301 32
449 2486 5
879 1029 45
542 3597 27
534 1540 39
3771 3284 62
3877 3339 46
2841 2027 12
2288 2943 94
1100 3432 64
682 1363 44
3990 1856 27
3156 1116 61
3722 2616 3
3992 2786 8
2901 892 84
1631 3897 35
3902 86 7
367 3287 69
2585 3517 65
2056 513 54
2600 1020 99
3071 3647 76
1756 2353 4
850 1449 10
3305 256 71
2370 1837 83
220 3433 43
1854 1876 79
3714 3787 65
1100 1246 40
2101 3725 7
1352 3890 92
1440 3924 48
2647 1421 82
2730 2998 67
2798 2861 31
1072 228 32
1372 501 67
2622 410 4
47 2390 14
3478 2862 90
3891 1796 99
1837 1975 8
3477 2683 74
3285 2004 25
2291 1685 14
3355 3750 88
1407 972 45
2202 2686 20
1335 407 26
3644 2524 83
99 3040 73
195 2056 85
2423 1752 64
1369 2108 55
2330 365 69
3026 3012 59
2909 746 87
752 757 19
1604 228 95
2351 1586 85
499 69 53
196 437 58
811 3277 100
1306 2165 35
1136 2385 100
1096 3866 3
1762 2940 27
2502 3353 59
2862 2966 69
2700 3572 21
2757 1409 29
504 2775 13
1223 2704 76
3434 2478 97
309 2513 52
736 1373 11
1314 3251 61
2315 1289 62
3107 3125 8
2813 2641 84
3236 224 68
2990 1988 86
3801 1144 30
2561 76 32
1727 3831 4
133 3815 58
839 666 79
2848 3098 18
870 941 63
1977 192 92
1934 846 2
576 3684 76
3904 2002 23
3647 832 15
3014 2583 26
931 3580 16
2295 2733 36
2374 3330 76
1973 1237 92
1791 3712 41
661 3936 1
1168 3935 30
3624 1418 6
2258 3332 26
1831 3661 26
1062 3514 90
786 413 95
2626 822 91
2454 674 23
3873 2182 46
2735 3782 20
2707 2083 31
1876 753 8
1214 3273 10
1342 575 58
418 2059 43
2053 3182 11
565 1693 14
1809 2573 74
788 3360 10
2179 667 9
3694 947 83
659 1416 13
2623 1463 54
917 2708 22
2730 218 63
70 1064 11
156 688 46
1723 3563 52
2277 562 84
1699 3966 35
654 733 70
27 2697 47
3919 2742 99
905 2746 14
974 3548 80
1100 428 23
3122 3428 92
3268 1531 45
2522 1956 44
870 1751 8
1241 2293 77
393 3744 45
3763 3761 18
3811 3498 24
2949 2496 26
1896 269 88
1071 1085 92
14 2532 17
2884 1398 26
1262 2877 80
112 2722 38
1198 2507 46
584 382 83
3592 940 94
2609 3919 41
3474 2384 18
429 184 2
2318 3638 92
1078 709 82
28 3997 81
845 307 27
1654 2651 68
3861 947 92
335 2011 78
3180 2520 14
3953 3909 35
3857 247 17
2937 1197 53
400 852 28
3126 3263 21
1513 1042 9
370 1368 40
3925 1675 63
2058 1664 71
666 3624 99
550 3283 6
1125 74 8
574 226 66
481 2909 59
3146 3715 25
1986 1223 85
1932 1783 7
2834 2444 74
3934 695 37
1444 3011 64
2000 282 13
1446 2328 54
1199 3984 4
1898 2539 82
3435 1728 35
3185 1561 60
3564 3546 82
1643 2859 61
995 2520 92
1669 617 15
2507 374 3
66 2574 88
1108 945 45
846 1381 74
691 1280 63
2024 3527 17
3836 3838 20
3406 2869 87
2657 1627 35
3049 76 15
2759 34 95
79 2528 59
1741 1821 53
2072 798 1
3002 1690 75
2872 582 45
3511 2928 27
932 3929 82
1531 2353 18
843 1406 24
1760 2512 7
3319 2312 42
2390 1033 74
3468 116 67
2164 1792 6
1951 2804 21
222 2507 92
1434 2808 100
2029 1920 45
1943 522 57
1163 3667 87
3203 3617 46
2 2874 60
2344 2877 50
2474 769 9
1855 870 25
1001 3659 84
1341 1852 96
1947 2132 94
2526 2548 55
3594 517 46
1503 597 10
3719 2491 46
1787 726 78
1209 881 6
658 1873 41
3412 3706 94
2841 3730 42
500 2069 39
336 112 99
3420 2665 36
1141 2524 59
2859 437 43
3863 1225 18
3848 2592 97
981 1157 72
1918 3107 98
2693 19 62
1650 3569 11
314 2036 34
98 993 41
3952 882 39
2133 2930 100
2738 3202 22
3382 955 64
1125 166 42
827 937 93
78 1464 88
414 3862 71
1366 1197 34
1075 28 100
2721 3432 83
1631 586 99
638 2600 80
2968 2465 4
179 486 63
2532 1235 90
1474 2494 77
536 3243 12
1601 3376 95
557 1625 53
3087 148 49
322 3590 68
3631 2756 9
1365 3745 22
3302 3254 80
868 803 55
3220 3872 86
591 1156 95
3809 731 5
2269 599 38
2150 3859 58
1094 2580 40
67 3931 97
2145 178 51
572 1031 2
2805 2267 2
3729 198 67
2397 3290 35
53 3813 55
3612 1838 72
1995 3272 8
2669 2737 13
2012 3062 77
840 1941 33
597 3276 65
2146 689 86
3489 852 62
2431 628 9
3849 2572 52
3050 291 59
2507 1064 26
125 3214 12
3271 2489 98
3737 2007 21
1819 2940 76
3465 529 53
2187 2677 55
3260 357 27
1671 1187 86
2 3424 97
396 3670 10
3058 1050 8
3499 1790 13
407 2879 2
404 2464 63
3843 1424 91
3155 2787 24
386 2556 28
942 1280 72
3052 3494 81
507 1540 87
1671 2374 5
508 1156 43
1805 643 12
2801 1813 76
3412 423 59
2024 315 82
766 3744 48
2054 1445 96
1434 2142 53
1576 2337 85
3187 1971 35
1887 3221 50
1354 3387 6
3327 2216 41
2351 1333 94
1967 2904 58
3671 953 91
3175 2418 49
2111 1336 56
427 3913 24
3092 3797 11
1220 3113 17
682 1842 45
1228 841 4
2758 1292 88
2176 1161 56
328 1426 30
1789 2689 97
1315 1509 28
1032 737 25
1990 1831 28
3038 2924 21
306 2837 67
84 950 42
1957 3103 29
1354 2891 57
3781 819 92
2967 2333 6
1850 3410 82
792 2733 88
734 1410 83
2890 1715 32
755 3623 29
506 1070 18
2076 1972 24
327 494 20
494 3775 59
3905 2939 38
1286 3693 4
2179 508 27
3658 2809 50
2635 1814 99
152 1060 73
2688 2112 6
808 454 12
15 1533 100
3348 3209 87
3146 2411 51
2910 1200 12
605 2352 29
2667 1503 21
3025 3520 54
779 309 32
72 2482 11
2553 1641 70
3732 448 64
3397 3207 54
1865 1885 37
3924 433 75
3503 472 79
3026 672 10
2049 109 49
1614 2500 100
3784 699 58
2690 2160 18
201 2899 7
2021 749 68
129 811 75
2982 2893 100
544 2662 84
1973 619 93
1204 63 25
2919 1489 89
1018 246 49
1800 1629 21
3946 2266 6
2598 568 31
211 1839 63
1117 218 37
3345 638 52
3542 2108 2
2246 3529 18
2286 790 34
1275 2892 60
2031 840 50
465 440 98
1558 87 25
3210 62 79
1440 1188 9
542 1027 15
370 2789 11
2571 796 79
3999 3749 1
2767 2554 16
564 973 93
3368 374 21
3820 290 62
2813 5 41
3576 3680 53
2601 1050 10
3069 3791 93
1034 1934 34
1262 1609 79
204 2727 50
3555 493 70
1603 974 36
3726 3091 11
3212 1071 16
2080 1466 57
1493 61 16
3122 3193 37
2828 1625 20
3237 1466 38
423 188 63
705 485 96
3943 281 79
1419 1560 51
2314 1973 92
15 2216 51
697 1535 38
3888 3372 16
2576 1416 66
1677 3467 40
3575 2663 92
862 379 23
2176 2916 75
2001 3027 42
2426 676 17
750 3189 2
2880 365 9
2227 1855 90
695 1148 34
1310 72 12
1601 1554 55
148 2478 92
2653 2692 84
3962 861 89
481 1891 86
2078 626 20
3899 1848 85
3612 2003 6
3925 3454 10
1363 1212 90
2552 3763 36
2683 3713 67
262 1811 55
3342 2363 97
2610 3100 26
2487 1458 61
3374 3397 20
2164 3307 81
2250 2035 77
249 2854 39
830 1777 57
566 3470 11
1728 2141 97
340 1808 31
571 2978 39
3857 3806 72
1278 3970 87
2793 3525 30
1400 2688 9
2808 2898 38
1246 70 79
2812 1770 3
1941 2524 78
654 1529 57
1772 2015 38
54 1469 37
2103 2404 81
3394 1447 89
2097 1935 68
2913 1077 32
1110 1368 94
777 2894 57
2308 1258 65
337 117 69
2472 2831 51
1439 2182 8
1437 1705 9
1769 773 67
3802 1261 41
2730 1866 88
210 949 4
3915 2868 39
2152 1069 51
1686 972 10
2979 502 17
1657 759 77
1842 3601 29
2659 989 11
2580 2688 66
2541 3298 81
1670 3300 8
3472 1094 42
3920 2791 60
1073 2838 100
29 701 52
40 150 15
2276 3103 93
1787 3873 45
2162 3820 46
3678 3780 32
2694 836 7
3393 1862 91
960 2166 47
2517 1821 26
2328 3203 36
2528 657 51
2014 240 84
3663 2656 62
1353 770 94
2425 3648 68
837 2103 4
2872 2965 59
3310 3791 97
214 3559 11
2402 694 54
2760 111 65
986 3568 46
2931 2514 51
2229 3967 75
1064 1119 84
2259 1707 9
2594 1654 73
3000 2535 70
562 3962 45
1111 2245 50
3396 1318 45
1762 3674 86
1761 2736 55
3529 3185 21
2332 3493 97
239 2641 89
2090 1316 3
1258 1654 52
1196 3762 75
191 833 36
820 3426 19
1584 502 20
1244 1699 89
1542 3099 92
2941 3047 80
2020 1077 99
3549 1861 14
232 1345 27
2346 1744 11
627 2920 95
1548 3067 79
1073 1971 60
723 2885 74
3765 1008 89
1963 2060 8
3098 2471 57
2663 2210 38
458 3817 13
3496 2118 71
1075 2854 3
1009 2891 66
129 792 60
576 2156 100
3875 2489 49
1723 254 29
2206 2415 85
198 3987 10
1721 131 33
1996 3626 61
764 249 62
2884 1622 24
164 2740 35
3927 1060 70
2744 3532 95
3792 1072 49
3245 2809 6
3407 2152 36
282 1045 94
3786 3065 73
2631 878 83
1796 2590 80
3875 2188 72
2599 3698 76
2068 2488 12
2160 2112 75
507 2910 60
2519 1929 36
2490 1623 2
3881 779 12
1965 1074 96
1969 1534 84
1697 654 72
1107 2415 7
1195 2823 42
952 870 39
3864 1774 14
3565 1487 42
103 580 23
2097 3121 97
804 2430 9
3933 1897 85
39 143 9
2633 3230 29
3085 2238 92
1117 3418 35
2732 3692 6
826 3131 88
3382 121 80
363 2033 86
931 2522 85
2988 2908 21
3923 2148 16
2948 902 63
847 1886 80
3839 747 68
266 3631 100
2919 99 74
3340 320 37
1437 3366 86
2218 930 91
462 3704 33
36 881 8
3701 1001 87
2677 1998 89
245 1839 72
2427 2493 19
3882 3219 56
3869 1345 27
2076 1979 98
344 2785 56
2687 2011 25
577 2974 45
3001 1336 32
2087 1934 59
1178 33 26
3044 103 72
1140 1465 56
211 6 76
1132 3820 89
960 2374 33
2431 735 41
2307 2705 16
759 1424 82
2788 466 57
2624 1545 35
1680 2990 57
2199 23 46
314 677 89
2547 311 98
2827 3302 93
240 1082 38
1481 3702 57
2012 3526 67
3767 3650 74
3495 346 51
2676 1750 42
1358 1882 72
196 1147 20
999 3162 36
1815 708 31
2780 1536 62
3417 1931 75
1561 1089 91
470 116 26
3076 3683 91
2326 1785 54
2202 2385 95
1464 849 81
2080 2093 48
466 1033 13
3274 2147 90
3746 3127 31
781 3478 9
3056 2421 25
228 145 68
407 2121 73
2651 798 60
1485 1690 51
803 2901 31
452 2098 41
2607 1940 78
2163 3068 82
3890 686 29
3231 284 70
1382 2223 75
2798 1752 42
3271 553 55
2663 3719 53
3791 2557 7
1351 1825 91
2438 2349 26
341 1628 45
2710 3025 23
3176 2407 50
2789 3578 10
1070 1990 42
1052 3594 73
3585 758 69
3568 3435 44
355 792 87
1752 1282 41
713 1715 24
2342 1671 53
1004 599 33
262 539 73
1184 2238 58
1436 1767 81
1386 1552 75
3183 3574 31
3027 291 34
3730 2977 40
607 3170 14
1116 1382 65
3230 3493 25
166 253 84
526 2285 86
2429 2535 53
1012 3497 56
173 2110 27
2621 3503 24
3009 3457 2
1237 2068 70
2118 64 41
1490 1189 36
2726 2173 21
290 3195 80
3212 871 42
2708 1134 81
1135 2247 49
2963 2878 67
1435 1422 62
3235 1529 30
1218 2284 3
2981 15 38
908 1211 41
1837 3405 82
3193 3719 27
2180 978 67
909 3613 34
394 1992 24
1754 2835 22
3294 521 86
50 1660 16
357 2821 44
974 922 47
1164 2365 78
3547 302 89
3310 2982 43
140 2384 58
358 3146 34
69 358 55
3846 3431 81
1896 1838 1
894 44 94
1666 1378 16
643 2657 57
2835 3775 18
15 3554 24
1767 3753 15
684 3057 12
3159 2280 64
3447 3413 48
2949 3978 89
2716 1735 8
2990 3971 100
1631 2899 29
456 2231 52
1217 2349 9
696 5 97
1798 702 84
710 2289 92
3996 1860 29
252 1121 60
638 2407 17
258 1140 98
3171 2176 91
2239 3900 53
929 2442 89
1057 1313 29
451 2045 88
3226 2544 5
658 2413 43
3227 1149 16
2947 60 46
1250 3957 59
218 553 36
1704 1927 56
2012 2395 32
1097 2916 41
3498 3113 94
3764 3220 87
3402 2257 56
1641 3303 34
1214 499 40
426 1267 69
1869 1039 29
1018 3846 100
1251 751 10
592 2107 10
228 2319 12
2511 877 37
1857 2141 44
3153 3198 82
2957 3831 43
3297 1334 57
1265 718 78
399 208 6
51 2666 80
3230 1908 51
523 218 24
2141 3730 94
3438 2390 71
3237 1928 81
2081 3728 98
3080 3863 75
861 936 82
239 788 52
854 497 68
3848 1620 29
3726 3411 9
1550 2046 33
3674 3740 91
1453 626 40
1466 424 62
2681 637 29
3872 2342 92
2365 667 72
484 2980 9
2057 3637 34
774 3349 42
1239 1795 51
2396 1605 8
3420 907 44
3725 1544 91
2759 3125 61
77 428 33
2032 2511 74
1100 3968 91
2516 2535 38
287 904 91
3491 3831 82
310 935 54
802 1213 72
1571 1259 18
1225 2312 16
3831 1055 51
1710 331 74
2480 1345 35
1314 3423 29
1738 1913 20
722 764 49
3075 2816 27
119 3068 1
823 300 33
2142 1861 86
3772 19 94
3746 827 11
1432 3367 15
1931 2039 66
1842 2042 91
1908 3720 84
1534 3023 50
1933 3584 12
3226 461 1
3206 1280 53
1687 1926 23
2722 798 86
151 2515 65
3051 1050 77
209 1425 24
1096 3207 81
3405 1508 49
3613 1664 7
3911 232 21
3708 861 65
1167 1518 18
3020 1517 68
3643 2124 62
395 1647 82
3737 3464 5
688 841 86
2263 3511 62
2197 158 66
1612 1528 65
1127 2792 73
2552 3447 33
2616 374 52
1708 635 13
213 3790 45
1900 197 32
2277 3065 39
1991 3028 32
1222 3247 60
3468 2150 68
18 187 8
2265 1161 77
3528 546 15
914 2843 89
3893 80 80
3010 971 48
3633 1787 10
28 1872 82
3550 1439 65
2163 1654 68
1171 2810 38
3823 2035 54
1276 1598 97
3814 3732 65
3482 1192 43
505 2765 85
3611 1448 86
2641 1657 48
449 795 8
2406 2308 7
2570 1653 85
2186 1170 44
669 2994 38
3311 1414 78
529 155 68
776 2034 54
2884 3739 36
3339 1302 85
1890 1212 88
1717 161 48
3219 629 37
124 3418 95
3208 962 35
959 2775 9
638 3714 90
2318 1617 67
1822 3646 71
1382 3283 63
945 155 67
747 1567 84
1474 3067 70
1402 1548 38
1384 2134 84
0 405 25
2703 832 25
1001 61 81
667 1118 61
766 2836 51
84 3462 4
965 3610 8
293 1425 90
2990 912 56
2960 3267 31
3838 3435 80
2801 2415 41
1973 305 5
2930 3937 62
1533 11 16
37 2666 81
1137 1037 59
2544 2347 46
1782 3453 84
3667 1059 100
1794 614 54
3451 2654 27
3135 2363 40
2023 2584 2
602 3731 94
313 1532 69
2918 3140 3
3181 820 14
1948 1790 88
3317 2109 31
3719 1870 49
1091 1961 47
478 3551 81
1820 987 56
3598 1615 92
1840 3773 2
2080 1134 68
1746 3114 64
524 1800 61
1351 137 39
1990 969 16
3697 731 53
1460 53 44
77 2492 98
297 885 51
3222 730 6
2295 3684 64
3497 2226 58
2953 35 34
1031 3060 41
1731 1840 49
1190 2592 4
73 2360 66
2096 2474 29
1239 151 9
3978 363 49
3692 3024 69
1809 508 5
1426 1238 60
1280 3342 84
174 2616 24
1101 3558 97
36 1286 21
3992 3836 100
2453 764 27
1250 267 49
112 2656 25
2112 3525 97
1663 2895 73
848 3673 11
1632 2753 20
633 2068 79
3632 1244 81
1307 263 2
2770 2804 58
453 3629 78
489 1967 54
3137 3517 59
1640 329 49
3062 281 7
1112 1914 33
689 3780 76
1130 3646 47
2216 2685 53
648 3055 49
20 2954 92
3467 789 63
3936 2676 74
505 3097 95
2624 530 48
3098 2286 27
185 3734 63
2879 2504 76
3564 876 51
1772 308 62
1224 3079 66
415 957 97
1122 3560 83
1081 2337 83
2034 2073 32
1847 2923 32
1150 2323 74
2919 280 42
3458 2516 50
2797 1754 72
2444 207 63
3438 528 46
3024 1049 28
967 3619 49
3271 3547 35
1513 3230 75
1425 387 11
1904 3847 100
2610 3081 46
842 1591 51
1298 934 99
1638 538 79
1259 3084 49
912 1911 93
1885 2370 18
1519 579 51
1019 2420 92
2239 452 49
3029 2019 76
705 3239 82
3546 2167 27
524 898 77
1862 3729 27
3789 2937 37
2543 542 88
2073 330 12
3660 3735 30
734 1962 26
1754 1626 77
1532 1681 80
3774 1825 91
683 3488 27
285 2036 86
589 3126 62
414 2262 11
2858 404 94
45 3649 55
3784 3893 25
1754 526 55
1209 3871 90
1020 3888 86
3437 2185 12
2277 3789 35
1693 2246 1
292 1769 77
184 1138 55
3550 1354 37
1893 571 62
2783 3475 17
2647 3014 44
3872 3277 78
3622 89 12
2399 2127 70
1138 3301 5
224 2674 49
3451 2141 17
676 3249 33
3413 1760 92
3332 1061 93
3615 2513 33
1579 2209 26
202 3928 5
3932 2881 93
1777 3142 26
1303 761 82
2679 1635 1
1307 3223 75
316 318 20
194 1544 45
1939 1782 36
3582 1282 13
3855 493 65
589 93 3
1720 286 88
2639 1205 44
378 3054 76
3970 2424 66
2281 201 6
418 561 89
2490 2109 21
3299 2016 86
2179 3710 29
3799 3793 56
3369 1364 73
3847 311 55
424 257 50
2571 642 59
3913 3583 16
2612 1949 35
1456 3864 64
3206 516 64
1721 1171 28
1494 3551 67
162 287 92
1026 3331 72
1190 1920 79
1609 124 16
3867 1767 53
3082 1213 27
1450 21 7
2674 3957 98
157 2427 66
479 1770 33
3795 3470 25
930 2128 61
1929 1610 71
831 272 82
775 2971 22
2646 2952 24
756 391 58
2304 860 56
3446 753 95
224 2073 9
1409 3971 24
3134 199 93
1074 780 66
3842 2134 15
3776 2036 40
3318 2775 35
1957 1699 52
512 1071 13
1819 2478 48
2702 2826 78
3762 2226 33
2583 168 2
1985 648 55
3939 673 8
3041 2715 99
704 3783 72
788 2823 88
936 2817 27
1815 2619 55
1560 3398 20
1920 2926 38
616 1972 86
2316 2058 19
422 3603 70
2696 2076 64
1192 397 43
2416 1193 13
1052 314 17
2109 1451 41
1003 2355 69
356 2735 44
2007 699 78
3948 3365 57
2319 2749 62
1301 1131 10
3579 3903 3
1145 1394 43
2887 2599 9
98 732 82
2357 2146 56
1112 2955 7
3250 649 13
3580 73 69
2758 999 31
262 2503 70
602 2289 47
1618 2017 37
2340 867 52
2678 1982 98
1330 702 8
2388 358 43
1735 1786 36
1016 2064 83
1219 1941 69
2173 3455 31
1195 727 20
343 464 72
2465 784 45
2760 752 40
2612 1663 15
1876 2217 37
2108 402 74
1238 220 67
3551 2663 71
1144 864 47
733 773 44
841 3270 3
3371 3586 53
842 3443 23
21 1118 4
509 3647 64
3101 300 46
536 3014 65
3822 1358 78
2831 3369 56
3042 1024 17
2603 3334 12
780 2145 90
1748 1834 27
2707 2416 50
3485 375 100
1162 2431 99
1618 3842 23
1281 1028 100
1917 3382 37
2443 3655 5
1473 3605 38
2229 1534 87
3346 3337 66
3332 2456 70
1336 1165 82
1344 153 31
3483 80 52
2330 1593 70
1988 3415 67
560 51 55
3486 32 45
380 1371 6
552 2901 44
324 1985 72
1614 998 68
3510 1683 82
3845 3831 60
3535 3229 94
437 3434 40
2773 1347 18
2277 1086 87
850 313 61
290 2014 86
3468 851 96
2675 1619 55
2025 3331 98
500 1104 13
3169 2227 23
3785 2725 42
1014 1307 89
2426 2245 94
743 3347 23
3981 1975 3
3846 451 77
2437 1953 83
1350 1140 55
956 2993 79
3135 225 33
1477 2884 51
2631 2241 96
2914 3724 36
3157 2450 73
2341 1096 55
3383 2561 43
1037 1088 9
1536 477 84
898 594 51
1824 3361 50
2805 146 79
782 1403 83
1618 3323 40
1169 767 88
244 3087 60
1671 3956 75
667 3845 5
1835 3118 24
1010 3767 83
2414 2815 11
3782 2290 41
2002 2647 86
1859 2122 64
1020 1798 68
754 2170 51
932 2114 58
3242 3286 74
114 2655 64
453 1398 73
1170 2001 40
3576 1368 92
3328 220 28
3282 2932 4
376 1468 96
2169 2489 15
2826 2985 30
33 1648 17
895 2323 94
2857 1952 92
2521 2821 74
2687 1484 40
2880 5 68
480 2822 54
1956 2700 39
1669 888 74
3298 2087 61
296 1777 20
3775 3359 5
2899 3400 90
3990 470 89
3960 3241 21
1497 47 24
3989 2939 29
1218 2672 18
706 3146 59
1250 3616 92
1280 3362 68
3390 751 78
2499 3523 34
3222 844 61
1252 1183 18
3552 3607 85
1588 1891 25
156 1793 64
1282 202 75
3705 3884 97
1752 757 87
2705 2263 10
628 2918 70
1389 2053 69
2602 1491 89
582 1761 41
3604 450 76
2307 1954 5
2412 2109 33
3545 3934 84
2669 3531 5
3688 1306 11
2493 514 6
2228 95 90
1800 3897 34
185 1753 36
1050 851 17
3023 2756 65
2058 479 21
1934 1278 69
2367 3116 8
80 589 90
292 2277 82
3247 3009 81
3013 759 72
440 2677 73
1907 625 65
3399 153 73
2485 3367 78
1196 2001 32
1430 2684 28
125 2571 73
2771 3343 88
1660 1369 77
3079 698 57
1289 3531 98
2111 3945 52
2050 2311 94
2997 2090 97
1166 294 27
213 3718 94
689 2119 58
2459 2222 49
2958 374 50
3072 1089 75
677 1246 63
1224 2875 84
2278 289 74
3524 566 26
3529 2371 59
3743 507 68
1847 1657 85
2758 3590 35
1058 1109 72
3986 399 76
134 2578 57
1421 2779 5
3183 124 35
2216 26 77
1918 2149 2
3363 367 4
1306 1467 44
948 1117 45
2327 289 6
3816 578 23
2781 3689 15
1703 2559 99
218 2216 41
3723 709 1
438 2992 57
3612 3713 14
219 384 43
1698 2830 94
1850 2169 81
2109 718 15
3838 3 39
3240 1366 9
3498 2535 57
3658 2065 21
2907 2661 58
314 650 61
2696 655 14
2943 3223 31
3958 1853 38
2397 1779 18
185 2966 2
1210 3685 67
514 633 45
2752 3261 13
3557 1701 52
988 2260 75
2678 1048 97
3526 2410 90
2237 785 2
2455 323 9
2308 1566 94
2853 3466 66
3930 2498 53
1130 3151 38
3361 411 65
2876 1354 51
1879 2835 86
995 1194 33
3694 1336 23
102 2998 35
2522 3213 75
3589 1749 52
3730 1822 64
123 1153 88
2553 52 29
3779 1174 49
1598 1367 86
3696 2001 3
2715 2325 40
2195 1054 22
3818 1715 61
2609 3735 73
813 2 15
3747 3423 17
2723 934 19
1053 1077 4
3202 492 46
3945 2682 32
1273 461 39
427 3962 72
990 3418 51
1027 3377 3
956 892 42
226 2460 11
1924 1726 46
919 1450 52
2346 1013 63
3762 2613 91
281 2267 64
1417 3812 39
2163 1647 72
2910 2226 46
3418 3426 93
3776 736 34
1747 2242 40
380 1620 21
502 1653 82
824 143 88
2112 633 67
1822 829 61
3623 2767 84
1532 1884 87
1644 2273 24
1758 2919 7
526 1858 69
3282 3369 62
913 3328 87
1976 133 12
3651 54 12
1212 2583 70
1000 3161 84
1183 2049 50
540 1684 58
1642 1631 24
2645 545 89
786 1637 6
1159 792 2
36 2299 63
1609 1265 38
3892 731 20
1720 1383 99
1431 1191 1
2398 3356 78
127 2996 95
1315 3568 62
2142 3485 55
61 2615 44
1548 897 65
1554 179 42
216 2986 46
375 2198 52
3551 2256 11
1976 3290 74
840 1535 40
3779 1266 49
1600 2284 16
3302 2014 28
3206 300 45
2831 1962 49
3395 3586 71
3930 1961 40
1030 1661 89
1631 2308 33
884 3126 27
3035 3212 48
176 178 100
1238 521 30
3184 3244 40
350 1968 81
3522 2676 42
2929 2149 44
197 2718 1
2436 979 77
2722 1787 13
1891 455 65
1643 432 65
1744 2848 98
713 150 8
1264 3761 32
1042 2533 86
423 3453 63
3090 380 17
379 3287 73
3077 1296 60
3909 1348 4
1050 1780 13
452 2039 36
2341 3992 36
3555 1901 5
1454 2253 65
2591 3605 21
655 580 39
3617 563 97
2499 3967 73
3159 3727 67
1115 1382 96
685 253 8
2412 2773 6
3138 3575 83
2119 3655 67
3519 3326 100
601 976 4
3053 3515 59
1259 1044 13
3927 1873 90
2393 514 4
104 1099 69
131 2416 43
3743 3580 24
3930 337 64
1036 646 2
3623 143 52
3659 614 36
3686 1643 76
73 2926 28
2836 3218 21
2461 844 76
2753 1788 22
1238 1754 49
3128 1292 79
3355 1813 30
3168 2639 84
547 2619 69
913 3653 28
2434 1259 56
467 3844 28
2509 838 26
1821 1169 91
2821 417 74
2881 1213 69
1381 383 100
3690 407 57
1618 1454 7
3026 3284 26
369 2774 68
158 225 84
2691 1792 85
2546 1595 23
2088 2708 41
3088 1201 48
3213 2470 28
1825 2891 90
824 1991 25
3367 1345 81
2356 1642 46
920 2980 41
854 3304 2
910 3106 53
3286 3224 6
1413 2443 65
1512 982 80
437 3497 80
3404 395 78
1085 1076 86
3247 1385 54
3892 211 98
1827 1073 95
163 3551 71
409 1803 75
403 3223 71
1085 124 48
3480 2843 14
1756 509 12
702 2823 97
3646 2772 66
3205 3095 40
1433 1345 19
937 2571 49
1311 2207 87
2527 490 26
1733 3794 40
679 3752 97
612 59 1
1924 952 34
3281 1796 21
2282 963 44
519 1659 72
2930 276 69
1324 3333 29
999 2220 61
2921 2340 54
1478 3724 49
3805 1255 37
567 3110 22
2955 422 90
2732 1791 67
2121 3802 42
2918 3401 6
918 3536 24
3450 1490 45
921 2343 57
3904 537 54
1280 3621 92
332 1636 20
2992 1763 12
2339 990 82
3229 3953 77
1555 1544 5
3817 3204 92
2417 3849 20
1711 1979 20
2969 2506 78
2739 1998 13
1220 3145 98
72 2653 49
1632 1324 29
2961 2924 32
968 3307 18
2379 2119 80
1159 3957 63
2716 471 99
2619 115 29
1352 0 11
507 1049 94
3355 3469 4
934 2080 78
2268 2434 57
3883 1901 38
3162 2725 14
254 1242 40
2462 3855 70
2155 1616 29
3501 481 42
2814 1611 65
144 1495 56
3803 2834 3
457 1214 31
3684 3125 33
1463 1009 25
2136 2688 83
787 412 90
3772 422 80
2826 725 50
2848 3479 39
504 1609 68
3133 2288 97
1920 506 50
1682 2887 49
3750 1505 10
1452 78 6
3222 2742 11
1744 3946 20
2477 3264 66
3210 795 49
961 1193 66
2552 3638 29
3929 944 20
2922 536 5
225 379 87
27 1178 16
7 275 23
3983 1361 29
3963 597 53
963 818 94
1339 2080 34
1459 78 88
540 1579 70
1340 481 21
922 1511 36
1266 3030 68
2329 1158 69
2308 2268 7
2734 765 1
1629 3723 94
443 1509 41
2656 3084 26
1740 508 95
234 1870 31
3499 630 82
696 3923 77
3706 63 90
2231 2926 38
1467 2026 11
2251 2754 32
3914 1180 73
2933 3714 88
3217 770 17
390 996 90
1367 1399 17
2205 2326 36
3901 503 77
2357 1693 53
18 811 32
1807 2107 80
1297 2361 12
387 1771 55
1013 2810 91
3170 407 63
196 610 1
2840 1312 68
2641 97 74
1646 1813 34
2737 2677 36
864 2671 60
162 3652 40
3191 3163 93
3212 3914 72
42 816 63
988 1651 100
3439 413 26
722 3924 14
2454 1310 80
840 342 50
733 1904 76
3606 87 4
3267 1279 2
2386 2628 61
1460 1920 62
3262 2784 7
1369 3261 11
1979 278 14
2355 3542 53
2596 2968 17
2038 134 43
564 1592 61
105 717 34
903 3904 3
3494 2891 33
3241 2351 80
3389 510 45
3613 71 68
298 3590 52
1788 3877 44
2772 3138 8
373 757 53
3085 3345 85
3320 2470 96
2577 2793 3
831 3314 3
3153 1917 26
2054 2834 25
859 498 5
2344 804 77
714 3972 34
3033 1673 80
2034 2465 48
3943 1082 64
116 3441 61
3783 1582 93
1194 1525 87
314 2986 18
3431 236 50
421 523 19
2784 1364 21
2174 1764 72
260 843 83
2690 503 71
3612 2234 87
3614 1858 12
2977 708 62
1714 3212 13
1727 2265 79
1593 1849 29
3763 679 49
1341 1850 61
3140 2303 83
654 2217 13
719 106 47
49 3872 88
3011 180 82
2924 131 88
1871 392 65
1745 3320 97
197 3336 86
1958 2193 77
789 3333 32
1392 1127 90
2123 1881 6
2111 634 100
3250 3373 14
1447 933 2
1813 2504 52
2815 3054 66
1789 3871 79
3451 2473 45
452 251 16
1904 1748 69
1587 2430 75
2152 2322 47
1552 1175 18
1109 907 51
2302 642 43
1362 2059 33
682 2348 67
266 3410 83
1031 2249 50
2683 3902 71
1332 1165 60
1881 360 96
2424 3066 9
3878 3836 75
2862 702 79
258 2816 58
2358 1431 45
1101 3433 81
3827 1467 50
1268 3726 85
2333 3385 54
1425 1817 84
837 3403 1
1695 966 7
2038 6 38
2093 1793 35
3922 3988 36
3089 1808 77
534 3820 5
3550 3101 32
2282 663 77
2983 599 38
2287 1892 26
2521 912 91
46 1676 14
3133 1237 27
467 2791 99
6 1234 88
521 121 20
2851 2350 5
256 1064 87
1988 3845 42
986 767 46
1335 88 73
2562 2677 42
287 1080 75
827 212 66
2171 1664 27
718 2350 69
1045 2260 99
3434 1238 12
967 3142 28
2694 3585 12
2544 2779 74
1766 3672 95
3647 566 74
2571 791 39
3373 3827 21
1319 2971 97
2742 3605 76
1081 2130 81
2554 3982 96
1010 404 44
1235 2080 62
1179 3856 2
382 880 3
1127 222 45
209 684 91
3493 2885 71
2708 340 53
2600 3127 66
622 3824 40
12 1960 25
441 3711 42
3728 1266 73
142 3063 14
365 3056 52
72 926 94
724 345 82
3196 540 90
1874 3764 94
3469 743 29
3911 1332 100
1706 2222 14
680 89 32
3476 1697 56
1237 2434 29
3707 3888 67
613 2763 74
3147 1 12
2384 1440 92
3872 1151 93
742 3536 66
1808 2850 86
2752 193 32
594 1008 42
3823 1933 93
1054 1829 36
3384 651 46
1956 1697 80
627 2645 43
431 2149 49
90 2790 45
2119 3125 40
2720 2487 64
3874 3638 10
72 1560 56
1626 3149 58
2165 608 33
706 545 29
3550 3823 48
2936 3512 67
2343 3267 68
510 3217 86
2636 2379 40
1341 2054 82
3212 3210 38
3382 1552 12
382 3877 92
3838 364 36
2592 263 42
668 1622 100
2718 2252 7
1426 2374 29
3088 1027 83
2656 682 42
3589 3861 66
2735 3527 80
1941 1170 55
316 3676 49
3599 1258 45
808 1097 96
1572 1775 39
698 1147 20
1074 1122 87
3997 279 27
2710 1315 18
2637 1378 30
246 863 27
634 3073 32
3540 423 23
74 1854 81
1881 551 88
3103 3051 80
2052 2151 68
1238 3389 15
38 2947 41
2405 3628 66
2961 34 55
3710 2118 7
1391 1467 53
1610 2621 1
1673 1988 72
3011 3444 83
618 3517 46
1950 1632 64
2749 318 25
1952 2561 16
3509 1478 42
1317 3644 43
3972 2286 11
3611 932 40
3801 3924 96
3036 390 52
59 2576 17
408 3984 85
719 2329 51
3944 3393 64
81 3336 61
3199 1108 35
3449 1038 29
1721 2747 47
2696 960 23
3578 139 55
1636 3913 29
3240 3235 56
3201 3788 46
2019 2426 89
2417 1432 83
1514 1700 42
1101 2186 27
2213 2144 50
1796 1224 45
3708 364 59
2874 1630 22
2604 787 77
1651 3842 23
1998 2335 12
1485 1763 45
1915 2148 90
814 1579 16
3813 3521 49
1734 3895 42
32 142 90
1991 3724 56
3844 2235 2
2828 686 18
2615 1008 3
3242 254 95
884 543 52
1990 2183 22
137 240 18
1302 1998 15
2375 2839 15
2134 1595 15
3617 36 100
3232 3948 18
3526 2424 40
1347 2746 59
1666 1262 65
347 1237 23
2424 752 53
1712 97 66
3162 1055 2
48 1172 52
23 2423 38
3851 252 59
3654 1884 42
2293 1837 93
1399 3313 63
1291 3137 24
2592 1050 75
2017 3623 75
3454 2012 68
271 858 73
2550 3223 51
1157 2868 67
3331 1706 75
3556 3386 85
255 2101 4
2766 1034 89
3602 1982 83
1253 2730 76
2803 880 73
1554 3770 87
3328 2897 63
1615 2662 22
854 1423 66
1136 1698 18
611 2973 81
1008 2040 46
3909 1543 29
3928 1922 40
1791 319 13
359 1704 60
1150 2397 17
1675 1128 44
933 215 74
2066 123 51
2469 598 77
415 1922 13
3726 404 71
2438 2991 20
787 1005 78
694 3328 96
1445 3418 22
921 1540 33
2958 839 42
1967 2946 2
454 2685 81
2092 1012 90
995 657 60
3216 280 80
105 508 27
1594 2152 18
3630 1018 85
1052 1961 56
148 1645 54
3790 2819 13
1356 3894 12
922 1114 78
3086 1355 36
572 3247 86
1278 1235 17
2635 1743 57
1809 1887 2
1983 468 74
739 351 12
2672 1366 90
3858 231 51
562 2510 72
1425 1749 33
1614 92 14
2001 2027 49
506 631 48
3057 3054 50
1033 1355 49
587 3968 56
2746 3011 85
1127 1659 22
3071 2087 5
621 491 67
812 2421 41
348 3382 4
1385 2481 66
1177 2837 9
2344 3037 36
1256 2308 46
1369 947 9
2509 3971 31
508 3872 8
2811 3514 14
1207 1666 66
1541 1316 54
1565 3367 27
2333 1372 7
1642 2621 73
33 2046 78
3774 2666 5
1235 2012 30
2336 3193 93
3133 196 36
2293 1195 86
2239 967 1
3505 330 2
504 2929 19
3732 2048 66
3968 1756 66
179 245 93
2102 1881 50
115 576 69
3681 1927 45
497 3978 22
1680 257 61
2297 419 63
1816 2022 24
3268 3342 87
3135 2462 83
51 2894 70
3330 1671 21
2262 1808 65
2767 1400 64
3668 2865 14
897 2686 10
17 3667 93
2240 450 16
379 3173 34
3659 1494 17
857 3269 59
3732 1771 94
136 3656 32
2185 3241 36
2758 29 73
243 2792 43
1243 1597 10
738 1089 40
3327 698 99
3395 1975 30
38 2394 15
2011 1288 6
2314 3768 8
2108 3773 33
1460 632 92
1354 3122 3
3021 1454 61
2125 2507 88
2552 2749 63
446 2214 15
3945 1712 74
782 3107 3
3489 3220 22
78 335 84
1931 576 52
3898 3316 61
1775 2939 58
441 2108 87
152 3356 62
2611 3312 51
630 2885 60
23 2374 60
656 3389 13
1427 3920 11
1574 1683 23
2908 685 11
2670 824 61
590 2574 80
352 251 90
2746 1557 37
1253 3023 47
3857 1560 12
3454 1257 93
3240 1213 27
3455 860 79
3301 3723 99
983 2227 58
1112 1098 40
3296 680 1
3047 2259 78
1356 3500 33
106 2579 57
3405 857 61
1363 3412 79
1058 768 52
2553 1802 66
46 3816 56
3100 2646 81
2367 2126 74
747 2285 43
267 2197 12
2713 2385 61
1099 1575 8
1061 1718 17
2217 2775 33
2581 2881 69
2575 1490 34
1049 3019 76
2594 3094 64
1822 2213 62
45 1494 70
2807 1504 84
3770 2752 82
2050 2350 46
1008 2569 21
2719 1361 56
1906 2499 30
386 2059 96
661 3163 98
1495 431 57
3727 189 92
164 2101 26
2899 2758 44
3408 2520 56
1362 2128 31
1609 2312 17
1992 473 58
3042 1146 93
1467 1833 9
2637 209 92
1013 360 8
3081 415 62
3251 2394 4
1170 2635 69
1090 3179 88
451 1939 54
1222 405 52
3490 1527 51
2257 3231 12
1472 3987 13
1702 165 35
1126 2840 25
1455 2241 84
86 1817 53
2878 1567 11
2308 3384 71
2942 2536 22
3938 581 14
1265 1718 98
1699 1027 42
1824 2655 4
1959 1588 52
2285 1729 96
3966 2066 93
3276 1230 55
446 163 84
1260 3988 58
1170 3802 36
3436 3766 23
2844 880 30
804 2324 93
3776 3410 82
3099 2967 40
2947 2017 18
1857 3298 26
1104 2020 94
121 1458 14
3430 3546 27
3006 2058 43
427 2068 67
1479 3344 75
2873 3136 53
3053 180 73
3733 818 71
1351 2983 47
3178 1323 75
3019 1764 33
2934 552 63
1596 3416 98
3209 903 5
2448 1515 44
138 284 11
1951 2405 71
3495 2052 12
3488 1804 29
3643 344 82
3746 2078 38
3086 2305 53
3168 632 33
498 2864 19
541 1403 30
3722 578 80
3244 1731 23
1972 2869 27
3773 2817 53
3211 2160 24
1844 167 33
2495 1902 57
2411 1608 99
2575 3751 56
3448 1002 89
1590 1871 43
2629 3520 90
3843 1571 90
3847 2876 42
2339 2404 69
2839 3756 96
999 978 54
2984 2758 53
2716 1074 26
3106 2346 56
3183 2643 48
1291 3173 49
1439 2469 94
1619 2135 20
2383 3846 4
2045 681 74
2531 1644 42
1420 2032 41
251 1636 84
2176 3138 55
741 1988 64
539 3273 50
2563 676 32
504 2624 94
841 2419 32
2637 960 41
2227 3635 11
2551 3733 77
1334 1474 22
3840 1986 83
1107 3415 54
688 1394 28
528 1142 27
1083 1753 86
121 127 78
304 2487 28
2405 799 55
927 2361 80
3738 2252 1
23 191 43
765 1631 17
455 724 68
2687 2808 46
2883 3967 73
907 0 32
3815 3936 82
3327 3615 47
62 2218 94
3372 3239 49
3348 824 10
3313 2955 54
3839 612 68
2022 2282 42
3782 3507 45
504 2397 88
1905 2048 94
1617 304 17
2004 2803 69
3707 3167 38
2332 966 91
2219 3767 80
257 15 41
2525 93 60
1317 1272 54
1805 3643 25
3386 3159 13
2538 372 54
2357 1570 54
1165 1065 83
3597 1805 93
2005 1610 53
3561 1793 39
1024 2947 13
1903 394 13
3029 3711 23
1816 222 74
3190 1468 16
75 2500 11
1354 1984 13
2759 1657 34
59 2781 85
2794 2053 71
556 1970 24
3659 1791 49
755 1801 27
797 2137 31
3330 169 41
2534 2867 25
3506 1216 22
3083 3228 33
3029 968 36
676 3958 78
1050 518 26
1815 3089 51
1738 2749 34
2533 714 82
3061 179 79
1185 2266 29
3829 584 32
1156 878 31
2709 2087 76
2654 899 39
306 2877 82
1344 3906 30
2578 2164 28
94 3986 8
3573 1671 52
3771 3301 73
3263 352 94
3385 3363 74
2574 2443 61
3281 1869 41
2505 886 80
2048 3876 55
1869 2153 58
2260 1779 95
2673 3608 63
3502 71 81
2164 3773 9
393 105 27
3164 1980 26
3386 1362 51
256 2992 18
555 3062 26
1974 2927 89
658 1588 36
1074 1059 35
1399 2851 71
2220 1471 91
2221 2408 10
1972 3220 79
1479 3790 65
1423 2901 25
838 2464 89
1995 2464 99
1714 1849 19
297 3769 98
3020 3374 21
713 1350 91
3238 1362 70
1508 3063 91
1764 2120 72
551 1545 37
845 2888 64
696 3904 60
1242 2781 47
1375 2696 70
2166 3536 85
1888 3046 39
233 1004 100
2416 3009 88
3455 1298 66
1584 3425 41
449 2243 35
913 3505 83
806 1182 8
2821 3152 52
3341 2343 17
718 3417 74
2747 754 53
453 3321 55
1676 2837 20
200 1139 7
2020 3210 54
3236 3222 25
3165 2460 59
1772 3123 64
767 3451 6
319 3494 78
302 1972 25
2256 2781 66
1637 3690 88
226 1191 3
47 713 31
3945 2312 72
1503 2458 54
188 3506 88
3649 3251 27
2659 1848 34
2196 282 95
2320 3994 72
941 376 73
2535 1512 29
32 3056 1
2158 1842 13
1953 2106 3
1582 2747 19
1176 3366 56
44 1203 32
668 50 41
384 929 30
2139 217 20
2386 2033 9
629 2806 68
210 3015 6
441 1221 47
3586 283 65
2392 3080 27
566 2110 84
2069 32 93
852 2196 62
2331 1500 41
3936 3796 4
3108 3994 29
2494 3376 56
1729 238 83
1093 3291 93
755 1416 71
2646 1162 100
1189 1052 30
2304 2902 70
919 658 1
594 2860 46
684 1543 11
2856 950 7
1519 3888 48
57 178 61
3882 2250 72
538 1292 16
1274 3170 45
3550 2504 29
585 1751 19
1419 3437 8
1025 2692 39
3300 3485 31
2652 3960 35
303 2734 67
78 1792 74
1786 1948 46
3252 1034 96
2862 3703 73
3637 1129 52
3341 1440 32
1860 2900 69
483 3535 17
827 1263 92
2375 3260 65
3915 1585 89
311 1119 38
423 2755 12
2683 1164 17
2456 31 81
3011 3597 11
2495 329 1
10 745 44
398 2013 37
2550 2005 30
173 2841 35
677 716 84
2588 2287 47
2335 1981 21
1710 296 96
1858 858 62
2066 380 74
3802 2227 99
3716 2181 38
3800 1854 18
354 101 61
157 1152 59
641 246 55
3834 2129 15
303 1218 70
3290 2495 22
756 971 47
2569 2881 28
2117 869 40
1016 1289 50
2441 3864 94
3328 2686 29
298 1453 47
1858 3563 98
377 689 99
1429 3796 73
313 3855 94
622 1452 23
3378 902 42
83 1763 61
2536 2682 78
2410 135 8
2372 276 19
841 1383 30
1391 3146 47
637 1336 5
429 1575 15
1665 133 46
1880 3307 96
392 462 71
3785 1351 74
1239 2549 94
2581 993 83
2570 427 28
2019 2028 70
3145 2347 89
3331 3354 8
2328 2762 25
2136 2644 38
2839 1361 2
2483 1756 90
3373 1984 49
3298 1245 41
3487 409 16
246 825 6
2749 1520 36
1348 2852 72
630 2971 26
203 626 23
3811 1097 41
2190 1348 15
56 535 16
3775 1684 81
274 722 52
1626 1820 36
3068 3164 66
2040 1783 13
898 2955 73
1587 2831 27
613 1501 92
1991 257 35
220 967 19
1594 3637 2
2079 3089 79
683 911 5
1960 2614 36
3095 3311 82
90 1974 25
821 610 74
3436 2798 47
985 1616 91
1797 417 98
3930 3401 87
2825 2751 30
3754 660 73
3685 761 43
1768 1115 8
1883 1558 92
2966 1548 39
2250 1321 81
2381 1708 88
934 190 100
1541 3826 16
3373 2781 69
422 1179 67
3653 1144 28
795 3203 94
3673 74 61
1751 3212 3
3166 1934 20
2004 2671 33
373 528 51
1505 648 68
1665 3129 84
2123 3948 59
1271 802 54
1149 2045 17
3817 997 48
899 2796 52
3687 2250 38
3779 3608 20
3669 2566 94
3269 1081 57
1601 1020 88
1050 1436 4
2401 1221 12
2978 225 5
1647 877 58
2824 1570 79
2310 1821 52
2792 2742 39
2598 639 43
1592 1699 58
563 3792 52
275 2348 51
1905 1315 33
2033 2886 3
298 1252 92
3279 82 56
3849 1802 47
1142 1650 30
1025 1532 2
3342 1099 97
437 1754 66
1573 1276 85
3068 1707 21
2208 3600 24
2091 2974 12
2127 1603 81
827 3122 20
860 2025 72
2687 3200 92
1384 2008 18
3863 10 95
1803 3460 36
1999 2219 15
752 871 86
2590 1031 43
905 587 49
1915 1995 2
860 2935 28
294 678 63
2873 3172 78
530 1849 52
2856 3116 74
1042 553 17
3864 1347 83
2218 817 58
744 523 13
1830 553 27
2992 3368 47
1254 3131 84
2985 1714 61
2906 2745 52
73 2487 32
1581 2551 77
37 1700 4
1829 3407 52
2736 3327 27
2637 2751 35
3169 2681 31
2569 144 94
3731 3365 35
2589 425 35
1967 3118 77
2300 886 99
1077 990 25
318 3966 7
789 2560 58
3757 3701 1
587 2903 98
2628 3789 74
3538 1421 22
3281 2536 5
3043 3021 99
1068 721 48
3064 3290 34
1085 702 19
1685 2725 80
2133 1859 52
2150 1027 100
139 1596 42
2461 426 37
3623 1571 5
2782 1726 94
208 2169 10
3073 2635 9
2588 844 4
2008 4 3
315 1011 77
2069 2338 2
152 1058 49
2056 2848 58
3475 3703 94
2581 1309 42
543 3721 24
3139 3104 21
3885 523 47
2703 1221 56
1716 3158 31
2955 1025 63
2375 3945 2
2134 1038 12
2645 3313 4
1007 332 78
1173 3828 88
2787 3059 60
88 1841 51
1457 1098 36
2594 2545 73
3005 3451 68
1901 793 100
1975 3919 80
3528 1902 58
2146 1592 78
1457 2645 2
1637 996 90
2875 650 61
3982 3665 12
200 59 16
3560 3156 25
1434 2918 12
3244 3985 86
3149 3966 41
1176 3293 72
2722 461 79
1627 3260 85
338 1470 63
2364 27 51
173 2583 91
3891 2110 6
2943 2295 84
3452 3798 49
3477 314 49
2242 1343 34
617 619 41
3396 1465 53
2238 3733 67
3224 3913 70
2913 20 65
1711 1340 20
138 3643 29
698 3073 29
821 2067 72
1053 2319 21
687 2396 27
355 1985 6
1673 1488 78
2882 2937 56
2298 1691 83
2263 2250 37
3857 3744 22
219 2856 68
1479 3565 28
3215 721 19
2210 1183 22
2868 801 9
3962 3247 81
2875 2993 73
3176 400 97
2871 2293 68
880 3323 87
166 2970 3
1657 1492 48
595 1645 56
3719 3669 35
1565 3853 85
3641 0 64
674 2319 4
1480 1312 2
3632 510 10
3016 2425 48
1805 599 94
1055 490 95
848 1468 3
3630 1735 31
1111 2172 87
81 2419 53
2456 2547 54
937 367 58
1780 2588 100
2747 3340 78
3573 1245 83
2271 412 99
909 3592 1
3810 1214 39
434 3147 48
2479 2708 9
3498 3295 75
2708 3754 20
215 318 2
3348 2645 8
1157 365 26
1709 1323 14
1079 3654 52
1881 1760 57
2049 3712 68
2121 1548 36
1005 3188 17
1771 1397 32
2967 2892 76
3206 2667 80
936 3910 59
3146 2282 77
1937 3429 55
0 1967 37
2261 2950 72
2398 438 18
2998 1214 14
1347 266 57
3904 3326 96
3729 241 76
1773 3371 19
1880 1941 39
3320 1570 96
2464 2537 13
1415 2317 61
2660 1248 44
3639 3812 88
2432 2232 22
1299 1916 30
2701 133 33
3263 318 46
2333 1300 95
1884 1940 82
3624 498 84
3430 589 90
2832 3786 44
1589 1000 22
2747 1494 75
1331 719 18
3657 2429 76
1906 3733 87
1268 128 94
2575 1474 77
215 3037 77
3544 2814 73
2391 3711 49
1330 128 51
2498 56 42
27 2240 25
1717 403 97
1040 2416 18
2996 114 94
3637 2366 1
48 2944 4
608 2809 92
1116 3571 58
2615 809 68
1080 21 51
3939 3902 88
2465 3580 94
2636 3837 35
832 3574 32
1166 3079 57
3467 398 52
3687 3972 15
46 899 30
2232 2492 77
1877 2477 12
928 1471 1
101 3028 65
3940 3570 81
3539 1840 70
3615 1863 41
2048 2099 14
1908 1364 45
750 3100 83
2107 3659 32
2147 1032 73
150 485 59
2434 919 71
592 1811 66
973 2724 88
3008 2971 51
3599 3576 82
3745 3961 81
768 2542 9
1214 1348 99
516 1096 53
810 2532 45
2313 227 26
3913 3635 59
84 2227 35
2623 2875 50
3067 128 42
2449 67 72
2472 1666 7
3029 431 23
2601 885 32
645 1392 38
1947 3388 98
3311 3861 39
1665 2356 27
2883 1210 25
1075 672 54
3888 2427 62
1955 3925 41
1351 845 71
1930 890 35
1044 2166 52
2700 1278 64
670 1849 27
2224 142 29
2817 96 50
2500 376 26
686 2675 11
2988 2450 92
376 3832 76
42 82 100
997 2732 90
2574 2874 2
291 3444 83
581 1972 84
3387 62 61
2583 2727 44
3974 803 24
430 2495 45
1841 493 4
1945 57 63
476 3309 65
2714 2268 7
2213 1229 4
1151 1877 92
3698 3471 40
1480 2499 8
3119 3576 79
3552 2077 86
3431 3380 40
1921 3554 18
960 1909 29
1978 212 49
3182 2155 42
1030 916 37
927 1736 91
524 3335 46
2214 3241 62
3312 1897 42
1566 2075 92
134 502 68
1673 1618 35
1781 1992 88
1830 1847 52
84 559 23
2052 1902 25
1697 737 87
259 2168 77
2758 1709 47
2506 1758 73
1785 2717 42
1882 2154 39
1001 1503 90
2560 1332 50
590 3396 10
3498 53 18
1691 544 19
2521 86 31
2080 74 68
3554 343 23
1843 3717 75
2869 3943 77
2668 805 25
936 2866 53
2391 688 22
1221 3404 33
1709 638 97
820 2891 79
2578 668 73
113 1912 63
2020 3903 86
1324 2723 12
3588 2281 90
3625 3905 79
2800 2490 51
1260 665 55
2821 364 30
2715 1131 73
953 3860 88
1041 3471 2
2523 2182 48
2827 2688 80
2428 774 42
1047 1518 52
1531 1322 59
3442 2590 48
1806 3198 97
2322 335 78
1388 1330 42
3325 67 28
1459 2184 28
856 2024 48
1345 1272 73
1066 2039 97
519 640 76
3149 396 99
3356 79 94
2796 1289 26
3704 161 80
1611 3689 94
2665 47 24
2351 3578 51
737 3493 22
336 1084 69
1216 2720 52
2676 2853 95
3704 3292 9
167 3817 48
3685 1591 6
1240 1441 46
3252 1536 62
1729 3116 98
2876 354 50
3688 164 49
2337 2494 5
3320 2414 37
3201 1721 59
1638 3988 38
1823 3702 75
3315 2668 11
3965 432 72
1711 656 10
3822 2476 67
574 237 53
2630 28 89
1266 2308 68
1416 1936 83
3913 3130 88
2176 1436 16
181 1003 85
2953 3644 81
3282 1117 13
1471 3991 8
1034 2853 73
14 3632 5
942 17 91
2581 1237 42
3905 1190 29
3650 3813 20
214 1557 71
3761 2128 43
1911 2218 23
321 2822 80
763 1691 56
3202 1012 26
3822 1689 3
3146 798 98
969 238 42
3249 930 31
1965 2202 88
1160 2848 62
2319 1415 9
1334 2775 4
665 587 79
3668 1000 100
1668 3122 36
1147 3435 41
506 2958 57
3874 568 46
2819 3318 91
3900 1738 88
1952 908 93
32 2083 50
1950 2125 58
805 2756 29
427 3060 83
1881 1742 32
289 2490 79
2611 1507 77
401 626 64
2966 3520 60
3551 230 96
3109 3470 39
8 1321 39
1792 3274 35
1465 1353 61
3232 2425 13
1460 3882 91
2219 2012 19
1859 524 100
2366 1974 64
713 212 52
972 3256 80
3107 198 79
3420 2832 66
1016 1737 87
1385 3573 2
776 3300 14
570 3902 31
3473 2276 90
983 3545 50
2166 3237 65
1882 2181 95
204 3390 75
1332 2021 40
2590 1693 51
2504 1967 29
687 3876 28
2434 635 40
782 2580 98
1581 612 82
1077 2271 60
167 2440 18
615 3459 80
2251 3140 96
949 289 29
1181 3751 20
3302 2215 70
1531 328 16
1673 2571 56
2145 749 28
1792 1919 61
2982 1309 21
3123 1171 85
1384 1294 75
3354 3387 11
1505 3350 30
611 3557 9
3997 2567 68
1887 3959 91
2639 1452 74
1148 1554 51
1731 1823 15
1377 3291 70
3724 3038 63
3411 1374 98
616 1066 27
2864 1021 40
2454 2708 95
1903 193 100
4 2915 61
3809 1136 84
3522 3611 33
3257 1158 46
1078 1007 15
1481 2326 3
672 2095 43
2020 1843 53
81 3896 2
3645 2080 17
2784 1475 95
1695 716 37
413 3193 6
2096 1744 58
2492 3412 85
3223 2730 14
833 2855 47
1741 3641 30
1306 200 50
1948 3834 36
2938 1006 75
2778 1009 77
1658 979 9
197 2426 85
414 39 84
3748 3258 63
2134 1287 15
985 102 1
3186 941 61
550 2843 62
1215 666 51
2114 2988 60
1850 1192 61
140 3158 4
860 105 7
2956 2127 32
248 3185 77
1726 2876 46
3526 2051 64
2852 268 28
1012 486 81
2224 668 33
2793 1769 79
2587 1320 50
1289 2481 56
2176 3445 74
895 2823 95
2136 2396 68
3968 3494 9
1729 506 42
3306 3056 87
2330 1781 8
2856 3568 87
123 172 75
2295 3035 86
3812 1592 6
1209 2387 80
1711 1343 34
12 361 96
2250 2368 48
3278 418 83
2449 265 74
683 3069 32
3621 1282 41
2635 3812 63
3461 1978 30
845 637 39
1741 2174 41
1871 2302 13
2333 2598 75
292 2039 38
419 2840 86
80 1239 57
3885 1338 12
35 3833 20
364 3763 24
2084 186 100
2820 2099 86
2175 1736 40
3714 1240 60
1006 2520 35
3381 1839 30
767 1417 23
3623 1086 91
1797 3905 66
3607 3424 13
1148 3294 19
1639 1515 100
3577 1889 1
2215 2711 53
1908 1286 17
300 1284 90
899 3210 88
558 1927 78
2252 2503 60
1636 2558 26
1982 3438 2
2800 1338 55
735 2438 69
364 226 48
2255 774 22
833 3795 67
1342 3645 33
1615 3693 21
1669 2594 97
3484 96 75
1225 3475 67
2146 3563 76
1025 560 94
1393 2376 39
3204 2045 40
3716 848 88
3644 538 94
691 1990 36
25 1162 11
2459 2292 91
95 3849 40
2614 1213 84
2857 2100 6
833 1954 53
2316 2220 62
2969 1620 22
1217 1473 69
1456 3390 96
2774 1775 94
3020 2869 76
3058 1062 17
2287 1678 90
1940 1900 26
3780 2114 22
1163 296 69
3565 1881 85
1835 3970 99
2717 1569 94
1449 3307 32
3377 3578 57
1986 1529 61
3738 723 44
2163 2155 28
1784 2922 57
3330 1882 72
191 2920 89
2049 1777 72
2355 1690 14
2605 13 26
981 279 71
1653 396 47
3635 1025 22
2910 818 8
726 890 2
2994 3087 44
3500 2821 62
2269 752 96
1141 2391 48
59 3817 36
989 572 74
3698 1757 11
1191 1550 46
904 284 85
3194 1234 25
3967 2901 4
273 513 96
898 772 82
3530 3514 81
285 3871 4
1911 2978 73
533 1482 14
737 89 45
199 662 27
3928 260 10
1475 2356 84
2505 1305 54
2911 2648 10
464 2637 56
1266 1148 75
3760 545 77
3591 3890 25
150 1412 29
3800 781 58
44 1463 25
3798 2715 33
924 379 51
3987 3551 27
2775 3405 40
662 1489 74
1822 2097 18
3923 2536 56
1456 100 86
2415 3026 15
2442 3194 37
3426 839 49
3104 3132 49
580 899 50
780 1575 17
2445 3108 5
915 3008 53
316 1806 66
2318 73 88
3327 3470 18
1804 2061 2
1045 1705 73
2424 1285 56
2898 2605 29
616 3009 65
122 730 29
3002 1994 34
180 2839 19
191 3738 41
3907 2820 74
907 1008 80
1042 2523 65
2350 470 36
3793 1929 23
2389 3998 48
1982 2793 78
1734 8 21
3554 855 28
23 2671 31
3225 2995 17
3176 1770 21
1975 3836 32
2009 1927 92
1270 2827 37
2889 2677 9
2530 879 24
35 3589 72
3451 1377 51
3146 1733 34
1507 3277 71
522 2686 18
784 1363 68
1633 1009 35
74 3054 70
387 2579 36
1643 3348 53
267 3788 95
2380 3945 66
354 255 30
663 1489 31
3105 2157 60
3106 2577 33
3030 1425 12
1024 3332 26
2822 3795 58
2541 3558 16
2801 2888 21
2888 1718 67
1976 538 6
1631 3818 11
514 3266 70
2620 2024 51
102 1372 93
736 3407 11
2097 3876 23
798 486 6
1453 3846 26
2195 2026 80
3865 175 58
2267 3559 40
2603 3087 48
153 3418 41
1885 3196 87
2090 1166 56
515 388 86
529 2349 68
3556 2700 94
3916 214 72
2003 1972 38
3429 2503 11
3174 1797 29
1148 2227 11
2834 3054 14
2043 3256 56
2424 1645 95
1841 1358 12
432 2691 51
1729 343 82
3878 785 4
820 3014 65
2100 3384 37
1888 263 73
2488 3997 59
3961 1123 75
3640 2958 31
990 1798 84
2175 1620 11
3847 3728 9
1498 1743 9
2223 1549 41
2400 842 52
2371 2778 76
221 2579 29
937 3276 74
319 1027 86
700 367 70
3337 3371 37
1926 2448 54
611 1210 7
1978 863 14
511 3823 32
3201 2057 67
2355 2152 79
3168 2624 50
2435 1199 42
641 1895 65
1658 3717 85
614 920 19
22 1734 66
3227 809 30
3560 1015 86
2479 306 54
425 240 50
325 2436 65
1099 1860 72
3883 2379 68
1299 40 3
1924 3000 42
859 426 84
3692 1681 81
2308 920 88
1023 3454 4
1486 1186 21
2338 3100 43
1732 3877 20
224 3617 60
792 3433 3
1922 81 1
2489 971 67
1295 1244 97
1280 3647 34
3796 2720 83
232 1406 93
3623 890 99
3998 1400 18
1042 3086 55
893 748 9
130 3499 95
3435 3702 41
650 2809 41
2228 3324 86
2644 1260 40
2094 2976 49
3588 1415 93
3565 1515 17
694 598 92
2307 370 66
2886 778 15
1562 1557 95
1646 986 16
2673 3690 75
10 1792 90
3750 3535 74
1267 1831 71
2277 1011 70
3035 2368 57
3514 1200 36
1600 1199 69
855 3624 4
522 172 58
3480 1014 68
3205 2642 8
2458 2755 85
699 1921 60
3481 3342 36
3020 3706 76
2794 2071 26
3562 2256 59
2132 3670 14
2186 2364 51
1259 889 6
2179 3794 15
2565 3478 88
3974 1427 10
2050 962 68
3508 3841 40
1014 1865 88
3442 3696 53
2681 773 94
3568 1591 4
3812 3581 71
202 168 67
3627 286 49
2824 1841 4
2265 3369 15
1863 1876 10
3324 2827 2
1957 1091 20
9 62 42
1671 2913 9
3195 376 95
1069 2434 64
1018 2119 93
275 3101 97
2297 3548 70
1036 3697 13
2849 3769 37
1844 2852 32
161 1961 39
3090 1625 17
667 3069 3
2997 533 54
2618 3463 81
528 3952 60
1385 1797 60
1689 3748 26
668 1489 72
432 3019 26
355 1087 87
2882 3252 5
133 2604 10
885 196 9
1338 1203 51
897 2129 56
1070 1429 92
3863 1473 97
182 1774 31
3180 2124 2
1632 2191 28
2973 525 22
3276 244 100
623 1318 45
1526 2025 62
1523 2873 44
1568 1880 91
3077 2240 11
1801 3075 65
2754 3811 75
3178 2937 5
1882 1329 22
1882 2146 32
3831 2800 59
3305 44 74
238 3957 100
1090 287 88
184 3066 36
1448 3877 74
1274 416 41
3157 2536 54
96 1169 90
2623 2077 65
1867 837 87
121 3812 44
1693 2278 18
3506 3262 93
1613 2115 94
3015 3799 44
459 2984 96
819 1473 38
2585 2536 4
72 3555 73
2566 3342 65
1596 3608 45
2033 3405 42
3102 3464 29
2969 1295 95
2715 3760 57
1529 648 45
1239 1023 90
2642 2752 37
3943 3144 77
486 3767 12
864 817 78
337 80 63
2683 589 47
639 1387 2
3449 3128 86
3249 89 17
2438 2958 37
1734 1662 24
3328 2485 31
713 3772 76
718 190 67
3836 2688 8
1008 2317 33
3608 3339 2
3047 1994 33
1400 2135 59
246 901 21
259 1943 63
343 1667 85
2489 2872 22
3774 1354 70
2246 3761 60
2218 1489 61
1120 3907 28
2568 698 4
1301 2895 20
3621 2535 80
2276 2335 39
2685 1303 100
950 362 54
2668 3675 29
2742 2560 75
2430 3337 16
1406 826 7
2486 2490 13
754 1060 57
3340 2958 33
3134 1952 31
3764 2049 23
2483 1558 82
2425 3045 76
3951 3606 1
3661 1749 78
1024 913 12
99 3646 39
3991 566 19
2841 153 67
1100 175 84
3346 1175 25
227 1728 6
2671 1709 43
3727 1765 29
262 1708 41
407 3059 50
3660 2786 42
1084 1694 30
2810 3367 95
41 1068 64
1760 1575 80
1193 2438 66
442 3338 63
2233 746 4
2040 1845 53
1851 3504 55
1849 2683 28
77 923 51
3497 2353 18
1373 1703 67
748 912 78
1269 1897 97
1404 1392 37
1386 3408 60
2215 3883 72
3932 3588 58
3606 4 33
3602 3809 58
99 1463 38
3316 3583 40
1098 136 28
3284 1210 55
2449 1352 44
1003 2906 60
3579 832 68
1295 817 64
3730 3526 27
2131 599 76
359 3052 57
2657 455 25
555 3467 31
1745 1126 5
2416 978 82
3062 3045 7
1049 589 25
2776 3863 90
32 2534 88
889 798 6
3789 2460 35
189 1761 62
2828 902 59
3618 1271 48
2215 895 74
3412 169 26
44 1226 46
3337 527 31
2657 1640 22
1390 1731 12
790 155 55
2898 464 65
92 1129 6
1182 3817 95
569 3950 71
1893 271 81
432 2946 51
1189 1859 6
3806 570 95
3353 3118 74
2408 2657 46
522 1424 64
3788 3088 61
3442 2316 2
927 2737 5
76 3780 71
1254 2542 45
593 458 77
3347 273 3
3305 3335 27
561 2755 89
3694 2919 34
658 2011 57
1852 1250 16
712 2361 86
2972 1614 92
1594 3403 17
2040 1532 72
3486 3203 37
1973 3806 12
3785 1751 15
3369 709 60
3450 2897 40
741 17 97
1095 1616 60
2614 3197 2
533 509 12
3128 3688 97
3004 1280 59
148 3076 37
1715 69 76
769 1487 76
976 3748 73
349 1678 56
3925 1015 35
556 3686 22
3731 2311 25
260 3192 44
1732 540 92
1090 1800 20
2977 3531 47
2832 911 87
797 1533 43
1253 3021 39
2420 74 69
2898 1129 35
1925 1253 5
2392 3270 44
3959 3923 41
1425 43 62
679 1246 66
3962 2448 45
3151 2536 26
506 3054 74
2751 1076 33
1794 2181 89
589 3882 46
1698 3524 84
1684 213 84
3390 2361 63
767 1954 59
3559 2023 85
1594 1187 12
3165 1666 10
291 3291 10
2701 1663 9
1221 2732 93
2322 1502 60
3031 1163 54
1065 2816 77
1040 1027 95
1785 2120 70
3325 318 37
2378 400 59
2694 2736 1
1479 1901 45
771 1319 63
3232 3917 14
1857 3851 82
2539 2031 89
1983 1704 94
1329 3559 91
3143 395 30
468 2180 30
895 3839 45
2532 1936 56
3326 2821 90
1669 1658 76
70 1572 87
3305 697 27
2487 1110 3
2089 1598 44
3943 2592 11
1457 1694 24
1228 1879 91
2243 3477 15
950 2226 9
1277 2508 40
1345 1117 68
3725 128 69
533 1049 69
2580 849 85
3430 1606 6
3319 861 16
3994 3291 44
2161 2811 23
730 1628 61
3951 2904 79
1257 2300 83
460 2413 42
1556 1052 56
284 2307 55
662 3556 41
2702 1373 25
1603 2294 77
3772 1930 73
3761 2757 30
3872 1662 80
3147 546 55
1390 2188 97
213 1958 40
446 1082 46
3997 2787 31
3990 3537 33
2704 2056 35
3518 2174 36
3362 437 89
3795 641 49
1358 2011 34
2484 168 1
2392 3724 86
1445 1526 40
2960 696 63
1512 1502 81
564 3199 71
3743 3418 41
2743 2834 2
2028 864 81
277 2850 58
1471 3025 34
442 1009 84
2306 2222 97
2759 800 98
381 334 12
3604 3132 13
1400 1571 23
3405 1411 91
2581 2025 55
2376 2974 71
1356 3331 46
486 407 82
292 1925 47
1802 1206 43
2451 2036 5
3780 487 55
3460 3812 57
721 2848 73
3367 3248 47
2716 3044 61
2098 2259 23
3443 1350 83
1961 489 32
3394 1342 42
1349 1014 13
3479 338 44
185 3233 12
1053 1374 1
2375 1981 19
400 3552 76
3233 1104 53
1774 2896 9
1465 1146 4
3125 3617 16
511 2588 95
3669 2287 68
1222 3244 50
435 2006 26
93 3578 36
2860 2959 64
2040 2655 25
1656 1340 5
3452 3137 53
2714 2113 48
3845 3599 33
1344 1918 30
3246 3491 76
3187 1063 52
604 522 71
860 1030 66
3690 1540 13
3345 1273 95
219 3222 71
1510 3565 79
2543 1405 94
668 514 4
350 1542 84
3614 3422 24
3324 826 80
3879 1448 3
869 3143 93
1285 1228 4
1593 3671 70
558 1173 56
3276 1096 8
260 3164 5
2407 462 58
285 1833 77
1108 1942 47
1371 1800 42
2335 3715 29
3643 310 72
580 3538 70
1278 89 39
3425 2454 70
2494 3072 49
3343 1602 13
3944 3289 83
2018 1739 89
2909 3546 27
96 400 39
1409 2105 41
2713 66 29
3259 1008 36
1525 2321 51
295 3804 18
3048 3558 43
2434 217 96
674 3995 46
1487 3255 30
1522 3433 54
3994 3567 63
3655 3180 22
3126 174 36
1221 2297 70
3332 3804 69
308 84 3
1346 3536 15
2992 931 100
3621 1587 4
1664 879 18
1238 463 62
2314 2136 37
873 321 17
3547 947 20
2010 2994 28
1128 3790 82
1855 473 6
3024 2917 10
1315 1787 66
2936 1118 18
2282 1142 78
3459 3712 89
1044 179 34
672 1857 12
3708 718 91
3880 359 56
527 1872 50
3937 426 56
1382 2644 15
1331 2544 39
3797 2377 100
279 1500 26
2396 787 86
63 469 54
2758 2244 41
1535 824 27
1611 2608 8
538 2781 52
1010 3072 32
657 484 76
3458 3043 50
239 2288 2
2277 3895 42
773 770 83
2980 2247 13
1057 415 13
2840 1986 21
1629 1227 70
1900 3616 45
3220 2834 28
2493 3515 65
3333 2856 93
1170 1834 33
3074 1751 60
1229 1242 99
3977 3256 4
658 649 1
3570 171 7
976 3547 12
2860 2133 4
3431 1717 74
3017 862 59
1597 3743 51
3470 3240 34
3356 338 91
3777 2036 52
2777 297 12
3266 2261 87
994 2557 44
1790 2536 67
1027 2826 6
3572 40 96
88 2057 1
3193 441 97
957 604 23
73 3947 87
1224 781 13
169 2182 17
3431 1536 68
877 1184 31
2246 3901 72
2817 2912 72
2666 378 88
2928 3480 74
2315 2638 43
913 2566 43
3272 3385 1
2680 3967 74
731 2349 48
1798 3488 76
900 271 48
2692 530 100
1580 3120 18
1162 1454 28
1493 2668 100
3583 3979 58
459 2109 73
641 206 72
120 2809 11
3867 3861 31
3763 3025 20
1736 646 56
962 3265 52
887 2278 35
886 3093 76
2281 1238 10
3688 1720 66
2346 1745 91
3159 753 82
3223 1161 14
1358 968 94
973 658 88
168 796 46
3147 3204 47
3086 3996 92
3356 2132 74
400 3482 59
2536 3113 85
373 1044 18
390 49 62
2374 1738 89
1705 2682 53
3928 1445 7
2504 3612 4
3256 3879 32
3698 3894 94
1151 1460 89
2127 3522 96
3030 3609 57
3160 480 41
2127 2257 36
3171 3168 28
3032 2505 92
3311 59 71
3236 1917 94
2338 3157 99
520 2407 9
3142 83 73
2514 2805 63
2865 3947 46
1592 1896 34
1871 2497 4
3302 964 94
618 3212 89
1706 1099 64
553 3425 12
1962 2799 22
24 678 48
0 475 72
3398 444 96
975 3835 30
1767 2241 65
1591 2398 68
1400 222 45
495 257 50
3182 1347 25
1183 1842 7
1922 3582 57
2767 3271 13
2767 260 67
3899 2106 69
383 1669 41
2806 3829 76
3982 3119 74
1911 910 43
407 44 42
3706 3426 61
2887 812 89
3678 2463 92
521 3956 12
3496 192 100
2268 978 25
3368 2937 83
2744 923 32
393 707 98
409 1184 74
3483 1801 1
1294 84 86
1863 2374 24
2072 2759 75
2262 3262 8
2744 650 45
1552 1517 19
3086 3168 52
1664 2817 10
3561 1937 92
363 1110 13
751 958 27
3438 3005 93
1480 3305 18
1336 393 28
1309 2196 14
2887 625 100
2735 526 2
197 470 70
3377 3328 85
3385 1316 68
351 3816 71
2044 1440 92
181 3871 16
3388 548 31
2356 784 90
2192 3172 46
2186 3511 43
400 2474 26
1775 3007 25
379 2716 33
3492 1548 38
2490 3366 16
1724 3442 41
1790 113 92
2781 1871 81
1100 2654 15
605 14 11
2128 2291 11
1606 1566 43
2357 3871 28
2895 700 42
3098 76 95
136 401 69
622 3350 97
2830 151 41
3910 124 1
3869 3494 99
1229 2197 94
282 1267 55
2617 3569 9
2719 969 72
3094 339 53
426 3711 13
1715 3617 87
2103 1795 80
3916 461 96
3710 1316 83
3543 899 85
3496 842 27
2497 821 8
1056 3346 91
698 3662 8
1315 1600 71
2307 2702 86
3226 3896 30
1757 2040 7
2670 2996 3
2260 1506 45
2783 1237 26
2009 3830 34
120 3028 96
2175 867 88
195 2174 30
953 3145 86
3009 2228 21
827 787 63
2570 1430 46
3377 3169 46
96 2905 62
382 2922 40
3973 3932 68
3233 927 16
432 1111 65
1319 2092 66
3596 3027 73
2998 2038 51
1614 3243 41
1748 905 13
69 2257 58
3809 849 80
833 2314 13
2587 758 94
127 1713 68
1325 1605 98
2246 3453 64
1292 3889 47
273 1660 42
596 983 96
1906 1617 93
3501 2895 19
2647 2191 45
95 2684 77
129 2323 59
2502 2215 6
1386 844 21
297 3230 29
215 2509 7
2264 1762 62
1010 2197 75
1092 2536 25
3090 548 33
3396 2962 62
3449 746 35
708 1359 88
3599 2970 5
2637 1400 41
474 1047 3
3917 451 80
1724 1207 69
3390 1157 76
3398 1188 44
1706 3872 19
3816 444 78
2891 3729 27
2828 3280 90
3982 945 8
1381 1892 76
3208 1698 79
3349 3039 88
1395 1198 46
3293 2379 16
3895 1336 33
2071 3692 23
1077 2317 99
2314 2681 21
1854 3182 62
2526 1090 32
1096 928 12
3515 456 84
1390 919 77
142 2431 81
410 2462 86
403 2405 59
3843 1808 68
3098 700 21
1895 1812 65
624 113 96
59 3114 13
2946 1006 70
1718 1693 49
3693 552 8
2693 3213 60
860 1177 33
54 2077 8
3130 1566 84
615 2334 38
1612 2512 95
2188 986 24
3212 1375 62
2456 1507 87
5 3012 45
2213 1106 37
417 1460 8
3517 1390 4
2459 3951 84
2657 734 69
1698 151 40
2422 2053 49
3238 423 56
1111 3386 90
2074 2199 61
1653 1749 8
3292 2856 93
2811 2556 62
3283 2041 6
1735 3624 60
755 933 26
3765 213 59
3861 1244 86
1798 3652 81
3388 646 48
1171 3696 68
3877 1261 51
3170 702 14
2634 3050 98
273 3488 2
3447 3592 94
2325 3575 36
3105 930 72
2467 1059 51
2485 3966 53
3932 3447 64
1966 1771 13
1964 19 69
2711 406 55
1313 1323 8
675 293 47
783 401 49
1344 3139 38
1941 1862 34
1866 329 26
2201 3400 28
1422 2459 23
3908 703 12
1290 848 7
1892 131 97
2420 3087 62
3592 2118 34
3049 3968 4
411 3743 6
380 3422 68
3709 533 10
3519 453 52
132 329 11
2466 837 1
3880 3104 67
2602 3114 22
3104 1499 54
31 3189 70
2383 1290 32
2286 2244 96
2134 1197 83
3960 3926 64
1644 968 77
1747 399 75
3107 1785 38
274 157 17
1452 3165 62
2593 477 57
3696 670 8
3351 3720 97
2828 163 33
312 1563 89
2963 3262 61
2471 2686 95
1556 2585 49
863 3959 73
855 2582 42
3942 1167 22
3060 2391 77
3120 1169 34
325 1518 2
3551 1709 41
1641 2498 99
3556 1879 21
1025 3927 90
2807 1964 50
2396 1723 10
3817 1531 21
3776 1246 59
1231 1378 29
2502 1874 92
3956 1095 89
2020 1311 96
1691 689 67
2878 68 62
3280 2718 88
1404 3428 32
1500 2736 47
862 49 42
1597 752 47
33 3627 98
3575 1726 97
3877 3540 15
32 2349 65
803 272 80
1090 3134 58
450 2802 92
2618 778 5
2451 414 99
514 3529 10
3826 712 35
2753 422 84
753 1635 51
2771 3172 21
600 3893 66
1399 1294 85
1364 3781 67
3458 1867 7
3248 2601 16
480 3159 1
256 207 20
3664 2624 91
3419 903 26
2188 1308 96
2148 1986 22
1574 3244 49
3094 3160 15
1909 1855 79
3099 1726 34
1008 2532 33
200 311 61
1989 610 15
3322 3246 36
1682 1126 77
3363 3817 6
3397 1586 96
1480 2271 29
661 3647 94
3003 3474 7
3457 2858 70
2109 2499 91
58 1251 75
2296 366 51
1039 1958 56
1824 1806 21
63 3022 83
1805 3515 96
2727 1043 55
2730 3842 95
479 2653 74
3485 513 83
1527 1440 59
2400 2948 16
14 2142 27
921 2152 75
2131 2112 64
1644 1215 27
2162 3994 19
286 747 5
2306 869 69
3884 481 98
491 2619 57
3520 1080 22
1569 3888 41
571 714 11
5 448 86
2292 2860 79
2762 1466 55
3911 2803 44
3742 601 67
1863 1060 68
2282 3328 45
1835 2225 60
2070 1069 86
2583 2607 99
755 196 7
3546 1697 57
62 1008 32
3819 1472 49
1502 1326 98
725 1215 25
1060 3331 13
2457 2044 92
614 927 62
484 620 1
2306 2031 83
3993 170 70
1678 1233 47
3507 3164 79
1871 61 57
3267 3164 31
2239 598 36
905 343 47
2919 1699 88
1155 3880 18
3706 3048 80
3960 2573 78
3125 1183 44
979 2379 22
1394 546 33
2205 3026 61
1815 2822 22
2720 807 30
3436 1321 68
2726 2184 35
1603 850 44
1497 229 28
1819 353 80
3320 1551 86
1534 879 2
259 1831 74
101 846 58
1573 2027 7
3360 905 59
3171 1293 81
2064 828 70
1343 375 14
2484 296 92
3968 1196 66
2506 2168 83
3061 2047 85
2871 3226 32
66 1224 19
2670 2619 71
1503 3748 99
899 2661 47
3826 1002 21
320 3455 41
1285 1496 99
1081 630 30
2065 1441 80
3955 1730 79
1872 285 99
3489 1701 64
2416 3562 6
1366 3368 47
2592 3584 41
1090 64 92
2366 3313 2
3922 4 33
2464 943 19
1323 767 96
2613 1332 6
2260 1253 41
597 1584 59
773 2647 54
2884 3397 26
197 356 89
314 2661 43
2466 3783 63
870 1185 26
1660 403 80
2422 1225 68
1880 2571 2
3444 2934 49
1670 537 53
1157 458 67
3966 2452 31
2124 2539 69
2324 2549 79
3525 1175 59
3023 3114 39
994 1644 68
2690 3608 79
1542 2667 78
3599 2899 29
238 3602 59
523 520 66
3869 2190 82
1978 438 32
487 2014 60
647 1379 37
139 394 55
2287 1551 10
404 641 81
341 3660 39
3026 3367 83
3627 865 8
1054 2538 21
2737 3060 54
3791 2667 72
934 3525 49
2554 1563 39
358 1703 63
301 1980 4
1100 2781 48
1753 3101 56
3206 2230 65
1109 1870 48
2302 1883 39
1553 506 83
1542 1804 54
2414 2395 90
3743 3464 78
3561 607 28
696 139 11
1044 2952 28
2824 3637 99
2596 2088 9
3305 541 58
622 3496 64
2884 2941 65
3438 2260 95
2891 806 42
1239 386 25
159 1435 48
3658 2397 58
315 2952 29
1960 1288 3
2251 256 28
2151 382 72
659 861 18
2887 3370 82
1137 1647 72
2985 2271 41
3908 2713 28
3055 633 100
208 1381 25
1644 2736 17
341 816 25
2773 3421 92
2331 1578 7
719 190 29
244 1820 95
1162 3399 24
3379 2943 93
31 2021 54
989 3175 41
1064 2875 61
3504 2675 44
2620 2141 45
3727 1386 11
3343 3449 76
637 1285 49
412 873 8
2411 377 56
2331 1520 6
3453 1347 66
3012 2884 30
602 3053 89
2981 668 25
891 2915 13
2991 1761 40
3550 841 26
2085 1495 93
3384 2558 62
691 3006 69
856 1708 72
2366 910 74
3949 2059 56
3255 2782 73
473 2460 26
603 558 84
1560 3743 29
547 2931 49
434 1035 76
3018 182 73
808 563 80
3508 2971 19
1905 3189 5
1827 2439 33
1626 632 32
670 2561 67
1746 2201 10
488 3663 12
3113 289 6
2975 2100 72
333 233 84
2241 2452 9
689 3614 3
3628 126 70
2029 3704 74
3245 483 83
885 2278 33
1224 872 22
1565 1308 56
2513 2739 18
3855 1034 94
1872 2280 24
2936 2354 96
3692 333 75
22 2665 3
2330 2253 49
3051 746 37
3578 2180 25
2065 365 10
3000 1286 18
77 1487 12
113 3247 14
3317 692 81
217 2907 66
3173 3348 68
1493 2679 88
2669 853 52
1301 1453 16
2920 2482 30
1679 2171 62
1733 3046 28
2182 3898 63
1035 3741 31
1196 646 36
3291 2870 59
2445 2452 18
3282 1504 35
1871 774 42
793 713 74
3697 2456 77
825 1925 15
2720 482 90
2511 544 1
1001 73 55
1558 3196 70
145 2780 99
1720 1819 70
1436 2084 30
3907 697 17
3166 2402 96
1964 1654 20
3809 2999 83
1102 1924 39
2696 1499 44
976 2234 44
232 1893 70
2976 211 77
3268 634 83
2371 948 90
1294 435 49
1891 2386 76
1149 2445 60
402 1191 40
221 2028 1
3983 404 18
3169 3929 97
1504 1707 21
2050 1656 15
2455 2204 22
578 1165 62
3418 3733 100
782 1272 77
595 94 80
1501 2401 12
401 1409 95
694 312 38
2501 1670 43
1202 2226 66
852 3675 69
1602 3838 20
1833 1082 53
3416 959 58
3567 1820 98
598 3145 45
2171 1113 96
3772 615 89
1913 335 54
2066 1967 23
3209 1643 68
3507 506 53
1385 1336 34
831 2262 81
1165 2498 12
1872 2614 22
3404 1336 94
3839 3890 53
3124 1602 14
2085 3412 78
1599 1360 73
714 2125 59
3314 2660 43
2850 247 89
2227 1484 18
301 3862 96
2107 1740 56
2493 3629 67
2498 2186 31
821 1184 76
2006 3215 87
2211 3178 49
3850 455 8
335 1073 34
320 1243 76
3814 563 79
399 2639 57
2070 1645 17
2860 3913 49
1500 1701 11
1702 1975 88
3495 1580 89
1333 43 34
3545 786 28
3442 155 15
3391 3634 87
1133 2384 90
2297 3163 82
2327 3145 67
3560 1303 56
2296 3870 30
3984 1609 12
3058 3398 25
1999 3355 39
1503 2452 54
223 3767 51
2725 3483 65
853 2846 43
3672 3757 25
1714 2452 36
1601 1762 2
2077 501 64
1299 3202 57
1808 3525 82
3164 2134 56
1353 295 66
1143 2870 37
2232 2486 6
259 679 54
1141 3605 29
2821 2693 80
73 2726 76
826 1061 12
1240 3317 53
2782 863 58
3537 757 9
2413 1777 4
3397 475 62
1247 1169 45
1683 482 71
479 3893 73
3572 2278 35
2134 3992 46
14 3906 3
199 3295 19
797 2590 7
545 948 59
1704 2271 74
3884 2497 89
950 3782 51
454 3704 87
3260 516 33
2531 3929 73
2834 643 7
2530 140 6
673 1173 73
3684 734 18
2045 261 10
1774 3683 86
1375 306 91
1422 3779 90
24 472 47
1242 98 78
3634 2172 52
3329 299 12
441 3682 39
3739 3760 16
2771 135 87
3959 1465 49
172 2288 98
2463 68 79
3790 3247 37
775 40 24
2756 3507 99
3278 3862 62
643 3978 19
2940 2262 22
2549 3386 74
1658 724 4
3836 1285 64
3054 3388 97
2160 1104 42
986 3908 57
2328 3246 87
2986 3813 56
2701 2525 55
968 14 44
160 1021 21
3537 744 12
1019 2718 31
1041 1440 48
1682 1197 10
1292 169 27
2695 3011 54
1462 1776 73
2537 1824 83
2188 1710 55
2564 3903 96
1468 3358 21
1704 3647 65
699 708 84
2242 600 99
2634 2073 16
3710 3692 41
2260 3995 33
2316 561 5
1484 2347 71
1098 1539 4
984 3283 58
1102 1671 80
663 1152 16
777 2829 98
3898 1446 24
2405 3092 61
350 2241 39
3658 2026 68
1074 1614 53
3449 3530 19
3777 2176 11
3802 1087 63
3916 3267 28
2614 2770 84
1013 3777 36
1091 765 17
3425 1935 89
2807 1187 23
3294 16 36
1371 396 97
3032 2779 60
1605 1097 20
1011 1424 98
679 3450 11
3239 3626 13
3990 3020 17
858 218 98
1318 208 47
1408 819 43
1205 3296 21
3064 3097 38
2850 2262 64
3342 1548 2
3636 3208 97
3787 694 4
892 182 53
1378 365 9
1745 1917 59
2914 2088 57
1323 785 55
2619 3835 69
824 3729 66
587 173 70
265 3645 56
2006 419 37
89 682 18
3467 2259 40
2813 3699 21
3391 2673 38
729 2295 62
108 1647 27
2615 2841 100
2711 3751 36
17 3234 89
943 265 47
3812 1890 29
1363 1528 96
366 2786 12
2156 2906 52
3777 637 62
1488 2863 68
3047 3698 27
3265 180 31
7 1735 36
331 965 11
249 1880 18
2120 497 27
3659 2571 15
2813 2150 30
2372 3033 55
822 396 55
1275 3217 6
2148 1582 91
754 234 57
2353 2771 57
2128 2641 44
3333 1549 73
3366 3161 22
1155 2936 39
3029 2507 42
2213 1189 97
1882 747 10
1405 183 58
446 3471 19
3717 2016 34
3396 268 24
1686 3740 40
3819 3945 96
1724 3350 31
1455 1461 8
1587 2275 83
2234 324 85
1266 3983 97
2032 612 35
2970 743 36
19 2327 51
398 2222 31
3299 2003 51
926 3665 55
2512 879 85
2600 593 91
3421 341 68
866 680 85
759 2526 93
314 128 49
1850 839 32
796 2660 95
3358 3046 37
2784 1707 24
3927 474 79
3483 3588 1
1755 1552 24
1110 1647 58
2864 1002 11
1244 1081 86
186 2412 44
582 3309 73
98 829 68
1732 3729 65
947 1087 70
1536 3900 74
3849 3751 24
2116 401 1
593 1353 71
1594 2903 34
2696 1745 34
2530 679 13
2323 1090 49
2030 2915 32
1765 3964 34
1725 1173 87
845 3586 27
3344 379 5
1387 3790 4
514 745 4
2987 1657 33
778 2672 19
2867 1151 59
993 3834 69
85 747 74
2172 3835 99
3449 1729 17
2567 1307 97
689 550 61
1674 2848 86
1268 3729 54
2404 2763 15
1685 3605 86
697 3086 36
258 1502 63
1789 941 80
2230 3208 96
2878 3516 3
1618 2259 30
2989 937 45
2130 3779 12
3295 2197 64
5 249 33
2609 879 92
3884 1517 73
3352 1398 32
371 2280 52
2593 853 68
2145 3530 84
938 2463 27
2535 2816 55
708 3709 47
3727 80 52
563 1223 68
1838 2989 19
461 2545 23
2000 395 11
1733 790 13
1918 1749 89
2928 2265 69
2726 1121 34
2695 2285 93
1789 1390 66
1316 202 58
1973 982 30
2606 1304 84
3843 1837 19
2718 1244 66
2039 154 87
733 1666 90
2975 3755 86
3121 1240 93
1571 1224 36
990 3331 39
177 221 31
3239 2717 99
2261 3296 44
2219 2159 30
1722 1456 51
2667 3604 45
1043 3736 87
3416 2576 11
81 526 73
2704 142 24
3989 3164 88
2365 1189 23
1029 1914 39
1624 1424 88
1489 128 32
3583 2484 66
657 2950 85
10 3249 63
1905 2353 86
2148 988 79
70 2223 62
3428 1831 24
2268 3223 90
717 3879 82
2537 3761 77
1342 335 53
642 2633 74
317 1725 50
1783 1442 31
3489 2429 88
740 2803 63
2622 695 74
255 1463 34
1618 924 56
3555 3752 6
2895 706 56
2194 3081 49
1483 183 74
29 1642 99
1118 2635 61
1461 2747 48
1837 1066 57
1379 2776 65
3070 3531 90
736 1418 85
3805 486 64
859 3150 4
2799 563 21
3669 285 46
2905 310 52
3838 2808 88
1907 3018 32
3733 1140 23
2922 3345 28
2759 2858 87
1535 3187 78
1385 571 78
819 1049 69
1314 2240 11
815 3740 91
1164 1103 53
1684 1565 21
3839 1552 34
1966 3114 30
3421 3076 44
1575 1512 73
2990 828 92
1508 3019 1
908 3034 89
2503 1550 82
2304 1822 84
3198 753 65
3138 14 60
1014 3573 50
687 2474 43
262 3331 71
76 2174 12
2103 3962 30
1121 2379 98
109 730 7
1444 2935 76
1287 2631 35
2324 833 53
1782 3373 6
939 1201 45
2108 621 47
2383 3998 26
1555 1335 39
1885 2014 3
761 367 88
2743 2289 43
768 3459 80
2778 137 1
3930 2466 87
374 2318 79
445 3966 22
2124 1117 69
964 949 50
1750 3778 86
1776 669 67
1062 2754 45
3486 2848 4
1503 1617 93
3138 377 82
1483 3709 71
2811 903 25
2625 2022 17
129 223 65
484 2217 93
2667 2207 94
3185 2749 34
1281 2370 20
1979 3418 95
777 2990 17
2922 826 5
2035 2198 13
1867 3752 93
3865 1029 98
1079 156 42
3784 973 100
516 3769 86
2683 2233 71
3445 489 84
3497 1128 6
2190 1270 9
3964 3661 43
1617 524 40
3877 1211 99
1842 748 26
3459 1499 40
3199 1525 84
1050 1216 5
1876 1072 88
215 210 93
3556 2646 22
3546 2714 72
2330 525 56
3762 3437 90
406 1392 35
446 2153 71
3245 2913 22
3587 3211 6
1598 566 19
2392 3035 62
363 134 52
1587 255 59
1425 2951 61
1264 2224 49
1618 3256 43
3815 907 24
1823 1012 96
3759 3401 40
580 2873 3
2449 3734 29
2106 2614 54
2622 3122 60
1258 398 49
3980 3874 41
2688 2553 16
3543 532 43
817 3095 77
3887 1181 36
85 1621 95
3622 678 16
38 114 24
3635 940 83
1688 3890 93
232 3516 16
1827 421 42
2733 2220 61
973 1437 6
229 3756 64
746 2280 20
451 1889 91
1966 795 2
2974 591 89
1512 2317 69
987 913 31
1692 3542 56
1193 3554 75
1304 3960 14
3999 1957 54
2986 3306 11
3960 1698 38
71 1009 4
456 1931 15
1192 3414 85
2354 2408 88
1815 3157 41
2694 1988 61
161 193 90
3489 3993 42
725 2239 13
87 574 94
2644 3610 67
2173 3391 58
3007 2820 45
1058 2451 23
2753 2696 52
417 1902 46
2580 1971 56
1525 2575 19
2451 1421 72
1350 2571 50
2078 2698 69
3872 1797 15
966 3492 1
1136 2239 60
2362 2186 98
2227 1445 73
1576 1526 21
1276 282 86
3091 880 25
720 2435 2
2751 842 48
2074 3505 54
1775 1017 29
289 3584 75
3446 3031 17
3991 103 91
359 3704 29
3192 3889 62
2234 514 38
2489 3554 6
1812 3541 32
1927 3764 70
3398 208 85
2136 2049 31
3157 1139 18
1558 2292 1
3935 1866 30
1946 3177 87
1961 1794 4
1454 3052 100
674 2284 64
1890 342 50
3787 3236 30
1362 905 39
516 3023 95
291 2847 87
2966 1720 50
2325 1898 76
440 1064 56
3561 987 98
3908 1977 80
3747 1651 1
605 3576 79
1244 488 32
757 912 22
1268 2227 22
3148 3623 32
3596 338 11
1858 571 75
3448 886 40
879 677 95
2042 3816 42
3961 876 81
2883 752 64
847 398 35
3701 1272 56
3826 1000 79
825 2896 14
743 1698 91
542 3311 42
654 595 88
2627 1088 79
323 2198 66
2720 2615 94
379 2553 32
1456 3971 45
2713 3442 74
522 851 33
315 2309 28
2705 995 77
938 1272 20
583 2299 96
1312 305 83
383 735 50
1858 3277 2
3098 1926 94
223 566 98
1502 3162 29
1960 3443 9
1953 2369 3
3035 2831 20
1554 2272 54
3256 3575 77
1026 3211 25
3517 1052 94
1352 1622 11
2275 2788 80
829 2788 93
3982 862 2
1022 1420 30
1124 3074 27
1710 890 82
2836 3139 9
3717 2966 76
2773 207 26
3349 1011 94
2515 3974 77
501 3505 62
3408 797 97
1050 2325 75
3634 3910 81
2379 3578 86
46 35 97
146 1894 60
3192 1555 13
3559 1583 31
1085 1728 30
2111 493 28
3223 3633 1
1858 1250 43
697 3399 59
1247 1017 82
1035 489 49
731 2610 96
485 3369 18
1551 988 64
3894 3771 40
847 2395 6
966 2149 50
570 296 19
138 3566 47
29 1594 82
547 2067 69
2237 3971 68
1582 1725 63
462 3851 11
3326 3017 47
884 2949 3
512 3918 52
3921 1116 38
644 102 43
2909 524 84
2795 500 46
541 2124 83
585 3687 14
3163 2333 21
3940 1646 10
2403 1142 17
3477 842 8
1131 3503 51
2097 2043 41
3257 1238 76
1188 3654 31
3331 3539 26
2895 1325 67
2001 3194 2
1028 3615 62
177 1840 33
3129 2276 31
2071 2572 66
3528 2110 41
916 266 21
2064 3628 35
1055 2688 29
3804 1651 49
557 1864 51
2618 2660 11
3144 1014 72
3675 590 67
1824 53 4
818 71 69
1760 3057 26
3359 2733 30
2896 3724 90
2211 3042 70
192 2386 38
490 1092 97
1544 491 17
1019 390 82
2083 2474 73
3352 2807 52
1803 1507 53
3687 2065 4
2766 3424 5
923 2839 85
2328 556 20
2320 196 89
434 1894 53
2986 3033 81
1338 2945 38
3701 3736 45
852 692 11
191 1373 25
2983 572 63
2231 1663 19
3859 155 74
143 247 84
2978 2365 3
1432 2601 90
841 280 70
3921 1239 62
3492 733 34
2716 2478 77
1143 1717 92
3446 3123 16
973 1115 95
373 1428 22
2607 954 75
3670 91 8
3835 1709 35
2129 759 90
3402 3990 71
3013 346 98
468 3148 72
3852 299 71
3668 319 75
1607 1341 65
1451 1402 51
1093 1443 58
3133 3734 98
139 2338 77
1784 2890 23
3855 2613 94
2742 3048 69
2081 107 21
3596 2180 34
3061 2976 90
3039 3158 66
781 1579 60
2433 1328 5
36 3047 21
398 452 40
3370 414 26
3348 1138 56
3839 2763 38
2730 38 85
1135 530 12
2638 411 58
309 123 60
805 757 27
1444 290 87
1418 1697 3
3662 2212 50
846 1595 29
3001 3641 8
2011 357 27
2607 2393 49
806 3161 8
3665 83 39
3806 2385 73
2002 3199 99
3923 3324 94
3646 2947 26
2775 3090 34
1061 416 21
2294 3777 58
77 3808 97
1770 597 70
3277 2299 28
707 1402 60
867 2160 59
1975 1392 52
2629 655 2
1853 257 61
398 1957 42
1954 3259 8
3552 763 25
1283 2297 42
3073 2375 29
3453 1636 16
2095 60 14
1796 103 44
611 2207 63
3332 294 81
758 400 34
3735 311 12
766 2538 92
2689 77 68
2613 1061 39
1321 2690 55
2354 798 23
81 3388 57
1967 1861 83
2626 1624 15
3938 3363 78
584 3863 90
2057 1798 48
2199 3021 90
3521 1199 97
727 1298 45
3194 977 22
2111 2182 28
719 3457 35
2429 3725 1
584 3221 64
1320 2371 33
482 1532 33
2521 2251 45
748 2514 81
587 3888 98
859 2918 19
1000 1819 73
2991 2300 29
436 79 18
2164 165 96
3236 1565 56
1680 1266 97
505 2778 49
2876 2101 57
2807 3898 97
2755 1739 90
1624 2797 37
2940 3307 30
625 1213 35
3131 2899 30
62 2251 29
997 2565 82
743 442 31
3317 1944 61
1688 747 11
2168 3752 29
177 1293 75
1406 285 7
1869 3943 18
126 564 67
503 1484 46
2584 2061 36
533 2695 98
2916 1031 70
1835 455 22
2627 1975 28
3024 115 53
1659 1142 44
993 1868 76
2819 472 31
1479 1261 16
242 1031 69
610 2271 89
1397 2927 71
2243 2149 23
1876 2040 52
2083 2545 60
2640 240 29
3891 562 47
626 3706 64
39 3491 25
1637 415 17
3078 3026 33
3329 3361 89
3329 2427 67
3442 2663 2
2800 428 68
370 1547 72
2731 278 90
1985 1330 48
3779 1242 2
3481 1396 18
528 1409 13
3096 3261 4
3673 2691 78
3265 3906 94
865 3505 15
1277 2082 59
3316 309 4
1031 3982 10
2408 1260 98
3500 1460 35
1832 2247 76
1733 3170 46
932 3878 93
1184 3469 63
72 1680 13
244 1984 49
1843 3253 71
395 358 7
2579 614 62
3057 934 73
2169 2260 23
1872 587 89
2292 3066 98
3247 947 82
1421 2570 26
1832 1065 87
1616 3704 71
95 155 6
3828 3834 5
1108 3525 88
3577 1555 53
476 547 9
2260 626 63
999 3431 49
2203 2805 42
3945 3353 45
3923 2072 65
2087 3497 54
2394 2070 69
35 2752 1
2819 390 33
406 2302 71
2376 819 32
3578 1399 93
3048 3903 59
3756 596 28
3350 2039 89
701 1864 81
835 3553 95
3405 3529 44
977 3034 10
390 1762 5
2705 3012 18
1701 2052 100
1701 389 90
3422 1718 48
2135 3308 96
3268 1198 92
1155 1191 80
3799 1110 16
3327 327 10
1726 445 83
3605 1893 55
3317 2875 73
901 837 17
3795 3339 7
1434 3593 46
1217 111 51
1543 1689 78
687 3285 36
2795 771 70
815 2024 19
2153 1956 75
3191 989 57
926 3572 95
2546 110 69
557 2670 58
1797 2951 69
2151 278 36
3439 3911 78
2815 980 84
3072 160 2
943 868 38
260 730 79
291 3023 23
3254 2134 1
2782 2004 78
2819 171 16
1711 2599 13
336 1724 19
1735 1903 50
2614 3571 15
3220 740 64
817 3541 24
2713 906 82
1580 2255 66
2100 1752 73
3103 78 72
2761 506 94
195 2855 88
147 319 38
593 3238 3
3834 2513 38
2329 3364 99
3455 3547 13
1643 3383 38
1296 1187 60
609 2155 14
2652 529 75
456 1763 25
3553 1226 81
3846 3141 58
1832 3950 4
1489 1969 46
3593 1298 20
731 3930 15
3230 3780 71
3947 2708 5
2348 601 73
1694 1687 19
3381 1455 70
516 3085 46
3169 1086 10
1407 222 10
3203 1712 26
3933 2327 33
1774 3505 3
3372 161 96
3308 3160 61
2638 2095 86
3777 302 18
1851 1031 99
3026 3078 78
3848 1619 78
3803 3499 94
2826 49 77
689 2092 83
3696 1340 83
381 3375 79
2692 1818 31
1969 142 19
3742 2643 59
2204 1192 21
596 1361 83
2387 3346 93
3258 3681 65
1151 1464 74
1216 3102 1
3235 3334 58
349 42 64
3046 2016 11
2106 467 93
2422 126 99
3093 970 6
2583 152 31
1719 3594 7
2374 3156 21
2118 1048 3
1729 162 13
2450 314 81
2720 1751 41
2218 2904 80
440 2442 61
899 1773 62
231 2513 55
2936 331 63
3310 3876 64
789 2227 96
533 2153 29
2687 1971 10
2533 1522 19
3077 35 71
1379 160 49
2186 737 9
1968 3983 34
3589 1820 3
1389 3434 63
3677 171 36
683 2878 44
1768 1425 66
1566 1361 81
1290 3545 43
994 582 84
3324 1835 35
1095 1600 99
3576 3299 50
3977 2177 17
3825 575 89
2013 677 64
1892 684 98
3441 1489 54
1486 1643 20
2408 457 64
2961 171 78
3999 3876 37
3093 246 25
3409 160 100
3941 3265 35
3407 1247 63
3623 3689 59
142 859 77
3556 2682 100
198 346 55
3449 2060 40
2766 2096 8
3659 3221 98
557 1048 42
851 3525 9
2242 2247 38
54 192 42
2689 293 99
1620 3647 4
2869 3340 11
838 957 33
747 3480 36
2985 942 22
977 287 62
2862 1274 40
2708 3064 95
1781 2553 35
3006 1804 76
2994 1322 91
59 199 6
2096 1128 4
2758 1873 91
3541 3835 37
103 3729 100
2522 1289 94
3371 3028 19
413 251 24
1513 1576 86
680 883 50
615 1885 91
3825 3753 44
50 3142 73
3767 1236 88
1498 834 47
1984 1707 35
2059 1599 59
1443 1862 83
2806 1808 72
2094 1761 99
569 239 65
1951 3091 78
2552 604 59
2446 917 24
2580 3469 34
1308 3678 33
2614 2392 28
734 1891 29
3386 1666 34
1414 2101 53
2718 2398 76
2266 695 66
2260 1230 92
505 3873 77
2624 3403 99
1028 2282 41
1770 1994 56
2133 462 66
1606 166 46
2885 3394 7
3034 1873 61
3310 1389 46
748 596 35
3940 2719 89
1052 3085 43
1646 1547 19
3062 3765 89
2129 2797 86
1366 1368 44
1341 573 99
672 2087 17
562 522 22
718 1927 21
169 447 47
2561 1675 100
3117 3516 36
182 3930 43
723 3437 60
538 358 85
2935 2370 100
3725 3276 88
2222 2708 49
2631 3340 22
3743 467 99
1661 1586 19
3963 409 16
1209 1014 87
356 68 28
1170 3071 43
3411 2042 78
726 2524 97
2055 2315 71
2088 1563 1
3365 1942 68
3350 2791 22
2143 1404 89
82 1008 98
1524 266 78
3592 1970 32
3556 2350 35
2717 1477 15
3554 1775 47
1301 2064 6
1331 3332 28
180 2623 66
479 1256 88
768 3116 67
762 2298 70
1261 2410 52
738 984 28
3454 1635 32
2796 980 64
3007 2128 2
3073 1072 76
1501 2471 89
3147 3801 34
2865 3524 50
2459 2562 83
1656 2185 30
873 3802 55
461 1484 35
2789 3596 48
2892 3344 3
2712 92 69
2066 868 49
3936 1771 85
1209 3156 99
1320 1087 54
1960 548 41
2153 680 15
810 2212 92
2594 3433 40
796 1994 88
3502 836 11
2506 3166 9
683 3521 4
206 742 56
3060 3118 41
467 3490 41
2098 167 3
2731 2866 31
440 2237 79
3730 672 31
1381 194 77
2702 3816 79
1485 3831 83
631 763 40
3228 3376 66
3227 770 63
1210 1077 14
1136 1531 13
814 3687 65
691 3978 58
48 2337 55
1478 2294 36
3656 2674 51
1553 2174 26
1886 1596 27
3230 224 97
1634 2543 6
3128 2201 54
1229 2499 54
3952 537 44
3730 265 90
3828 759 80
1373 1593 62
3929 382 35
1418 1488 26
2438 3662 28
3410 2794 58
611 2081 11
3722 2139 94
2221 3877 11
501 3856 17
2293 2706 16
2165 1245 2
3200 247 53
3552 752 87
411 1429 44
3564 1349 60
2623 3223 93
1709 990 12
3420 1734 93
1829 3608 56
3808 422 85
3965 2373 25
1639 794 50
2107 3490 54
1205 1759 16
3087 563 52
3307 2438 77
2894 1990 3
1099 2282 68
3536 153 2
2272 1620 40
3704 3911 36
2030 1834 56
3926 2849 20
1938 261 23
3437 2149 87
3777 1888 41
2056 2718 84
3912 2954 83
1060 2636 2
2943 1918 94
3435 3839 90
3875 3824 63
3518 1538 59
532 1778 39
3099 3771 74
3559 2152 53
349 2148 93
1235 1822 46
1453 2857 63
1609 2695 19
842 2163 84
901 1159 98
746 1561 41
3638 2922 23
3861 756 81
2467 3761 78
562 2267 8
919 2230 4
1161 2473 83
524 2687 35
3882 2703 26
392 1943 13
2004 246 24
3984 2360 39
1773 3623 45
1174 1450 76
67 876 53
1993 1340 83
5 3265 31
3177 1114 83
1573 845 14
1928 2030 49
2769 3562 64
1187 3215 94
1808 1803 52
2679 3241 27
1710 1641 71
2839 1738 52
1670 3722 77
2948 699 57
1354 3546 23
2662 1436 65
921 985 58
1579 3192 69
3146 3567 37
1262 3955 22
2375 2374 40
268 3342 72
2919 2812 75
1419 784 90
1873 2008 87
2583 2016 21
2733 1669 59
3449 3369 22
1138 1562 58
1272 492 16
2760 1158 74
931 171 93
2703 2964 42
1264 496 77
1679 88 20
2106 1662 26
1537 457 74
3535 3096 20
2428 3289 3
1652 3724 2
2744 2930 4
2385 3275 35
801 1126 58
294 1866 95
1679 1975 89
342 1749 87
301 1115 95
814 3682 29
2737 2258 47
296 371 49
3162 3582 8
752 274 34
2149 1584 17
2344 30 92
1692 1578 14
276 642 35
307 760 21
2607 2861 3
3235 1167 46
2180 2026 28
130 2203 7
458 1030 95
2175 1163 74
3692 2420 33
1568 3127 12
984 3123 67
1455 1294 74
2036 2051 68
2954 2355 91
2305 3684 7
2140 996 52
2287 1062 2
3743 1002 46
916 510 25
1730 2142 13
2327 2010 91
2245 1544 34
3706 286 66
3774 3650 78
3333 3355 69
1467 1424 77
964 1941 23
804 3808 13
3834 1380 73
550 3535 100
3675 196 52
1764 2516 46
1675 1202 42
2285 153 15
1735 3135 68
1329 1687 60
3489 2862 34
3556 530 84
3246 2433 68
1553 967 51
2145 3074 41
3510 3755 11
2429 1539 16
3104 2008 44
3450 1328 68
1645 3369 61
1001 3999 89
1971 3022 21
2915 651 35
169 3550 56
2551 2178 86
820 1443 70
582 2964 34
1036 1821 35
2133 3961 52
1497 2184 77
3366 1810 18
3173 1264 77
3554 2671 57
3419 2333 94
1912 2319 55
949 792 40
2187 3033 100
2603 2264 18
177 204 80
2731 1585 26
614 1998 87
2986 791 57
3683 333 45
742 2971 22
2187 1031 26
2261 2684 51
3831 812 77
270 2416 18
3962 3937 27
1874 249 87
128 3395 72
2046 3320 71
2540 771 91
2753 2791 28
1483 3328 19
334 3698 78
414 399 55
3524 1256 31
1085 2617 65
1950 924 37
3665 2581 41
3790 2709 5
2911 3675 69
2436 3613 81
924 1535 9
1887 221 87
3511 1659 98
2138 1210 3
2774 634 1
2566 754 72
2757 2330 7
573 1874 45
2650 1420 77
1982 1815 88
2521 3103 54
335 209 90
2971 1887 18
2975 127 15
1804 2682 87
945 603 44
51 67 11
606 1454 10
2320 958 20
400 3207 70
3013 116 70
2470 1949 15
1460 3780 38
3732 2012 23
309 2457 69
112 1406 94
899 2091 28
172 721 35
3606 307 17
1571 3531 67
2288 1879 87
1534 1896 12
3710 979 22
400 2218 81
503 540 45
2381 2279 35
2422 903 37
2557 305 46
2621 1600 49
2371 547 50
3743 1213 96
2236 3426 67
3375 106 10
1863 3973 6
1601 745 17
2242 3248 87
902 3531 53
279 512 42
1898 2332 56
588 1783 77
277 2976 49
3613 1875 1
1046 866 93
3308 1671 68
3456 3577 11
228 1275 60
705 2276 41
142 446 52
1764 2438 36
765 893 28
2568 2561 96
1873 828 86
2847 1369 75
1066 1992 99
3590 3644 97
115 1448 78
2604 441 67
109 1614 28
1267 1077 94
3277 3159 72
457 3926 12
2846 3690 42
325 2795 69
3997 907 72
140 3046 6
3753 1494 12
310 2819 60
3403 2589 96
1493 843 75
2015 1960 69
1720 989 41
2401 1724 26
3871 1333 69
1766 1260 53
2935 1797 34
1972 502 30
1901 635 76
189 1510 20
3476 2327 39
3144 1399 17
3992 434 49
2997 3220 31
3219 3805 93
2857 339 33
1084 1158 77
2094 2250 8
2238 470 17
703 1124 78
2085 2055 28
42 841 68
351 1694 16
2043 3075 22
2875 2207 5
3916 813 8
2241 1135 33
971 3292 25
3139 1514 90
3272 2251 92
1408 808 61
2171 356 64
38 2087 2
1736 1630 20
912 1952 16
1604 2461 80
3980 3054 18
535 2185 9
478 3632 94
2142 1167 86
3513 232 29
2106 3224 54
837 3442 30
390 769 25
1057 1626 84
3463 2556 94
1623 3970 98
3836 1859 1
3879 190 20
590 3618 35
55 3319 55
3570 1692 19
2100 2478 56
3669 1556 47
3992 414 98
1831 3846 38
3916 2310 80
1754 3954 2
3569 3975 42
2174 3139 48
3648 3818 72
623 1691 19
263 3232 81
1043 3810 80
1449 1086 16
132 1306 52
2330 786 32
3031 2442 65
3867 3694 68
3131 1450 19
3743 3200 57
2566 513 67
1995 3329 66
2295 3353 47
3745 2546 32
1191 622 19
295 2466 74
935 3180 8
1637 2 40
2433 3816 37
3666 3009 24
1500 3123 49
2490 1628 16
2602 1427 36
709 3855 30
3744 2461 85
1501 3681 40
1796 2158 54
348 2968 74
2784 1606 90
1921 2865 98
3991 1377 35
2592 3331 40
2790 3577 70
3387 1303 25
3142 2766 91
260 874 97
2501 1395 40
3327 3958 32
1915 2531 23
3934 1527 88
2615 641 8
2189 2414 35
3724 1737 86
1340 270 34
3973 2170 70
767 649 54
49 1115 18
1155 3352 74
86 118 24
1523 3029 41
2344 1940 79
2676 2984 37
202 852 90
3539 908 99
2213 80 65
2185 674 35
3904 1107 49
1342 230 64
3749 762 59
3651 2796 47
2100 1302 84
3062 132 2
1073 1727 47
1421 306 34
2823 1348 40
125 1090 16
13 567 72
3954 3335 3
1580 668 57
3896 910 63
2488 1802 2
315 1954 67
2576 551 92
2684 1525 98
3060 2127 60
856 3708 63
1593 2051 32
2132 3548 48
196 2694 14
2287 329 99
3372 3303 2
1058 3446 73
1805 857 1
3129 1606 15
747 1894 63
3162 2717 29
1950 3348 5
2576 2624 40
3368 1693 73
3703 3319 22
802 2773 89
2829 1288 93
53 2852 85
2337 3767 91
2622 3316 24
2867 1006 4
1866 1494 90
2527 598 53
3303 1277 30
577 3234 56
3681 1143 43
932 1460 40
3208 3141 53
1951 2737 22
2491 467 16
1995 3379 80
783 2611 94
928 1002 44
2935 3420 29
710 1271 54
1240 1424 75
496 2227 5
3531 2223 31
82 2767 11
3011 1390 16
174 1602 41
1931 521 36
1399 1288 80
2745 2505 22
1781 2837 10
3740 2476 57
654 2445 8
275 2655 87
3648 1141 47
2460 163 98
3521 2382 7
2898 3470 45
1567 241 37
3190 2171 4
3828 2802 90
91 1881 87
2783 630 59
2057 2773 60
3317 1830 4
1363 1303 47
3837 1245 95
1752 44 36
805 2264 100
951 1971 99
2291 2003 17
776 3577 48
925 3465 19
87 912 68
3678 2191 71
678 3074 82
1508 1475 91
1175 3157 83
3002 2554 98
3593 1464 63
2443 2963 91
3345 3163 6
2253 3104 8
2454 2610 7
2106 2034 19
329 3529 74
1372 2186 39
3814 2689 19
1955 2424 9
846 1549 62
377 2890 20
2889 28 82
725 3414 34
309 2152 35
3677 2748 55
1994 2822 20
1430 2210 76
1629 2481 40
1839 3239 20
1630 1214 3
2483 232 43
3424 3557 97
939 2753 8
1457 2357 94
3544 2651 37
3377 2590 77
925 1516 56
1914 3147 19
3468 1168 11
3112 1425 90
2558 2897 4
1860 2762 9
2112 227 29
1497 3258 47
1160 2436 100
25 3265 99
2831 1455 7
3392 3617 54
3160 521 23
3190 1568 71
1074 2109 99
2058 3416 9
3720 2623 79
3644 1825 10
821 1054 21
3609 606 29
2186 2615 92
2139 3967 60
1149 1663 70
1199 2388 5
1955 2977 67
2984 1485 68
3777 2574 71
974 3016 3
969 3234 17
1964 1577 31
3066 407 94
250 1709 35
3096 3218 48
3674 1180 90
2957 3680 80
3630 811 53
1220 877 50
3192 746 22
3715 1068 60
933 484 52
736 1287 96
616 2952 46
2937 3495 8
2282 3581 88
1774 783 66
667 3838 58
400 1853 49
2640 198 80
1998 3005 26
3769 3644 40
1593 825 64
2203 3441 12
3934 1155 51
831 1823 40
302 444 2
127 2435 66
261 2440 39
2833 14 67
2460 457 43
1164 508 13
1185 3371 57
2987 2626 21
1849 1365 81
3866 449 60
338 3204 5
1058 2143 22
2824 3135 14
2743 2555 69
1907 2210 99
2254 2869 74
2629 1080 58
1411 3989 88
3921 1235 54
2185 1820 71
1848 3999 43
1741 2125 43
1094 3370 93
3222 1960 74
3368 1852 48
1295 2873 61
1347 3504 63
3535 1993 11
1468 1713 89
1858 450 98
1947 2711 20
1628 3444 3
1013 2261 64
384 662 84
1619 3010 90
1842 664 43
2652 3589 21
1153 1662 25
2162 3756 58
3236 2410 83
2560 780 28
573 1605 3
149 948 77
3096 3348 25
796 2916 21
1007 168 40
3881 3932 81
979 1442 38
1927 1204 30
438 2388 49
2869 1514 45
2779 3494 82
2068 2176 15
128 2489 62
1848 221 94
2465 1567 69
1611 791 66
3277 2107 92
1497 3252 99
1220 1208 59
1110 3659 87
1282 13 83
805 37 60
14 649 76
3943 3045 47
3155 2389 94
641 471 29
927 2458 91
2198 708 79
2728 1076 54
2614 332 30
1141 2347 53
2420 3409 13
2830 2194 63
47 1984 51
1194 2790 12
291 1636 94
114 1835 22
3753 1729 11
1674 3799 5
436 2356 47
2198 3751 8
930 3772 4
397 3172 86
2383 1 52
3529 137 2
2612 3031 18
1446 3724 74
2742 1606 71
283 930 77
3523 285 54
3688 3428 6
1083 1917 76
2892 2298 40
193 868 41
3036 735 79
1436 3690 39
1504 1899 51
2401 1452 58
1028 155 76
3002 1358 95
1712 1394 41
718 2850 55
3671 2819 67
2715 1886 62
3116 584 65
3347 242 43
382 885 4
345 1827 42
3303 2471 32
2661 1536 97
3637 612 84
3943 2660 66
1067 1816 12
3552 64 70
428 1394 30
3536 2207 67
256 2795 14
3585 724 45
2527 2627 62
2978 2203 46
1002 333 38
3085 386 5
905 2871 90
3643 3918 35
2590 408 92
931 2570 57
132 3770 100
2049 395 12
2730 2511 26
2931 1567 40
2583 2886 44
1299 1002 79
1337 1364 35
1024 3837 88
3194 2193 46
1140 799 94
3244 2763 16
882 841 62
1464 3481 89
2784 527 25
488 2595 50
2476 1105 83
2274 712 46
2798 1739 3
447 2784 15
3841 3284 18
3543 1245 24
2331 453 74
213 1377 61
2657 2861 90
1491 2906 68
2844 2851 39
3741 3645 7
1109 769 21
274 1456 87
2600 3170 87
2298 528 9
3255 1093 82
1190 2347 57
3042 1032 19
291 678 74
3451 1196 50
1809 983 13
2754 3210 90
2262 2529 91
1389 1981 49
3765 3009 90
270 2305 22
3735 1850 33
2416 1462 34
181 1193 59
165 2887 4
3094 1114 15
2122 1776 56
707 1976 67
1639 631 26
3616 1602 24
555 1165 12
3403 1199 46
3981 95 33
1978 3745 9
1569 3941 44
2352 3188 26
374 2254 19
307 3895 80
2023 3701 5
3497 189 35
3628 1303 88
140 1833 66
652 2139 84
1837 1298 91
1676 671 69
38 1413 8
2514 893 89
133 3189 51
1526 1256 29
721 1142 76
1394 817 50
2750 1666 35
532 2047 17
3735 1371 4
2248 2001 60
3417 1944 59
2955 1107 74
1590 1710 69
497 3563 54
164 1525 8
551 1300 99
931 1479 27
2503 885 50
783 571 14
222 3735 63
576 988 21
974 985 96
3732 1847 76
117 3158 34
419 2337 84
1314 1632 3
1051 1777 58
423 3288 62
3114 2478 89
151 3712 30
952 1654 43
2201 58 30
3517 1150 16
3932 3445 5
1317 3956 37
191 156 29
1307 1974 89
573 102 14
1625 1025 4
3894 1483 39
690 2263 26
2817 3510 75
1744 2752 28
1347 2357 12
568 1126 26
841 2184 14
950 97 68
3742 1965 93
3087 201 95
692 463 14
1338 1124 32
816 604 95
3241 336 76
846 1937 9
2151 3921 6
3673 2222 72
3165 1703 58
760 1061 23
2670 1772 37
3072 2179 27
1950 1243 39
2399 2875 24
3535 2336 1
1548 3734 4
2046 1610 71
3678 3422 30
1868 1291 84
263 710 62
636 3396 66
1411 3480 25
3569 3826 65
2980 2101 57
1325 1222 99
883 1278 72
2976 2087 54
2082 2434 8
1573 2048 97
3290 2286 95
3751 426 1
2524 2290 57
2868 3561 75
3004 3619 97
17 3840 1
902 1889 73
117 2122 98
858 888 20
1890 324 7
3182 2088 33
1519 3427 5
2433 1340 68
1565 1166 99
1829 831 42
2179 942 99
3330 3168 63
3973 149 97
3279 1958 11
2785 1614 12
2285 1764 1
3236 2611 51
2638 2810 66
2983 653 26
1022 3502 25
1839 3840 22
270 3461 43
1671 3485 76
3077 2192 83
1527 3889 81
1549 2337 31
1562 122 11
600 3581 57
141 630 87
2945 1439 4
2557 1037 93
2781 606 26
2267 2915 77
3983 3030 80
2102 1367 63
3602 3030 6
3364 2900 77
93 1416 18
3986 3950 44
1443 97 83
1450 1504 13
3360 485 97
1126 1742 6
2237 2754 63
295 3739 21
1026 371 62
252 1298 27
867 2287 9
3858 2482 88
3528 3503 36
704 2210 27
2568 305 42
3113 3613 7
1451 2226 13
991 576 25
3563 3962 99
3027 1155 84
574 2287 49
3484 2838 65
2449 3784 96
1125 3271 60
3475 2760 55
1571 1309 88
2806 3919 44
1975 1151 40
609 1887 53
3410 2377 65
2275 179 12
2168 2279 2
673 3114 67
1313 1717 48
3395 3194 78
185 2897 16
2802 1591 57
919 244 34
2621 3992 47
3301 1878 89
1516 3748 93
1363 997 30
1266 936 97
3320 3240 68
56 944 91
1507 906 51
2823 2112 56
3554 2147 39
2871 3634 21
1765 636 75
2607 3721 30
3630 3895 6
1806 822 12
1907 2743 44
1224 2563 15
3778 1691 12
3856 1807 42
769 1389 90
1778 3858 2
1914 532 11
3398 3141 98
2788 631 36
2142 3549 97
3903 626 56
745 2262 93
1190 2822 59
607 1758 40
1208 225 7
1730 1010 78
791 2215 55
2589 2406 33
2434 645 39
52 1684 83
3336 2546 48
917 3951 42
1758 3205 65
2154 201 31
2613 1068 86
870 3769 83
3989 2327 29
2836 2301 87
1802 3947 57
997 629 19
3424 1847 91
140 1798 80
1121 3535 15
2744 2735 27
1248 492 91
1528 2684 84
2582 1391 56
137 183 28
3727 3959 63
2706 3976 91
2149 3099 72
2158 224 15
2526 1394 77
2334 3114 88
3080 1074 23
484 3901 56
3980 706 8
2441 3745 27
1157 923 69
1596 1352 60
3871 2181 11
978 1990 90
1712 439 33
157 2582 61
524 493 72
2019 3922 96
3218 2794 87
2469 1438 58
1299 718 52
1730 182 35
3781 3812 15
969 3612 48
334 3752 83
3156 607 97
152 2433 72
1335 1121 83
2857 1165 56
659 435 71
3728 2555 46
3515 2937 97
2004 3428 61
240 1211 67
801 3138 55
3927 1760 38
1560 679 68
3411 2762 32
183 2392 34
1559 1647 41
387 2929 24
1445 206 70
3984 57 74
1298 349 32
80 2995 72
1258 1756 64
3147 2754 93
2633 2397 61
748 1654 79
1493 3823 57
2320 254 69
3503 1349 83
1526 1385 74
2267 3711 94
2515 1086 79
2969 686 9
847 2093 54
3535 706 56
2539 2465 30
3630 3166 72
3232 2783 47
2345 723 64
2587 3214 100
3916 2490 80
143 2830 2
542 1281 82
783 2943 82
3081 3379 24
1034 3613 33
389 944 26
3633 2652 51
2694 2624 32
1661 2806 64
1551 1543 1
1358 650 64
3530 2364 23
1174 451 15
2728 1474 45
1660 3186 63
3445 3658 85
144 1252 25
2022 774 66
2009 1287 43
164 2916 50
969 51 60
3802 3535 80
3642 768 96
1150 3093 99
3623 1494 24
3134 790 45
25 3456 71
2815 3749 3
747 1177 64
2231 2985 93
3710 408 65
2404 3881 31
1378 3557 35
3060 2172 37
1534 668 1
45 2927 63
3006 1624 75
1259 1380 99
2089 1864 36
2999 64 18
2249 53 13
1670 320 67
3021 2026 1
3561 3836 44
2061 1244 99
3664 231 41
2334 1078 35
390 3373 80
1444 3300 27
133 3430 36
1498 2999 2
3785 1561 38
2618 3488 26
1574 1727 18
226 13 59
1320 3025 38
1653 3780 43
824 353 39
807 100 16
3054 1926 92
2117 951 95
1715 292 13
2399 1827 53
533 2064 53
3492 2938 21
2213 163 25
2689 1415 35
2554 70 59
1005 547 31
3379 2467 48
690 649 42
491 1929 97
1836 1126 98
3634 182 42
3803 1543 59
2803 3182 1
1721 1352 46
1210 3517 87
3583 2116 24
1458 796 27
1984 2362 91
606 1289 25
2608 1174 71
2431 3114 38
2255 2023 41
2601 3868 96
2445 3059 73
1621 1379 75
2679 3798 26
1997 980 42
2858 312 53
3569 2733 25
1077 255 60
2148 1775 85
2387 1626 30
3132 2861 84
3223 1817 26
2363 1202 54
2644 3756 70
2902 2816 93
2730 880 40
1240 1579 8
1019 1999 16
3495 2770 33
372 513 94
273 3306 45
3430 656 91
1384 1634 82
3386 1536 16
2439 86 51
3139 2874 8
624 3954 93
2699 2574 76
1083 983 13
2695 598 5
3130 3351 59
678 1523 70
1331 897 86
273 3499 49
2325 677 53
2917 3265 24
2997 1369 41
2269 330 29
3074 1511 17
3262 65 18
3373 328 58
1313 3566 43
1938 2170 93
1489 1415 79
2898 157 31
1727 4 39
1518 2590 74
3865 600 52
2019 3947 22
1208 298 4
2469 662 96
1580 1242 32
2322 388 96
1730 2601 34
2692 490 18
1184 1970 89
1468 1208 48
2855 3203 62
1842 1708 7
956 3622 37
2179 2368 93
1403 2289 22
278 465 56
3519 2302 45
857 2500 48
1961 1837 88
2491 2187 26
1923 2326 93
963 2878 45
446 490 18
149 3148 33
3343 1098 55
1627 2217 97
2527 2088 44
2212 2720 95
433 3684 97
3536 3000 10
2524 2537 32
3232 643 84
1637 2311 67
69 2534 98
1530 1888 62
1574 3254 40
105 1696 46
968 3034 33
2184 3941 66
1472 2066 53
3967 3393 6
2109 1964 33
365 2095 16
456 1532 14
622 2776 97
3669 3787 73
1344 298 64
1611 2135 1
3262 2044 63
772 1 87
3052 417 75
5 2038 46
3611 621 91
2951 2095 92
2431 167 100
1582 1195 100
1298 2930 19
3812 3583 17
2977 885 11
619 3927 31
2923 2897 86
659 192 53
2019 1076 70
3316 2171 1
2666 892 82
2420 1497 10
3394 1865 17
1744 1083 86
173 2501 37
2558 1519 96
3221 3929 66
2613 1746 53
2608 2431 6
1529 721 99
2507 2820 65
1164 3096 6
1611 178 73
819 2735 24
3853 1660 22
859 2206 64
2407 845 100
751 804 48
2092 3554 35
1873 2103 42
928 2312 5
1028 2290 36
1343 855 19
2287 1295 70
197 2694 96
1019 2324 78
3259 1023 43
601 3613 35
1933 2390 58
568 1967 65
2933 3452 57
1172 1086 46
582 913 61
1445 1956 3
383 3815 40
1663 2059 79
3307 570 8
3249 1393 87
3290 2861 65
3612 1159 17
3381 1905 50
2480 1993 60
3906 3444 95
862 1434 18
562 1013 33
3566 121 95
83 2278 40
2005 3764 61
3485 2465 52
681 2260 69
23 1809 22
2069 99 4
3018 3058 15
3341 3476 62
2573 2994 23
2090 630 62
2510 1578 91
3167 2873 47
1394 2720 59
2485 1243 71
3996 3140 75
2050 2457 82
1693 1989 62
3826 1366 76
115 684 40
3318 3721 56
2505 3937 9
2875 3539 9
1075 1579 25
2069 1188 84
2308 2917 55
1477 1965 66
2870 2307 32
504 3128 24
701 1364 79
781 2655 16
2732 232 49
3492 2668 29
319 1161 86
824 222 48
594 2056 58
833 2957 61
305 2891 93
1495 3894 59
2423 2009 49
782 2965 74
1313 3205 50
2595 3664 33
3822 3707 93
1821 1049 27
929 1632 30
2768 1765 85
1256 1426 38
930 2482 63
3050 3684 74
733 3257 81
128 1906 5
3198 3157 51
2132 1509 58
2786 210 91
1021 1281 64
1842 3436 23
3667 733 51
3111 2181 21
3332 3173 54
1716 2067 100
3620 789 79
371 3636 8
872 3341 53
1751 3369 1
444 3499 80
3507 731 81
3232 993 62
1491 772 75
1893 1957 69
615 2535 25
1708 3890 90
604 2077 73
2023 1912 7
2994 3688 67
708 1756 53
1415 3214 76
861 1292 53
3151 962 68
3038 2310 57
1475 3423 21
3578 2841 65
365 2901 98
2196 3914 39
520 2592 11
3633 1650 42
3854 1257 41
1553 1455 44
2814 294 18
1993 1453 50
1165 2353 61
1451 651 62
2194 3512 86
3821 2056 59
2733 170 8
3876 1796 71
379 1343 60
588 1124 15
1149 670 8
182 1240 91
2026 2163 59
2799 266 83
2605 3166 49
3530 2147 97
3331 1756 35
3801 696 73
2207 282 95
2727 2071 69
3327 3623 76
1491 2073 59
2590 48 41
1328 2122 7
2029 2087 71
3269 1639 21
399 2109 79
816 2739 13
3800 2043 43
316 312 59
486 125 78
426 271 55
3631 2365 29
115 3595 58
3094 3354 88
2889 856 14
2382 2369 10
2689 809 4
1239 3421 75
3625 98 86
3612 3298 8
2979 1505 64
324 2714 77
3225 565 67
3539 1310 54
1503 3793 90
1161 68 46
2795 2776 96
3327 2824 43
3975 3569 69
471 137 71
3308 1392 29
405 1784 39
1248 3520 27
3922 1725 40
1515 3545 64
2038 3252 72
1188 181 22
2229 2667 8
2681 1074 91
2267 63 81
3412 2243 53
3744 2485 82
365 624 44
1555 909 67
1016 3753 51
3950 3249 77
2975 2295 60
3026 2157 28
1709 1134 98
2617 2240 88
1015 3879 24
1365 2445 80
2091 3406 1
2492 3320 35
2816 2476 67
2337 275 61
1448 2477 94
3388 3450 18
1142 1469 16
2344 1796 29
1423 3912 69
1052 3865 47
1452 3509 7
320 3590 83
151 2284 96
127 2658 91
3766 156 20
2060 162 5
1952 284 46
3548 1325 77
3830 787 83
2481 2646 80
651 3558 74
1873 2908 90
1700 2031 93
2752 667 98
1069 943 7
674 3181 35
2487 657 32
1136 655 75
160 1910 17
1500 1813 37
988 778 26
1789 3502 63
2060 556 73
3891 142 45
1460 3791 48
538 745 77
480 2470 88
3280 3757 61
315 3851 35
2507 3833 79
332 3510 65
2858 3888 53
3912 1091 48
3417 650 49
808 2482 89
316 3646 50
2431 2792 77
2336 2959 45
2647 893 83
1238 2741 71
2136 896 24
2486 2975 59
1893 3881 30
243 3207 11
2786 2024 94
2108 661 4
2596 3303 25
1978 3614 35
397 1275 66
3445 3164 20
1419 641 96
852 3402 63
1178 3243 1
1323 1186 18
1125 836 89
2476 3868 25
281 3509 48
415 2193 4
371 353 38
3382 1268 66
2144 3830 67
1345 2813 22
547 2247 82
2151 2714 60
3556 1390 45
23 3575 4
3463 2655 44
2093 1524 83
3731 1201 72
3261 3712 43
3187 386 61
3911 463 52
1165 2517 97
2683 1277 37
373 2990 71
3481 2936 39
1141 2628 30
3028 1875 20
87 1330 79
435 1268 61
3415 3203 81
2443 2645 18
1299 2185 52
3339 1779 31
1355 3330 85
3138 1934 3
3330 957 11
2171 564 72
3909 3522 59
2564 2039 39
2092 738 22
3040 2874 21
339 2781 58
724 2283 10
3656 1004 53
1139 548 65
2291 643 10
3721 815 56
124 1963 52
1738 338 57
1877 89 94
3960 2879 56
309 140 23
2359 2694 44
3578 96 4
3697 3249 2
2247 2311 55
3847 3831 24
2990 1016 86
1 1415 7
2217 179 62
3290 1286 84
2280 2906 24
1410 573 83
1495 2159 74
1217 3664 44
1830 263 65
3779 412 62
3617 2924 57
2706 3121 67
3177 69 26
2101 2116 83
3841 178 9
3824 2732 43
3849 1159 31
2127 3445 81
3734 1899 75
2580 925 50
1336 2525 4
552 3325 4
3398 547 64
1143 1410 26
307 2460 76
1823 2906 4
3650 139 74
362 3314 36
2983 24 64
1975 1707 37
3608 2221 66
2883 1593 26
333 628 30
1112 2174 1
1102 480 23
3003 2109 23
679 3977 81
671 1937 79
2295 2820 15
1288 1298 34
1640 2254 81
3409 3080 39
891 244 62
1497 973 21
3952 3756 96
2789 2253 6
2795 1171 81
200 2883 84
2799 3625 96
449 2385 45
2545 3727 85
580 2679 30
2931 1217 24
120 1485 4
589 3811 51
2284 1822 31
3988 1514 62
2859 3145 37
1336 911 84
407 2460 73
2787 722 30
278 2194 43
2536 158 59
3859 3660 63
3593 610 98
689 2669 57
3887 1426 84
3097 1083 55
1709 1733 24
3851 16 40
752 1602 1
2663 2879 81
1702 2504 32
2794 3046 38
3329 1917 98
788 2568 69
1846 885 31
5 889 94
851 1224 41
786 3967 27
3 1321 20
1898 753 7
2868 210 36
1171 1829 30
594 470 41
1619 412 29
2132 104 10
3542 3162 89
2266 836 73
651 1674 55
1525 2523 10
3830 2095 38
2058 2472 47
3512 2962 45
3330 489 76
1509 575 14
2488 66 9
3006 2778 24
1527 8 14
3489 3448 45
2456 955 36
1051 122 25
2149 778 93
3364 2385 18
3886 2247 14
309 2273 95
3192 2413 53
3612 364 40
2331 3242 62
3414 2914 71
3044 371 78
64 2653 17
863 472 41
2900 3104 56
3813 2103 8
1011 2142 16
1250 826 23
1601 2023 75
2424 1018 1
2794 3120 50
3279 3541 97
931 722 46
2378 386 43
1340 1339 51
2262 2930 79
792 92 22
3877 2526 81
1529 3004 49
3041 3344 39
1996 3006 66
1547 2627 90
3214 708 64
1169 259 56
1368 1276 99
1696 786 50
2346 3425 85
2092 2346 37
1489 990 9
1634 1446 52
728 2984 97
484 2860 23
2997 1518 44
1441 439 40
1066 3174 26
1296 1947 51
1843 2495 44
928 1983 72
3948 2188 30
1787 2461 81
958 973 47
3532 800 57
2232 2436 27
3500 147 82
3261 2406 13
3012 1472 44
1908 2189 44
248 2902 9
2387 3317 30
238 206 17
3070 3183 36
4 3558 29
1580 2336 72
2381 3758 78
2604 2023 42
2037 2269 73
2173 1994 59
2433 587 90
2794 1605 15
1540 58 1
2499 2453 12
119 3081 51
3463 3216 95
2199 2657 27
1928 3144 36
1078 1963 74
761 2441 35
679 2871 91
869 802 27
3958 2997 1
711 1053 25
799 70 2
2880 2929 62
2773 2777 80
857 1026 69
1777 2385 66
1464 1759 44
2789 2271 64
1973 458 65
3124 723 73
2162 2623 46
620 1844 27
1877 1572 89
1119 3274 23
2518 3221 72
2552 171 57
2975 903 49
3672 1270 20
559 3179 8
3866 179 73
647 3971 4
2604 2930 22
994 815 37
1298 3290 1
458 2726 84
1074 2558 82
1368 1436 12
1919 365 97
1342 968 15
2885 1070 76
211 883 60
2003 581 36
3026 3087 22
2489 3191 48
759 3117 73
940 1332 76
2332 3461 4
3514 1980 79
594 1632 49
3927 565 38
1748 2554 12
644 879 99
2380 2815 98
3013 1796 7
2748 3053 54
3098 1993 68
258 1167 15
1958 3532 12
1640 1886 62
975 2112 35
1515 650 39
920 2221 8
564 3679 39
2121 1787 40
3940 2140 36
2513 2578 93
549 714 7
1182 3486 98
2922 1484 32
90 2018 15
542 105 71
3959 281 28
3028 3694 55
3983 1115 60
3450 132 99
326 1017 49
3224 1624 76
2424 2988 44
3828 3736 49
2138 2696 70
3295 3585 48
587 1925 23
1274 429 79
558 2744 52
1804 1284 42
1692 290 99
26 626 53
2163 1669 10
3184 1273 55
2110 3746 95
784 1564 100
259 1191 39
2569 582 51
919 1438 62
557 269 14
1858 2846 61
1510 1687 97
76 1302 99
3934 1468 21
3114 411 33
1250 1900 89
1553 2087 35
542 87 21
1440 1245 89
2360 2761 34
581 2988 60
2465 3568 88
2800 2003 15
1324 3471 100
1206 1422 46
1714 2104 81
3402 354 94
1545 3718 9
31 557 93
18 217 1
1063 1521 52
3236 1919 59
2418 2539 48
2076 3737 82
962 3521 28
3398 3682 82
306 730 61
2375 2726 59
2022 2111 70
1923 691 9
3410 408 15
3609 1603 64
301 1049 55
1117 2678 62
3764 1627 74
1765 2164 7
3730 554 48
1573 2244 70
2384 192 41
1338 3353 70
740 3168 56
760 2888 74
3615 3821 89
3627 2034 79
2572 2849 40
940 1872 64
3625 2573 94
1627 3581 50
553 2776 86
3808 3793 30
1444 985 52
2407 3116 14
2248 2330 100
355 1822 50
2855 2481 80
280 1976 21
3427 1341 55
1474 1646 68
431 2116 40
1528 2935 46
3685 51 26
3082 1420 5
615 3317 70
2163 3840 53
2563 2818 62
3438 2213 95
353 2173 73
602 2408 88
2645 162 90
3229 3135 69
3123 3618 93
3589 3959 6
2325 2437 11
498 1836 8
3150 1793 3
390 227 73
268 3875 74
2278 2004 24
1475 3372 11
3412 2928 74
1284 2460 27
3471 2609 17
2236 3726 37
3788 2565 88
1084 1002 80
3432 917 50
635 2379 79
3362 2831 3
730 1451 12
3262 3353 82
3106 3394 33
676 2632 71
496 586 51
3140 74 25
1566 2951 8
1820 1900 99
1686 2319 45
2530 181 37
1446 2938 76
1979 1475 2
2860 2434 37
3321 1692 24
2255 884 96
2435 435 82
131 998 61
3729 3796 93
3958 802 49
1055 1872 71
2579 3806 56
2839 2536 45
3495 676 75
1844 1987 61
1847 1323 64
2041 1822 14
1831 1808 2
363 696 5
1954 3428 83
820 1114 58
2090 595 35
1050 419 37
3833 574 86
183 313 88
2879 47 35
245 3979 81
1209 1128 24
2891 2271 15
3340 949 20
2291 2837 99
245 293 92
1602 324 5
3656 796 50
3629 1792 10
3893 3427 100
711 2600 87
508 2152 51
3512 2116 16
2057 3048 57
2722 74 55
2844 3242 72
2593 461 88
2280 1524 57
2359 2729 88
341 859 63
1942 1123 97
2028 1894 78
1011 2822 36
475 3540 60
3819 3876 96
627 2795 86
2038 2810 19
3096 492 29
239 1151 2
3624 3512 36
3236 252 57
2402 3994 13
3812 3186 66
2566 1858 88
608 3139 52
448 630 39
1593 3098 95
1669 1367 98
611 2942 59
61 2409 88
775 403 20
562 3958 74
973 3459 84
2145 1881 29
1739 1405 30
1371 3095 33
3522 971 27
2435 380 91
547 1228 80
746 1743 84
527 2967 35
3723 2056 17
3408 577 65
2165 704 62
634 1920 42
2395 300 19
3022 1918 41
2632 1372 44
2036 2717 71
1804 2277 34
3209 1214 63
1643 3151 3
2787 2674 20
3380 209 36
3613 184 95
3947 2907 27
2896 506 28
1479 2169 74
3968 1175 86
2298 1217 42
1204 471 49
1321 1618 73
1484 2448 63
479 45 17
3053 2562 75
3253 3321 35
3365 2381 57
682 3120 32
1969 81 96
3073 762 41
3662 3264 26
2833 410 83
1756 1142 62
740 923 98
2223 2869 81
3336 1028 2
2321 1417 34
2971 2119 8
2667 2269 36
1716 3977 2
2255 943 83
1139 2900 12
3411 2526 18
969 890 28
1949 3592 86
1868 790 40
3884 2895 13
3638 700 3
668 1792 59
2443 3670 32
1020 3089 56
3885 703 95
2524 1063 13
905 1965 96
2620 1834 58
833 560 71
645 1137 68
1068 3235 88
3632 649 82
257 3895 27
1633 2427 34
492 112 48
1799 2509 66
3394 3261 23
1069 3269 52
939 2648 68
2206 1722 28
458 3185 72
693 871 91
706 3810 36
1462 2613 38
935 2973 19
1825 39 3
1886 3679 43
1723 935 21
214 2222 43
875 3152 21
2861 2182 87
1564 38 58
3865 3987 35
3436 3961 1
1010 202 48
2440 1415 63
1423 3512 85
2516 2985 23
3968 1874 62
3235 1853 93
360 947 100
2158 2206 16
2801 1987 41
360 2190 95
3770 2552 17
3416 1169 100
608 730 80
2776 248 89
326 2303 30
2558 2056 41
1625 2699 5
1582 3829 48
3811 411 28
31 2926 6
2314 770 24
1826 1048 3
1964 623 42
3125 1164 77
3230 3158 49
3686 2619 12
757 652 54
1334 1271 92
2105 3101 79
1296 3075 9
1416 2465 70
1027 3765 54
2502 3767 15
2290 2718 93
419 1572 88
2533 2066 90
1540 2351 6
2459 1523 72
3612 3528 3
352 1898 34
3724 1590 40
3638 1712 96
2314 481 47
476 674 94
74 1183 61
967 3683 4
425 1102 22
2774 1480 43
3234 2067 27
3669 3528 12
219 284 95
3407 2242 78
2635 1054 37
1296 3127 32
666 2591 5
244 1582 49
3414 535 76
3278 2068 39
2288 2110 13
117 3362 6
3147 2700 66
3067 1864 72
3857 2948 88
418 2577 70
1487 726 62
392 2301 76
1576 3557 31
2866 1628 81
2295 3964 43
539 1054 97
3043 2404 54
3253 270 66
1473 2280 89
2814 3020 33
1292 3697 94
461 306 32
3844 124 25
1085 36 22
1735 198 36
1967 2156 47
3187 310 85
1047 1604 96
1719 442 15
1220 190 4
2564 595 7
2797 2935 37
2156 1808 20
627 2158 69
731 3006 44
724 3198 5
1847 323 15
2628 2895 14
747 1975 74
610 1917 18
1814 17 86
1283 2834 9
131 1575 30
2391 3483 37
73 2820 55
2965 2911 70
2487 3746 77
949 2902 19
2768 2438 83
2379 2582 52
1609 17 48
2220 2866 94
3505 1338 28
3870 1368 36
3722 559 58
1593 715 50
2654 2517 100
2019 3293 54
2982 96 21
1014 3504 32
2103 3948 89
1182 1319 90
248 1218 48
384 1079 25
2860 1091 96
3912 2763 68
3547 3726 46
3339 3086 58
3372 2701 72
2499 2031 67
2503 1059 71
1632 1012 60
3238 143 96
1931 1860 86
2804 1969 74
2209 2648 21
2188 3177 89
1435 1795 96
244 3974 85
3664 2695 9
3397 1332 14
3780 123 81
3737 3644 15
2290 3238 49
3292 425 71
3357 525 75
2669 235 89
837 1702 56
1654 2737 45
550 329 25
3568 772 87
879 3991 93
2340 2863 76
2948 810 80
2670 1426 65
3068 3604 98
3323 2793 94
1667 3475 72
3474 3603 7
515 3383 27
2429 3677 39
3784 226 49
2710 1498 33
1131 1871 50
2726 3738 92
599 3301 42
1802 3646 39
1396 959 77
1489 1557 12
3219 3884 99
2295 1551 13
3380 1411 99
2188 3935 54
1735 142 49
3803 1213 28
1256 64 50
305 802 59
2844 551 54
166 3592 38
3242 2491 33
447 2023 32
3002 1671 20
637 126 51
3409 340 14
186 3557 52
3654 991 47
381 3227 43
1452 3660 86
2896 3298 82
314 3487 59
3890 2559 77
3 2433 98
1461 1626 19
2069 2746 20
3979 2443 47
3242 2894 59
1980 3152 44
2924 1641 24
2018 1743 37
594 2995 5
3497 252 89
3769 910 99
3583 379 35
1340 1237 12
2907 3336 31
1985 211 63
1494 2159 73
2841 1307 32
2518 549 67
70 2934 45
3588 3631 44
1221 665 20
1275 3704 44
421 2855 6
52 3517 32
2803 3119 43
2683 3009 74
2965 3247 5
3132 2704 69
2563 1758 97
3934 3866 57
1511 811 59
1171 565 70
265 3698 44
714 2759 9
2271 3526 43
3661 3272 28
3177 1509 74
2640 308 33
3185 3508 92
430 237 4
1606 833 99
1144 2396 12
2054 262 18
3022 2261 17
1756 3655 13
1471 1857 68
657 901 74
961 3894 58
1878 2242 64
3074 1723 76
553 2682 98
1796 518 90
446 2490 46
3960 2635 82
1419 177 20
1282 3275 58
1452 2885 20
2201 1460 79
858 1130 52
735 2673 6
3198 2293 23
2754 667 33
78 2454 23
208 95 10
1381 2807 15
1472 2319 68
1534 3326 10
3410 1599 18
837 1945 69
2935 1457 78
588 3138 35
912 897 20
3183 2360 99
2964 101 32
2760 418 27
2866 265 30
57 665 89
590 1414 32
3978 2370 45
1433 750 3
3108 387 93
1162 3262 66
2980 394 34
2242 257 12
805 846 45
688 3824 7
2891 2685 83
1853 1109 84
2735 395 87
578 1917 31
1719 3063 72
1223 2239 41
3972 1206 43
320 703 94
1887 2194 24
3151 2245 66
503 2057 95
358 3439 65
622 621 18
1657 2049 63
3091 3128 22
2740 243 68
2182 596 70
1384 977 5
2959 2877 96
3810 548 27
2044 350 6
1902 826 86
359 2207 41
187 3283 98
2308 3314 23
526 160 93
2213 1802 14
1487 1370 47
2040 3338 91
2637 327 6
2674 3830 2
591 2519 75
2206 2544 82
750 2126 18
1410 3481 25
1678 340 66
2138 2016 89
2909 2058 48
2956 1149 30
1453 1792 86
1298 1872 11
853 1667 94
3057 3186 40
222 2600 100
3034 2779 33
641 3190 24
1355 2769 26
3119 889 24
799 1027 74
1228 3550 60
922 687 9
416 1255 68
2631 3116 37
2003 2196 37
2977 1728 41
1553 3998 96
1191 3072 98
832 812 39
443 2176 76
2451 2809 47
3244 3240 35
3070 3723 51
477 3417 4
3004 1202 78
3189 3825 68
1065 1744 27
1025 3555 6
3088 1350 93
1840 252 69
2511 2583 15
3789 2015 11
622 1345 13
1926 48 68
2520 1981 36
3651 420 61
1291 158 17
454 3766 76
1280 2863 34
613 3359 6
2591 2314 72
2542 2544 14
3784 1894 21
1223 3956 94
3323 876 59
2933 2649 52
2595 46 6
2067 872 10
3845 2636 54
2262 1513 2
3048 818 53
3104 52 28
2944 1997 74
1247 660 93
3826 2146 23
2784 1830 9
458 161 61
1036 1501 31
1412 2750 83
2276 38 38
3191 2616 58
654 3944 7
2357 3418 6
2255 202 65
3532 1228 85
1487 1383 9
2472 3427 49
2369 3868 9
3799 3218 99
1776 3465 77
3638 50 22
114 3324 18
2835 843 97
3055 2285 71
340 2464 60
3539 2746 25
881 3617 40
3637 2394 44
1496 377 38
2906 532 34
3762 3179 76
654 4 54
3062 2032 74
401 38 37
1478 339 61
1858 1811 85
3111 1080 43
3059 615 19
3905 2694 25
3662 2870 33
572 3601 33
2021 1768 32
768 3586 45
128 628 3
2236 2399 67
3187 249 76
3484 317 19
3801 901 71
2645 3796 47
1316 1997 70
512 3439 81
1521 2468 97
541 1059 38
1262 3241 93
2273 3878 11
1140 1491 14
970 3036 52
3718 3373 61
1745 2538 44
3051 3621 16
2304 3893 57
1457 1047 63
2430 1874 58
1872 1587 71
3962 3978 89
2636 2998 80
2149 110 47
3241 739 30
1222 506 78
453 1814 68
3529 3990 15
2664 2033 27
2587 813 52
2103 3556 7
3958 1597 12
2664 519 97
521 1702 69
800 1490 82
2933 2976 41
3438 2510 22
3079 1619 55
3926 2158 16
352 2685 42
948 2183 51
1847 3202 91
1954 3626 81
3287 1705 38
3997 2869 44
1581 597 24
1607 1371 75
283 3391 34
1840 1842 60
3821 3379 32
3254 3609 66
915 3260 20
2303 2075 1
2690 165 5
3919 884 15
1822 1618 34
3735 2850 20
2044 3375 17
3273 3577 99
1171 1126 74
1261 3119 91
3852 936 50
2191 2463 71
1339 1087 68
3753 1853 67
1750 188 86
542 200 20
3527 979 86
2922 2025 9
1960 1402 37
3645 3976 56
444 1061 60
3828 2726 25
3737 3620 79
2903 2575 75
467 3059 38
2026 555 82
3524 3344 75
1441 3030 41
2609 3555 51
2098 599 87
1318 2507 14
2374 2899 4
640 1111 71
2008 2769 59
1837 2521 14
2864 1259 66
1280 3394 71
1181 454 65
3316 204 77
1920 745 27
2876 1523 67
1418 2992 7
755 1866 16
3978 945 30
1463 2944 80
2191 2951 33
3701 358 6
863 46 79
2796 1116 28
577 1336 34
2187 2336 11
2813 2570 39
1300 1992 64
1819 3336 1
684 1582 94
2349 2122 57
3691 2999 21
2681 2418 28
1615 1022 78
1856 2423 74
1978 375 92
3793 1508 55
879 1225 61
2773 2496 5
1756 1937 49
1943 3838 17
2930 3349 12
3187 848 16
3902 1455 73
401 3660 85
1215 1293 75
1757 2856 33
1178 1240 56
2989 2509 75
1924 2071 83
2630 3331 52
3402 114 81
264 1952 39
1525 2998 84
3652 1960 3
985 1472 51
895 567 82
2766 3383 34
825 1042 72
3826 2927 78
708 3148 44
2494 2481 84
104 3036 41
2395 619 97
2167 766 85
3773 2099 41
143 2113 3
490 2422 55
1311 2444 58
3990 654 98
3107 3865 87
1393 3556 100
1216 1821 67
3407 1116 22
3051 2023 13
3864 3051 95
1758 2734 86
3191 2955 18
1506 2886 91
2472 1133 10
3867 452 77
433 3962 73
215 566 28
1870 2965 36
3688 2202 3
2825 0 69
1024 2062 86
1857 3068 40
1361 3447 1
1323 2218 26
951 2973 75
1439 1785 85
2714 1311 86
2807 2143 5
1343 1542 77
1372 1060 82
3566 3868 8
1843 3341 83
366 2798 6
3869 1453 82
3826 309 99
2853 808 54
594 65 36
1005 1348 93
3038 3704 45
3195 3119 99
2994 3226 58
40 3334 29
782 122 17
376 3002 22
979 2014 1
3390 3647 87
2491 2464 45
3712 2902 51
1333 3556 96
1816 274 28
2563 3665 78
1551 1876 51
3019 1315 93
2651 2975 100
1237 102 57
3599 3646 1
1796 1456 69
674 1862 76
485 202 6
2213 3809 30
2450 534 11
3087 3429 22
2090 894 78
1100 507 59
3627 2638 60
70 2953 25
125 1723 32
1327 1069 89
3798 3150 19
2503 2828 34
171 2802 20
3374 1354 60
3178 3137 79
2996 3810 58
3667 1248 9
2983 3319 21
1804 3117 87
3218 357 83
3291 1891 16
769 1335 10
115 2973 13
3545 1782 66
3273 576 78
3739 941 99
606 1733 39
2379 3533 78
365 2945 55
3871 355 12
1880 2322 13
2767 321 90
763 3496 26
3911 1105 52
2581 3323 6
1709 323 43
754 1013 88
3272 2514 99
2921 1025 38
224 852 82
151 2480 49
3838 2297 26
3588 284 89
1969 1698 9
1694 1047 17
503 1029 23
3702 424 15
3815 3874 28
2018 1775 46
3594 698 68
2646 2472 46
2822 1482 83
1058 3510 7
2570 2077 90
1251 2141 71
1109 2894 89
1328 2165 67
3624 1034 5
2908 1590 2
3791 606 25
980 3766 78
3815 265 89
752 2254 36
2587 36 87
3048 3103 57
2520 3602 99
124 2742 28
3901 2925 6
2700 555 25
1805 2382 39
3175 3130 4
642 2870 98
1008 1260 95
1715 2152 28
133 2317 41
234 3865 15
2921 2983 31
746 2301 24
2396 3171 3
373 715 44
2207 92 41
1387 760 70
3090 360 49
3553 1239 91
646 419 62
3962 2665 30
2678 336 23
20 2381 41
3621 2519 36
1328 843 84
3088 2866 18
1400 1014 74
402 3761 27
372 1641 31
256 1853 88
1991 2054 55
2352 1202 38
2669 2679 65
1727 2311 77
455 3285 48
2687 1424 50
1964 3129 93
1977 1922 12
55 465 44
3794 3282 22
3120 3263 52
986 999 44
1860 2619 57
635 3999 74
2576 2759 70
2172 1965 57
1417 423 82
1743 1979 9
3978 1231 46
3601 272 58
2730 2970 5
2295 1002 20
1414 2379 74
3021 1976 14
114 3267 62
2221 1645 1
3687 2079 50
1582 2835 30
875 3085 77
3597 2883 77
3616 3387 4
3635 1790 92
2716 458 10
1825 1642 1
3768 2025 44
3696 3941 20
227 2559 72
2577 2324 17
2002 954 98
1848 518 19
3583 2339 70
1938 1035 52
3606 537 43
2069 3256 5
1555 3526 86
1372 2546 86
564 2806 65
3064 765 32
1647 910 18
1626 88 3
847 3675 54
1548 1926 99
2005 3045 25
322 2740 67
2817 1083 36
974 3524 26
2576 3664 72
1999 1109 67
2 1123 87
2091 3289 36
492 1284 38
987 2645 41
2608 2640 87
888 561 97
1719 498 10
1920 1558 9
60 90 90
3690 2108 82
3399 2776 6
3460 909 81
1037 2588 39
3389 3211 40
1546 2211 21
3105 259 9
317 3434 77
627 1779 87
2904 1245 69
1307 541 8
571 3543 76
698 2885 64
1512 2575 8
1124 48 99
1152 256 1
2431 920 48
1678 981 13
654 417 74
3585 3665 59
430 3737 20
1383 3945 68
60 818 51
2473 2064 13
1052 8 67
3726 3779 56
1800 3707 75
1335 2584 33
1891 1602 5
2824 2966 57
1453 3701 23
101 3793 71
3094 1321 97
720 1024 52
3343 2020 61
548 3926 21
3785 1632 98
1635 3807 32
30 594 75
17 1087 98
2820 3773 99
1934 157 100
2267 2694 74
275 1013 12
900 3664 7
2520 375 85
2626 3593 51
1791 120 5
3878 753 66
266 2061 19
1090 1642 66
472 1456 17
2809 1783 69
1360 370 47
3637 1716 49
2577 1571 94
3821 431 44
397 2884 86
2620 2025 17
3065 3964 22
1854 3315 40
3695 3678 64
2116 423 71
3581 3384 80
941 3003 17
146 274 80
3588 551 21
889 1231 58
1143 1059 31
2645 2672 61
3816 432 33
2624 1630 93
3084 644 44
2388 3704 35
2012 1838 35
1148 3886 36
1703 115 24
3926 710 63
3980 2002 76
1534 1634 54
3305 1520 55
1439 1269 47
2973 1103 75
720 2000 56
180 3371 8
611 3154 4
3293 987 68
3918 3356 83
2877 2383 90
3716 601 45
1550 3933 47
1185 1190 25
2901 2552 92
1512 1649 63
3766 1219 52
2471 2090 28
2400 203 27
3648 1533 89
2212 3883 95
2866 2570 69
1332 2236 2
503 3926 19
1971 1157 94
3560 2197 18
2421 3691 72
2091 1283 72
2795 440 53
1076 2689 96
3343 1064 19
1186 2454 20
208 516 11
933 2698 65
283 1821 60
2215 880 13
1216 3208 13
3136 994 3
3285 1534 64
275 3799 80
194 2949 80
3607 2796 24
1043 1825 73
737 2866 38
1837 2088 69
213 1778 72
1342 2173 47
3315 3580 28
1538 3613 41
3994 2433 92
3011 3111 74
3249 79 58
2749 760 46
2708 2096 72
2246 3941 74
2165 3325 28
2585 2734 57
3917 1495 18
551 1303 96
2167 1847 18
2264 88 76
1347 273 87
3420 173 80
1715 3097 77
87 3812 53
3941 217 43
2203 3801 72
141 487 75
2779 2570 45
998 3246 51
2134 518 34
3486 1327 36
3589 2504 46
635 1623 21
159 3967 37
3012 3398 97
3043 1183 23
658 1652 51
786 1978 96
699 2392 74
3017 1447 72
745 3494 34
3797 2254 4
2905 3901 49
3482 2102 39
555 3348 92
2946 3714 80
2733 882 2
2594 2148 3
2516 3392 100
3804 3984 67
3430 2050 7
2902 3813 33
2450 2505 81
2875 1628 15
1278 560 47
2864 587 44
1428 3556 86
1247 151 5
603 2599 13
2736 1612 56
3987 2733 18
2095 581 70
3660 175 89
1473 128 22
3006 397 66
936 3070 20
1978 3892 100
1146 175 24
937 3339 40
1676 1799 43
3685 1774 57
1666 180 33
1631 1145 42
3527 3861 17
2396 724 64
2286 2853 35
3080 1686 64
3226 948 91
3496 3162 74
939 2967 98
3986 1452 81
676 3316 50
3805 2901 16
333 1990 64
2322 3432 33
1047 3357 70
3049 1599 73
1656 3988 29
1037 2497 74
1443 2205 84
1251 3851 17
3740 3583 17
2381 56 83
1753 2181 73
879 3909 34
3133 1526 59
3891 105 1
3302 3942 18
3921 222 100
3401 1906 57
3855 514 40
1546 105 9
897 2552 95
1129 55 87
2183 1431 8
1978 1145 7
352 1102 86
2707 2364 74
3608 971 69
2015 3884 82
2039 1519 64
535 2305 44
1937 2402 85
29 2578 35
3205 2429 79
3807 764 41
2600 651 20
2136 2333 29
2709 859 100
2361 122 92
364 3340 8
729 1593 77
3286 919 85
1162 2947 93
3587 3644 33
674 352 7
232 1172 86
2327 2921 88
2794 475 34
1659 1519 28
3832 59 7
3153 3094 82
1238 884 4
604 2970 15
1323 1855 73
985 2830 52
2139 1539 78
843 2324 76
1146 601 74
3195 2356 57
50 3328 91
19 2182 75
3474 206 89
3800 1779 71
2030 1280 42
1279 1797 87
3580 3611 79
3566 506 81
2441 3276 100
2291 2382 3
3143 347 77
2598 1401 41
1487 2269 73
924 1999 65
2282 971 72
1843 3110 48
1086 710 15
3504 1167 53
2030 3467 35
1050 2273 18
213 72 51
375 1471 15
2138 315 43
3587 1136 92
3616 3749 19
3839 2725 50
3698 2120 54
523 3505 14
499 3091 50
3422 1828 79
32 3338 45
1106 1476 47
2679 1836 94
3981 343 95
1309 2393 45
551 1820 26
3099 1455 45
3492 108 18
2840 878 89
1397 2055 93
2324 2015 17
2587 882 39
940 754 44
891 3712 81
2087 3573 20
1972 1064 36
1536 3231 63
2692 1760 5
1569 1402 57
2728 967 58
315 3912 3
3464 1005 6
366 2903 34
1345 3091 69
2865 2468 62
2012 3410 86
1128 2834 89
3558 1596 29
1603 1392 41
2487 392 97
3901 1486 14
129 1363 45
1277 2175 8
3203 609 73
179 3858 30
3130 3466 30
1357 2565 13
2688 2582 100
3986 554 24
765 1118 16
3887 2356 18
541 2044 66
958 3215 94
1731 3926 57
3258 3650 32
2278 1613 21
969 1372 90
2119 3658 16
1675 2450 66
3996 662 66
1739 1489 64
1326 1541 94
1430 3486 1
1889 3217 36
3557 2841 97
1258 2877 12
2195 1240 27
1737 3997 26
2359 867 69
24 2729 64
3381 2457 1
752 880 95
2662 1638 90
101 2741 22
1653 2768 37
806 2951 6
2964 2470 61
2073 1165 77
3700 3090 56
3839 3161 6
857 155 35
3948 3498 65
200 2861 52
385 1926 7
3004 641 29
1708 876 12
3704 1785 58
2246 418 1
772 456 100
1500 782 6
2441 534 43
927 3542 43
3020 2859 60
530 42 74
3519 3420 45
2605 3726 5
1982 1762 70
2640 277 98
2980 3807 34
1582 1405 62
474 3563 15
3324 743 48
1312 1044 90
548 1473 49
2897 2891 9
3879 2364 87
1927 816 98
2879 3384 29
1819 2733 78
2663 772 28
2249 937 8
415 1392 6
903 3433 72
199 1960 9
3004 955 52
3550 345 34
2941 767 84
2862 3614 32
2287 1333 76
2955 3008 26
622 3587 17
2245 283 54
1279 1059 48
3340 3991 58
1723 622 73
825 2773 47
817 3118 6
3757 2184 67
2801 2024 100
1002 1434 68
3585 3928 39
1904 2757 17
2393 413 6
1077 313 57
83 3787 38
1196 2983 31
691 1924 61
3674 1155 42
3187 892 80
652 3101 46
2099 3202 29
1165 3237 52
744 2412 29
1801 735 20
2696 3686 69
2261 2610 73
1662 2544 11
3992 3644 46
2030 1699 41
1440 2355 37
771 1103 14
3922 1622 88
908 1266 25
1220 3570 11
2123 3508 49
1487 2757 58
3806 3601 12
1632 3334 81
2336 1721 15
2803 1188 44
1929 1571 70
3962 970 62
2139 1469 69
1031 1794 4
3452 2826 87
1488 1882 83
3891 1455 8
1493 13 78
1522 1957 61
3539 2516 60
1905 962 13
2273 681 1
3408 1249 87
831 2695 66
2656 544 60
1160 811 34
1713 13 70
187 2149 32
74 889 96
467 3379 16
1042 3342 62
2733 3692 49
384 3635 51
118 1824 35
1640 3293 84
2513 1522 99
254 3778 7
679 170 98
1636 3782 72
1494 814 99
2585 143 69
2643 1020 27
2402 517 69
2310 1866 31
1346 2667 62
2159 3911 40
1707 727 40
2405 1857 83
304 2400 56
2442 1314 52
485 1552 47
1829 13 99
1607 2998 11
1722 97 46
3297 1998 92
2637 830 47
2157 2744 28
1316 1974 42
1746 3456 27
1315 2801 97
505 690 6
966 3070 47
2663 3189 50
2926 1871 18
1989 946 44
2301 1571 30
1998 1689 53
1946 2767 60
2844 1004 38
652 1654 40
1494 328 54
2107 1813 84
3558 475 70
450 3594 9
2836 3391 98
322 2542 99
3854 1433 16
1315 209 10
2316 2342 99
2343 1670 50
848 1244 53
1474 2595 33
1260 1704 72
1367 3900 68
3587 1183 30
1403 1306 44
1486 15 40
1968 401 26
3047 224 37
3644 3519 33
3707 1704 3
3309 3954 17
2840 3401 53
966 1558 59
2074 2742 33
3620 2490 61
371 1812 63
2289 1101 21
70 2756 56
747 2313 56
1706 2590 8
3594 3573 46
2445 3101 12
670 2043 16
1989 2099 7
2385 2427 64
3233 2982 75
1179 811 63
3449 752 35
875 3786 7
286 2988 49
2027 2388 24
990 2224 78
1416 2507 84
72 2112 61
119 1965 99
784 297 100
2783 3588 44
1170 997 55
2705 1266 13
3101 3432 94
1002 1435 37
3222 2530 50
4 1586 48
3753 3576 52
2721 1869 39
2689 2641 27
3746 1299 19
3728 2127 68
938 3306 86
1084 2884 55
3204 3885 95
1274 929 17
194 2043 30
1551 1596 16
2500 3554 80
3962 1399 57
1893 3098 79
3436 901 71
868 176 59
630 1744 8
3795 39 36
1223 3038 40
2332 964 6
258 337 53
812 1093 15
3184 1317 1
2315 3370 61
3819 2351 72
470 2934 61
3734 1638 21
3612 3978 92
3093 3072 73
2812 1444 12
2183 338 66
3363 2481 43
2819 1805 9
3391 1422 63
1736 717 27
844 690 1
555 2842 37
1942 1973 95
251 2856 95
412 3060 17
2923 2006 18
3699 2415 25
2118 3302 99
1249 2990 27
2303 3605 86
188 620 67
60 172 70
3203 393 83
461 3573 75
744 1082 13
2514 2014 92
1086 1265 61
868 2054 11
579 521 74
248 3215 9
3852 1728 40
1283 1350 71
769 3480 19
3139 1284 54
3927 409 10
2839 1037 37
343 342 28
3369 369 34
2033 872 44
3485 696 91
699 1355 63
1419 1548 58
224 2933 93
252 1619 60
2364 3811 89
1048 1608 91
3282 3800 92
1076 696 76
3569 955 12
2950 1100 80
3232 988 91
2863 2736 82
419 1434 53
670 2290 10
1127 2301 100
3912 1342 83
841 1743 12
2146 1514 28
2770 652 24
1928 3078 47
541 2087 45
3811 2809 61
541 2423 60
512 3195 100
2382 3091 52
3508 3353 42
3941 2008 19
2088 2765 20
322 2757 5
3611 1123 17
3883 345 56
2952 1073 28
530 2495 93
2783 1449 33
1226 3260 86
2199 2417 87
674 3053 43
3474 3712 3
3604 974 8
360 1074 45
618 3559 54
1870 2999 85
1182 1308 76
1358 2674 90
2912 1703 95
3159 1698 24
1370 3795 69
2298 3230 76
765 358 85
1970 231 91
25 3508 16
187 3914 31
2094 1773 5
689 3988 73
2979 738 84
1386 851 67
421 1928 52
2954 3088 97
2551 466 64
2838 3028 24
908 1657 67
131 1568 14
279 1279 21
1367 3176 90
3583 2967 29
3888 761 60
106 966 95
1310 2735 32
3828 1305 87
2691 1361 54
450 1541 50
596 107 3
599 875 24
429 2662 79
2039 449 31
2896 2259 39
500 293 76
3250 2848 58
866 943 61
3578 2013 5
243 807 28
3008 3997 71
398 1157 51
248 3397 86
1202 1254 27
782 3563 52
1219 3640 66
174 2961 77
3154 2289 100
1701 3212 75
2628 3863 90
916 3622 15
3892 3651 78
2675 779 44
2839 2293 8
2982 1271 78
463 3679 95
1707 1355 30
2852 2558 58
1662 430 60
2245 1679 67
611 3526 47
280 2763 30
3197 2769 50
137 660 21
1658 874 79
2677 1651 29
2786 2398 51
3861 964 80
3184 1331 9
1889 2099 21
835 62 7
1158 2011 37
1998 2257 71
3776 2979 95
2911 280 41
2458 2526 5
2307 2592 43
470 2388 95
3788 3457 20
89 3623 79
213 2543 31
1981 1152 61
2505 2713 14
3537 3529 77
3314 2301 66
3298 1833 99
3731 1200 84
473 1997 74
2807 3914 57
466 2351 44
1323 249 47
3106 312 95
1429 1995 70
1638 3812 91
3852 533 56
3566 2426 40
742 2237 70
2113 282 62
1138 3768 67
3804 1241 84
199 766 84
1334 1241 49
252 3621 8
2083 1007 98
712 3935 78
2394 1286 88
3218 3996 18
3398 1971 66
2752 3380 66
330 2404 64
3699 866 23
464 1974 90
3535 2558 8
974 223 39
933 3893 64
3448 1039 2
760 3919 46
1474 2454 70
994 2850 31
3646 2454 89
3782 1126 68
2574 3131 40
1467 2102 28
2218 1817 40
3228 1855 46
833 3386 61
3955 3035 8
1718 181 98
598 228 39
2356 524 59
3482 145 3
898 1263 91
738 2178 94
1745 2677 42
3648 3552 98
1468 1988 86
937 1236 20
2126 891 15
2834 3300 5
2943 205 54
2432 103 65
1925 2661 23
1487 1653 81
3425 2134 77
421 967 80
3939 3812 91
240 2114 40
2120 1950 91
585 2544 87
2146 1136 75
3132 940 68
3513 2392 54
768 2413 23
359 189 31
962 1706 35
1655 3332 78
1465 1129 76
728 1757 59
3139 2460 98
486 959 1
3449 3670 63
318 3269 90
2606 1596 43
2612 912 19
280 3295 54
720 3961 39
2952 952 33
3350 3308 86
3075 1488 29
1229 57 78
472 3514 88
2496 3346 93
1180 1532 29
607 3171 18
3750 2679 78
1630 2422 16
970 1168 53
2122 934 13
3232 13 39
3669 3334 31
1526 885 83
2793 1333 86
1760 2529 62
1017 281 87
3792 2041 58
1524 2031 61
3357 2802 87
2375 2089 93
3709 2512 7
3514 452 59
2387 1318 36
2129 1856 9
1312 920 41
2645 2373 17
3989 1752 79
567 1094 86
1057 436 34
2616 3373 61
109 1891 24
1112 3619 41
2559 3225 23
3046 876 74
3450 2999 90
575 1024 10
1682 3445 84
3348 3084 69
3255 2423 52
1467 3646 23
1303 2670 16
3652 2834 44
2157 1212 86
1082 324 3
3374 2081 30
3952 2619 82
160 3589 61
2484 2869 49
1475 3961 22
1788 2150 92
3332 3047 33
1323 1009 51
1115 1537 95
544 1437 36
14 3555 79
3010 2797 28
514 1471 99
2465 2432 42
2003 2012 39
2792 3594 47
975 763 29
2082 489 36
3036 1162 60
1312 2436 44
873 3546 66
2936 3061 67
1431 1885 81
7 1395 35
3032 3252 4
1552 2204 57
3878 818 99
3663 1127 93
1765 584 7
2896 3493 8
2274 2394 39
714 451 15
3787 16 54
3763 1131 83
1400 309 28
2397 2407 24
3719 1056 86
3496 1841 12
3305 2405 43
1605 1009 20
3933 1807 31
3761 1294 79
3958 528 14
3397 3042 94
3743 1107 52
1333 10 13
1500 1379 12
2692 1664 28
3160 27 44
1354 1727 46
2227 2265 59
2735 3425 7
1233 1879 83
1065 2263 95
1202 1439 30
400 1444 5
2490 1061 24
715 3681 65
2299 3387 93
1250 185 58
1370 2921 3
1593 1089 7
3448 916 4
3532 1744 83
470 346 42
895 3355 77
2492 1943 74
3039 1396 22
3777 3810 71
3134 1687 20
1705 2233 92
452 2305 37
2825 2638 42
1320 894 66
2894 979 61
2884 2005 36
2496 3161 21
546 3175 37
3792 1855 90
1695 1285 44
1624 1779 81
3955 2380 20
2191 3074 93
2207 2144 42
2059 2534 5
3414 277 47
29 3459 92
375 1633 66
1874 1332 85
1546 2436 58
2438 1919 30
1527 3335 31
663 2473 6
2022 766 33
1070 819 29
3097 2682 80
871 855 68
1046 364 24
588 3538 51
3096 3687 8
3438 3330 97
147 2601 26
2703 3675 63
3457 2491 79
588 1830 55
1285 1544 89
1770 2628 53
1182 513 47
1437 3526 7
3613 3918 66
474 2930 26
157 3565 61
1930 2755 14
81 1536 85
463 3713 21
951 208 85
1752 2662 81
2322 2343 85
2425 1142 21
3163 1375 32
3380 3149 9
1804 3431 12
1934 1526 84
933 1272 11
1355 441 76
3120 3139 89
918 3708 98
3415 337 84
2382 3160 73
3133 3843 14
1619 2648 3
1810 2411 91
1158 2781 44
3803 1953 11
258 162 49
3894 1705 9
2850 1544 65
2599 740 89
824 1018 26
116 715 53
2628 1884 100
1227 2608 88
2426 2997 41
3432 1250 17
3644 2769 97
3900 1987 62
1160 685 78
3983 529 53
3062 3360 82
597 499 67
3907 3650 99
2128 3746 29
1984 509 25
1183 2328 36
1679 2839 21
714 1694 11
2655 1547 8
1834 1333 63
71 2830 75
3557 2562 29
250 2114 97
1464 90 1
2359 2317 78
3263 3151 4
137 13 91
2911 3673 69
2245 1623 49
2646 179 96
2247 991 41
983 3091 19
1615 2895 69
1412 405 99
531 2858 14
1469 182 15
2165 2368 80
1179 2441 91
2299 1765 69
1170 1358 59
1447 547 32
2246 2848 6
646 2427 2
2120 2384 53
3769 2736 61
177 3131 46
2691 1776 50
1839 2873 98
3296 557 23
2761 1344 41
894 2046 46
3049 3540 16
1380 3054 38
281 3441 49
2061 2968 54
770 3443 78
1962 667 69
3196 342 47
714 2738 41
3669 1979 41
3862 931 98
3468 3404 17
1262 2525 97
3693 2757 68
1571 782 71
609 66 26
584 1565 83
636 2582 80
1456 1428 51
3744 3620 85
2526 3635 40
1177 481 58
1174 1285 98
1027 1749 61
1887 3271 50
374 3536 28
2415 820 70
3193 1557 94
116 319 94
1516 3796 92
3796 1378 95
2850 3260 11
2738 1777 85
2013 2402 76
537 1155 40
1056 3885 31
1404 2222 87
3504 372 84
1336 231 36
3515 206 10
476 1661 20
3061 3351 9
253 161 30
1319 40 73
2782 2087 63
1668 2579 82
1497 3066 21
3144 2881 46
3244 77 14
688 1947 75
994 3012 17
3889 2937 20
2152 491 22
555 1240 19
3866 2113 85
3900 3519 59
1840 2090 63
2693 1507 8
310 3261 41
2587 2375 18
1148 2522 85
2384 604 7
1468 1067 13
1563 1619 25
158 972 28
2291 1602 48
1912 2669 55
3825 1099 67
2092 2328 51
3390 1264 64
3320 662 55
1258 1329 74
3789 2953 85
3948 3930 63
2768 3598 38
218 1123 57
2653 3679 99
1148 2506 16
3526 1402 33
3168 1627 9
3625 2401 76
542 3925 44
3099 3863 45
780 2124 4
3602 1708 56
2310 1021 30
1742 2167 52
3813 386 32
2975 1237 11
1931 1619 52
3218 5 47
2463 3368 100
1367 1168 96
2523 837 1
153 2417 88
1788 3008 54
927 2175 99
707 2009 77
3804 2221 51
1080 1887 94
1796 51 34
2903 2134 39
1810 2090 4
1166 1041 33
852 60 87
2919 2395 72
3054 2617 96
3511 2576 91
3930 2225 32
2739 745 2
1613 3385 48
3265 3581 3
2239 2171 30
3626 2970 19
2023 1410 17
1324 2307 36
3645 167 85
1116 2347 30
1508 3463 9
1408 1878 45
3008 1522 37
482 941 100
3725 3303 83
2163 2553 48
547 2597 15
1305 412 6
2465 1617 12
3935 3370 19
3971 2110 37
34 1814 13
2846 2348 94
1189 3576 91
230 1624 17
832 3018 55
2755 3179 14
77 2008 51
3123 3093 22
414 3485 91
211 1058 79
682 2463 59
1260 700 73
2718 3129 50
3735 439 37
3649 2744 68
2410 2183 53
1497 3561 14
12 2830 29
3254 2153 13
713 1978 91
1939 2590 35
1911 3157 82
398 1803 21
2234 6 1
1491 1462 30
2758 2983 48
337 1207 75
1871 2701 21
1126 3700 2
215 460 87
999 2045 82
2475 1861 31
3673 3866 79
1127 1148 59
3381 3973 12
3524 144 54
2434 3961 35
2805 1317 21
2748 1622 86
1337 1288 35
1300 3041 54
2337 2612 4
811 3509 92
1187 2617 100
2500 3816 91
3762 3629 82
542 882 15
2130 3047 23
3827 1038 67
2443 1645 5
2733 3877 23
3674 3991 39
1724 2061 94
1864 1723 89
3712 2754 34
1112 3042 45
3804 1715 65
3837 2710 18
411 358 48
3522 3547 90
963 3486 79
2043 2702 66
891 2253 29
277 1710 60
500 54 92
1299 2957 94
1459 1216 30
3759 2758 26
1696 1258 23
2513 1720 77
3485 2005 7
3528 1473 5
3849 3688 2
785 3562 89
1499 1603 19
3331 59 68
282 703 18
3672 101 25
1343 976 5
3256 2768 11
3275 888 89
2014 2196 84
3786 589 1
2190 536 72
1172 3442 79
3742 3541 79
2472 2611 39
1734 2663 12
723 2838 46
3970 2030 74
419 66 4
1985 3000 62
2138 2758 34
2878 1748 56
3830 893 39
3768 413 70
1854 947 65
1289 48 93
1329 3549 40
1620 1854 4
1206 193 67
1135 3778 63
3655 2336 67
2535 2027 72
3303 76 84
420 3318 36
631 619 3
301 3932 65
3838 3261 57
3010 3972 82
3082 2663 52
2941 1557 28
2371 3972 52
732 3975 22
1961 1155 84
3901 3254 99
285 3179 9
2516 2639 53
1036 3882 66
2782 578 95
1588 1266 11
1335 1128 86
353 599 98
3783 1580 51
3604 3705 98
1347 3638 72
1819 1931 78
2507 614 51
379 3868 88
2768 124 26
3889 3638 68
1176 1678 38
565 408 73
3599 2252 29
2844 1035 42
3681 265 81
1259 564 32
3077 34 92
38 314 34
3300 2910 55
2496 2676 24
1971 2411 70
2589 136 53
3050 2085 4
1478 1821 13
603 1541 83
1381 1254 60
1816 3425 43
1501 3090 71
1924 3247 79
847 294 91
766 281 56
3606 3788 17
299 1348 5
2420 626 91
2564 1022 40
3054 3302 72
287 638 20
1917 1200 49
2506 1218 69
3119 496 93
3775 2866 35
3891 2852 6
2096 148 23
3575 3384 90
3272 428 40
1429 2354 84
1031 514 69
1069 1236 69
3376 3927 22
3188 59 78
1074 1370 20
2645 2033 12
814 3969 77
1922 965 64
2827 3504 58
3 3944 98
3999 1436 87
1358 3039 15
1545 3432 76
3483 3826 2
93 222 54
3673 871 13
2231 2483 47
2478 2303 87
2203 2290 97
1736 2208 98
3384 915 32
1050 1752 9
1881 3901 28
2825 1519 2
2394 2817 59
1616 2545 97
1407 1109 32
2841 2446 63
531 48 26
3540 168 14
290 2654 25
3102 78 64
981 388 66
3900 244 24
1746 2511 92
3188 3165 94
1221 2416 93
1036 1318 84
290 652 100
89 3480 91
1863 2301 67
278 2684 58
777 580 21
125 1878 12
3646 3100 1
3022 3130 61
230 837 48
2955 2551 41
2747 2043 6
3590 1674 46
2335 2505 7
3847 540 46
2654 2242 53
2337 647 25
2140 2947 92
2906 62 22
2570 53 8
3995 25 59
602 724 43
1134 3209 62
1127 550 63
149 1644 80
937 2863 52
1238 3189 6
3329 1945 85
1104 1354 40
3173 1095 22
701 2953 39
3793 3859 2
1064 1761 34
2591 1316 71
1921 704 85
3888 1608 62
3224 657 12
82 3579 79
741 318 4
564 633 58
762 2414 51
2747 1799 40
2863 3095 6
3897 1990 28
1329 2812 64
3713 174 69
139 2724 43
895 3245 54
2684 2250 2
2800 713 100
906 134 43
260 2346 8
865 2971 39
545 2335 63
1533 1298 15
1829 1966 22
1295 3464 87
2344 3102 95
761 2298 16
495 1390 18
1648 3956 94
2902 1206 5
3470 2815 51
1648 3542 31
2807 616 71
3359 2075 7
3361 1159 26
1225 3629 17
2547 2032 44
46 3928 31
3448 3734 78
1242 1095 37
3894 1892 75
2246 2420 81
3687 761 17
3486 556 76
2254 2890 6
347 2655 3
962 2376 12
3452 1637 59
1863 852 18
362 166 70
1656 2887 76
690 3496 3
390 1633 53
2330 1053 71
1498 3239 94
2442 1408 12
1461 2730 21
3936 3840 91
1825 3486 58
1208 1812 76
1011 3404 82
2713 113 26
2760 3815 60
1803 577 13
663 439 66
2590 1248 44
1062 377 6
2961 3065 80
3530 2901 82
809 1864 69
2135 42 25
1220 691 40
3292 3340 80
1561 3109 2
1853 1409 87
1995 3704 95
1313 3764 23
723 1857 19
717 653 89
3155 1351 1
2304 508 60
2151 2059 25
626 369 100
1439 690 28
3006 2044 80
3916 580 13
3732 1490 49
3727 2515 88
2568 1577 51
2795 568 9
3007 2850 59
3891 474 54
2801 1993 71
749 2193 64
362 2361 36
2607 203 3
1910 2194 91
2379 9 21
1066 833 80
1104 39 72
40 2425 62
3383 3156 30
3106 3648 78
2974 1444 40
3530 381 2
1027 1248 96
1348 1241 17
1319 1344 19
2343 3227 53
1102 1277 34
2997 1657 72
1734 1122 42
1292 2014 29
3258 515 82
3011 3193 5
404 602 80
421 481 83
498 176 95
2658 3277 5
2209 3145 88
3650 3957 49
2442 3218 62
2825 3017 80
928 3067 17
821 3038 50
1379 3841 14
1374 1259 98
1434 2332 97
1846 2791 66
2123 3263 97
1576 3612 4
2048 2835 91
3824 1617 63
921 753 24
992 2649 91
2004 54 66
2194 2744 16
89 1131 6
1227 2130 22
764 3169 64
1328 2208 35
2343 1812 31
3609 2559 69
3317 246 100
157 3353 57
2229 3548 20
1293 2725 25
3750 2992 22
2408 1023 57
2946 703 41
1127 250 21
3499 3885 56
74 1324 63
1375 2070 30
1293 1821 89
1348 2680 55
3993 3094 17
2697 351 30
557 2114 27
3360 1667 7
3450 313 29
2224 3660 64
1851 845 65
2980 1057 65
624 3693 87
675 438 76
3096 334 59
2261 3444 56
2871 1553 29
3378 2297 1
52 2080 48
868 344 75
1715 172 11
3326 3821 84
2092 3331 92
610 89 64
2550 57 31
3391 1727 73
3492 2124 99
2922 985 10
3793 2114 69
1165 3805 98
2249 3428 97
2933 3569 94
514 1387 32
3603 972 33
2288 2931 81
2945 3037 2
2906 1444 38
77 558 100
842 488 75
2171 590 80
891 805 43
1940 288 61
850 640 15
3114 3805 30
766 844 87
2233 459 42
3478 3681 60
3520 3398 49
3469 1437 60
1302 3670 27
2341 2178 72
3219 1664 32
3656 760 83
1901 666 7
2305 2805 90
2073 3172 50
3850 1201 24
3618 1469 10
2028 3479 24
1506 1576 89
2150 2915 20
416 1026 84
499 2728 72
129 1446 14
881 2542 51
2650 272 75
3693 2880 30
2638 3545 77
1990 2300 86
1043 988 92
701 72 85
1466 851 73
2984 1708 35
99 2992 7
3630 2594 99
3859 1439 56
1470 2027 99
1273 3446 26
180 83 58
1091 724 45
3976 791 14
349 2237 72
2660 3578 94
3747 3389 62
983 211 58
2963 3814 12
2942 2678 69
3117 3019 73
1290 3807 73
2952 931 70
1712 1046 89
3699 75 18
1657 3619 27
1250 794 14
3354 3306 70
9 450 84
1977 1049 47
3538 570 70
3199 2664 37
1461 3047 6
768 3320 32
683 380 38
573 2401 89
1929 436 20
382 562 95
492 2583 87
403 126 98
3908 588 20
3065 441 4
2307 2498 8
2186 2409 21
3402 2572 5
2468 3199 80
1577 3503 16
2040 704 50
3675 2486 12
2916 3467 36
2176 2018 4
2340 1857 99
3269 2350 73
896 1955 59
3440 3277 13
3429 3639 81
3385 3552 71
1339 3271 51
2175 3118 68
1057 2242 38
1421 3324 57
3080 1029 98
1761 3983 29
962 491 91
1287 378 86
2839 1524 23
2992 1201 18
3785 1697 27
459 2692 14
712 2469 10
2429 1357 22
2496 1897 25
3453 1200 18
2834 76 11
2607 1787 6
3766 3919 40
2438 1736 48
2952 1719 78
2292 3078 10
3991 3720 8
2502 3929 19
3800 2250 86
533 1816 2
3483 2522 23
2593 3166 59
740 733 82
2413 2458 6
392 2436 90
2216 2311 66
2624 3581 29
3401 3486 99
2180 3904 43
3089 2137 96
2813 3469 70
2910 1430 8
1541 196 57
3350 3697 49
2981 3258 40
1251 1348 40
2094 2800 87
3661 34 9
2841 3445 30
3172 833 32
48 1420 90
185 3648 2
245 1908 53
382 610 20
3034 3387 67
2284 1188 64
467 749 84
3314 2697 87
27 2093 63
3650 3241 85
2363 2925 43
2936 2335 11
2478 1083 65
267 3868 1
714 633 63
3521 751 24
839 3880 67
2389 3663 24
636 1988 97
876 1277 99
1565 3389 16
104 2463 95
2385 2884 45
329 1904 68
2491 2587 59
875 1497 76
3536 348 67
1957 821 1
1279 3874 79
3006 418 16
3000 1366 36
642 2206 77
1122 235 99
3361 3623 95
3713 2706 19
851 3366 37
2141 1908 71
2418 870 67
2847 2216 92
1405 1069 90
933 325 11
1865 1067 78
2143 243 84
2821 1115 82
2484 2643 48
51 1154 19
2041 1368 17
934 2558 97
462 2606 74
1187 710 93
3992 2962 83
1138 1375 38
1704 797 26
3884 3068 52
1522 3584 76
1385 73 87
542 215 37
3928 435 92
2404 1452 6
3098 3439 76
3045 3605 22
1229 1935 47
1807 3459 73
3114 1606 40
131 3382 28
187 1864 79
3897 827 89
1144 725 50
2893 1798 94
2082 35 55
2883 1326 46
700 2720 77
2422 1599 99
2023 1155 65
3144 3638 24
2830 1742 5
3901 3354 77
3957 1263 48
2477 3878 5
2189 1065 46
2873 1325 58
2630 1878 23
2763 419 40
108 104 30
1764 1583 91
2208 3426 30
1635 3936 3
1166 2545 45
2964 413 30
1042 1906 5
3967 2238 58
3004 1404 20
2509 1471 19
66 797 84
3699 3119 24
253 1243 37
2175 3821 90
1568 3125 53
175 1420 70
2384 2016 98
1902 3990 70
3098 784 41
3925 1977 65
1426 1462 99
2400 2831 22
1795 2535 2
112 2081 35
3935 2990 53
3231 729 26
88 2157 36
2113 3672 43
3986 913 95
2812 2917 26
2232 3644 60
2114 2155 88
2828 1162 42
3228 2676 12
486 3067 27
1547 3344 47
3614 667 54
74 126 67
3707 2350 71
2489 1656 26
2393 957 43
3321 1861 77
3547 1347 17
2551 414 83
10 3555 32
23 589 82
879 1401 2
2873 908 38
1330 2424 4
2587 2431 41
2275 2051 10
2905 2380 48
3994 55 95
51 10 67
3181 3388 36
3141 254 32
1183 1884 33
936 2092 99
2644 1042 75
1665 983 69
1287 3504 31
205 1450 31
3998 2275 78
2473 3899 8
2772 2656 41
2112 1558 83
1954 888 42
780 3313 80
1860 2815 30
3166 3099 79
3417 416 43
1114 2671 27
235 3738 53
1949 179 12
116 1158 62
3487 1213 85
2970 3601 90
1554 557 65
2898 1112 52
723 448 3
2606 893 61
2417 2062 91
3705 533 53
3672 3962 35
2036 1707 12
1459 1881 41
729 1036 60
2794 2772 76
1873 3292 10
1365 1874 77
325 2550 69
3831 3161 43
3849 3969 15
2961 2129 78
2270 102 93
1989 2509 53
582 162 44
1248 2619 96
2801 1704 87
746 722 52
3806 135 6
2063 3935 60
3431 1430 67
3050 2939 14
290 3512 5
3821 407 1
349 3370 55
2024 861 47
3440 954 45
1789 2782 96
2611 843 32
716 972 25
1369 2207 80
3721 2345 58
1014 973 82
1761 219 40
2796 186 44
2042 2925 13
3709 3368 76
2195 1767 85
603 3824 81
3772 1842 11
301 3779 72
3182 1167 78
195 360 91
718 1932 98
1123 853 72
676 3543 37
1 3653 69
1904 3068 93
839 1337 49
906 357 50
2986 2461 85
1565 432 35
3265 872 78
1100 1387 68
2761 1479 1
319 3727 14
2201 1489 63
3698 2658 38
2245 242 86
1671 2438 67
3631 2374 59
1115 684 69
3654 2522 69
688 2796 17
3941 2188 8
2637 1714 97
956 1687 64
3059 3227 12
3865 3558 46
2532 3144 63
3668 569 69
158 970 71
2431 468 97
507 3950 19
2569 390 89
2501 801 43
984 1064 96
1762 540 85
764 3708 43
1949 2358 57
2415 1028 30
2054 3682 75
3660 1968 40
1208 1737 59
2809 3786 67
3551 1529 77
1656 1104 35
966 941 84
1832 725 69
2422 2967 44
3115 1871 38
1818 3058 90
26 348 48
3131 3175 84
2520 3771 48
1810 2578 51
3627 3845 57
1833 3199 51
3922 1329 71
126 2293 44
149 2620 38
2759 2261 1
3188 3204 44
1969 3840 53
1087 3846 75
1137 1676 77
1943 2299 81
2803 1184 42
387 1116 53
2184 2115 38
3188 891 97
3356 221 48
2366 3389 69
1896 3943 56
3770 3981 72
3806 2087 28
646 3474 39
1561 2340 8
2900 2303 64
3908 2856 98
1716 505 73
3084 574 81
650 1474 17
2634 3563 49
304 911 81
3045 934 27
1873 1361 92
760 2343 72
840 1834 29
1773 3681 61
1708 629 59
3592 1839 47
1513 1466 23
506 2744 17
2872 3681 28
1826 3156 73
3418 322 93
2573 644 93
1215 1199 87
2316 794 95
13 2877 88
249 1305 38
1657 343 45
3445 3393 63
1351 3825 90
79 2467 43
2109 417 33
1401 974 17
2496 1315 45
3277 3642 17
1966 1894 52
3686 1666 100
3157 1002 43
3742 1077 27
3448 1654 60
3511 2366 79
2443 3429 72
3201 1252 24
135 2235 82
1541 515 46
2887 615 9
1263 1501 86
252 3590 53
2440 2612 50
685 2851 38
2435 3720 99
1769 760 81
1796 3708 92
3897 3658 90
1981 1269 14
3850 3259 82
2340 3348 78
60 1850 96
815 3112 3
3071 2236 9
644 930 19
3849 1745 51
1768 1591 28
3359 527 9
3779 1667 14
1502 1403 35
1219 1230 87
840 1640 18
496 2561 2
3677 2887 51
2858 1191 42
636 505 84
1486 3885 59
1396 2815 30
312 2405 56
3101 1104 46
2469 2520 65
2866 3642 97
1641 660 54
3989 1072 40
1146 2892 5
2289 1144 49
255 2792 97
1583 2497 13
692 1955 12
2087 1480 21
1230 3742 28
909 1872 41
3651 619 57
2143 2084 31
3226 1957 1
898 789 6
1984 3116 71
2564 1940 35
654 189 93
3462 1314 17
3152 3722 90
1914 1385 35
3381 2967 72
3507 3617 38
1005 1629 94
1732 261 93
3174 2770 44
990 711 19
317 921 39
1054 1557 24
919 2634 22
463 1598 39
1640 2500 45
1163 3475 7
2445 327 3
503 2076 84
3049 2631 6
258 1690 40
1804 1114 96
2312 1902 53
2999 1924 31
1258 3117 14
1290 2969 44
3519 1917 95
3705 234 6
2959 787 73
2822 3788 58
1011 1006 75
1156 218 37
2524 1801 36
3272 3075 2
3453 3592 37
1652 2102 24
469 2033 42
2638 1443 5
732 2863 90
3043 592 17
2542 671 90
815 3647 80
3172 1088 18
3183 3269 55
1106 3068 93
2214 2836 34
3141 3642 9
2861 2331 49
3284 2549 87
2463 114 36
3756 1695 5
1273 2458 100
2773 2320 11
368 192 52
3139 199 39
1154 428 45
3050 2137 85
3904 2349 99
644 392 2
2152 2803 82
2200 950 66
3002 3252 88
1736 2649 13
1310 3759 93
2181 3534 62
2863 3733 37
3726 3167 58
1264 1190 26
3988 2060 69
3988 1633 81
2239 2919 42
1808 3553 32
1929 3423 83
2270 3360 82
3297 1951 73
3015 3419 87
1548 1565 12
54 3369 26
1992 3659 13
2750 461 74
636 1301 76
2805 2843 65
815 713 85
3874 1125 36
3171 1317 49
1476 2926 10
1525 2499 35
954 3365 81
141 1576 98
1834 2592 65
1729 3047 63
924 490 97
2056 2489 99
22 941 42
2889 1747 44
3236 2609 31
819 1324 48
281 3920 29
781 2867 64
2539 2302 9
2260 458 62
1507 2008 75
67 3331 91
58 3307 33
696 1697 42
3644 3082 51
3920 1078 96
1560 3597 44
633 2679 92
164 3513 39
1507 2586 40
1133 1839 60
2624 1429 27
3034 91 7
564 3671 45
686 1128 16
3058 3362 11
3477 3669 10
3581 3634 91
1093 2958 62
427 274 44
1522 525 46
3950 2399 34
2101 2341 47
3117 3838 93
740 3022 16
2698 2853 47
298 2421 49
376 1936 89
1240 2175 94
160 1130 92
1153 1957 24
3474 583 86
1456 3263 69
245 2968 25
3253 3502 20
3595 142 46
3898 1760 2
700 3842 97
3315 852 92
763 1548 67
788 971 61
3755 2965 2
523 23 80
2019 834 49
1966 653 86
1978 773 42
967 3561 7
37 586 98
586 2497 21
607 1144 5
3259 2152 92
939 1625 31
512 980 23
2600 2944 56
2709 311 97
2106 57 80
3003 324 51
3558 3610 58
2304 3802 45
592 2663 100
3334 2577 29
2269 430 52
1732 94 22
3758 1718 65
3964 366 58
83 2774 6
2711 2437 83
2456 3776 50
2635 1227 48
2126 1271 52
1441 77 34
1129 1297 6
2778 3600 59
2900 807 100
3878 1208 43
3513 2264 61
2810 1812 62
890 1244 74
3190 3616 12
941 2275 18
1093 2784 62
3907 871 75
3088 1138 23
1679 3561 39
3446 3408 37
3085 1543 59
2806 1099 10
3751 323 66
545 3881 57
2320 596 83
1110 3252 65
1349 62 97
720 87 93
3074 2654 97
1222 1355 5
2592 2344 57
891 3046 97
3464 2747 61
3896 3263 85
1249 1932 23
2678 1722 82
2710 2312 19
245 2721 48
1576 522 80
2859 147 69
2671 3971 65
2515 3763 81
2853 1073 80
1360 3618 92
2700 3020 30
2621 3479 26
2990 2794 43
3547 2842 24
3470 2824 98
1574 3809 12
1301 3053 43
668 438 26
990 3131 89
2968 1443 26
2482 3763 67
861 3127 100
731 2951 31
1570 1793 14
1459 1282 99
774 3339 63
1918 1427 88
1180 1390 76
3143 922 23
2347 3089 20
1825 2859 11
2500 1093 80
1609 273 75
840 291 16
2638 762 72
412 2615 57
3042 2373 18
3373 2348 42
3764 2129 62
3965 2445 54
2945 2294 34
3983 2801 100
3664 1696 2
2539 3480 49
874 2882 46
3753 3409 31
3295 3275 90
2619 3761 29
1788 3189 66
1708 1561 13
1402 3973 44
1702 2972 55
2005 3231 82
3843 2980 88
81 2100 64
2182 1746 29
1826 1851 82
3787 2190 73
3542 47 72
466 2211 93
3018 3394 4
1944 108 62
333 1158 44
3171 941 61
3937 2779 55
1499 2649 44
1115 830 33
3792 1341 95
2794 3271 48
3742 2070 67
2368 938 77
3040 361 33
3107 1761 57
1097 2676 43
1310 2717 41
442 924 11
3917 2735 50
3118 3984 56
1959 726 22
1723 2029 76
158 2742 91
439 3274 97
2903 893 61
881 2319 46
3986 1308 28
3935 3118 8
2325 1225 98
1530 3311 50
3994 65 59
329 818 26
2014 2216 72
3071 3097 69
2 2268 51
1588 940 88
3499 1839 16
1197 2665 63
1064 2768 36
1593 3762 3
961 376 10
3382 277 6
2018 2368 65
734 1309 23
2761 1093 7
153 3429 18
3266 2601 99
1994 3746 80
1424 244 40
3555 2983 100
536 62 32
3870 474 24
1819 2770 56
1169 844 53
106 2041 72
1444 80 72
3893 2398 23
2033 2655 99
1739 3760 6
3821 1888 89
2067 1020 86
1399 2929 24
317 3944 21
610 1247 37
465 796 46
893 3937 25
2058 2558 75
304 2731 58
3399 3277 22
3066 3015 16
3525 3658 18
3080 1387 1
3880 2949 79
2949 1130 50
2255 183 41
2319 1959 77
1420 1083 28
2668 2699 36
3114 2295 88
1538 621 31
3291 3423 26
3015 1709 35
3605 1738 46
2766 788 82
639 2737 48
2163 3050 96
3988 3096 79
462 3508 56
2991 1638 90
3179 305 5
3719 1642 40
1273 3686 15
302 1515 72
2691 2942 37
3987 2320 77
2371 1530 59
2228 2118 37
467 784 22
994 3200 23
2009 2195 71
3624 2279 92
154 219 80
319 257 25
3772 1020 22
379 2049 39
254 2350 90
2312 3919 55
585 1354 30
2825 63 83
3147 1385 32
342 2355 30
156 549 72
1869 2117 16
2899 1851 79
884 356 74
2312 110 65
2218 2066 17
729 3 80
3476 3989 68
3877 395 78
2656 1672 62
1349 1893 7
1677 1665 89
624 980 26
1593 3567 33
3874 3084 95
3665 773 85
3603 3190 15
3947 2030 70
2574 3004 47
3931 3807 1
1332 2536 53
2955 301 92
3408 3535 42
3367 2802 95
2728 2149 68
27 2027 2
1110 2178 63
1741 3847 46
3335 1601 11
3670 92 36
1995 3424 78
3611 1255 50
2804 1787 94
3044 1835 71
976 1314 92
410 1889 27
1631 524 36
1178 1692 27
2694 2550 44
3817 1296 69
2974 3706 21
3136 807 73
2785 1656 87
1299 964 85
764 3621 68
1807 2483 1
1789 3170 10
1140 367 1
3109 3219 46
2069 3431 69
2298 3658 62
2164 3736 51
658 1162 55
1220 232 80
1435 1796 15
654 751 10
3739 1891 62
1859 3568 66
1774 1884 60
573 128 51
1878 3627 57
637 67 69
3157 2375 30
2994 1809 16
2142 3766 100
2483 396 85
2221 986 54
2957 275 79
2535 1589 29
1535 415 66
714 373 83
2942 416 5
1867 762 20
2656 649 10
822 3887 50
3473 951 63
386 3276 81
3550 2159 26
627 3397 48
779 273 42
2321 2233 35
2855 414 4
734 1162 35
2434 3225 36
695 3100 11
2606 2063 24
2234 583 10
2516 1137 46
1051 675 19
1305 1262 31
148 432 66
2187 3953 77
2536 2301 37
3305 2671 13
2286 1742 85
2437 2487 68
2536 2783 23
2915 1662 66
1377 376 2
2781 1253 73
1944 3973 60
2773 3738 69
956 2059 16
3471 3477 100
3767 3116 49
2450 460 8
1941 2906 11
2834 3532 78
2832 498 25
2614 3546 30
2551 3041 96
961 3921 69
13 1179 13
35 2187 64
3823 453 100
2637 2269 93
695 3876 17
943 3055 81
2367 1414 55
3601 1863 79
2900 295 86
1628 1211 34
883 3140 68
1641 3658 69
1392 2409 28
3902 904 94
1017 1710 14
2894 2387 83
1123 3595 62
272 332 31
461 1280 54
1737 2046 17
1086 1984 83
2652 748 50
1442 2663 56
265 3468 88
1674 3756 40
2471 2318 89
1266 525 71
3189 994 12
3292 1632 28
1295 3970 59
1265 1206 88
2549 1589 37
984 3443 23
2535 3400 22
1235 1344 34
3389 787 39
3845 2143 25
2595 989 35
3775 1175 91
1901 995 22
3458 1136 25
248 337 31
3281 1282 78
3847 1178 59
360 3149 21
181 3084 11
3858 3258 26
2494 3273 20
911 1619 68
2154 334 85
2341 241 27
2386 3703 72
1159 3911 40
3228 3362 28
1753 2838 24
3053 2190 73
3359 3280 44
3614 531 10
1532 419 96
3185 288 26
1633 234 65
1604 314 82
1379 506 95
2687 122 1
3006 438 85
1403 1108 9
858 3383 92
3456 3056 76
453 969 22
2092 2485 19
1677 1125 51
2064 3806 74
1680 378 89
1186 2642 93
486 1716 75
3755 2080 100
900 2106 29
1152 2229 80
2406 637 97
1008 3418 79
823 1734 78
806 33 66
519 2931 20
500 2388 28
778 885 37
1519 971 77
1349 2854 95
2650 3989 1
2742 568 58
893 2833 28
3086 585 74
1641 327 8
1241 3000 35
3150 1477 58
1377 358 79
3560 2990 97
18 809 30
2818 2494 85
481 2159 8
1293 3313 48
1810 2049 86
1602 3294 93
3573 2975 5
965 744 59
1184 2754 14
560 1941 36
3195 3622 96
2268 3558 22
1829 491 64
2072 922 55
1612 1337 88
2521 116 7
2131 580 88
2185 488 7
3930 3523 2
568 3544 68
1414 1564 14
1599 629 77
2804 1997 88
2902 2564 51
3714 2371 85
3042 36 61
2677 2462 31
3156 1818 95
376 1506 29
2308 2530 9
873 1435 65
1648 3692 84
19 2053 79
2924 2565 2
186 1857 80
3605 898 23
1063 126 10
1733 2137 71
1992 1817 35
1839 675 67
3351 1017 88
3007 2162 16
976 1583 10
2624 3474 83
384 3166 2
2886 1877 36
2925 489 46
867 205 87
2760 3429 65
3806 2726 8
844 2147 80
2594 1916 72
2145 2575 55
3080 1147 36
1000 717 1
818 1586 2
1940 1401 75
366 266 33
3695 2512 27
3577 1466 84
193 1010 66
536 2835 20
3715 3883 34
2197 1029 19
2904 3362 71
1580 3748 90
821 1042 71
1572 267 51
1921 3570 12
3475 2612 58
2405 887 5
1613 1278 98
1580 2431 25
3124 154 45
1275 2128 80
1715 1440 71
1293 3405 95
2029 166 49
3069 1361 49
708 3777 94
1573 1264 71
3202 279 72
3715 3163 35
3747 2096 63
553 3591 95
670 2691 63
215 3089 16
1086 1599 75
867 3113 31
3324 3989 32
2634 2726 93
1217 1743 74
2841 1851 46
2390 1312 42
2076 647 43
712 3922 8
1984 2472 82
3394 2667 3
1918 264 48
1829 1367 74
427 630 77
1086 3672 24
871 1596 93
899 929 36
2120 2914 35
2444 458 9
211 2550 37
1908 189 94
416 1157 15
2904 7 74
613 886 58
3612 3278 50
773 2715 9
583 2918 26
32 2344 74
1276 524 50
913 1496 13
2562 989 49
3192 18 14
2598 3976 43
1308 1366 93
376 760 23
751 895 57
3741 202 44
3204 168 44
555 2796 8
698 2355 65
746 2376 50
3022 1480 30
3215 3732 33
3845 1833 87
2885 2288 44
1681 3172 6
2646 3788 42
3807 2015 2
3868 1427 67
3520 3619 9
715 786 49
3914 3634 85
1290 3648 97
568 388 22
3610 2421 45
2006 294 30
3518 3535 26
3605 89 30
543 623 66
596 3911 49
445 531 47
1893 722 47
2980 3536 12
1184 959 57
785 2973 56
2383 3492 96
2044 2409 6
3607 2253 25
3190 2243 14
2173 290 99
751 818 75
563 2366 62
2162 894 25
2556 1328 98
3863 3786 25
924 3606 18
2322 2242 13
2347 1869 67
3794 2965 42
2403 3453 12
1025 3160 58
318 3375 2
3682 3078 49
2193 2558 70
11 1530 26
44 1114 34
373 2432 28
902 1284 69
3875 3177 67
1817 1704 88
3952 3419 16
3512 1904 67
2588 1219 6
1925 2867 72
399 842 15
2955 638 55
3715 384 69
2229 2621 7
2221 57 30
3558 2483 49
1640 2173 15
1119 2758 55
518 675 20
2982 3270 83
2640 3423 64
426 1672 56
1585 3235 70
512 2960 10
2040 3267 97
3186 3822 45
1649 438 83
2064 2173 40
2047 2074 6
1759 2295 57
3602 2908 79
3099 3145 65
639 795 36
1588 932 8
1263 1806 58
3881 1459 65
2242 618 44
1074 1146 7
381 729 90
1951 45 35
6 815 83
586 3987 66
2908 2232 2
3370 906 19
3887 3391 81
2311 2267 27
947 1094 2
1561 83 47
2447 330 3
3367 3974 13
733 1933 72
1531 620 52
2160 3549 9
3956 3067 3
2339 1572 9
3270 3394 33
2188 2596 93
3969 3666 65
3682 444 8
3371 483 97
3950 2850 49
1676 952 95
3078 3874 27
3740 2908 42
3349 3158 79
2616 1096 18
1606 2142 42
2990 1965 90
669 3450 46
618 2043 49
2126 1913 82
3594 2069 1
923 2954 67
2474 3189 93
1277 1827 65
2630 587 98
1367 2975 91
269 3645 17
2301 3285 71
1339 3416 71
3834 2799 49
3974 2246 47
1662 2951 8
195 1691 47
3162 746 81
3362 3569 84
205 945 53
1273 429 71
802 2953 91
2630 1987 100
3034 3474 7
1668 1667 33
2696 2387 14
3270 1303 48
258 2950 66
76 3883 93
3308 3095 98
1576 3382 39
3420 411 58
3264 2073 77
1625 2520 82
405 728 27
224 1835 95
1063 15 44
3907 903 73
1398 1313 66
2791 3569 82
1540 981 70
3083 539 81
2163 997 93
167 111 21
1070 802 14
260 2132 73
2718 1519 6
3537 281 26
3478 1812 46
2556 1851 88
3778 2098 33
1494 3588 87
3897 1240 25
317 2056 45
2137 3140 87
123 1215 59
3192 2377 98
3714 3361 29
3636 1115 71
1761 3615 36
659 2945 72
2567 2927 76
1756 3280 8
3691 2489 44
207 3938 39
862 1574 72
3995 2136 30
3267 3281 48
212 3135 53
3720 2146 74
2514 3104 82
268 3047 21
3044 3897 44
2772 2909 57
1965 1467 7
177 3560 37
3560 1995 33
845 3655 18
3031 2033 41
2343 1326 24
3900 2349 72
3601 1515 48
2567 3429 58
3709 2098 10
2578 383 54
1904 2619 59
3630 1703 100
1305 2837 65
3711 8 86
3872 1180 24
3731 3668 8
436 1319 24
2559 939 53
3984 2169 1
3179 2558 20
3478 3928 68
1749 1450 95
3833 1532 90
2407 1735 46
2293 2703 97
734 3930 41
1799 273 85
2392 1207 97
1487 183 17
2638 836 78
2627 852 52
1092 924 21
1611 1189 38
440 3949 38
3414 1475 39
3229 3655 81
1370 3186 67
2268 3866 33
1561 1643 68
1270 1183 59
1065 3751 58
1137 3917 46
1812 2620 94
3378 3657 26
1015 1121 41
3540 2573 9
2072 2421 10
3441 3974 93
3010 50 44
1478 2472 26
350 2272 50
2531 3723 100
3586 2051 34
2205 2125 42
2789 590 35
1213 259 25
2021 3204 61
2183 23 30
382 1956 21
875 1392 19
2164 3439 30
3779 1104 9
3477 3059 15
1813 1981 39
3811 2757 63
1065 2868 3
1724 856 2
739 2584 4
2527 1285 12
1898 1848 74
3661 1302 21
778 1844 24
1844 3564 82
818 3298 88
3037 1788 37
3737 288 41
1397 710 68
2196 2810 59
3860 2541 46
1645 2529 5
2156 2506 16
3732 1844 96
2179 2387 96
79 1466 11
3920 3335 55
3318 969 95
766 2255 15
3455 1811 83
87 2357 45
3134 3953 13
2680 2556 76
3813 476 17
1892 2976 29
1283 3576 82
725 2788 46
3704 2352 72
2056 1641 84
43 925 80
1509 1633 80
2682 2112 11
1608 3563 3
1742 3013 92
3888 2828 63
485 3426 58
2067 3639 24
3199 57 42
2613 3820 50
1074 3128 38
2778 2998 99
931 2041 52
1708 2915 29
2575 1907 16
3491 2518 5
2290 3911 56
3973 3304 60
735 1326 76
892 3043 28
2890 200 51
1900 1582 6
1578 2873 74
1487 1991 20
1353 2179 63
3895 3348 70
246 1966 98
3107 386 74
2046 3566 57
818 552 86
3662 1204 48
3763 572 29
2846 3707 67
3855 3851 15
1766 3897 27
342 239 22
2932 1776 62
3974 3890 49
2848 2201 94
2777 3966 97
1713 3133 16
896 783 31
1273 390 51
2577 489 19
1206 1029 31
3552 16 33
1416 2266 12
1590 1718 8
786 1451 83
1632 322 90
3462 1297 59
1516 1834 79
2198 3035 38
3193 510 96
3063 3182 93
1630 3800 83
2682 2034 42
1110 1913 31
2627 895 83
579 1498 19
3667 252 33
3553 2123 94
3845 2347 94
3361 2782 19
1298 3606 22
2025 320 7
2834 565 51
1235 2289 5
1889 1237 49
239 2285 24
3657 1062 3
3977 3206 24
1562 956 75
2747 3794 86
1225 1548 9
3502 929 35
888 788 75
1318 247 61
203 1468 70
2691 2226 24
1671 2803 58
1389 2940 46
413 2230 56
2744 3297 24
1449 3343 77
2887 3381 24
3283 3899 66
2659 2869 46
3150 630 74
2132 1806 17
636 1717 31
1634 828 72
1445 769 49
3287 3836 33
3837 1775 77
3089 3920 63
3992 1232 89
1544 318 31
1704 2379 54
1330 496 73
3234 2319 15
582 1533 32
275 885 53
1561 2388 52
2940 2027 34
3018 2362 19
2936 3785 77
1371 1206 31
270 2740 4
3222 3072 38
1541 2987 14
3534 737 77
3064 136 60
3309 2005 78
2492 2677 14
3040 1276 98
1496 1724 32
268 3457 47
2325 185 73
1177 946 59
1056 1238 23
2741 2751 83
1396 1681 41
3600 2836 8
3887 3360 17
3314 250 33
779 1194 74
1220 778 82
2337 3326 60
1318 1177 60
274 555 40
1875 747 100
737 635 53
3790 2692 83
301 3888 58
718 984 22
2693 67 82
2898 3228 65
1479 712 57
3164 3174 30
243 539 61
1690 3346 10
1489 1052 46
1485 2794 86
271 3170 39
1771 1182 73
67 2274 20
1363 1583 73
789 2733 61
2476 1794 62
157 2731 28
1538 77 87
1432 649 26
3535 2752 35
1229 500 38
2400 2901 38
1923 3261 56
1723 3365 67
827 1233 99
837 3600 39
1146 2427 90
2627 3015 58
3723 3952 70
2764 2697 94
13 471 48
245 801 32
1296 546 98
2103 342 52
2889 2300 18
2980 29 98
2005 3513 17
473 3861 34
814 1023 20
707 128 55
1319 2213 3
908 1995 72
2022 2931 6
83 960 40
3328 3560 47
2081 1738 35
2795 1014 72
973 3047 10
3321 3268 24
346 265 30
1521 182 86
3125 312 4
2303 1233 71
2293 1925 41
1020 1129 33
1100 286 80
1170 3895 5
1392 2905 4
3591 146 64
3036 2626 56
1888 3134 16
2789 30 91
1375 3543 76
3153 3841 48
1724 1232 37
2028 1783 51
1711 2441 63
744 2936 66
3139 1826 65
2480 1750 24
3800 1737 72
840 1706 88
1786 1951 82
899 1762 5
2065 2702 30
858 3355 99
2089 2134 56
1155 3522 66
3682 1100 83
3281 261 31
1774 3952 35
2420 854 85
3635 291 90
1393 1861 74
538 2620 2
776 1753 36
159 1053 61
2453 2433 35
3595 1236 20
829 1485 41
3438 782 48
3850 238 16
443 3653 82
1713 2974 38
3503 925 12
2543 3041 69
2620 1870 24
222 3895 92
2281 3921 91
1724 3436 62
1332 1801 54
1287 1725 8
2836 1824 59
3273 3139 2
47 2328 69
3523 1276 22
896 733 81
3089 356 26
913 767 21
1511 1679 40
1289 3496 73
2473 2797 41
1301 2137 44
3815 831 12
2683 830 40
3850 531 96
509 708 33
580 2989 43
102 198 26
2619 649 8
3825 232 71
1940 932 96
829 1707 86
1425 760 100
3988 2127 29
1500 337 39
2763 779 61
2048 3999 44
3208 1083 43
642 2706 32
3271 2034 52
233 1091 16
840 3790 30
2171 3392 7
1521 2772 29
247 3223 74
127 2999 60
2604 3494 74
1640 351 27
2907 1966 14
2869 1358 52
3770 30 51
313 3869 73
355 1599 48
3139 249 65
2520 2326 8
3605 701 3
1035 620 75
2497 655 7
3386 2579 14
3936 140 88
1580 2363 98
3575 441 12
406 1818 76
1714 1248 34
2869 0 21
3564 1840 78
1061 2611 46
515 3076 38
3048 3697 52
2467 3713 61
1055 3652 25
2239 2455 60
2485 1382 5
1485 2431 69
1497 1281 75
2236 3232 28
2208 664 1
1817 2545 22
2995 3593 25
1214 1858 60
3862 1053 30
1032 892 36
843 3663 56
1565 3799 83
2434 789 31
192 2554 79
2499 2167 60
2014 637 28
2538 289 44
1931 74 87
2159 480 99
3716 1398 28
3862 2128 10
266 2929 43
457 503 28
191 2283 97
2371 2920 78
2876 2461 10
2374 3717 92
1877 1808 86
901 50 17
1192 1599 100
2851 1711 5
3553 516 33
424 2101 59
3416 971 61
665 2900 60
915 3045 16
1328 921 58
1972 392 81
3740 1415 34
2259 3990 81
3914 955 78
3531 80 96
2173 155 9
236 3580 10
3158 3107 98
757 2433 73
2088 1765 52
3345 1545 81
1874 3838 64
1004 3731 23
2383 126 86
1641 3451 46
2075 3858 35
3323 2558 17
1783 3193 9
713 1511 8
3976 3348 5
3903 2786 9
3364 3255 65
3436 2278 12
2830 1133 43
2934 365 81
3849 1415 44
639 2661 65
2125 2807 6
2014 3810 15
3170 3377 15
2581 3926 87
2947 3731 48
3222 2445 96
426 3817 57
2477 294 73
2179 2797 56
2484 3497 2
2900 1423 25
400 3553 31
2292 274 61
3680 675 46
3431 757 94
2339 3099 20
3763 3217 31
1223 3444 32
1955 3479 17
2236 2675 89
2736 1651 29
1375 109 51
799 245 40
616 670 22
776 3266 40
2935 3847 20
3056 1106 32
3777 3806 9
2582 2189 46
2088 1873 73
1642 1045 24
3739 1546 42
2111 1142 53
1347 3046 35
1435 795 72
3712 2312 18
3847 3531 39
1619 3604 27
3282 794 64
2017 2618 67
338 3592 96
2609 427 49
2252 133 34
3661 1719 91
2440 1514 91
116 1830 74
3950 3166 60
2169 642 41
760 3404 72
770 201 44
1921 97 15
656 1732 95
2999 2312 46
3222 653 49
1007 3339 37
2155 278 1
2337 3598 61
594 248 46
1609 1906 42
188 1335 6
2230 3050 35
1201 1665 41
3190 2256 17
1493 2476 78
2022 3537 31
238 2910 64
2204 1270 48
2333 2670 49
3209 1334 98
379 2517 56
3497 451 1
624 2120 99
858 1266 10
2337 2127 28
2987 3462 42
1133 2680 37
1958 2433 44
3479 1161 82
1530 1055 35
3318 2584 71
464 3959 10
3741 2640 54
2185 2999 44
2280 609 60
1644 406 79
8 3558 5
2810 3866 6
505 2681 5
963 1238 32
2352 783 95
3103 2799 65
1105 2447 94
2671 144 24
3916 1778 6
2533 3015 64
181 3167 94
1148 434 78
201 1760 89
2680 383 46
3191 3794 75
717 2395 68
1511 2306 92
690 3484 7
1704 3196 24
629 1090 19
881 3913 55
2869 3474 26
3094 2363 80
2136 1793 85
1289 2917 76
3326 3173 22
2781 2560 4
160 2358 7
1388 2854 20
97 2777 58
1074 3361 92
1519 1192 5
2220 2855 83
3718 1608 72
3314 2313 73
920 3683 2
1303 2778 11
924 1721 86
3143 1865 46
2122 1047 76
110 3117 32
2570 2853 94
590 3929 35
3787 80 83
2887 2822 89
2653 2274 11
103 1085 22
22 1753 14
2350 1756 50
586 3663 91
3754 3222 11
286 553 25
1432 3276 43
3212 2344 95
3092 3990 14
3905 3210 42
2440 1001 99
3033 2604 30
2864 3225 20
2135 3075 80
317 1103 66
2032 222 57
460 3772 11
1066 209 94
1284 3219 100
2923 1392 79
3043 2421 14
976 1817 19
740 3465 20
2900 398 22
1728 2460 8
1790 3639 16
1791 2127 84
1126 3917 10
2711 1867 91
2360 541 5
3319 1608 28
1030 1890 4
2586 502 91
556 3643 19
368 3213 37
1757 3172 15
2812 401 3
1191 1799 80
3317 1457 74
639 1647 41
2940 2221 56
118 3650 63
2348 1580 41
38 3451 68
199 2849 91
2515 2785 35
3762 2118 26
1548 2779 71
3237 2334 71
327 841 65
1102 2748 57
1482 1787 88
2940 3372 38
700 3437 91
1727 1763 5
2894 69 82
2586 2020 55
1596 2170 92
3160 923 38
1027 3981 37
3782 3437 2
3755 3582 23
2722 3455 51
1032 2330 98
3367 2389 96
28 2241 4
725 589 64
750 304 77
2540 891 81
3876 1413 64
284 2770 70
871 1357 90
996 2671 69
3457 3878 96
2981 502 50
386 2402 81
569 3464 82
2335 2417 37
3863 2610 98
1222 1418 24
3954 1952 96
864 2559 49
1333 3826 76
3359 1084 95
2519 3225 3
1419 2514 82
3806 3691 24
3788 3112 69
1173 845 71
158 2799 15
738 3862 60
1848 3436 86
1530 1860 72
2643 2697 3
1030 999 92
1745 2254 64
1421 686 17
3058 1893 37
2920 3269 63
391 2908 68
3167 1173 45
3181 2080 41
3945 2661 97
3737 1659 3
2740 44 27
3081 610 65
3073 1171 44
1977 708 5
3035 769 92
1697 3733 84
2385 1918 48
2345 567 88
3171 1235 95
2802 3557 87
3007 810 1
1425 1631 98
1642 3932 90
892 262 7
2124 1083 14
1590 2649 45
3169 2475 65
3598 3178 34
2429 3399 19
373 1530 5
3827 2016 29
238 251 40
1539 3587 37
965 1881 71
2241 1209 100
179 3024 56
143 3339 72
1637 3296 62
3582 3600 43
3158 1254 20
3357 2933 78
2007 2144 75
471 1978 66
511 262 57
401 1968 34
2071 1484 88
1847 3579 34
1814 135 46
629 2060 12
2078 1724 96
848 2597 30
1109 1886 54
942 2508 25
2559 3332 59
2192 710 86
134 2058 34
3637 1710 26
247 2466 82
2012 1376 92
3654 1673 16
3419 227 57
1929 2834 19
3547 3749 100
41 2924 42
1258 3706 30
1537 1236 10
391 1211 6
1992 2323 19
3242 1866 4
3345 2266 88
1487 197 90
643 581 28
2253 2379 98
1443 1380 85
2967 2866 89
401 744 63
3970 452 81
1020 550 18
1243 692 63
2465 3539 57
779 704 74
3960 1082 43
3221 388 69
482 2091 59
2599 3916 88
2287 1545 95
3077 1776 16
1743 2804 51
3002 2789 45
1470 3174 87
2228 117 94
1759 449 52
523 2428 85
1104 3369 43
1884 1938 97
2747 2717 78
3931 2951 54
1366 806 100
1777 3394 99
1040 1481 20
3828 1256 80
1809 1768 86
2167 3113 61
3404 2663 28
306 2373 94
1132 2387 11
3724 2736 64
571 1724 67
2267 2591 83
3240 1304 14
3825 3133 47
3997 3824 86
3523 3007 77
2648 1869 43
2347 2922 84
2896 2176 64
2952 3185 80
1795 2052 13
2144 2236 20
1060 978 39
3619 69 85
1531 40 81
3477 2170 3
39 1833 47
269 1165 97
1910 3889 41
2443 3727 40
164 2047 69
3049 3404 23
3836 1766 18
2949 2125 40
174 127 50
2029 501 74
3351 3907 12
148 2053 54
2084 1799 98
969 2619 64
1151 654 25
1135 512 79
3026 1841 70
3974 2439 39
163 1853 77
1201 2567 24
3855 3689 59
2995 1215 34
1526 2800 18
3863 2891 8
2830 1058 21
802 633 87
308 716 92
1232 932 55
1376 2484 29
3232 1654 41
2856 2136 88
3861 730 30
2745 992 36
2842 3922 78
1195 1659 1
851 2062 78
602 2681 5
3504 2793 85
2929 820 47
3329 2707 18
2152 3454 63
3081 2386 57
2663 2568 20
416 1074 4
1759 1322 45
3285 3097 47
1469 893 17
3338 1005 23
858 3261 74
1811 1881 47
2834 1090 42
3600 3558 9
3934 577 67
2543 3455 86
2031 381 94
2935 3326 75
3967 2326 63
1946 3116 33
2171 1405 26
2697 1419 7
3576 2339 6
1114 2365 47
1489 2235 39
3542 3538 58
3415 908 60
317 1091 63
1901 2180 41
2687 1414 46
411 3300 55
3680 1207 5
2643 2976 32
140 1724 45
209 1846 100
2784 2030 36
96 3283 55
1371 3481 35
3090 891 71
2735 557 8
2630 1452 77
1067 2289 23
3570 243 28
761 968 45
3478 2014 63
1078 5 66
1412 1343 86
1468 109 79
12 2207 29
3812 3656 36
3605 3311 52
2953 2212 90
1328 3827 25
30 3260 9
425 2697 49
1560 2537 82
414 47 52
3227 2310 14
2969 1160 24
3876 1173 6
2278 1396 99
338 869 86
3943 2812 72
3201 3304 53
358 1430 31
9 230 28
1486 2058 99
2657 421 23
2249 555 1
806 2850 36
788 593 13
627 1348 5
3084 3426 11
879 919 83
33 1753 97
2529 2368 8
2879 2334 66
1159 577 10
2379 3632 14
2414 1604 25
2275 1678 56
1427 476 71
137 2429 80
79 2903 20
327 1912 13
1781 3570 52
3076 2859 100
2728 1015 38
1951 3510 24
251 2491 59
461 3798 13
2196 287 46
2774 535 50
3240 2470 38
3517 2804 75
790 1846 5
3937 1221 46
1125 449 88
3970 3458 3
2135 2199 2
1236 913 51
2556 2234 11
960 2802 56
47 3024 69
1066 3378 39
3316 3282 79
2899 2685 88
1780 680 28
294 3443 12
2594 644 80
2132 2207 98
687 1428 98
3834 730 4
3644 3707 21
724 1494 92
1760 224 93
3792 3552 21
3292 1210 38
1963 17 39
2726 2670 42
3899 3028 61
3179 2885 44
352 2992 63
3359 1815 93
3543 2329 39
3113 2717 50
912 166 26
620 1504 13
1216 687 26
40 198 86
3346 2240 7
1532 3549 41
501 1853 7
295 2252 28
2009 3406 50
2974 2298 57
1148 1922 67
1035 2009 48
1338 2391 83
2850 2910 17
1574 3252 85
1383 3681 51
2147 2431 22
1952 3663 58
757 446 5
1728 1309 29
2907 344 93
766 2549 61
3807 786 10
724 243 56
2416 3618 97
3154 2010 91
206 2331 23
1639 979 73
1351 1045 5
312 3619 35
2062 1196 68
2702 268 56
216 553 59
3634 3549 60
2113 1830 88
3748 3243 10
303 3158 21
1458 2630 70
1774 3722 30
2070 1674 3
1780 115 92
1322 413 79
1118 1153 54
1337 2793 79
2522 464 95
3387 3182 27
2228 204 22
469 1803 96
2773 1805 84
1025 3838 53
2421 2729 53
1275 70 73
288 1009 16
449 219 55
1603 604 34
3761 2549 1
2142 3022 60
1117 1887 85
1110 240 96
3812 345 11
3755 3151 32
2069 2050 44
435 1120 8
3365 1718 20
2966 2884 27
1783 2249 100
1114 2445 39
416 3625 42
3423 265 52
1142 952 35
772 3412 96
3351 810 2
3232 2129 37
894 3942 33
1472 86 36
2998 2549 96
3846 877 98
1367 2828 21
3018 3720 57
37 3023 59
3439 3483 49
745 2479 59
2149 202 57
3258 3560 28
1422 3955 21
3688 1825 74
832 1987 50
3066 3614 14
2469 1240 86
107 664 65
3603 3222 61
3785 127 69
2532 2928 96
3581 316 94
2329 1965 92
439 38 47
2523 2224 48
2526 1387 99
2510 3670 6
1585 3012 12
17 859 31
695 2015 36
1508 3505 31
1751 3323 57
3739 716 88
1971 2089 88
3536 3093 93
324 1636 87
1133 1095 10
2662 1916 15
3785 2698 57
142 2670 61
451 2583 15
977 1857 94
3805 183 37
3566 3509 39
481 2855 62
2606 2402 17
3439 1275 1
2118 759 85
878 3819 95
82 614 36
147 2672 54
2110 2114 95
3376 67 95
1750 2154 67
3719 870 73
2903 1058 9
3713 1804 67
2704 1656 27
2720 295 41
3828 456 92
2875 3705 83
3914 2915 19
916 631 96
136 101 90
1330 3011 27
2533 192 93
1622 2300 63
518 3530 18
3232 1230 47
1517 2894 80
3374 765 47
2901 3140 50
1930 3998 39
3106 2104 97
2703 1369 73
492 1426 51
2285 496 91
1969 3905 27
908 1964 20
3798 2706 29
1658 3973 3
917 1387 21
3226 2179 80
3368 1978 75
1890 2894 58
1130 877 3
2104 646 2
1397 1902 98
1344 3679 68
802 2553 73
1523 2316 1
199 1009 38
2533 1944 8
2670 430 30
2588 3735 76
1807 1286 25
1958 1265 95
3007 3782 65
1230 2968 81
1169 2375 33
3901 1586 48
754 3098 70
3072 1317 50
1304 3182 27
1044 1811 13
3087 1700 84
3774 3218 51
2484 2541 29
2496 2939 14
157 1561 80
2827 3120 98
2680 672 10
1641 3989 10
3025 969 74
1507 256 55
1594 922 9
910 1444 78
2281 3850 88
1294 1131 69
2493 1032 17
3711 1415 68
3788 3210 75
197 2183 60
1006 2110 38
1171 626 27
1413 2320 16
2825 3181 4
323 2269 19
681 2764 15
3610 2492 97
1243 3344 45
845 1439 29
2593 3483 48
3557 3853 65
1409 1254 75
896 1029 86
2035 821 56
2647 1316 97
1887 2821 28
1030 24 29
862 371 71
2744 3083 52
1120 825 41
910 149 1
948 3913 78
3312 2423 40
823 3784 26
2708 3267 76
836 2719 34
3027 2657 18
2244 2249 47
3397 3598 2
878 493 75
982 636 30
2462 730 88
2497 1831 30
2897 632 83
3623 544 70
2823 984 92
1443 2305 75
744 3163 13
705 1038 94
414 3141 52
3427 278 15
893 573 44
1221 1895 7
2261 364 71
572 188 72
322 120 7
332 1692 95
167 334 75
2149 892 65
3756 3834 49
3599 1785 45
3122 3768 72
1729 2429 67
3740 1038 43
2546 3234 54
1520 2427 84
2730 1037 18
1157 1205 68
2944 850 17
916 1376 31
2665 2715 94
3557 301 68
2066 3311 9
2174 1516 7
701 401 65
2217 3031 33
989 882 72
1865 1787 67
1134 1539 53
3210 1518 74
919 2939 76
3940 3190 30
3201 2578 39
3421 678 58
3361 3158 33
1657 2992 60
3269 222 77
3943 1559 81
3752 3475 67
2777 2302 19
2791 124 5
3458 1562 40
3524 1055 17
2246 1657 43
1620 2606 36
1935 2249 70
3984 3413 26
782 2819 33
3031 1747 59
3848 389 37
2289 1524 96
2613 1368 42
2558 3804 96
3577 3191 52
2753 2579 98
232 682 70
3090 2828 41
1436 1441 22
2082 3660 4
1706 1250 66
664 133 14
1656 1349 82
3209 1550 21
2412 2125 21
2994 1666 25
3710 3696 57
3465 3607 26
3608 3958 95
2676 3581 29
13 2724 94
2664 549 61
159 2846 6
1073 1395 98
2483 3431 41
2982 102 3
1905 2361 45
2825 3027 86
1118 3784 22
3663 1023 41
1214 3586 60
2 1886 36
1347 455 38
3532 1483 93
3889 1024 24
1469 3272 99
2832 2264 1
1988 3972 51
3025 2784 69
3818 1621 37
2220 690 26
740 141 3
3344 2221 90
3716 649 72
3148 3971 75
3638 713 50
1687 1946 43
2513 3039 12
3350 2430 10
1856 2251 65
3046 2260 79
1241 591 61
2102 1464 86
778 1274 68
1700 1225 81
3556 357 20
3437 2400 32
2286 5 20
936 1759 9
2702 369 32
2771 455 22
2460 3738 23
2065 2725 47
3357 1737 13
2770 1750 46
1779 514 64
3520 1337 43
1674 296 2
2117 489 65
2279 1102 22
3201 578 67
1297 2601 17
1683 238 97
1135 1096 17
2310 3197 31
250 2979 75
191 1531 5
2701 3243 6
1737 3682 35
3069 2430 15
2807 875 21
2575 741 93
3832 1783 59
1942 1560 24
3205 1532 53
1144 966 36
826 82 40
164 3439 69
245 2727 22
1320 3572 89
486 1064 63
1583 854 74
2423 2974 39
3444 406 3
2329 735 69
2562 2721 34
2548 174 51
2345 2077 40
2542 1456 70
1057 2619 1
2347 729 16
1896 842 28
1040 3497 92
571 3037 88
2211 1619 26
1103 443 31
3595 1320 90
2026 442 36
3188 2588 45
1700 1295 68
2956 2417 62
977 3120 82
297 3195 32
3955 1277 18
1319 3391 51
3487 1132 65
1777 2025 37
3829 2941 98
2414 2566 66
1438 842 82
1302 357 3
1162 433 99
1060 3257 7
3758 2410 60
3992 1630 11
3918 3284 31
475 3029 67
2232 2572 23
3610 69 12
1535 1261 55
363 732 41
1658 3646 62
3126 2859 73
210 2132 67
3533 226 45
112 598 16
3350 2614 28
211 214 3
504 471 61
3798 2428 91
1040 345 73
1216 3094 95
3682 390 59
378 3117 9
3012 3905 26
2972 1240 22
1913 183 2
3860 1189 43
1895 2393 11
1116 505 76
1852 787 74
3147 3334 24
2185 391 48
1915 1537 82
771 1539 15
115 3167 56
1860 2721 80
2962 2816 41
775 388 52
2337 1776 33
1695 3787 55
2010 3928 48
3251 1236 91
1355 118 52
561 1226 9
3569 1052 44
1767 1168 65
621 2003 68
3612 103 94
1799 654 56
3411 1359 49
2999 1813 68
3139 3885 10
2035 3529 54
2683 983 88
1541 3977 3
2072 2757 10
1246 666 55
1294 1019 11
2484 3261 45
1187 1927 98
3770 2810 71
693 1047 48
2015 1867 47
1970 3180 54
3333 124 29
2745 3284 49
718 3163 77
3261 995 24
1191 193 86
2812 1680 98
3962 1786 16
1038 1853 16
2929 1149 1
1311 607 43
81 2621 100
1092 3042 6
1494 1493 16
3422 361 50
2127 3859 98
2014 2698 28
1460 773 51
2778 3995 54
2075 2415 97
3020 65 73
2883 173 63
3210 2741 54
2282 1566 5
2150 598 62
3689 598 24
1669 3971 34
2718 1401 45
365 3680 16
3179 647 43
1492 274 90
3473 824 77
1664 3162 32
2979 3149 28
200 3435 20
8 842 24
3971 186 58
442 555 54
1088 149 17
725 498 24
3188 2621 50
1875 2524 46
1325 3073 56
1826 1030 35
1232 3849 66
33 601 31
2468 2437 86
3131 481 82
3589 184 8
2836 1395 73
2442 856 56
451 385 75
3195 998 98
6 724 23
3580 124 56
996 3743 34
704 1085 80
3679 239 24
3532 1870 68
3829 1481 88
761 1237 82
1305 2412 60
1441 3671 45
39 3306 40
1355 3399 9
1641 3645 73
1549 2767 35
821 817 45
3589 2264 22
2861 2546 83
3523 3039 4
113 3315 68
1642 1989 66
2295 1489 38
2782 2856 26
2695 87 58
3791 3446 2
407 3296 31
676 1980 40
3834 3289 8
823 1348 87
3703 1991 90
1464 3460 67
1233 1365 85
1389 2021 74
2479 1239 24
803 2826 81
1310 3221 35
1990 2547 53
959 2784 23
2037 1476 42
3112 3979 23
590 3149 60
2782 3543 68
2748 1899 89
2983 1345 2
1087 1222 86
2716 1576 99
2838 10 15
2039 3023 93
2195 3454 27
92 1978 53
2787 17 2
3158 2549 31
2166 3062 23
3779 3011 98
1213 3576 28
816 1884 20
2704 2503 93
2176 565 1
1585 1566 7
3626 3034 90
1790 815 71
1527 1288 57
3377 3411 54
2127 3774 97
315 3196 52
3812 3065 74
2400 3510 3
3324 3889 26
1193 918 25
3457 1942 9
2168 1634 77
3282 1573 82
1759 555 54
1950 1577 48
3658 1294 86
3668 1819 66
0 3920 91
267 497 40
978 3340 16
1690 719 27
3211 3991 58
3492 3824 55
925 2246 49
27 3909 99
3305 3225 73
146 755 18
3077 3284 35
347 2122 95
2436 3999 61
3545 2906 74
2646 1949 7
329 1829 74
2656 1587 30
2280 1252 30
498 968 42
1297 3947 82
1141 1705 54
1246 2972 44
53 129 91
3562 1546 56
3476 419 4
1153 582 99
1290 2372 35
1165 3391 43
44 1033 65
127 525 85
3292 1169 78
3353 1999 48
850 731 64
3207 625 38
760 2830 63
3348 3964 97
3564 343 60
33 2154 55
3993 1056 55
1876 1680 8
3638 2006 24
499 390 84
2536 3037 10
296 1492 84
1694 1299 55
1411 3966 18
883 3341 38
1618 528 5
2430 3864 73
1023 1928 94
983 1204 63
3325 2156 67
684 3445 41
3904 1740 88
3930 1614 85
3258 2937 72
3555 246 74
3719 3613 47
218 537 46
1701 2987 61
2333 2291 18
2299 1361 26
1271 2530 27
3629 1372 39
2059 2522 86
975 2968 5
3340 2342 89
190 1664 73
1384 2681 6
1477 3721 42
263 3671 75
52 1512 57
3795 3693 42
3655 3266 59
1130 1524 30
395 2382 18
3991 2718 52
66 3745 89
3144 2351 80
180 1743 24
1546 2376 20
142 3855 78
3837 3679 75
3844 1185 74
980 3427 99
2442 266 46
3374 2852 36
896 1675 11
3327 3047 10
3832 1416 58
3808 1930 70
2137 3019 48
3030 1768 7
3788 812 48
1965 324 37
3062 1643 40
3125 2842 2
2318 2641 72
0 247 7
135 1633 38
