2000 10000
0 1 38
1 2 80
2 3 96
3 4 19
4 5 74
5 6 78
6 7 60
7 8 60
8 9 16
9 10 45
10 11 16
11 12 10
12 13 6
13 14 46
14 15 87
15 16 34
16 17 61
17 18 15
18 19 71
19 20 66
20 21 3
21 22 6
22 23 97
23 24 73
24 25 84
25 26 94
26 27 22
27 28 1
28 29 19
29 30 100
30 31 19
31 32 62
32 33 31
33 34 62
34 35 53
35 36 1
36 37 44
37 38 3
38 39 30
39 40 53
40 41 62
41 42 40
42 43 14
43 44 5
44 45 30
45 46 98
46 47 37
47 48 24
48 49 46
49 50 10
50 51 79
51 52 62
52 53 20
53 54 39
54 55 52
55 56 99
56 57 60
57 58 47
58 59 5
59 60 86
60 61 61
61 62 69
62 63 18
63 64 46
64 65 7
65 66 2
66 67 95
67 68 95
68 69 97
69 70 57
70 71 81
71 72 39
72 73 31
73 74 2
74 75 10
75 76 24
76 77 69
77 78 25
78 79 45
79 80 69
80 81 13
81 82 61
82 83 50
83 84 84
84 85 4
85 86 18
86 87 91
87 88 40
88 89 26
89 90 19
90 91 67
91 92 76
92 93 32
93 94 43
94 95 53
95 96 21
96 97 55
97 98 57
98 99 19
99 100 4
100 101 97
101 102 85
102 103 78
103 104 45
104 105 94
105 106 40
106 107 90
107 108 93
108 109 60
109 110 73
110 111 93
111 112 33
112 113 9
113 114 58
114 115 20
115 116 53
116 117 5
117 118 97
118 119 33
119 120 85
120 121 39
121 122 75
122 123 28
123 124 54
124 125 83
125 126 59
126 127 36
127 128 97
128 129 29
129 130 61
130 131 55
131 132 28
132 133 15
133 134 30
134 135 81
135 136 17
136 137 8
137 138 2
138 139 99
139 140 43
140 141 78
141 142 40
142 143 20
143 144 30
144 145 1
145 146 2
146 147 82
147 148 20
148 149 71
149 150 72
150 151 73
151 152 80
152 153 78
153 154 61
154 155 8
155 156 93
156 157 36
157 158 66
158 159 12
159 160 92
160 161 87
161 162 86
162 163 63
163 164 45
164 165 34
165 166 10
166 167 7
167 168 38
168 169 32
169 170 67
170 171 33
171 172 67
172 173 73
173 174 60
174 175 64
175 176 28
176 177 89
177 178 57
178 179 48
179 180 39
180 181 12
181 182 98
182 183 72
183 184 85
184 185 77
185 186 73
186 187 57
187 188 24
188 189 78
189 190 26
190 191 50
191 192 5
192 193 53
193 194 72
194 195 43
195 196 12
196 197 3
197 198 44
198 199 11
199 200 21
200 201 4
201 202 90
202 203 64
203 204 48
204 205 32
205 206 57
206 207 51
207 208 70
208 209 91
209 210 14
210 211 25
211 212 61
212 213 42
213 214 54
214 215 76
215 216 21
216 217 23
217 218 95
218 219 8
219 220 60
220 221 29
221 222 70
222 223 17
223 224 89
224 225 93
225 226 63
226 227 81
227 228 30
228 229 64
229 230 11
230 231 88
231 232 46
232 233 81
233 234 22
234 235 19
235 236 42
236 237 90
237 238 89
238 239 54
239 240 33
240 241 81
241 242 13
242 243 90
243 244 36
244 245 32
245 246 91
246 247 12
247 248 28
248 249 23
249 250 65
250 251 43
251 252 1
252 253 82
253 254 36
254 255 87
255 256 31
256 257 1
257 258 17
258 259 52
259 260 54
260 261 42
261 262 49
262 263 23
263 264 70
264 265 12
265 266 27
266 267 34
267 268 25
268 269 95
269 270 17
270 271 33
271 272 22
272 273 52
273 274 56
274 275 71
275 276 41
276 277 37
277 278 7
278 279 98
279 280 26
280 281 97
281 282 25
282 283 26
283 284 70
284 285 50
285 286 72
286 287 31
287 288 15
288 289 29
289 290 100
290 291 4
291 292 27
292 293 61
293 294 98
294 295 51
295 296 42
296 297 6
297 298 4
298 299 28
299 300 35
300 301 91
301 302 64
302 303 24
303 304 69
304 305 15
305 306 54
306 307 49
307 308 45
308 309 99
309 310 56
310 311 25
311 312 60
312 313 68
313 314 9
314 315 77
315 316 37
316 317 24
317 318 25
318 319 73
319 320 81
320 321 37
321 322 48
322 323 64
323 324 99
324 325 64
325 326 40
326 327 54
327 328 82
328 329 10
329 330 80
330 331 84
331 332 16
332 333 33
333 334 51
334 335 19
335 336 70
336 337 5
337 338 86
338 339 60
339 340 33
340 341 68
341 342 23
342 343 2
343 344 72
344 345 52
345 346 81
346 347 23
347 348 35
348 349 65
349 350 10
350 351 18
351 352 95
352 353 70
353 354 40
354 355 39
355 356 52
356 357 94
357 358 84
358 359 14
359 360 68
360 361 35
361 362 74
362 363 12
363 364 21
364 365 93
365 366 55
366 367 88
367 368 70
368 369 26
369 370 23
370 371 66
371 372 18
372 373 82
373 374 99
374 375 56
375 376 52
376 377 53
377 378 27
378 379 25
379 380 100
380 381 10
381 382 97
382 383 90
383 384 56
384 385 91
385 386 89
386 387 64
387 388 19
388 389 34
389 390 28
390 391 35
391 392 71
392 393 73
393 394 85
394 395 90
395 396 86
396 397 89
397 398 41
398 399 78
399 400 89
400 401 65
401 402 86
402 403 9
403 404 94
404 405 17
405 406 79
406 407 90
407 408 67
408 409 61
409 410 59
410 411 1
411 412 38
412 413 11
413 414 95
414 415 67
415 416 98
416 417 1
417 418 29
418 419 17
419 420 31
420 421 55
421 422 49
422 423 70
423 424 45
424 425 66
425 426 100
426 427 23
427 428 18
428 429 72
429 430 2
430 431 24
431 432 50
432 433 33
433 434 18
434 435 75
435 436 37
436 437 65
437 438 75
438 439 85
439 440 73
440 441 66
441 442 31
442 443 57
443 444 55
444 445 10
445 446 51
446 447 37
447 448 64
448 449 27
449 450 26
450 451 25
451 452 59
452 453 98
453 454 98
454 455 40
455 456 49
456 457 90
457 458 91
458 459 64
459 460 44
460 461 80
461 462 36
462 463 51
463 464 65
464 465 58
465 466 67
466 467 50
467 468 87
468 469 20
469 470 24
470 471 73
471 472 50
472 473 29
473 474 58
474 475 3
475 476 77
476 477 65
477 478 5
478 479 18
479 480 100
480 481 95
481 482 47
482 483 96
483 484 28
484 485 92
485 486 89
486 487 38
487 488 75
488 489 2
489 490 96
490 491 93
491 492 34
492 493 43
493 494 56
494 495 97
495 496 58
496 497 97
497 498 99
498 499 86
499 500 8
500 501 30
501 502 31
502 503 39
503 504 20
504 505 86
505 506 27
506 507 32
507 508 49
508 509 17
509 510 38
510 511 56
511 512 40
512 513 94
513 514 85
514 515 70
515 516 94
516 517 58
517 518 8
518 519 10
519 520 21
520 521 62
521 522 68
522 523 100
523 524 36
524 525 15
525 526 26
526 527 52
527 528 30
528 529 88
529 530 33
530 531 75
531 532 85
532 533 70
533 534 14
534 535 71
535 536 71
536 537 36
537 538 56
538 539 30
539 540 30
540 541 81
541 542 42
542 543 82
543 544 26
544 545 87
545 546 62
546 547 92
547 548 9
548 549 52
549 550 1
550 551 51
551 552 63
552 553 80
553 554 20
554 555 65
555 556 8
556 557 71
557 558 40
558 559 80
559 560 6
560 561 90
561 562 89
562 563 34
563 564 3
564 565 38
565 566 58
566 567 10
567 568 44
568 569 58
569 570 68
570 571 4
571 572 33
572 573 47
573 574 16
574 575 55
575 576 99
576 577 29
577 578 84
578 579 60
579 580 87
580 581 4
581 582 26
582 583 4
583 584 4
584 585 83
585 586 31
586 587 37
587 588 54
588 589 13
589 590 33
590 591 53
591 592 83
592 593 77
593 594 28
594 595 22
595 596 97
596 597 63
597 598 46
598 599 9
599 600 85
600 601 6
601 602 20
602 603 54
603 604 42
604 605 55
605 606 70
606 607 64
607 608 14
608 609 73
609 610 14
610 611 98
611 612 97
612 613 52
613 614 72
614 615 33
615 616 5
616 617 80
617 618 40
618 619 28
619 620 44
620 621 44
621 622 75
622 623 8
623 624 26
624 625 3
625 626 19
626 627 97
627 628 9
628 629 84
629 630 43
630 631 70
631 632 69
632 633 41
633 634 6
634 635 18
635 636 92
636 637 16
637 638 45
638 639 26
639 640 24
640 641 55
641 642 10
642 643 72
643 644 19
644 645 67
645 646 94
646 647 28
647 648 64
648 649 96
649 650 52
650 651 74
651 652 66
652 653 56
653 654 44
654 655 62
655 656 74
656 657 42
657 658 5
658 659 25
659 660 57
660 661 36
661 662 16
662 663 76
663 664 13
664 665 2
665 666 35
666 667 12
667 668 10
668 669 5
669 670 10
670 671 5
671 672 32
672 673 86
673 674 98
674 675 71
675 676 18
676 677 48
677 678 2
678 679 10
679 680 77
680 681 50
681 682 81
682 683 48
683 684 35
684 685 18
685 686 47
686 687 44
687 688 65
688 689 40
689 690 5
690 691 62
691 692 95
692 693 64
693 694 89
694 695 5
695 696 27
696 697 38
697 698 2
698 699 63
699 700 94
700 701 51
701 702 51
702 703 86
703 704 54
704 705 66
705 706 69
706 707 17
707 708 62
708 709 8
709 710 95
710 711 65
711 712 95
712 713 3
713 714 87
714 715 59
715 716 64
716 717 95
717 718 81
718 719 58
719 720 68
720 721 39
721 722 58
722 723 65
723 724 13
724 725 46
725 726 82
726 727 55
727 728 83
728 729 95
729 730 63
730 731 39
731 732 83
732 733 97
733 734 66
734 735 91
735 736 21
736 737 20
737 738 28
738 739 7
739 740 22
740 741 11
741 742 38
742 743 2
743 744 4
744 745 10
745 746 62
746 747 69
747 748 34
748 749 8
749 750 66
750 751 32
751 752 39
752 753 85
753 754 69
754 755 3
755 756 35
756 757 82
757 758 27
758 759 29
759 760 50
760 761 12
761 762 70
762 763 70
763 764 35
764 765 63
765 766 94
766 767 88
767 768 4
768 769 74
769 770 42
770 771 81
771 772 97
772 773 29
773 774 55
774 775 18
775 776 43
776 777 76
777 778 57
778 779 81
779 780 58
780 781 100
781 782 74
782 783 42
783 784 13
784 785 38
785 786 26
786 787 78
787 788 59
788 789 35
789 790 87
790 791 94
791 792 57
792 793 86
793 794 24
794 795 43
795 796 68
796 797 76
797 798 74
798 799 76
799 800 24
800 801 11
801 802 38
802 803 91
803 804 54
804 805 51
805 806 50
806 807 83
807 808 39
808 809 33
809 810 30
810 811 90
811 812 10
812 813 39
813 814 6
814 815 2
815 816 96
816 817 91
817 818 85
818 819 10
819 820 36
820 821 32
821 822 96
822 823 96
823 824 68
824 825 96
825 826 49
826 827 58
827 828 50
828 829 64
829 830 9
830 831 45
831 832 10
832 833 30
833 834 61
834 835 33
835 836 56
836 837 68
837 838 22
838 839 76
839 840 95
840 841 80
841 842 79
842 843 79
843 844 12
844 845 10
845 846 94
846 847 50
847 848 98
848 849 6
849 850 100
850 851 55
851 852 6
852 853 45
853 854 74
854 855 89
855 856 55
856 857 36
857 858 71
858 859 12
859 860 97
860 861 15
861 862 69
862 863 77
863 864 84
864 865 62
865 866 87
866 867 11
867 868 84
868 869 9
869 870 43
870 871 71
871 872 23
872 873 8
873 874 40
874 875 83
875 876 90
876 877 71
877 878 15
878 879 9
879 880 52
880 881 9
881 882 24
882 883 99
883 884 59
884 885 38
885 886 87
886 887 38
887 888 89
888 889 82
889 890 24
890 891 95
891 892 91
892 893 99
893 894 60
894 895 76
895 896 36
896 897 38
897 898 71
898 899 9
899 900 49
900 901 78
901 902 38
902 903 56
903 904 71
904 905 43
905 906 25
906 907 91
907 908 34
908 909 12
909 910 44
910 911 50
911 912 26
912 913 2
913 914 41
914 915 47
915 916 58
916 917 6
917 918 75
918 919 12
919 920 77
920 921 12
921 922 83
922 923 65
923 924 75
924 925 75
925 926 69
926 927 59
927 928 24
928 929 97
929 930 41
930 931 38
931 932 48
932 933 29
933 934 9
934 935 87
935 936 53
936 937 23
937 938 44
938 939 97
939 940 81
940 941 2
941 942 98
942 943 97
943 944 56
944 945 5
945 946 33
946 947 90
947 948 5
948 949 53
949 950 93
950 951 100
951 952 92
952 953 8
953 954 26
954 955 56
955 956 70
956 957 97
957 958 8
958 959 53
959 960 17
960 961 63
961 962 22
962 963 70
963 964 30
964 965 46
965 966 100
966 967 63
967 968 70
968 969 59
969 970 39
970 971 91
971 972 74
972 973 5
973 974 92
974 975 29
975 976 96
976 977 96
977 978 6
978 979 90
979 980 40
980 981 46
981 982 11
982 983 63
983 984 34
984 985 28
985 986 17
986 987 19
987 988 65
988 989 47
989 990 39
990 991 36
991 992 23
992 993 59
993 994 27
994 995 8
995 996 37
996 997 98
997 998 26
998 999 99
999 1000 46
1000 1001 70
1001 1002 4
1002 1003 54
1003 1004 28
1004 1005 31
1005 1006 42
1006 1007 82
1007 1008 61
1008 1009 69
1009 1010 28
1010 1011 17
1011 1012 14
1012 1013 92
1013 1014 8
1014 1015 83
1015 1016 95
1016 1017 95
1017 1018 42
1018 1019 73
1019 1020 59
1020 1021 62
1021 1022 92
1022 1023 42
1023 1024 9
1024 1025 94
1025 1026 88
1026 1027 87
1027 1028 56
1028 1029 5
1029 1030 17
1030 1031 3
1031 1032 42
1032 1033 38
1033 1034 78
1034 1035 82
1035 1036 49
1036 1037 99
1037 1038 99
1038 1039 16
1039 1040 38
1040 1041 60
1041 1042 75
1042 1043 39
1043 1044 40
1044 1045 97
1045 1046 83
1046 1047 85
1047 1048 57
1048 1049 84
1049 1050 7
1050 1051 47
1051 1052 4
1052 1053 42
1053 1054 14
1054 1055 28
1055 1056 2
1056 1057 6
1057 1058 8
1058 1059 87
1059 1060 70
1060 1061 82
1061 1062 54
1062 1063 100
1063 1064 75
1064 1065 100
1065 1066 92
1066 1067 56
1067 1068 59
1068 1069 77
1069 1070 73
1070 1071 95
1071 1072 76
1072 1073 85
1073 1074 38
1074 1075 25
1075 1076 25
1076 1077 46
1077 1078 21
1078 1079 13
1079 1080 26
1080 1081 96
1081 1082 28
1082 1083 61
1083 1084 21
1084 1085 23
1085 1086 88
1086 1087 68
1087 1088 76
1088 1089 62
1089 1090 5
1090 1091 36
1091 1092 27
1092 1093 12
1093 1094 3
1094 1095 68
1095 1096 50
1096 1097 53
1097 1098 48
1098 1099 78
1099 1100 84
1100 1101 53
1101 1102 31
1102 1103 86
1103 1104 82
1104 1105 56
1105 1106 97
1106 1107 57
1107 1108 9
1108 1109 88
1109 1110 80
1110 1111 41
1111 1112 59
1112 1113 14
1113 1114 49
1114 1115 3
1115 1116 43
1116 1117 76
1117 1118 79
1118 1119 63
1119 1120 64
1120 1121 71
1121 1122 81
1122 1123 22
1123 1124 91
1124 1125 14
1125 1126 62
1126 1127 2
1127 1128 99
1128 1129 36
1129 1130 61
1130 1131 59
1131 1132 64
1132 1133 40
1133 1134 56
1134 1135 44
1135 1136 10
1136 1137 91
1137 1138 73
1138 1139 35
1139 1140 55
1140 1141 52
1141 1142 46
1142 1143 79
1143 1144 92
1144 1145 40
1145 1146 30
1146 1147 63
1147 1148 53
1148 1149 87
1149 1150 70
1150 1151 95
1151 1152 80
1152 1153 15
1153 1154 46
1154 1155 93
1155 1156 85
1156 1157 50
1157 1158 77
1158 1159 26
1159 1160 7
1160 1161 46
1161 1162 5
1162 1163 99
1163 1164 63
1164 1165 50
1165 1166 35
1166 1167 33
1167 1168 21
1168 1169 64
1169 1170 58
1170 1171 25
1171 1172 35
1172 1173 8
1173 1174 54
1174 1175 13
1175 1176 47
1176 1177 13
1177 1178 59
1178 1179 16
1179 1180 41
1180 1181 14
1181 1182 70
1182 1183 65
1183 1184 19
1184 1185 19
1185 1186 70
1186 1187 35
1187 1188 42
1188 1189 90
1189 1190 88
1190 1191 48
1191 1192 52
1192 1193 67
1193 1194 98
1194 1195 18
1195 1196 61
1196 1197 20
1197 1198 23
1198 1199 5
1199 1200 83
1200 1201 17
1201 1202 35
1202 1203 28
1203 1204 35
1204 1205 18
1205 1206 4
1206 1207 9
1207 1208 55
1208 1209 13
1209 1210 54
1210 1211 47
1211 1212 36
1212 1213 21
1213 1214 90
1214 1215 37
1215 1216 13
1216 1217 51
1217 1218 34
1218 1219 70
1219 1220 33
1220 1221 4
1221 1222 10
1222 1223 80
1223 1224 49
1224 1225 63
1225 1226 69
1226 1227 9
1227 1228 52
1228 1229 88
1229 1230 16
1230 1231 93
1231 1232 38
1232 1233 7
1233 1234 1
1234 1235 28
1235 1236 87
1236 1237 81
1237 1238 9
1238 1239 75
1239 1240 60
1240 1241 19
1241 1242 99
1242 1243 21
1243 1244 54
1244 1245 38
1245 1246 93
1246 1247 49
1247 1248 24
1248 1249 62
1249 1250 76
1250 1251 37
1251 1252 54
1252 1253 47
1253 1254 73
1254 1255 75
1255 1256 7
1256 1257 4
1257 1258 15
1258 1259 26
1259 1260 14
1260 1261 72
1261 1262 69
1262 1263 90
1263 1264 85
1264 1265 52
1265 1266 75
1266 1267 54
1267 1268 4
1268 1269 11
1269 1270 87
1270 1271 45
1271 1272 36
1272 1273 54
1273 1274 40
1274 1275 25
1275 1276 11
1276 1277 27
1277 1278 74
1278 1279 38
1279 1280 19
1280 1281 3
1281 1282 57
1282 1283 33
1283 1284 85
1284 1285 22
1285 1286 9
1286 1287 33
1287 1288 54
1288 1289 12
1289 1290 24
1290 1291 90
1291 1292 35
1292 1293 60
1293 1294 48
1294 1295 68
1295 1296 36
1296 1297 79
1297 1298 65
1298 1299 50
1299 1300 48
1300 1301 9
1301 1302 59
1302 1303 54
1303 1304 74
1304 1305 59
1305 1306 56
1306 1307 75
1307 1308 59
1308 1309 44
1309 1310 57
1310 1311 13
1311 1312 38
1312 1313 29
1313 1314 34
1314 1315 37
1315 1316 90
1316 1317 65
1317 1318 61
1318 1319 58
1319 1320 25
1320 1321 36
1321 1322 50
1322 1323 99
1323 1324 34
1324 1325 61
1325 1326 94
1326 1327 24
1327 1328 1
1328 1329 11
1329 1330 23
1330 1331 16
1331 1332 37
1332 1333 25
1333 1334 49
1334 1335 17
1335 1336 86
1336 1337 19
1337 1338 9
1338 1339 29
1339 1340 81
1340 1341 18
1341 1342 6
1342 1343 90
1343 1344 85
1344 1345 9
1345 1346 6
1346 1347 53
1347 1348 2
1348 1349 42
1349 1350 70
1350 1351 99
1351 1352 100
1352 1353 12
1353 1354 90
1354 1355 40
1355 1356 58
1356 1357 97
1357 1358 92
1358 1359 87
1359 1360 1
1360 1361 82
1361 1362 98
1362 1363 26
1363 1364 50
1364 1365 18
1365 1366 73
1366 1367 67
1367 1368 83
1368 1369 93
1369 1370 72
1370 1371 56
1371 1372 54
1372 1373 58
1373 1374 48
1374 1375 28
1375 1376 84
1376 1377 77
1377 1378 21
1378 1379 19
1379 1380 97
1380 1381 33
1381 1382 72
1382 1383 43
1383 1384 20
1384 1385 51
1385 1386 74
1386 1387 25
1387 1388 53
1388 1389 12
1389 1390 71
1390 1391 62
1391 1392 77
1392 1393 29
1393 1394 9
1394 1395 59
1395 1396 51
1396 1397 16
1397 1398 94
1398 1399 49
1399 1400 33
1400 1401 54
1401 1402 60
1402 1403 6
1403 1404 37
1404 1405 34
1405 1406 46
1406 1407 14
1407 1408 55
1408 1409 7
1409 1410 55
1410 1411 99
1411 1412 21
1412 1413 33
1413 1414 69
1414 1415 81
1415 1416 9
1416 1417 26
1417 1418 14
1418 1419 69
1419 1420 1
1420 1421 77
1421 1422 12
1422 1423 60
1423 1424 48
1424 1425 48
1425 1426 61
1426 1427 42
1427 1428 80
1428 1429 35
1429 1430 11
1430 1431 93
1431 1432 86
1432 1433 84
1433 1434 75
1434 1435 97
1435 1436 41
1436 1437 13
1437 1438 94
1438 1439 74
1439 1440 100
1440 1441 94
1441 1442 21
1442 1443 19
1443 1444 38
1444 1445 7
1445 1446 93
1446 1447 75
1447 1448 73
1448 1449 58
1449 1450 5
1450 1451 85
1451 1452 79
1452 1453 14
1453 1454 83
1454 1455 80
1455 1456 76
1456 1457 21
1457 1458 80
1458 1459 17
1459 1460 83
1460 1461 17
1461 1462 19
1462 1463 82
1463 1464 24
1464 1465 67
1465 1466 64
1466 1467 53
1467 1468 91
1468 1469 36
1469 1470 32
1470 1471 88
1471 1472 59
1472 1473 40
1473 1474 69
1474 1475 82
1475 1476 46
1476 1477 44
1477 1478 72
1478 1479 38
1479 1480 90
1480 1481 47
1481 1482 63
1482 1483 31
1483 1484 54
1484 1485 75
1485 1486 44
1486 1487 51
1487 1488 58
1488 1489 24
1489 1490 36
1490 1491 90
1491 1492 40
1492 1493 39
1493 1494 54
1494 1495 55
1495 1496 7
1496 1497 91
1497 1498 23
1498 1499 63
1499 1500 55
1500 1501 12
1501 1502 44
1502 1503 94
1503 1504 34
1504 1505 63
1505 1506 74
1506 1507 34
1507 1508 70
1508 1509 14
1509 1510 17
1510 1511 80
1511 1512 88
1512 1513 63
1513 1514 50
1514 1515 54
1515 1516 75
1516 1517 90
1517 1518 58
1518 1519 79
1519 1520 100
1520 1521 16
1521 1522 76
1522 1523 32
1523 1524 71
1524 1525 25
1525 1526 78
1526 1527 75
1527 1528 15
1528 1529 4
1529 1530 21
1530 1531 57
1531 1532 72
1532 1533 77
1533 1534 50
1534 1535 88
1535 1536 76
1536 1537 35
1537 1538 11
1538 1539 83
1539 1540 54
1540 1541 12
1541 1542 38
1542 1543 85
1543 1544 46
1544 1545 13
1545 1546 61
1546 1547 40
1547 1548 51
1548 1549 80
1549 1550 54
1550 1551 15
1551 1552 49
1552 1553 23
1553 1554 41
1554 1555 73
1555 1556 78
1556 1557 73
1557 1558 2
1558 1559 65
1559 1560 60
1560 1561 70
1561 1562 57
1562 1563 55
1563 1564 72
1564 1565 26
1565 1566 60
1566 1567 35
1567 1568 83
1568 1569 19
1569 1570 96
1570 1571 91
1571 1572 35
1572 1573 59
1573 1574 23
1574 1575 41
1575 1576 43
1576 1577 47
1577 1578 29
1578 1579 95
1579 1580 62
1580 1581 16
1581 1582 92
1582 1583 59
1583 1584 14
1584 1585 51
1585 1586 11
1586 1587 62
1587 1588 26
1588 1589 2
1589 1590 73
1590 1591 88
1591 1592 60
1592 1593 94
1593 1594 11
1594 1595 57
1595 1596 92
1596 1597 70
1597 1598 80
1598 1599 93
1599 1600 3
1600 1601 71
1601 1602 66
1602 1603 16
1603 1604 78
1604 1605 58
1605 1606 38
1606 1607 61
1607 1608 7
1608 1609 43
1609 1610 8
1610 1611 74
1611 1612 11
1612 1613 94
1613 1614 85
1614 1615 93
1615 1616 92
1616 1617 46
1617 1618 13
1618 1619 12
1619 1620 24
1620 1621 99
1621 1622 17
1622 1623 84
1623 1624 19
1624 1625 13
1625 1626 84
1626 1627 93
1627 1628 34
1628 1629 87
1629 1630 32
1630 1631 52
1631 1632 23
1632 1633 60
1633 1634 61
1634 1635 40
1635 1636 38
1636 1637 6
1637 1638 75
1638 1639 34
1639 1640 21
1640 1641 81
1641 1642 79
1642 1643 1
1643 1644 61
1644 1645 34
1645 1646 12
1646 1647 40
1647 1648 42
1648 1649 54
1649 1650 87
1650 1651 92
1651 1652 93
1652 1653 35
1653 1654 47
1654 1655 35
1655 1656 49
1656 1657 74
1657 1658 92
1658 1659 46
1659 1660 59
1660 1661 23
1661 1662 4
1662 1663 46
1663 1664 92
1664 1665 15
1665 1666 25
1666 1667 18
1667 1668 58
1668 1669 50
1669 1670 17
1670 1671 42
1671 1672 4
1672 1673 92
1673 1674 32
1674 1675 37
1675 1676 79
1676 1677 59
1677 1678 28
1678 1679 64
1679 1680 23
1680 1681 2
1681 1682 22
1682 1683 67
1683 1684 52
1684 1685 18
1685 1686 98
1686 1687 97
1687 1688 46
1688 1689 15
1689 1690 56
1690 1691 42
1691 1692 87
1692 1693 9
1693 1694 54
1694 1695 100
1695 1696 19
1696 1697 51
1697 1698 30
1698 1699 60
1699 1700 31
1700 1701 7
1701 1702 40
1702 1703 75
1703 1704 43
1704 1705 21
1705 1706 80
1706 1707 90
1707 1708 35
1708 1709 21
1709 1710 47
1710 1711 20
1711 1712 63
1712 1713 4
1713 1714 38
1714 1715 48
1715 1716 84
1716 1717 57
1717 1718 59
1718 1719 7
1719 1720 30
1720 1721 78
1721 1722 72
1722 1723 46
1723 1724 53
1724 1725 53
1725 1726 54
1726 1727 45
1727 1728 49
1728 1729 41
1729 1730 50
1730 1731 56
1731 1732 77
1732 1733 16
1733 1734 11
1734 1735 19
1735 1736 34
1736 1737 87
1737 1738 8
1738 1739 95
1739 1740 76
1740 1741 38
1741 1742 28
1742 1743 28
1743 1744 90
1744 1745 65
1745 1746 53
1746 1747 41
1747 1748 81
1748 1749 3
1749 1750 98
1750 1751 16
1751 1752 84
1752 1753 72
1753 1754 87
1754 1755 66
1755 1756 41
1756 1757 3
1757 1758 56
1758 1759 23
1759 1760 26
1760 1761 24
1761 1762 20
1762 1763 68
1763 1764 51
1764 1765 2
1765 1766 60
1766 1767 11
1767 1768 34
1768 1769 80
1769 1770 57
1770 1771 18
1771 1772 89
1772 1773 66
1773 1774 56
1774 1775 24
1775 1776 73
1776 1777 10
1777 1778 81
1778 1779 25
1779 1780 99
1780 1781 73
1781 1782 61
1782 1783 86
1783 1784 81
1784 1785 84
1785 1786 97
1786 1787 40
1787 1788 95
1788 1789 67
1789 1790 15
1790 1791 21
1791 1792 41
1792 1793 30
1793 1794 33
1794 1795 90
1795 1796 9
1796 1797 2
1797 1798 64
1798 1799 9
1799 1800 74
1800 1801 21
1801 1802 85
1802 1803 3
1803 1804 13
1804 1805 19
1805 1806 88
1806 1807 59
1807 1808 65
1808 1809 43
1809 1810 71
1810 1811 90
1811 1812 92
1812 1813 82
1813 1814 63
1814 1815 35
1815 1816 34
1816 1817 26
1817 1818 83
1818 1819 38
1819 1820 37
1820 1821 60
1821 1822 4
1822 1823 27
1823 1824 84
1824 1825 63
1825 1826 35
1826 1827 41
1827 1828 78
1828 1829 56
1829 1830 37
1830 1831 44
1831 1832 87
1832 1833 30
1833 1834 22
1834 1835 95
1835 1836 98
1836 1837 77
1837 1838 78
1838 1839 15
1839 1840 12
1840 1841 87
1841 1842 57
1842 1843 49
1843 1844 99
1844 1845 90
1845 1846 48
1846 1847 80
1847 1848 19
1848 1849 43
1849 1850 49
1850 1851 3
1851 1852 52
1852 1853 27
1853 1854 75
1854 1855 55
1855 1856 70
1856 1857 64
1857 1858 41
1858 1859 26
1859 1860 22
1860 1861 14
1861 1862 65
1862 1863 84
1863 1864 43
1864 1865 99
1865 1866 14
1866 1867 53
1867 1868 91
1868 1869 18
1869 1870 70
1870 1871 28
1871 1872 69
1872 1873 2
1873 1874 83
1874 1875 92
1875 1876 53
1876 1877 12
1877 1878 82
1878 1879 58
1879 1880 50
1880 1881 28
1881 1882 7
1882 1883 56
1883 1884 41
1884 1885 66
1885 1886 50
1886 1887 83
1887 1888 73
1888 1889 21
1889 1890 11
1890 1891 2
1891 1892 15
1892 1893 14
1893 1894 27
1894 1895 91
1895 1896 27
1896 1897 88
1897 1898 74
1898 1899 60
1899 1900 26
1900 1901 61
1901 1902 64
1902 1903 67
1903 1904 50
1904 1905 18
1905 1906 58
1906 1907 92
1907 1908 84
1908 1909 42
1909 1910 41
1910 1911 39
1911 1912 78
1912 1913 52
1913 1914 43
1914 1915 5
1915 1916 36
1916 1917 17
1917 1918 96
1918 1919 74
1919 1920 19
1920 1921 9
1921 1922 10
1922 1923 61
1923 1924 78
1924 1925 25
1925 1926 7
1926 1927 39
1927 1928 84
1928 1929 29
1929 1930 44
1930 1931 36
1931 1932 92
1932 1933 72
1933 1934 73
1934 1935 30
1935 1936 62
1936 1937 57
1937 1938 95
1938 1939 48
1939 1940 40
1940 1941 67
1941 1942 96
1942 1943 94
1943 1944 14
1944 1945 74
1945 1946 49
1946 1947 22
1947 1948 27
1948 1949 4
1949 1950 54
1950 1951 27
1951 1952 17
1952 1953 60
1953 1954 85
1954 1955 6
1955 1956 85
1956 1957 50
1957 1958 96
1958 1959 60
1959 1960 16
1960 1961 34
1961 1962 63
1962 1963 78
1963 1964 48
1964 1965 11
1965 1966 35
1966 1967 8
1967 1968 36
1968 1969 73
1969 1970 42
1970 1971 50
1971 1972 71
1972 1973 69
1973 1974 60
1974 1975 44
1975 1976 46
1976 1977 25
1977 1978 8
1978 1979 82
1979 1980 8
1980 1981 80
1981 1982 1
1982 1983 70
1983 1984 97
1984 1985 28
1985 1986 1
1986 1987 60
1987 1988 11
1988 1989 37
1989 1990 32
1990 1991 10
1991 1992 81
1992 1993 92
1993 1994 97
1994 1995 14
1995 1996 80
1996 1997 96
1997 1998 70
1998 1999 45
1042 370 9
1083 1916 88
1516 1464 64
1613 1518 66
1448 1384 64
1698 1961 25
1806 978 65
442 1386 99
103 1888 67
78 88 71
1176 1850 100
361 1111 57
946 1830 32
67 241 70
1462 594 20
1848 230 98
843 1888 80
948 1490 87
109 1689 46
638 1044 83
1289 74 66
1192 729 24
1121 241 49
153 1769 70
1060 679 45
1449 808 7
1144 630 81
1078 1076 80
1323 637 74
1251 1040 89
853 1231 88
465 835 3
923 1740 100
42 0 88
370 1057 39
1878 1865 80
140 1995 1
701 105 77
177 803 4
1255 1161 88
543 1968 40
1536 183 42
672 842 53
1475 1464 24
6 220 47
709 594 29
1705 592 72
467 1178 5
554 35 92
1975 90 43
218 768 40
1359 248 22
1912 1899 80
1572 517 9
1177 835 99
1758 1768 95
1201 934 91
1226 1978 17
1486 1982 7
463 803 95
1675 1299 24
1215 1661 52
240 461 5
353 768 23
73 372 96
1559 1652 36
1601 115 63
1938 432 89
1036 1855 60
1989 1050 18
520 792 52
1516 982 70
1992 307 90
1631 926 23
1245 447 75
1073 69 60
1789 1160 87
182 914 88
782 531 28
259 953 89
88 1911 86
1724 70 81
658 1310 94
1101 1470 9
562 816 26
745 10 26
1391 1446 5
991 1065 9
1924 440 11
1366 1788 8
1982 1702 7
990 1765 49
1032 1184 91
1649 1142 35
1324 1356 55
1131 1728 27
1467 1757 53
1594 1736 66
490 1701 16
1734 320 71
668 1674 24
1394 1860 69
211 1237 70
1505 378 16
1763 1761 97
1743 930 3
1758 1651 1
257 1639 34
457 1487 91
321 2 82
1112 1664 76
1014 517 1
386 574 9
1233 652 99
1119 1263 12
519 753 64
18 1079 82
1559 256 11
566 1522 2
1082 864 97
1680 683 40
1265 358 94
1507 205 79
1874 347 69
1541 135 95
601 332 71
1541 134 71
1164 947 35
115 1241 8
91 1704 88
1980 1946 68
1937 891 75
1295 260 60
1516 767 3
131 44 83
647 743 49
1637 1540 26
1366 2 45
317 547 47
1994 1888 43
204 902 86
327 1054 80
1651 1387 30
441 1679 9
1545 1360 24
1309 262 28
1736 1901 97
302 62 44
1462 1887 91
839 1714 64
1929 795 77
548 884 99
623 818 33
1788 1448 23
1491 426 21
62 1736 66
1429 737 57
1728 943 48
1086 1936 16
371 407 87
182 1553 16
1541 907 85
1060 1522 2
1252 1593 14
588 65 92
1841 1935 62
370 1593 47
963 2 12
1196 250 61
1371 495 44
1116 401 23
983 321 7
1303 1163 33
537 1180 80
866 620 99
910 299 2
929 144 69
784 791 48
1949 1200 73
583 1313 70
1514 1720 96
1559 1815 4
1448 961 75
209 291 25
205 1973 58
284 36 50
964 1236 22
1404 692 56
1551 19 95
652 144 52
1068 175 89
701 165 4
1649 157 36
793 644 14
1954 1135 21
1378 1386 81
1642 400 5
334 1340 11
1903 1272 13
1412 1792 4
1189 1872 62
103 1225 55
597 1418 94
1741 1894 72
1250 1603 79
678 1224 82
968 160 67
1789 1106 55
1194 1634 79
904 961 65
81 1052 17
1463 877 9
1449 120 60
494 1300 16
958 1743 62
438 658 98
940 673 75
364 1743 79
867 1317 5
996 323 56
41 1438 66
456 664 100
1084 1949 50
1300 163 20
806 1360 23
144 836 4
407 515 85
925 348 87
1921 1454 42
1485 1692 43
1257 691 74
742 1535 99
1009 80 55
1734 1027 58
1176 877 3
1450 791 49
1212 1746 60
1801 1585 43
1310 553 100
1184 567 92
718 421 39
1245 931 64
1671 1466 24
263 1552 72
810 1818 61
359 1265 24
745 1942 52
361 826 86
138 984 44
494 194 88
810 890 60
1029 1158 36
1325 1185 10
327 1304 40
624 1938 40
516 1715 66
18 650 59
1546 1197 14
793 1939 24
907 469 24
1767 146 45
339 661 52
897 674 67
1657 291 44
898 497 59
1234 1897 71
505 334 36
335 758 4
1211 1472 36
1327 1067 48
1563 1688 71
1611 892 59
1728 1736 56
411 1079 12
68 539 99
114 245 54
462 1873 6
78 1280 13
449 904 19
1867 177 32
206 1014 59
83 1376 15
794 1973 48
1930 1371 1
34 1903 33
1278 1946 87
1160 909 26
1031 1043 49
685 1333 54
279 251 3
265 615 15
1409 1879 21
1465 1346 17
1939 376 10
1461 1345 16
887 469 87
1926 354 26
1385 1323 84
1957 1889 38
1366 35 50
488 1235 84
1737 1729 58
1537 60 12
1861 1591 69
1837 1353 61
431 1881 66
1653 787 67
1302 1154 11
697 1315 16
1998 1209 5
636 1954 87
813 1986 88
1504 1564 10
1134 577 74
218 1757 66
808 1530 33
1851 1335 44
1615 1802 77
1755 1595 32
871 1737 82
751 240 30
1088 1298 1
656 649 64
732 1219 40
1126 1390 39
777 1096 45
1192 475 55
746 888 23
29 146 59
1206 336 67
1285 1238 76
926 1000 38
1084 1726 96
1038 1694 48
1828 51 82
682 217 39
297 797 53
1160 492 54
953 1215 40
1529 1098 82
1493 1436 72
1911 1042 2
1644 391 44
15 1793 65
142 1796 96
486 1309 93
760 120 20
1868 958 36
389 202 17
971 1234 26
1046 569 68
614 1859 81
1064 1078 59
622 179 62
1435 1432 40
545 1953 42
1646 243 53
362 246 69
1718 362 80
1050 369 71
590 213 80
1134 370 26
1835 1925 43
967 174 81
1631 1100 38
86 1052 64
224 1902 1
1203 1275 82
1030 1768 60
456 1587 22
1293 1221 18
822 721 84
1811 1800 77
706 1113 24
511 1561 31
549 1463 83
1702 847 68
1335 1619 10
1533 1247 15
903 847 59
305 336 24
1473 1738 87
945 433 54
191 356 3
624 1283 24
1214 412 55
1275 463 26
781 1264 60
116 993 15
1975 549 14
1194 1390 68
808 885 43
891 1435 73
1384 31 100
682 256 82
208 1206 73
674 1156 91
548 1545 8
529 171 65
1788 1191 20
802 646 37
453 687 36
1234 138 45
1038 1663 7
1339 1600 7
467 1280 55
542 1760 60
1301 1360 54
461 648 46
666 380 67
104 1988 38
1323 725 56
1990 1461 45
930 667 7
1160 1124 9
1915 1923 18
1269 1380 76
401 340 54
818 193 43
900 1643 76
2 695 31
1329 1962 80
949 1854 39
469 239 40
1948 304 3
1984 1474 93
1537 1079 25
1684 1343 53
185 1247 26
178 1575 76
1729 255 61
1652 1013 79
318 1417 7
72 235 31
454 526 35
720 761 9
692 1873 24
1107 1019 31
1650 793 28
894 1884 61
1746 1031 17
1838 1572 50
1149 1984 57
1702 782 21
1002 1861 40
232 1079 82
1255 761 68
1755 1064 87
1442 1611 15
1580 423 31
1637 161 33
805 45 18
307 1389 23
692 1914 98
1146 1281 94
1644 1150 14
958 1724 32
1845 1212 49
278 1212 90
1529 1658 18
635 1005 96
797 1650 15
1332 735 13
136 956 3
1012 270 24
1926 159 55
1553 1931 13
864 1188 32
1872 1012 88
879 555 11
1702 1281 1
432 35 62
1205 1300 37
304 772 7
1128 1561 20
919 423 6
969 1989 76
115 1238 70
594 1967 44
478 341 15
149 242 79
606 530 11
355 1384 70
124 1236 51
1266 1993 23
1627 465 62
441 612 18
1247 1311 53
1696 852 73
261 1584 89
809 899 66
389 708 37
1051 828 49
1655 353 74
774 1538 97
22 497 42
267 962 42
38 1580 26
1164 1520 69
274 379 54
1237 430 33
24 1668 25
1258 1951 20
1603 129 96
85 975 38
219 531 55
1292 908 50
1688 532 10
298 976 13
300 1729 33
486 1474 66
952 1621 38
1228 788 86
918 784 79
1912 1784 14
1910 204 79
1317 630 95
1376 1617 44
152 509 28
1681 1860 4
506 1803 79
922 1650 64
990 1318 39
1790 900 64
453 1227 89
133 901 52
1764 300 11
1474 1976 52
886 1360 5
83 76 9
1492 1432 66
144 1604 8
210 24 4
1913 1017 74
775 706 47
593 1983 35
1941 1549 95
1322 1567 19
709 348 42
196 1099 67
1661 1528 7
530 848 3
165 164 52
1935 1797 30
1564 1538 23
1249 1951 39
1334 411 2
242 510 62
521 1549 7
1287 1919 54
956 83 90
1936 644 80
250 585 48
1959 227 61
972 1164 93
1496 1041 82
1232 1312 16
256 87 34
221 1856 60
449 190 38
751 864 56
878 777 62
327 1886 28
481 1856 13
1351 394 50
1773 25 65
1984 571 68
1631 633 87
1758 1693 26
1837 1088 26
1272 1510 23
921 1956 85
1496 1456 56
1552 361 66
107 354 33
1090 1506 99
538 1874 54
86 1455 17
215 263 69
1451 183 82
1930 427 49
1011 301 85
684 1465 42
1084 1516 60
1486 1016 62
595 211 57
303 1377 10
1746 1154 64
1754 1522 44
923 1116 1
1623 493 75
1452 1762 100
555 198 20
802 1759 81
1315 408 32
1110 1484 74
1630 1231 62
376 1375 36
750 1567 54
1108 1048 1
1696 1521 84
70 1665 75
22 404 75
1916 1517 37
1356 653 76
297 1683 31
940 1753 51
1992 249 37
770 897 65
1444 1560 89
434 1186 14
783 1326 42
3 1391 18
6 58 62
333 710 19
1588 775 10
804 1176 88
961 1020 65
1446 129 11
1159 450 57
1405 1121 6
1206 973 68
1198 1609 61
539 45 83
644 996 64
154 297 6
1390 668 75
1569 1963 71
419 1577 83
1034 1040 45
746 294 13
656 1471 44
471 177 38
441 125 60
1602 1471 77
1996 1467 94
598 1285 18
842 1275 64
992 1571 18
236 1371 41
1982 1679 75
767 1479 58
1900 1175 21
368 1131 37
1959 669 17
52 1400 3
1171 1663 59
546 1395 52
1859 597 79
1881 112 26
1705 859 23
1745 753 85
923 372 49
1605 870 46
1874 965 71
266 1262 9
99 1455 91
992 1818 44
1560 1459 1
1531 114 16
450 1220 14
270 797 76
1845 1313 48
1913 26 7
565 114 5
564 72 27
551 493 28
1812 1574 25
1949 543 38
1518 857 45
1689 1553 27
130 312 49
1706 67 5
125 1239 91
1123 278 35
1064 630 42
1543 694 9
1799 473 3
1464 1327 55
1926 255 57
1764 1873 40
104 1655 42
1575 520 63
1461 988 99
1959 513 15
1308 1450 20
382 1130 34
927 617 98
1894 1217 97
699 366 12
44 302 73
450 835 26
177 1701 69
1122 1090 53
1961 229 23
1720 807 73
1085 135 80
1415 1097 55
1225 163 23
916 1693 49
857 331 15
1891 1328 85
432 1338 10
924 1723 42
920 1301 75
1090 581 7
1573 1025 12
1612 711 46
1956 103 80
1572 994 21
679 517 88
329 1089 34
1516 1513 76
1038 35 21
252 1755 66
1759 323 88
510 477 95
902 1120 99
1501 1544 56
54 1105 7
188 927 35
1818 564 54
781 995 80
210 743 66
903 1644 40
760 186 78
882 1928 20
407 373 53
188 574 36
1585 1514 58
552 1269 32
1595 1285 40
391 1830 90
1066 1040 16
895 1391 56
1586 332 32
1226 1714 37
1812 1794 28
337 1967 51
281 1196 21
66 368 37
1787 1465 66
1640 304 32
880 1597 62
1935 166 86
1764 235 81
1479 1010 32
1934 1976 42
970 1968 13
1335 1450 64
646 331 100
1763 1959 43
1312 324 13
25 1373 56
186 1054 3
1438 1645 90
419 158 38
1462 1946 19
673 1716 30
1638 1836 55
221 1420 76
628 1976 48
1802 1643 66
918 628 36
508 988 82
1656 1759 34
1050 347 25
1424 225 83
174 201 72
479 840 15
1810 695 74
900 382 75
1227 1302 44
1241 1154 36
1476 1682 81
942 1687 98
507 1268 4
252 1478 68
212 650 32
1372 7 7
1363 349 17
1711 1310 23
1983 1674 8
558 154 65
680 1388 87
1025 431 31
720 425 7
66 1526 31
816 1306 76
1876 1807 88
465 1532 81
1576 118 67
1797 520 66
1814 1748 68
0 1120 17
221 779 45
759 920 23
1729 763 55
257 760 42
1953 1604 12
958 845 2
84 842 74
54 1836 97
560 254 86
1415 584 98
1821 1652 76
1398 1609 84
36 1963 97
1242 1453 56
609 1256 83
1065 563 64
1745 899 12
436 1407 13
1081 136 10
526 483 5
24 1134 47
567 602 83
1196 148 30
452 599 74
1486 1197 5
128 1805 88
1704 1754 67
660 1186 35
1784 1978 19
1252 157 54
479 1676 80
570 69 43
1165 535 100
1578 1711 58
1042 1317 7
504 1662 23
1197 976 12
1475 187 53
1819 65 67
1737 1658 7
1757 1911 58
50 1034 70
860 164 32
1821 869 47
1547 275 61
681 1785 17
886 341 61
1896 1262 45
1183 1577 71
1279 474 68
1024 263 11
468 769 79
975 1941 66
525 1901 28
1201 945 75
1967 1012 27
1268 813 8
1782 508 1
723 79 48
1208 91 91
280 477 28
939 1943 46
662 945 49
1245 392 47
1221 894 29
948 413 60
1033 1074 1
1708 15 5
438 1666 4
1687 216 29
677 925 81
877 1144 22
1025 793 30
88 1863 28
794 1633 9
569 1234 82
227 1063 35
1759 1014 58
1748 59 50
1350 1404 5
1985 901 14
1858 549 17
789 779 43
1459 822 89
1815 1341 72
516 1215 68
618 593 83
1436 1910 96
1642 1442 1
1725 1272 1
102 1435 26
1659 119 5
1207 1743 69
513 228 67
767 1600 46
1325 738 10
242 1192 42
1099 1502 91
142 808 9
642 709 75
1883 825 67
1292 1357 65
723 1776 60
1197 20 51
1272 277 92
231 1225 16
1747 343 73
1275 241 75
1804 1059 7
1658 1067 100
284 1640 2
1389 844 54
590 897 49
168 1154 40
87 1820 13
1616 1117 22
686 933 73
1633 1304 7
1691 774 70
1703 859 41
1345 155 28
1085 612 87
1577 1180 45
452 1596 39
1644 900 86
1158 1833 76
861 197 32
1779 1164 2
742 740 61
54 1411 40
1376 1051 38
1023 333 17
861 1291 15
89 1780 77
691 1893 16
679 50 52
1291 757 64
13 681 39
143 1583 41
1191 622 11
1354 1694 61
1062 729 85
435 1160 99
1119 908 11
1376 334 15
1944 971 23
55 1954 51
1063 1928 14
768 198 4
417 61 93
775 828 17
790 46 32
1512 294 46
975 578 14
1800 1670 12
740 1911 38
627 948 89
888 1205 100
1653 1090 99
176 576 61
1922 303 39
61 771 98
680 1547 55
1960 308 48
1107 1064 55
336 1523 25
1667 1677 45
712 604 83
518 1418 20
354 115 51
684 1354 28
470 1932 84
1115 1089 35
330 1160 59
278 1999 45
301 1252 82
977 414 41
1564 1987 74
1760 600 63
651 1138 80
1241 922 21
1461 790 15
78 1705 48
1421 1086 91
455 264 97
1186 1818 60
1444 706 54
916 1739 4
261 1491 80
1098 249 6
1588 1361 28
933 1754 4
1888 1939 15
1898 925 52
1961 187 49
1509 1727 50
1177 604 38
982 571 53
406 1125 77
882 773 61
1022 1837 50
724 1154 73
1731 1788 99
911 815 45
1655 1204 77
1182 1147 81
1912 952 21
1992 218 6
1707 6 44
1280 1693 30
1786 480 7
623 1766 26
896 61 52
1943 1253 23
1852 1468 2
1525 953 93
1375 61 73
1744 1385 53
268 1265 30
1288 717 82
1608 666 28
1466 421 53
1914 1586 1
1981 1995 21
1353 1989 83
179 589 1
28 88 74
683 1668 64
1480 138 15
11 1506 94
1537 1643 66
1618 1532 89
1691 1400 62
208 177 40
975 1446 8
560 815 69
814 48 7
612 697 55
221 1264 81
1154 1895 70
144 12 96
201 1045 87
599 1363 8
225 1001 85
1589 484 71
956 100 15
145 1420 41
1333 590 22
464 1726 29
802 1606 30
1858 304 41
532 1812 3
642 1166 48
1684 452 55
1280 438 98
67 1206 22
715 832 65
1519 245 19
1777 1439 51
1733 898 46
1171 1642 63
1109 143 64
1365 1052 25
926 1427 24
1645 606 81
579 1105 57
1040 239 15
1833 1550 73
542 802 50
317 568 89
267 1647 63
1443 108 28
1497 804 32
205 0 19
1022 1566 5
1430 552 60
1413 1791 7
1166 1678 47
7 680 25
1880 1481 9
632 1861 11
1653 720 13
540 1129 85
1733 626 58
1577 1814 90
1885 867 43
1819 754 38
1872 1928 68
178 232 69
84 987 57
775 1860 64
1688 1407 68
8 278 17
508 1426 88
1332 365 97
556 1522 13
1901 1352 71
1887 596 27
210 950 79
1268 1288 100
96 209 37
997 1913 39
1000 1731 44
951 915 12
417 1268 37
1541 739 1
104 1717 77
372 833 56
1644 831 86
1439 423 38
1314 1739 48
1460 1760 65
431 1592 68
1508 1215 4
590 789 14
1861 1303 13
1477 1474 32
1949 1289 6
790 1364 72
936 398 58
1780 170 29
86 735 67
116 1646 12
1564 1031 55
535 199 84
1376 29 25
758 1822 34
1676 38 71
248 1897 42
62 985 74
808 660 54
1812 1190 27
19 1449 47
1755 1926 5
1038 795 68
1524 623 46
1547 534 78
439 1042 14
1952 1714 13
1150 33 8
1540 765 81
735 240 19
531 871 2
664 586 35
1546 1478 52
446 696 65
743 1141 1
1136 599 67
1292 1096 98
1758 1694 68
47 1093 90
1659 1566 61
1560 582 46
414 796 16
605 1798 7
1420 456 94
493 1206 49
946 1494 6
947 1343 6
1164 1915 100
1885 478 79
1061 1982 66
1088 1289 97
1122 151 78
731 409 23
1451 391 62
281 1792 63
1694 1562 32
1156 552 15
1963 1622 53
1271 1812 39
327 1348 65
519 1619 35
1894 1834 34
581 1449 47
1077 1780 7
1415 1379 7
1380 294 94
15 994 64
460 895 5
268 831 96
603 1059 77
483 708 51
1898 1359 97
152 1241 28
1857 1613 77
919 1093 55
360 865 46
87 1121 17
1727 891 49
418 1795 5
1348 1687 14
1962 1989 80
1054 1707 40
483 1318 97
217 393 64
1902 996 100
813 1423 96
1962 1045 57
438 519 46
873 1838 60
352 146 22
1244 26 99
28 380 83
1585 1464 91
710 1887 70
1920 790 53
1905 1954 97
1514 785 17
1708 953 78
1436 619 25
464 1281 46
1333 1562 17
1920 1130 77
1543 1710 50
1206 24 84
18 1568 36
753 1852 56
457 1609 64
92 444 81
643 355 85
1029 1457 81
190 507 43
491 58 41
961 1789 67
0 237 91
577 307 40
1980 1839 96
1986 989 5
1025 1522 49
743 1270 40
181 1508 4
1836 115 96
888 1154 28
714 1244 79
1984 502 39
1128 1147 36
831 1313 85
480 1804 20
1754 1836 98
203 55 51
1679 441 76
77 457 4
1912 350 15
1733 1359 29
449 1900 44
1163 1438 44
1126 1160 43
1033 652 76
1679 564 15
706 860 90
1807 1892 85
1785 801 42
1526 1560 83
952 1777 50
1089 409 21
1182 510 19
591 663 60
1710 65 21
1272 142 37
138 590 95
1758 1013 47
818 190 82
1653 1671 5
664 1453 70
1547 1542 36
1309 1649 16
1031 1751 47
1078 90 29
580 850 94
75 783 13
1093 1531 54
0 1180 42
122 1045 37
109 1446 98
401 452 21
608 20 31
874 460 89
2 103 73
382 1933 32
448 1463 67
1281 1483 42
1696 1518 43
1219 605 90
650 1636 72
505 1633 28
363 250 38
673 1803 100
1613 811 99
440 1508 77
786 1084 60
299 1322 39
156 828 55
1507 1418 3
334 538 79
1035 1167 27
1904 1256 5
963 530 37
1203 1898 30
1264 1428 13
1518 1120 11
1561 1027 71
1017 344 37
1944 1865 45
1655 318 70
360 1428 10
923 1607 93
244 1389 13
1457 1700 87
689 548 4
1614 103 20
284 690 22
671 1330 98
314 1713 12
1402 1529 73
1342 1124 44
1894 1098 50
623 761 49
326 1013 79
774 1468 91
768 32 3
1564 1677 13
22 1595 71
1231 1940 85
875 195 24
1117 1409 51
1634 1412 55
1068 1934 55
103 859 51
617 1436 49
1725 236 18
1923 1600 72
1105 1904 40
453 263 88
1730 1617 16
1354 619 63
580 633 88
1632 1345 51
1593 141 26
625 1249 94
1143 1701 84
1963 1812 63
24 495 68
325 103 19
1097 39 29
781 613 20
705 823 63
1869 668 44
1465 1755 41
1211 136 25
1567 711 29
167 865 34
1370 1355 34
144 113 21
747 762 95
1964 1283 79
1342 1466 64
232 397 79
836 1570 76
1202 202 100
555 650 28
1882 864 92
1960 22 7
900 1037 98
358 206 98
1095 226 98
807 1110 74
379 1409 59
845 408 35
1039 795 8
528 1210 21
1033 966 75
537 1261 29
1099 1313 69
1937 287 61
1190 153 18
151 1851 96
136 594 44
184 1391 60
916 1247 10
1297 1106 27
1283 30 71
1930 746 26
1127 1352 46
1413 1344 62
1167 625 53
542 499 60
4 1732 18
1893 234 11
898 309 62
1889 426 74
1878 1765 1
405 1544 59
1250 1402 38
1360 100 41
1254 30 39
1165 1872 26
1083 900 94
1915 440 40
1451 1679 62
377 1478 68
429 1954 67
203 996 1
1485 867 33
185 1780 75
168 1829 81
868 1722 26
1634 868 52
1446 876 1
1992 1178 23
1226 1093 64
1341 484 71
1428 408 10
1307 398 82
1754 100 74
1823 27 3
496 711 22
31 541 8
495 1822 7
709 917 43
1465 430 61
1194 1345 60
162 744 96
666 1676 89
1610 766 83
987 1865 29
1088 1573 21
794 1233 52
1485 506 74
1975 1042 30
136 1541 38
854 1841 21
1168 1599 54
667 537 87
736 1830 90
1719 1332 4
908 822 64
1747 496 64
1410 1667 43
998 885 54
1298 288 94
1567 128 42
1649 1000 30
1570 887 60
43 402 31
1180 1005 41
112 939 50
56 1854 22
210 562 77
1425 819 2
1310 817 27
1848 318 12
320 1032 8
1573 371 95
1328 1493 89
1441 1628 83
1370 892 12
1611 578 1
619 1849 25
886 1030 56
1071 509 36
1485 707 8
1657 1745 79
1656 615 22
1827 1618 96
1572 653 64
708 747 51
542 1882 24
1752 637 11
1807 785 8
1106 1657 51
697 387 53
1717 1588 68
1768 1675 35
1717 923 75
829 878 2
1221 591 17
918 1347 42
358 1443 70
769 459 49
235 859 17
1481 3 87
1437 1063 74
1578 1029 30
322 1082 9
690 38 42
331 1464 90
1763 483 13
708 1269 11
1164 444 12
1038 423 61
622 490 17
115 487 40
535 468 34
439 1498 96
1143 1232 99
1113 829 42
1507 857 88
1081 1357 70
823 1404 76
343 407 51
655 823 55
1741 1150 64
44 1065 95
230 1393 61
991 234 94
674 878 15
1960 1384 52
412 228 40
1529 1791 68
408 1545 51
1902 838 78
36 1222 80
1714 138 68
948 816 57
1771 1256 23
1377 1429 26
1763 19 74
1446 1394 54
1505 1672 47
1642 1748 85
406 970 13
667 571 80
1063 902 52
366 1641 86
809 1765 49
932 26 8
819 775 65
1607 31 91
561 406 21
133 83 88
958 778 19
1083 1486 97
1695 133 55
1296 1963 8
900 750 52
1607 1978 44
463 1994 95
1118 85 33
892 440 8
701 1458 38
1216 137 71
739 748 47
738 1445 5
1313 699 71
1858 16 38
435 1662 67
1684 967 38
10 1263 81
190 1545 11
1096 97 7
1162 1533 43
1167 1096 79
1042 1503 36
1606 1354 52
1517 280 2
1342 414 63
1426 1484 39
339 1324 20
693 1780 40
1499 317 91
516 1517 61
1194 866 66
1548 1778 86
1157 1083 64
1516 312 31
947 829 72
1425 541 39
404 1177 32
370 483 60
429 1723 43
1737 1815 73
1014 1491 19
1115 153 59
1392 267 39
887 1643 46
1319 1916 80
862 543 55
1384 1066 27
1273 1878 75
1272 450 33
1057 539 83
381 926 70
556 437 66
1190 1647 27
126 1323 78
1629 1643 78
923 1521 99
375 1573 9
1547 1397 75
736 301 44
434 62 47
519 528 4
830 1758 89
486 1648 56
1260 77 86
1333 1567 33
857 1795 21
1776 1028 33
1472 1801 44
1992 1333 83
188 1689 75
498 1625 58
1413 134 97
189 1653 100
1806 653 94
1496 1602 81
1348 1716 1
1995 931 25
1142 80 31
822 636 14
1922 44 90
720 1698 79
812 1132 2
625 160 66
624 464 2
28 34 77
1833 1247 71
1524 617 4
265 1674 52
1239 10 57
1876 1249 42
1728 804 59
781 1161 7
1981 1276 76
1466 884 68
1414 276 39
1157 457 57
1193 1736 93
758 1858 38
683 1237 53
1266 423 47
1991 886 99
988 1299 87
1608 922 72
1879 1186 51
106 1898 46
1665 1349 37
1355 1727 38
220 1883 93
334 1263 51
108 1381 65
1394 1948 65
139 550 56
312 1495 64
1620 1198 42
358 408 71
84 910 58
1335 905 84
1897 339 7
38 1370 78
49 1219 18
1399 907 84
909 1605 69
1921 1820 54
1278 976 96
803 1763 16
1168 1145 84
554 1285 93
157 1166 75
1185 189 36
1188 103 71
63 133 43
461 169 92
1213 1232 89
492 1765 70
1318 1193 22
1003 1725 98
1772 1366 20
750 1474 81
573 1769 81
250 1994 21
60 432 90
1382 1245 61
1946 1237 47
1881 1694 78
124 255 34
695 134 44
1950 791 82
1338 1705 90
1875 612 9
1103 771 79
142 832 22
336 458 48
938 110 27
1884 201 8
334 876 15
1059 1946 99
1518 332 97
228 879 1
556 311 80
414 652 64
598 439 24
41 259 83
512 731 36
707 1347 31
125 1950 22
340 1618 90
293 1553 35
152 1729 99
309 542 9
197 969 83
604 1413 57
1234 1607 16
274 956 59
1561 1011 31
288 623 63
6 547 18
975 1750 9
883 919 99
612 791 83
1430 113 29
837 727 46
381 1450 35
1148 1094 67
1983 1554 67
1724 398 32
89 1076 13
1680 1125 99
1530 1779 95
742 31 20
1045 978 48
1483 1312 50
1119 966 69
1676 1316 37
234 1719 80
813 246 33
1397 907 42
1524 1027 13
1806 392 89
1902 1635 18
1020 1135 74
1158 1025 49
1739 1289 41
459 1940 56
1864 744 75
1323 558 15
263 1141 86
370 330 28
1708 437 50
365 813 83
1806 571 61
1854 1153 97
1117 1142 38
286 1571 38
505 1595 94
734 1787 9
674 1113 73
1690 1146 80
675 350 99
1345 50 23
505 436 53
1748 1043 25
1177 526 76
1 1246 88
1200 1585 6
1254 753 76
464 304 27
916 1108 36
399 187 30
972 474 93
1897 80 95
582 1219 21
1849 476 79
1816 1179 47
12 932 78
1521 1404 16
1230 974 77
859 1025 60
1408 1999 94
1538 751 40
1416 1655 48
341 1348 4
1525 408 5
680 1293 52
453 1230 68
1821 936 51
1547 1002 13
100 1252 4
556 1102 86
876 1856 84
1992 321 80
49 1507 45
431 474 34
99 931 73
1546 223 92
1216 378 29
1844 346 70
759 1221 81
399 784 6
1501 1136 13
1303 1545 22
473 1112 68
1712 1131 84
1858 1854 39
731 132 32
38 1498 83
862 1049 9
1550 565 24
837 690 30
60 664 97
587 1335 5
1866 1274 27
1194 1222 66
1356 384 32
591 1696 62
1894 1199 89
1012 1478 36
554 1825 29
679 1926 46
20 1356 72
1086 1412 35
1245 871 100
1588 623 28
679 284 8
626 885 85
522 177 35
1983 1669 55
1870 1969 19
1877 745 46
1857 396 7
329 184 24
325 1420 60
545 300 35
1936 897 45
1826 1003 19
493 10 48
120 1323 91
1502 1295 76
546 1155 18
1808 588 82
229 1514 95
111 1568 1
924 424 87
1327 498 42
1434 804 86
1769 713 90
1514 1818 30
627 597 70
214 543 45
381 1459 19
1880 684 61
859 1726 84
1644 239 18
1469 971 54
233 575 69
985 1899 30
274 1192 74
867 1264 17
1167 233 40
1093 710 91
90 687 22
1466 30 66
1162 1863 11
1641 1746 57
1046 1314 70
1796 821 40
1121 653 95
21 165 83
507 1601 78
208 197 58
151 927 37
237 184 99
1170 429 23
134 1791 60
1567 1477 70
64 1233 66
1726 1064 23
206 1746 18
1578 1135 75
592 1122 94
492 1637 43
1967 1587 26
63 1939 79
862 480 35
288 100 12
105 54 70
1047 915 22
453 1978 62
1148 505 14
1155 1377 36
1795 1647 75
1641 152 48
1791 701 80
725 316 81
103 656 56
418 312 9
1669 933 36
964 1825 85
1131 442 19
761 279 81
1152 1647 77
769 1563 46
551 606 21
1865 33 12
1358 1867 8
1367 841 54
1203 65 94
951 623 41
499 322 66
1312 1238 98
664 1124 93
1429 1689 7
447 835 24
232 1024 62
1547 1876 5
1323 1386 8
1296 709 24
1101 1362 41
1880 1667 5
1629 639 62
876 746 90
510 1924 11
888 709 76
826 1063 68
1075 1316 28
140 433 40
576 363 56
313 58 83
1814 83 16
838 440 17
1036 1758 72
1114 191 24
635 1004 97
1462 524 96
626 440 84
1772 100 94
929 1832 38
1270 633 63
571 806 10
1504 629 54
86 1354 79
856 796 74
887 1648 90
292 1316 84
16 1080 95
1689 474 44
215 758 77
1830 1000 26
867 1688 25
968 1094 52
548 616 91
1146 430 33
1768 78 56
543 1656 1
1425 1956 70
1931 648 40
467 1456 22
691 1714 68
1640 1610 45
1893 264 41
764 1566 62
531 908 100
1560 51 100
1207 382 66
919 1376 44
240 608 94
396 362 7
1245 1774 23
839 614 50
1092 1833 42
1552 320 14
341 1130 42
884 1514 80
1795 1448 9
1380 786 35
200 1609 2
104 1323 16
1204 671 17
153 467 24
47 1660 84
1896 1949 31
270 529 24
559 1736 28
1852 71 42
1853 101 22
78 840 58
19 785 86
57 1462 59
1893 22 79
1574 627 31
495 80 70
1176 728 40
1132 1947 1
1088 123 28
1070 1418 57
542 1502 91
263 749 52
1099 388 6
186 852 42
1664 326 81
443 448 32
452 518 82
175 1860 9
190 386 46
101 674 63
1741 574 9
559 422 34
1504 1325 6
1741 985 76
884 1455 34
968 789 70
1059 1105 17
432 1143 21
1610 592 77
1821 307 55
298 1467 27
693 722 41
816 251 68
342 113 83
69 1169 40
675 1394 81
386 493 65
1952 519 35
1772 674 90
623 594 13
459 222 42
1296 481 88
1344 1581 83
282 1346 55
1648 211 40
90 312 66
1475 1070 37
164 1342 4
541 1979 9
60 1985 45
312 1009 99
234 1954 17
1587 703 66
1523 1155 51
1732 1275 29
1970 935 77
1238 868 42
892 854 62
660 1330 57
1001 1701 65
403 47 94
859 1378 28
1646 258 56
199 1559 61
32 1047 82
507 80 48
1779 984 100
390 588 66
420 1561 77
1582 506 61
1731 1023 11
122 251 29
1958 186 68
1927 1693 14
648 303 68
1779 1188 95
1206 1531 69
10 1150 1
858 756 28
286 1537 2
452 928 70
1886 466 33
1250 1322 75
1304 437 26
119 1300 14
424 1211 13
1698 1402 5
226 1468 100
682 366 48
1188 1857 42
663 252 47
55 27 63
163 1613 26
1684 55 49
1262 1554 43
1345 1096 73
349 985 30
1266 1327 81
1930 795 6
1611 1780 60
1153 331 57
49 1000 37
138 1093 9
1679 1201 13
681 1600 92
1726 813 16
286 1703 72
1982 586 73
1050 1569 70
1988 1800 61
1584 615 68
1675 1359 62
1891 1162 30
507 2 76
543 163 22
1848 1323 33
1267 255 60
884 32 5
1457 1369 33
1805 1330 84
1113 254 35
252 269 82
188 1848 84
921 1836 50
1299 636 11
1788 804 65
1457 576 78
597 236 90
0 27 72
645 713 56
508 296 2
184 1080 82
1702 1788 96
1647 1131 90
1028 1106 9
1624 1097 39
759 1332 61
1977 777 23
480 779 10
960 629 14
193 162 18
1659 1974 98
888 809 54
175 1747 7
1991 1782 59
927 1624 33
653 952 31
636 805 49
1345 1719 69
1184 630 70
266 729 64
1477 256 67
1156 239 70
1145 1401 26
1506 1608 88
851 999 100
1460 185 62
1560 373 68
51 1534 29
615 886 50
1234 1593 85
465 392 23
251 1102 97
1047 216 29
956 596 59
555 1082 78
172 1303 6
1664 210 98
1171 948 55
133 467 5
1275 591 83
1865 83 53
996 543 69
798 504 60
615 1305 62
307 1795 98
1619 1089 59
271 1460 90
729 149 65
1815 932 100
379 1400 71
1540 1112 34
717 1883 92
1059 41 74
631 1848 6
1950 1533 84
1404 606 34
1933 1351 63
791 1861 76
1352 908 31
824 740 94
1100 501 80
240 635 59
1159 1938 35
755 1631 7
933 678 8
1011 332 17
122 1316 50
1995 212 46
228 709 95
801 1745 12
904 1766 99
829 0 39
1227 1319 62
884 914 65
793 122 46
1627 829 95
1460 1297 14
1909 395 16
361 954 27
1203 1050 59
222 802 87
676 594 13
325 783 68
325 76 74
1239 417 70
117 429 56
83 1190 37
1743 197 58
232 690 26
1606 590 55
1059 158 68
1131 1185 91
296 792 18
592 1757 15
1116 302 87
865 743 60
1228 161 53
1879 638 76
939 1173 51
1656 401 9
630 953 80
1260 1831 83
719 1566 31
554 390 95
1356 248 33
1750 1975 98
651 354 40
1444 1206 5
1603 810 47
1032 845 59
1991 1871 2
1344 1790 49
298 1619 79
1901 1235 3
683 1965 88
172 25 82
453 560 57
264 703 44
1220 1287 3
761 232 6
254 1198 19
1804 918 39
1504 432 91
885 1670 5
393 1640 45
1652 398 59
528 706 51
1599 136 56
436 1651 94
1262 932 79
890 1197 2
828 494 96
1732 1082 17
1210 830 23
28 1251 48
1143 42 19
1639 119 83
1208 1575 77
566 1046 84
453 1085 67
747 160 63
883 24 17
285 368 75
404 488 39
1196 102 39
795 1709 52
1904 966 89
765 541 84
388 290 48
1011 14 7
51 142 56
1147 1040 57
1989 1756 21
1115 516 96
227 97 92
196 1555 5
1644 370 91
1082 1049 65
902 91 34
1891 1178 85
908 593 46
154 1873 17
1968 253 80
246 1513 52
1361 491 17
716 118 99
1381 1368 73
1897 93 15
1856 764 10
1109 571 8
1344 8 17
1340 110 65
662 821 77
979 827 42
1305 48 58
670 44 18
1977 196 5
1913 1935 60
1099 1457 97
630 229 40
980 473 17
193 101 18
1235 1595 21
1355 1175 55
224 950 34
1844 1563 8
874 561 63
699 1294 79
1687 1985 33
481 1374 88
1923 1661 74
449 979 40
1261 819 74
1956 1224 19
33 1598 20
668 1620 74
545 840 74
1156 744 84
1043 1608 7
1732 362 6
1914 1384 90
279 1304 42
919 1097 68
805 1237 52
1137 1993 6
270 1265 68
1537 792 100
266 22 16
1460 1898 58
1759 868 91
255 1983 41
416 708 36
605 1338 74
967 1401 42
1178 715 94
1187 699 58
487 322 66
943 397 56
630 1140 23
420 138 75
1654 50 26
709 946 79
86 1127 70
522 661 70
1489 1134 42
1592 391 74
1026 1220 14
976 881 14
634 522 92
838 121 60
1388 1027 19
576 638 1
831 992 91
571 485 74
182 47 32
1169 209 95
257 348 58
943 121 10
61 1251 72
1101 723 41
250 1042 26
1793 1284 20
551 45 50
1723 243 58
1176 1781 32
1193 1253 82
1616 859 62
1499 591 92
511 1144 33
361 329 27
362 397 80
493 769 31
871 1110 60
1175 1179 43
134 1230 84
163 354 9
1446 343 78
1036 1429 22
1157 566 2
800 720 82
1209 27 39
1298 1726 67
617 1597 30
1865 531 3
665 307 56
1772 1414 46
1325 1129 81
1326 1771 68
1632 1863 2
1993 1471 73
416 574 14
1759 1276 5
639 462 6
1794 275 26
1 441 91
276 49 86
418 1000 42
1349 713 24
1823 1516 5
1520 1024 32
1360 821 94
419 1240 98
1607 1291 9
1869 771 31
747 1563 89
1531 302 70
303 1931 33
787 108 14
364 1343 97
1458 856 58
1264 413 73
1008 733 32
294 854 21
1290 626 75
1272 464 40
810 13 27
1046 397 93
1566 1624 91
1650 740 80
1502 647 90
1530 1692 15
365 1315 96
1283 753 3
678 1575 7
1806 972 27
218 1624 25
164 633 60
1617 971 88
1091 604 93
1717 1742 86
1570 1529 28
293 1823 70
195 1890 86
1365 656 34
107 1001 67
1291 462 52
487 239 31
624 127 81
354 1722 1
274 890 96
168 657 69
1324 471 76
1887 1623 88
1891 578 32
1566 1717 81
263 1973 71
1195 1483 9
1355 1293 26
1249 1746 64
337 614 6
1719 1434 96
950 435 85
176 766 20
336 1641 84
1353 1097 64
378 803 73
1155 1022 31
1208 954 47
1586 1657 99
1659 1864 71
1867 210 41
1677 937 68
1411 1394 93
725 283 88
608 1450 14
225 1224 41
612 1772 33
94 141 97
699 1358 87
1262 466 28
1390 497 63
1884 1726 30
264 1551 98
786 1165 14
1990 21 92
1088 443 98
112 738 26
714 1055 35
343 1041 17
881 925 88
66 1011 13
1015 831 14
126 1965 40
499 948 8
902 1326 87
1190 1060 42
935 844 42
1570 1635 20
1790 1640 86
1297 1347 42
274 916 28
513 92 76
1861 1025 67
641 1492 60
623 1991 85
870 519 93
3 690 38
109 1141 21
957 837 87
439 210 1
1107 1830 52
1687 562 75
1644 335 76
240 1465 7
1752 1448 73
1857 463 44
1411 238 31
1024 484 35
146 749 75
1242 1422 72
468 221 75
71 1835 100
216 465 24
107 1500 19
549 77 63
783 162 81
904 682 74
888 1373 68
1630 1017 88
1722 1546 87
1343 19 4
1556 1069 47
75 1977 81
966 641 99
1124 1509 28
497 1565 54
1773 1984 40
1715 1725 10
534 1412 54
691 1717 1
651 806 96
469 243 82
36 674 91
1655 137 1
1983 615 96
482 274 24
1075 136 19
374 856 56
122 582 23
834 726 38
877 1751 98
1810 1615 50
1474 660 54
213 1679 96
678 120 71
595 1987 30
629 640 68
328 1688 79
1831 244 72
1269 567 13
652 141 3
1818 1521 20
85 1642 87
1089 237 8
343 1910 48
493 1475 86
278 337 45
1707 965 2
424 1023 12
1538 1672 94
1004 1818 2
1639 1605 89
1961 398 61
568 1007 29
1756 754 96
786 1509 55
890 319 60
1382 1401 17
388 620 45
1006 1659 80
1309 1478 42
1291 1326 16
236 1094 41
174 1586 38
441 827 19
79 1901 28
419 1911 27
1907 1939 36
1469 86 70
358 1705 40
231 1895 71
282 1007 77
1658 217 51
1962 1240 39
955 1550 48
685 1535 63
1257 384 64
292 900 94
1062 1835 75
1774 1651 63
1393 1616 93
138 1640 34
1123 627 68
1271 1852 36
1238 297 83
1192 1377 82
1103 764 25
264 851 20
1935 474 66
599 1128 65
1865 1201 59
1392 1052 37
1518 1647 72
408 386 47
942 1601 48
360 756 11
1034 1767 42
685 398 69
824 50 8
1380 1151 32
1707 111 73
1219 720 25
174 773 21
161 1090 15
414 595 55
179 463 92
1697 12 40
967 491 13
1624 615 35
1852 222 17
1140 1931 59
411 1429 75
480 1093 45
1768 564 56
161 1069 88
390 1457 17
602 1832 60
655 402 38
1780 1519 12
677 7 96
1004 1475 59
1194 1157 89
109 99 32
514 998 47
433 453 88
1487 174 92
974 847 70
684 523 97
1248 889 83
978 380 36
1834 1819 56
1137 598 77
861 1623 32
683 1450 44
1592 1696 84
726 1971 80
1582 1881 61
1246 678 75
1089 1610 5
1690 1489 40
891 102 3
803 125 68
774 900 59
1497 928 36
1238 1269 49
372 1323 75
438 1091 12
408 1192 30
969 1497 3
965 760 22
212 1934 54
1430 791 96
1226 854 81
950 599 90
1924 1050 54
1414 1236 26
1361 893 67
246 1021 21
857 1 6
78 44 98
715 484 34
1326 775 84
276 1101 74
306 1713 73
1877 1200 50
1462 1401 77
1711 1950 42
1147 618 35
1873 1296 52
136 994 90
356 238 11
655 1684 82
1228 1194 33
787 383 48
1110 1709 59
680 413 87
1702 176 9
1553 712 85
1360 363 28
860 1655 17
1479 1413 79
1070 238 64
281 392 29
423 1036 5
1496 644 84
1119 1408 86
1857 1333 74
870 612 96
530 1438 70
1860 385 53
185 517 54
105 1643 73
202 242 80
605 1623 54
964 1128 6
1201 349 17
1414 759 72
1234 1796 97
1165 1455 13
1845 242 77
1442 1183 19
384 656 67
974 1246 3
1204 497 49
815 1057 28
668 272 52
1456 395 82
1610 514 19
1548 169 39
872 1013 66
1712 875 75
553 1610 56
273 694 7
1865 1786 93
775 1004 29
655 1449 74
1672 73 87
949 631 34
1704 1841 5
24 99 56
1247 1481 7
970 649 9
1345 1944 34
1036 359 62
562 473 46
966 950 43
1566 149 76
212 913 84
1691 479 12
389 510 51
1655 1537 38
123 1962 58
932 238 80
72 804 6
849 1668 39
235 1438 5
1095 875 95
1687 501 27
201 843 40
79 1233 45
1721 1155 35
1141 1307 34
700 631 62
213 1769 37
462 198 41
1533 1986 97
1737 1940 57
1730 1033 61
569 1401 52
570 1696 64
1370 911 30
964 402 76
530 563 17
636 191 93
838 112 12
971 343 92
1094 1220 17
1092 127 25
634 686 23
1704 1030 56
204 1029 76
199 1812 2
1486 1927 54
753 1721 61
1389 159 2
1366 788 94
1701 1151 35
252 70 59
1492 1532 81
812 321 88
1074 1297 20
1798 1438 63
543 262 32
619 1689 21
952 1817 67
1520 804 68
596 601 63
368 309 76
745 948 21
451 1391 62
1888 80 100
652 900 47
505 295 45
1969 1694 21
412 260 96
407 683 77
1971 851 84
1130 1617 3
635 68 1
891 764 82
603 1770 4
173 1010 54
806 1826 64
775 1242 83
241 267 98
1870 373 76
890 1882 49
1353 1626 37
198 1876 43
551 1257 34
430 1401 63
1530 1847 93
1995 409 4
1595 471 74
620 127 40
774 484 29
406 608 96
1965 1837 65
93 1435 34
1953 810 38
478 1603 63
869 1280 87
1701 361 75
1895 1085 22
1307 652 28
1512 1186 40
978 1216 14
889 485 75
583 456 93
116 460 30
578 948 37
336 1327 36
236 799 96
114 1731 59
1154 1768 68
303 33 60
677 1329 80
838 154 71
564 821 59
1009 512 1
1867 1383 14
1322 1594 4
1015 736 76
1958 621 43
1028 1003 86
1819 933 72
719 1164 54
1595 1434 87
887 913 94
950 589 39
950 1933 76
1394 1378 9
1727 1725 100
961 853 7
222 1099 4
834 1453 88
1748 407 23
1652 316 56
124 109 83
1943 622 52
803 581 51
938 1678 86
1301 609 62
385 351 13
1026 595 72
1560 1946 48
402 454 1
332 150 34
751 1879 83
686 14 99
913 970 33
358 104 90
900 920 26
1419 703 99
1411 100 53
193 249 73
1922 563 64
368 1531 4
158 43 5
1548 38 14
377 935 42
1211 1871 43
914 54 30
1567 1123 2
223 1523 61
1786 1136 44
1583 1071 99
953 501 39
1019 1774 91
1787 1570 34
974 1230 95
1853 114 97
1861 1017 6
905 1094 28
1780 1917 27
285 944 58
648 565 96
558 1647 41
1418 1997 59
109 1641 58
784 165 45
309 1460 44
715 1020 7
517 148 32
230 173 87
606 944 97
1425 1889 40
669 517 58
694 1819 80
12 1250 82
1875 1896 68
182 1140 17
1220 1921 95
1075 1576 2
48 515 54
899 1376 70
1497 1466 22
1990 1734 29
1911 1076 24
1066 1765 41
193 338 6
1954 258 86
115 996 85
1206 118 23
543 1087 11
1389 590 52
181 1980 67
1222 266 38
1703 1544 82
340 27 39
1791 693 3
863 479 79
64 968 34
1588 1027 58
1593 684 34
1619 1410 24
375 448 76
1009 471 27
287 18 19
1296 364 52
1025 891 85
1933 159 58
1413 1726 66
278 1745 57
488 1735 46
1166 1851 72
1319 744 39
184 262 46
524 788 59
1734 1436 25
248 1933 60
1916 1100 25
1027 696 70
1791 1674 97
645 886 89
641 321 53
346 1375 27
546 239 74
460 103 11
98 1643 39
277 706 75
631 95 50
1897 641 72
384 13 31
1527 1949 52
822 1558 45
1044 1153 65
1966 1572 25
810 1362 1
1431 1699 61
761 177 50
1353 15 7
984 1192 99
1479 556 22
790 1683 69
60 1629 85
834 920 31
435 1875 14
1354 1906 12
145 137 20
967 695 23
1240 507 55
1755 251 9
579 1430 24
542 427 77
822 1444 71
14 434 51
733 278 40
1732 1952 88
1909 836 81
888 483 31
136 1433 32
717 533 27
1011 864 78
182 1716 75
1689 25 36
1288 1374 19
625 464 7
1271 1403 100
19 1555 41
451 658 18
1386 1732 77
888 608 14
1623 1724 30
1632 892 99
1454 1819 70
1703 1974 6
450 208 67
1137 1219 54
1830 915 16
793 1503 44
1136 1138 28
4 948 27
667 1036 58
1444 1778 18
1138 1093 64
1428 1037 45
102 54 24
898 984 30
620 1859 19
249 1008 66
645 105 26
892 927 56
266 595 93
910 1735 17
1415 608 11
1242 1551 31
1615 1799 77
1256 227 44
1287 77 84
999 1154 77
1292 531 46
1613 1057 26
68 1647 64
170 162 87
870 998 30
593 1090 27
266 864 70
1998 1590 23
326 206 11
1170 291 49
1754 1048 53
1333 934 27
213 1821 65
871 1735 13
1656 1484 63
1286 150 32
224 1243 5
439 514 45
271 1798 27
267 770 39
1885 1642 62
1938 1669 46
1420 1013 12
1144 1471 94
550 1716 64
341 681 44
1995 928 27
1578 558 61
1861 1308 3
1996 1393 8
1450 446 84
815 1948 35
1951 43 7
183 1643 69
1292 1758 65
1028 256 54
1300 510 99
1535 1823 76
878 1176 4
425 724 10
1652 128 71
1185 918 83
110 1716 43
927 938 79
1857 1893 65
550 623 40
1050 1862 7
676 1945 92
720 1962 48
1323 710 82
1365 1499 67
1399 1430 31
536 114 32
686 250 67
1311 205 4
23 1195 14
1739 1431 90
1945 898 99
918 987 8
1738 1341 74
1642 1002 25
1145 842 14
1677 1875 88
703 486 45
1101 1343 20
667 203 26
1822 1262 83
49 1520 73
97 1028 85
1211 876 64
684 1054 55
1165 182 69
1513 1506 59
1454 373 87
376 378 19
802 114 95
1175 793 85
249 34 53
98 218 58
405 1638 100
653 1082 35
568 1192 100
548 1933 3
881 1470 27
1251 1676 59
1431 1483 69
1350 1786 21
1378 704 29
252 1387 13
611 1352 76
1717 1239 97
154 1256 52
368 686 11
657 1625 61
1157 644 62
1553 1562 8
1406 1320 84
1618 112 68
1495 994 86
1900 572 30
1280 38 32
863 1915 4
66 1907 58
419 333 79
1424 1549 18
435 470 63
988 96 92
967 423 2
288 1842 76
1952 1001 23
1823 416 15
1507 1291 26
465 1790 16
1147 1366 36
1187 1665 76
986 618 92
895 1856 41
330 1968 1
584 1967 30
1812 709 6
1129 1666 26
915 1830 26
531 1757 90
393 206 95
1313 411 91
1227 337 23
1936 1091 46
1367 1891 20
1353 1041 31
938 376 8
607 1636 10
671 287 58
209 1029 43
1026 1591 11
282 846 14
904 1286 74
394 1680 10
1089 333 9
1847 473 83
329 708 13
1311 731 54
458 1354 22
1365 109 63
35 532 11
78 344 46
861 1781 52
1138 281 84
849 1983 35
327 366 70
13 1348 47
1959 1371 99
452 1373 14
487 1774 80
550 214 23
1561 1714 92
1634 765 45
1261 978 44
435 875 8
620 1146 77
196 1872 45
1881 1880 18
1905 1749 24
1474 1248 26
948 134 88
535 542 92
7 1266 17
1442 699 26
631 1438 80
56 1361 38
599 1253 46
292 191 83
1796 470 94
1304 1959 41
1737 1192 18
214 92 2
1159 1819 92
539 354 82
14 1998 81
422 153 27
827 1325 68
1930 473 92
167 1005 78
1590 1260 14
1976 1954 35
1928 123 17
1468 598 53
200 426 28
1563 1631 21
756 521 9
185 684 40
1962 837 63
1029 832 71
333 1812 99
275 1641 6
562 37 8
287 113 66
240 1454 59
1573 1857 25
993 611 85
966 891 7
1417 1222 74
1967 347 37
722 1505 64
1000 141 13
723 1164 54
599 1992 4
949 1269 82
1717 864 35
1592 780 60
1782 1773 82
821 1429 61
497 1260 92
834 308 15
1253 187 3
33 1287 88
554 472 45
423 690 74
345 640 63
1012 1763 17
384 1703 72
1727 1328 41
686 1524 2
287 1379 1
1890 39 64
1173 870 46
1050 1036 20
14 1501 43
1492 1436 15
885 1755 74
538 466 99
1626 765 59
355 421 36
473 880 63
138 1659 58
831 1195 26
1477 1734 3
1338 1082 45
105 975 71
408 111 63
1823 717 71
1991 1014 49
883 971 14
1131 581 92
1737 1601 91
902 1 72
1188 1172 72
984 1237 20
163 927 22
491 500 92
1663 670 47
1904 973 54
1869 1263 64
1085 1797 13
913 751 15
198 1859 63
917 893 19
1555 604 23
101 329 47
812 1706 93
1867 1420 94
837 250 52
764 168 3
1969 1710 67
717 570 64
1171 1429 11
859 1931 31
349 1924 65
1928 490 29
1435 959 78
1945 1346 1
1228 825 90
200 157 51
661 49 25
813 1976 23
778 1066 74
1991 1369 81
424 1691 24
1270 562 5
822 413 24
1850 39 37
1758 207 97
1404 683 30
677 537 1
1995 1360 86
1650 815 15
1960 319 66
1580 1484 62
63 89 13
1245 1266 31
1798 737 63
1539 268 82
231 800 85
1894 278 41
1040 1543 4
967 161 90
1344 1815 69
174 682 94
431 1651 82
1582 434 21
1084 1610 97
1700 295 29
1881 1904 19
99 1134 15
754 1075 97
1151 547 65
799 33 99
1920 1072 5
1005 286 26
28 1402 57
28 1864 5
1331 1198 83
683 26 96
1084 1806 46
1427 997 82
144 1334 69
251 1006 77
1530 420 49
646 298 82
1296 1073 18
1719 1744 22
1226 1215 16
167 1924 65
1036 1525 8
1169 1253 27
506 62 81
238 1635 63
1957 1868 51
413 909 74
1506 1732 14
1041 1093 67
1092 1630 9
521 835 30
1706 1 86
1926 198 92
181 1529 27
158 1749 45
257 203 72
31 202 62
1246 1921 36
1805 1577 70
467 193 64
548 471 33
1427 1526 88
1604 253 39
1733 835 60
89 254 29
855 902 17
233 1400 46
1517 1706 11
1162 1012 8
1629 383 94
949 1027 37
1900 717 54
1058 788 59
1696 1593 50
681 943 81
980 677 85
110 1663 56
807 1175 34
1869 983 73
1145 1835 24
1816 1587 61
972 1055 34
1114 213 98
477 1546 95
212 610 78
337 341 47
894 614 22
70 1379 33
1754 1088 30
1103 164 36
596 894 68
1931 657 38
556 516 19
486 995 46
551 1519 74
411 153 71
1328 42 24
837 978 78
572 677 73
1127 1890 21
1834 1483 59
104 925 86
1636 396 69
1748 367 36
1641 1445 43
638 377 91
563 253 27
357 1038 50
468 163 13
391 247 95
1166 1952 74
752 643 93
69 1089 13
539 1829 71
987 1317 46
1978 76 27
1457 1344 53
104 404 12
220 7 39
1998 1674 81
1730 1573 61
1019 1455 31
230 302 59
569 1333 38
401 1512 89
1079 389 8
626 36 63
204 1276 42
1398 1866 12
1274 1698 81
1065 932 48
723 1962 11
1480 1751 12
1566 1513 17
190 1024 3
974 807 63
1987 1892 18
1159 1345 55
346 100 73
125 1010 19
1359 64 21
1486 1491 73
1991 272 67
1672 986 16
1846 602 2
497 1459 38
1777 509 7
977 900 41
409 1973 57
111 1299 15
605 105 46
1251 558 6
738 1672 16
1023 1771 53
20 1123 89
341 1143 20
663 637 73
1186 1015 22
998 232 12
1940 779 3
482 1605 2
1576 720 30
179 271 26
291 185 70
201 1285 20
1565 1999 94
4 1383 64
311 282 25
1841 1684 10
418 1910 8
1221 1406 1
805 1788 93
1043 1300 27
180 1534 95
1853 517 49
674 631 41
1577 102 69
993 1777 13
1385 801 25
701 1863 78
209 1606 27
306 1040 37
1131 746 2
302 1561 80
723 1414 41
380 1618 37
758 211 5
1256 352 13
1911 1971 8
1561 709 40
1006 1157 50
1822 7 56
1002 348 39
757 1944 85
318 1288 36
1301 838 87
781 1787 67
1839 431 10
442 1088 73
1481 1000 76
830 1213 17
333 375 80
21 1440 10
172 1113 47
1783 347 29
674 655 2
777 1099 4
1239 1835 67
1346 1672 100
430 1765 13
945 1703 52
313 381 98
924 1685 91
1001 101 99
1727 194 35
606 1799 64
1881 700 68
1856 1328 7
905 1098 84
1181 1923 66
1550 511 63
729 1213 85
1698 389 55
1653 1607 57
1017 1524 7
1427 767 21
888 1137 15
1735 204 44
1070 1933 9
904 605 15
1489 778 97
1903 1435 32
1985 1736 70
1762 587 36
1344 166 71
1449 743 32
35 1565 71
885 43 49
1262 1555 17
764 1131 45
1007 752 2
734 725 53
1202 1617 85
723 1777 53
967 1341 73
538 632 28
684 1866 20
1447 1123 58
629 1295 9
58 1370 62
1415 1019 36
1091 153 36
852 162 45
386 1337 96
630 817 69
933 1742 6
474 75 98
1434 772 54
534 1017 43
486 188 75
251 336 42
379 1524 47
1800 572 67
494 210 65
1344 1301 64
1649 1611 42
1650 146 87
547 828 99
1395 1192 27
1419 1998 1
350 1036 2
75 297 57
1551 1841 45
1936 895 55
1910 916 92
1890 622 68
418 129 85
931 1812 25
1083 939 63
910 513 59
1601 713 64
328 1007 51
120 1660 92
1328 1230 34
385 1871 61
1824 1354 21
1051 78 72
1482 1162 83
1895 1935 6
1779 212 61
347 1060 70
55 1291 25
1784 919 74
1257 1016 56
1983 1485 27
559 1666 57
853 176 65
827 1454 76
1267 1386 15
1981 885 28
1122 996 85
659 887 45
1837 1713 45
1368 1097 89
1592 407 59
1746 1920 6
1320 1777 53
658 47 32
827 1024 30
1881 1496 5
416 704 21
1713 379 40
251 398 32
849 1771 39
1549 1830 74
1523 1594 51
538 1976 89
930 274 6
672 524 59
872 205 16
1460 1895 39
1533 1568 27
985 1181 19
1442 1469 95
504 1763 50
1030 151 78
1235 1124 67
1105 757 12
1908 252 88
1059 1415 27
1427 42 26
1445 1313 4
396 1190 15
1078 1998 97
1244 968 44
127 576 56
1207 1682 5
1993 189 44
65 640 50
1813 1201 20
124 1230 73
811 460 5
1370 694 99
530 1382 69
1766 1897 95
536 973 82
1404 110 86
1076 713 8
522 1868 95
1532 1452 66
439 1647 45
1295 1592 97
1094 1427 65
1849 1507 52
1244 234 55
1056 1499 13
1455 1184 63
964 719 63
811 20 98
389 224 50
537 1901 50
767 1673 43
327 1429 28
1207 131 30
1411 821 24
435 777 97
887 261 90
743 822 3
290 443 53
1560 1925 21
1215 160 99
948 1682 1
71 169 66
1615 573 78
1119 1830 28
1709 697 69
1846 104 21
1565 1748 85
60 1598 10
1016 1709 24
1261 1690 75
1454 418 99
1074 311 74
451 1254 22
943 1585 96
373 1352 7
1815 1997 73
49 1470 84
160 730 36
1683 1716 56
465 1803 12
1852 652 1
440 150 93
500 1735 67
999 1776 7
919 1429 61
1246 376 98
1609 1117 97
672 537 52
989 1958 9
1392 1118 68
1005 481 15
1487 884 76
668 634 53
967 1171 30
16 517 77
51 1426 29
732 1107 6
3 1509 29
1910 1762 25
1187 647 61
367 806 58
1352 309 19
712 1637 70
233 1120 66
772 682 43
1495 1124 55
11 904 8
338 1762 64
155 1949 71
1651 1840 7
541 752 38
1851 1137 51
1763 1324 95
1825 1479 88
173 1003 67
875 820 34
941 1438 5
573 382 25
1581 712 46
354 603 70
768 1232 86
965 1497 40
544 1818 12
58 503 77
1841 1803 59
892 1066 56
1192 1888 37
424 1614 53
1046 949 12
516 258 82
1073 1799 94
1563 616 20
1739 173 77
1210 495 6
72 1345 11
1060 1456 67
399 1180 38
845 1003 21
1450 611 12
1049 812 66
970 1558 55
1534 1636 98
343 571 81
142 1385 35
1111 1486 70
876 824 82
276 1098 67
1859 1049 95
1278 138 34
912 1813 61
1174 511 9
814 899 68
1512 453 80
1203 989 70
1789 180 27
995 821 27
1797 1448 90
379 1371 90
1717 861 9
396 1729 44
641 817 18
857 478 59
835 1042 26
299 641 7
269 1458 30
1119 1144 36
883 1616 35
776 1492 80
1787 611 76
145 664 94
1488 789 16
1585 260 28
691 1292 81
1746 492 5
126 1661 14
1142 1717 61
1267 1046 26
1748 1110 5
1055 522 66
1751 466 76
1728 35 31
1034 1388 53
32 801 38
594 703 69
1086 415 8
1597 1580 81
435 830 68
567 1606 29
1123 964 75
1439 1323 36
711 1220 81
764 589 31
1142 49 75
7 757 23
605 812 46
1702 1635 80
1859 534 55
489 1322 23
1806 678 10
996 464 44
1417 436 83
260 1714 2
830 307 9
1410 875 25
461 937 30
1182 1544 89
151 1777 83
1491 855 4
1192 1150 9
1573 674 2
179 1099 97
1715 1614 48
919 8 23
22 1866 42
689 310 17
1328 1126 71
1887 355 1
1777 476 45
1876 285 18
1528 226 79
1140 1278 87
1706 954 74
1989 1764 68
867 148 75
1985 1999 41
1449 574 12
1115 1036 31
1174 172 18
2 1925 45
351 1673 18
1144 1830 100
930 573 7
560 1196 16
1203 328 7
570 1945 80
1088 1811 56
1950 1040 24
1221 1762 27
656 574 12
1022 1740 81
1272 99 17
1206 859 81
574 313 74
30 906 32
1978 1176 6
276 710 43
963 1104 51
1197 631 28
1458 800 88
1556 1877 95
1610 1723 86
1128 1101 42
1651 665 31
249 796 11
633 1376 47
519 571 26
1923 1996 32
375 196 15
1053 197 6
1159 221 63
438 730 47
1070 866 79
1599 1636 74
1915 852 83
667 1129 32
359 1547 10
104 109 2
1333 1591 81
954 1017 14
109 471 54
1865 1871 86
1195 1419 81
964 1600 53
1864 1950 78
1931 1495 22
468 1622 6
394 1035 22
248 1352 97
810 579 94
1705 178 39
1023 646 92
1870 1808 37
313 780 37
212 1238 68
318 577 97
1171 1829 60
333 1438 13
1490 170 52
1818 661 20
1674 832 31
897 1015 60
802 143 86
453 863 94
772 1816 69
1562 1204 2
214 654 51
1255 1470 28
1984 1819 63
1267 740 8
452 1818 88
1915 1629 8
467 1064 21
606 1430 40
629 359 31
1156 304 96
527 1006 43
165 1465 63
672 680 33
1711 569 44
956 385 19
382 971 77
1408 531 3
1534 19 21
150 643 54
930 1708 95
9 1863 94
413 212 36
1683 298 49
1019 1318 47
1021 1801 48
1860 1669 39
1511 983 49
1792 223 81
230 7 81
640 1058 43
963 459 69
399 1717 4
1257 1286 77
525 1530 6
712 461 28
1603 1602 86
754 966 91
832 139 98
116 401 93
430 1296 30
759 345 76
758 1344 92
1062 1230 10
823 1624 94
1732 96 18
420 1701 57
1755 1231 55
79 1312 41
764 1298 29
1396 1443 64
1723 641 66
187 1023 43
317 257 6
1895 891 48
98 634 57
1532 765 50
1514 620 31
1623 1185 87
1075 1346 1
93 144 57
580 1526 89
273 294 23
1421 1764 98
40 1581 76
485 947 91
893 186 1
936 1638 89
719 1282 55
827 1354 30
1405 750 96
1017 1062 32
799 1937 96
1866 1284 88
596 843 13
1382 1685 91
724 1700 67
828 941 12
397 151 61
1154 121 65
826 1699 55
585 872 17
1497 758 83
707 1542 14
77 1344 20
1017 1073 73
1869 705 84
651 1685 48
606 1754 43
80 941 81
314 737 4
1709 1893 81
481 697 24
1387 166 16
1857 1792 58
808 1334 46
1823 1411 35
1641 1243 24
77 1322 19
783 1662 37
1533 1380 36
774 753 35
1067 1671 1
202 482 68
416 497 26
30 1611 17
559 1213 20
1418 1008 3
1731 72 25
1805 157 8
712 1788 75
456 1101 75
1633 619 96
1717 1585 71
1207 803 50
152 80 74
1968 1233 39
5 304 1
1333 1617 29
518 1171 64
1173 908 45
1726 1672 92
529 1993 45
307 1075 87
1327 532 79
1181 789 51
1292 35 16
156 766 69
1459 1570 3
1590 410 14
974 895 88
1658 1054 31
1859 935 49
545 980 47
239 1775 81
910 493 56
1799 807 92
920 1886 2
1040 567 68
873 1557 64
262 900 61
675 68 39
995 484 16
1848 365 53
730 26 44
38 1246 98
148 442 51
1611 365 6
1147 1842 64
1748 1113 58
1476 17 34
515 1530 41
865 920 49
595 1296 4
36 1180 66
1048 1237 29
619 75 9
1989 181 49
1846 1512 69
904 254 5
713 619 60
640 1671 84
87 1308 24
550 1779 97
18 643 21
1996 1918 100
1226 382 27
625 133 49
56 1328 25
1056 1762 97
831 1447 73
424 1836 11
816 1376 20
316 1034 79
1816 622 81
653 131 2
1385 1402 58
226 1814 78
244 983 54
1568 1758 59
820 164 49
1531 140 7
556 957 33
344 1890 76
565 1823 47
1108 1342 53
324 1527 49
10 1477 92
1733 394 63
1968 1338 74
252 1548 95
1312 265 48
1549 1143 27
92 1867 63
1439 1252 76
1782 438 51
886 154 62
612 1539 66
207 478 97
561 1780 83
540 1168 83
1017 1036 32
923 1461 32
575 1161 74
1459 140 42
1729 1258 50
1398 877 72
1222 103 63
1719 264 46
1512 524 28
483 1809 49
1635 1773 35
756 1615 75
712 193 11
952 1923 100
1305 1540 46
421 795 51
649 467 99
819 269 79
629 1542 49
456 955 93
942 1185 18
759 289 51
509 1210 92
1119 226 49
1514 1009 76
352 1619 82
1773 1083 27
262 449 77
931 1864 27
1894 1468 37
1271 271 88
1036 165 12
1830 1867 30
367 981 26
877 813 77
766 840 80
1887 912 91
341 1744 27
142 1018 86
294 1563 62
207 1131 11
1429 202 94
22 1824 55
1892 1946 25
877 263 55
604 1935 90
510 1944 86
1718 1092 12
1138 1894 35
846 1123 1
146 884 77
92 569 55
1775 677 37
946 285 62
1391 1737 17
1323 1507 44
1936 1638 78
1811 44 12
1199 1063 70
569 1650 5
112 1337 49
1725 1070 17
338 1624 33
1706 880 92
1666 530 93
1807 1256 33
789 1104 26
101 1964 5
1966 1440 93
888 1571 26
651 380 82
1339 817 1
653 1611 75
382 97 39
895 969 45
709 1791 33
252 1927 13
1283 294 3
59 860 8
1750 1319 31
863 189 77
1516 1985 61
1318 1140 6
107 209 15
1762 1245 53
415 1649 51
1713 1089 93
567 1899 95
1109 1684 35
1444 1923 8
1094 212 7
985 1285 17
1175 1956 90
317 1306 49
698 728 97
1278 1603 13
1260 860 30
549 747 89
1339 81 8
1827 513 84
1427 595 49
1578 804 4
302 1933 45
1053 1541 31
528 725 1
132 1337 99
1945 78 61
1309 239 45
641 1897 87
491 465 54
1215 964 41
1405 415 7
1626 387 75
429 1323 74
472 378 10
1146 1152 22
1107 1723 19
1884 112 52
161 704 100
468 1567 5
1843 537 20
1308 1921 54
285 1888 51
792 1659 70
699 978 43
1025 256 27
245 909 62
941 1351 71
1554 1881 56
658 1291 5
27 992 17
1088 1969 17
151 1520 68
1969 352 95
1433 394 71
1750 468 71
539 907 66
1081 780 85
389 960 74
746 308 50
1711 1158 52
378 211 91
1388 1348 52
1266 596 10
845 1208 30
241 526 8
725 805 26
1177 1366 9
1367 861 51
349 1555 99
1682 1122 58
1374 1237 33
565 189 90
1951 48 29
697 847 73
1299 160 3
366 1620 59
1073 1119 28
1477 123 82
324 257 90
36 1372 69
499 602 7
1251 1381 16
1144 938 41
1008 727 59
433 1026 67
991 1941 34
351 142 60
179 848 44
893 711 26
1032 1650 31
970 1375 55
1727 609 30
363 385 9
232 1428 62
392 887 70
376 780 66
831 296 47
1108 735 53
201 1468 31
110 1327 89
1331 1405 29
432 920 19
386 863 22
1635 46 85
1793 1040 22
1721 455 1
559 70 13
1823 1278 78
150 901 14
1507 1289 96
679 1544 71
1684 1114 77
512 336 66
1667 232 20
1072 1785 44
917 535 68
1208 994 88
187 1997 30
1215 1967 41
1921 450 33
514 1992 48
1691 734 62
1827 80 37
1802 746 56
767 1736 84
1668 1301 84
1228 1396 34
582 1635 34
76 616 88
40 1025 59
796 1397 50
1707 1334 15
25 1088 88
16 893 10
685 108 14
1450 878 9
992 1432 41
499 1357 88
841 1626 97
1915 1198 89
1614 1866 11
1717 794 70
673 340 57
543 1722 22
156 1207 8
1007 1700 87
425 1905 67
809 1085 51
1665 1943 13
552 259 80
1113 450 95
1362 829 26
653 1767 61
1122 1860 19
1673 448 100
987 45 97
225 1539 61
976 1641 34
570 1098 24
1496 1573 79
112 649 37
1442 1011 66
1120 1918 73
1862 709 79
1225 1446 59
548 1095 85
1280 855 26
544 169 39
238 1671 23
297 1000 46
1680 984 71
73 1578 20
701 1653 41
1661 787 30
383 1749 7
1543 1181 42
1978 1496 17
1922 93 46
1559 476 26
1883 1659 61
1407 210 95
1145 817 51
1323 1711 47
1061 1261 26
899 1351 19
1085 1015 24
1057 1147 82
1643 1471 3
1327 1261 12
699 1441 30
1000 785 90
684 1839 84
110 549 83
1466 75 10
734 1902 55
1244 296 71
1492 596 1
824 337 23
1161 1865 72
976 1833 64
1410 1468 68
742 788 73
2 1351 13
1411 1069 49
1350 765 42
444 1461 83
1043 1216 8
888 384 95
1679 95 73
1700 1789 100
235 1773 100
1620 418 38
23 462 100
1469 562 31
1336 352 18
1573 1160 32
1808 1828 33
1681 1340 85
375 1543 63
1761 672 81
422 1205 32
591 357 89
1803 1681 40
945 490 4
896 1277 33
101 1488 93
1942 1923 44
378 1722 68
1131 184 16
1459 1381 35
1026 1362 66
745 1779 15
880 812 91
225 1501 58
977 81 61
1054 651 89
1967 1675 67
1765 87 93
653 209 63
257 112 56
47 1787 46
1948 665 5
876 711 27
425 329 76
1378 1280 52
239 400 49
639 1370 60
1558 144 3
294 1780 8
1138 1624 82
1504 1615 76
379 1432 12
1338 1442 48
312 1284 85
76 1452 63
1683 1555 30
1000 633 36
1342 554 4
1285 1452 70
1671 1741 42
684 1529 77
349 1122 33
1765 1948 53
1972 1035 52
1155 1868 75
1045 1929 30
147 533 6
1859 1875 18
1059 1159 62
1111 964 74
187 998 77
544 1494 17
623 1241 31
1437 1675 57
144 1476 89
283 513 89
1185 1164 94
253 1356 47
828 1689 69
1795 687 27
554 1422 100
199 1501 4
1289 1120 36
1389 98 80
62 680 56
13 1524 48
1074 31 85
183 66 33
733 874 24
558 894 59
144 110 96
289 446 70
1844 284 43
1279 1971 6
1108 814 94
354 10 11
1496 1134 91
1856 279 6
192 843 43
1415 1867 47
1084 1612 53
359 282 96
1 770 82
683 175 88
1267 1127 92
1032 417 73
1330 1159 8
325 1207 68
327 266 74
1611 602 99
926 754 60
889 342 5
1483 27 31
1842 1324 13
316 891 69
1630 256 89
850 1038 25
1130 1496 67
524 1922 89
1205 1783 56
392 29 62
161 175 58
783 1872 72
1733 1318 99
1249 1055 29
1575 756 85
205 1296 72
677 1007 47
1417 1715 25
597 648 93
668 459 3
1499 682 64
1606 1499 90
874 1036 94
911 1264 4
576 1758 64
26 573 95
587 978 40
683 1704 93
1000 48 68
1162 783 55
527 438 96
857 1207 66
1867 1454 21
1 293 94
1711 329 69
467 373 27
538 75 81
246 907 99
1341 630 32
230 762 11
1981 1438 25
1709 1012 26
1688 41 24
446 830 6
1230 206 49
863 919 23
725 1031 59
506 1248 95
1306 1811 8
1133 1262 36
1906 762 55
823 1430 73
1113 903 86
1713 1859 95
368 671 44
1121 784 10
810 400 13
826 1627 21
71 1753 53
316 1323 46
414 1211 91
1383 1677 39
942 1738 42
1136 473 44
1459 134 14
929 1360 83
1684 1229 23
1664 1732 50
66 236 92
27 236 31
1291 1395 26
1580 1673 30
1024 991 14
842 1141 42
815 462 67
272 1763 20
818 110 29
396 29 1
1149 1254 41
632 749 98
365 387 44
691 1968 36
595 16 60
1678 1552 4
1498 1880 33
1784 1221 54
1742 1087 2
1307 871 39
448 1294 39
89 831 6
1493 914 10
1099 1025 89
1128 209 50
1645 1463 22
767 788 95
633 963 41
1142 300 83
1007 550 81
150 883 71
981 966 85
1793 1412 99
980 798 26
830 1769 41
1154 649 23
1563 538 76
1606 957 5
89 1984 31
260 584 80
1622 789 9
984 1611 89
1338 825 74
1074 864 5
1359 4 61
489 1537 69
893 242 48
227 1287 42
216 1295 44
1424 1943 18
75 159 32
1880 628 27
1266 1706 11
1726 1257 78
190 337 10
1643 1456 77
648 1193 98
674 74 27
890 243 12
1019 702 59
1996 718 89
950 96 37
1126 1282 65
1802 419 17
290 762 91
281 1937 63
1983 1457 79
1863 1327 28
691 1900 18
126 157 61
1386 114 79
1787 1652 53
1827 1338 88
1663 1999 16
488 77 77
1757 1172 32
522 257 99
936 1795 60
257 61 3
549 1376 4
1208 840 94
1790 468 99
168 1274 26
323 37 91
71 1032 92
307 704 93
821 1514 2
1463 541 71
1609 400 62
422 1507 69
894 439 31
877 965 79
646 1567 84
906 595 80
1319 1677 14
1309 1373 23
1826 548 61
629 1119 12
1922 546 63
419 519 46
584 1816 71
208 1470 73
606 1374 35
191 1982 93
203 1136 41
727 124 76
1642 514 10
1387 1348 4
112 1678 68
896 1686 64
797 442 53
1354 803 78
600 946 81
1235 544 46
1445 1788 21
995 499 85
672 1602 59
821 908 24
1490 812 22
1652 21 23
1553 1048 83
1612 118 36
1221 1284 38
491 1587 11
1748 1588 86
197 1554 28
538 1710 82
692 1066 98
105 1959 46
536 1884 5
1775 1410 11
901 1488 11
1611 1415 28
62 943 88
1421 277 44
254 225 18
1411 1920 92
1386 1304 81
1547 795 36
672 366 24
1285 961 33
1103 1720 64
245 514 44
1897 793 17
1876 1931 16
29 19 49
476 666 83
898 418 58
481 871 13
829 1430 74
138 1371 34
1666 564 25
1110 1219 74
1170 1065 37
1862 972 96
627 722 15
1555 427 74
211 1785 69
895 1321 54
1901 831 73
1700 104 23
1768 479 87
745 886 24
1171 1122 98
268 1064 33
1810 1826 9
818 382 75
881 226 59
495 1632 81
1976 1525 39
772 94 96
1602 1821 61
1924 397 43
989 394 75
1253 1540 69
999 250 31
1572 1947 2
1326 965 41
662 560 75
1462 625 25
1653 343 60
1059 1587 29
1978 1257 68
235 1969 66
57 566 34
0 215 13
524 1867 84
1734 64 24
1040 1556 57
1217 1122 98
950 747 80
1362 267 7
621 792 62
1927 1381 54
808 575 88
240 830 71
805 1289 4
747 1102 96
1417 44 12
607 610 93
1562 641 37
504 483 54
1344 1647 20
206 1791 95
211 1590 71
362 999 72
1739 769 13
804 1355 79
1144 1925 49
253 982 43
1443 961 94
752 182 37
39 104 81
1371 216 44
1973 389 62
1632 1301 81
397 972 25
596 1318 64
1819 576 99
472 396 74
268 80 6
189 1736 1
589 305 1
137 447 100
680 577 100
298 1047 25
409 1872 34
1040 660 37
39 1746 14
789 1390 34
240 414 24
755 701 32
1515 1354 59
579 1377 58
1134 131 69
382 5 41
1861 1873 12
754 812 67
1542 510 44
254 1893 6
935 610 88
315 1621 18
1961 1521 93
31 1796 56
1463 758 37
1013 212 57
1377 626 98
590 1453 74
1857 1742 81
385 326 10
498 1795 35
699 336 56
1163 719 98
251 1522 59
846 1050 1
405 626 46
1053 1593 33
1180 222 10
885 1096 26
1405 1818 80
203 1258 5
305 10 72
656 1354 67
48 1460 42
906 665 69
1338 719 22
1335 1181 5
1826 781 80
1581 1842 81
1957 1432 2
408 1245 25
825 1992 86
206 503 19
1962 260 62
655 1587 22
171 995 19
952 1516 91
43 69 82
639 27 60
1314 1209 37
960 1222 82
1392 125 35
1630 215 50
139 267 59
1771 1041 65
1484 327 51
67 844 15
796 1217 3
358 671 23
1952 50 88
1445 658 82
1175 1593 85
255 882 91
35 1344 8
1795 1020 45
1938 873 70
1569 141 10
378 1041 78
1672 1682 84
1235 1912 65
1396 56 21
1657 40 79
958 518 52
1417 480 22
249 80 59
402 1528 18
1986 675 76
836 1587 51
1232 953 99
541 1279 3
1720 1210 95
791 1859 30
762 1733 8
1493 343 86
118 989 11
261 369 70
682 412 55
882 1423 7
421 1650 68
251 1408 91
1117 1728 91
929 221 75
354 1238 43
1606 253 44
1132 1571 40
924 569 95
339 972 34
925 1215 79
1151 1643 17
1108 249 18
53 935 2
1936 1759 76
90 1622 74
65 1743 47
196 1293 44
1660 1924 5
1668 1704 49
1096 1525 20
1666 634 35
563 1784 54
940 103 53
317 1999 82
1686 265 37
466 20 46
1252 1034 71
1527 1301 45
1935 1579 87
1236 897 12
125 312 48
874 1378 40
1215 1487 54
1161 937 39
587 341 28
453 1000 58
321 846 35
1029 647 18
1174 1325 7
1705 1659 26
1124 983 68
1951 1406 34
582 1190 48
180 1912 61
1533 179 97
1918 1492 72
351 1576 7
1408 1155 59
715 899 28
1716 1614 96
733 998 32
1863 1699 59
1692 1076 36
908 1664 21
1701 7 43
483 132 51
3 759 53
896 688 99
1994 700 78
904 1522 14
1910 95 89
1550 636 58
331 1521 75
299 756 58
946 507 64
456 1815 2
838 260 79
618 536 12
1395 1971 1
617 1743 14
60 398 72
1175 92 7
532 1724 50
1922 839 25
383 900 34
44 1455 65
1338 827 8
540 1494 21
106 1308 55
832 520 18
1175 1378 27
1130 1969 86
619 234 25
1571 556 68
1792 230 64
1389 1461 45
1836 1889 92
283 1477 65
395 763 85
1913 407 33
1485 1924 69
1802 1517 28
1065 1607 64
1991 1906 26
202 873 31
1040 1222 30
1928 30 10
440 45 29
111 887 6
342 1815 88
1442 1409 68
170 1045 66
1563 1307 16
1912 783 1
980 495 12
1855 839 94
633 1441 4
1531 273 10
1528 1027 2
463 1868 19
172 1620 80
270 1797 47
1882 1877 87
371 575 98
666 1988 43
1111 278 18
44 632 87
848 1108 31
1217 561 93
1944 1330 16
1381 1466 79
0 232 60
720 1831 97
575 1845 19
1768 1303 46
1425 1714 69
96 638 15
504 827 96
966 1846 27
914 712 85
325 904 49
848 1587 16
1322 852 11
1074 975 3
1395 888 53
1562 783 69
1243 1270 97
1819 189 2
780 1114 41
1574 1153 55
304 647 18
272 570 89
1911 941 74
1756 1323 59
1633 1348 13
1608 1718 66
1189 796 34
1027 1631 81
1605 747 85
776 231 10
1938 1829 96
182 714 65
131 826 17
811 1985 68
1126 134 36
1187 576 78
513 1656 67
341 838 90
1930 1312 69
1763 1584 49
585 1084 8
1838 975 90
629 896 21
548 1905 40
887 775 18
573 397 27
561 1722 100
139 536 68
657 345 66
689 587 7
431 539 16
1536 625 89
211 443 2
927 1609 48
275 1747 78
1525 1595 52
1075 1341 31
1694 290 1
1473 805 61
1814 1310 75
17 1085 93
1059 132 35
733 1041 41
1310 2 42
994 1428 76
1722 1646 16
1758 903 49
816 1261 69
159 499 49
1280 309 88
739 836 33
1822 847 100
1143 212 91
466 788 96
1962 1916 76
195 1022 2
1288 322 11
1992 1689 18
1164 1005 99
1696 1272 3
1668 1208 80
554 690 87
519 566 44
1373 934 68
480 442 90
69 1085 41
1956 578 82
1617 1111 81
1894 914 51
1213 1774 61
716 1654 38
850 836 28
1093 530 56
1072 992 45
612 880 93
182 1177 72
815 427 66
393 1535 42
1921 455 50
1167 224 38
881 897 48
1074 1793 21
789 311 96
1760 970 44
1947 824 1
71 1797 50
1862 1108 97
1117 26 71
343 354 66
504 50 82
127 1894 23
271 1024 50
1091 428 4
120 340 33
999 287 60
1419 296 54
797 287 91
18 1997 81
1974 352 89
1212 789 34
1373 1170 42
631 1297 9
618 445 61
376 1047 43
48 1316 80
527 23 2
586 1037 1
1211 752 97
126 1178 92
942 831 58
918 1855 35
1656 1255 33
1568 474 65
525 1496 51
1811 1488 87
1006 1348 7
429 1447 64
1611 1012 29
1434 1328 84
853 1485 89
1693 1690 7
1050 63 70
517 1766 91
991 1647 32
1365 1507 71
440 1453 39
1885 1731 84
1448 1246 41
1331 429 22
711 1314 29
849 352 16
1486 1612 26
1020 908 98
771 563 99
961 782 45
159 241 9
852 1181 29
1198 320 42
564 863 24
107 1468 52
61 1009 62
299 1521 11
961 247 94
202 1415 61
1495 392 20
502 1554 18
1664 1915 37
1709 426 24
770 655 74
419 835 50
1473 39 12
1342 1612 53
506 1797 25
328 1180 81
140 1583 3
254 522 40
1076 340 91
509 1692 27
980 1112 4
822 1070 95
1409 252 34
1947 222 24
557 1545 78
677 702 15
1623 1715 32
617 327 66
871 1132 46
943 32 50
234 1464 19
175 227 67
683 1791 97
115 1018 15
1255 1433 36
874 646 41
46 273 51
1013 967 13
315 953 77
1527 985 26
677 961 15
1984 1104 69
1505 1682 29
829 437 77
1043 81 16
245 1333 21
1210 803 9
1691 73 35
1240 1309 30
1418 172 59
1518 714 32
1154 919 35
473 167 63
1985 602 13
1936 144 71
1757 273 31
833 1300 39
658 1068 40
1683 524 59
686 123 42
1310 1440 1
1023 1559 95
1333 83 31
1006 584 59
1596 1840 79
98 704 58
597 1707 56
483 16 88
165 38 13
1464 370 94
1024 1314 100
878 1305 5
122 1840 53
940 993 3
288 1379 93
963 881 13
1989 428 43
128 1215 58
209 1244 46
1011 477 82
1671 1722 79
1231 1648 2
1447 1390 84
835 401 57
904 1298 70
700 1274 92
1432 267 23
1343 196 1
1833 1849 57
225 307 10
1586 666 92
747 339 22
1634 1170 94
885 1876 4
1828 639 55
1620 712 69
14 1449 7
1396 857 32
798 199 19
544 790 84
349 1960 85
987 596 1
1197 280 51
644 103 58
1884 150 53
1886 650 37
316 1825 34
1561 41 76
727 1213 54
1253 1743 64
1374 1257 12
1107 295 99
856 1464 20
1553 55 88
1610 431 2
167 1661 49
288 1028 98
1658 1207 45
1469 1141 12
1054 1724 4
1678 1230 66
1656 1004 16
1442 1188 1
1187 1184 17
1694 246 36
1960 216 40
841 454 73
342 214 67
412 1218 15
1287 1593 9
125 1787 69
778 732 32
1511 924 97
780 229 87
628 1858 82
606 532 87
430 1563 83
1861 1974 25
1113 1153 28
549 797 83
340 10 77
1129 1546 34
1750 645 3
1289 1123 86
428 1218 35
1706 1569 27
384 1039 64
901 1309 2
1908 1113 78
1323 1607 60
1063 1472 19
1142 851 7
1098 232 68
1192 1215 28
787 159 27
859 336 56
1387 657 65
1440 1374 65
745 665 27
1509 1519 65
1547 1274 46
1106 1223 2
747 1393 71
752 1671 95
1376 1635 52
1175 917 26
1284 407 68
680 1117 48
1249 592 10
1029 1903 17
1581 1955 38
215 1125 94
94 1827 5
1050 501 73
1379 872 86
1260 1118 35
1064 602 41
1156 323 50
236 1159 77
573 1855 37
916 167 66
104 1828 26
180 148 78
207 1233 82
1197 77 30
1317 1367 28
1589 1743 12
969 1067 31
202 1035 88
763 1015 57
1615 229 37
1993 250 43
82 696 29
1420 488 37
1120 1666 3
908 1041 72
783 214 58
1692 1404 74
1268 423 99
290 276 32
859 1952 43
513 834 46
1327 60 49
794 1034 58
864 1906 100
1033 1855 82
615 1094 12
81 1679 32
1994 1151 30
1901 715 86
1883 456 72
440 591 21
1162 1844 95
1705 1623 78
1483 785 74
1008 356 47
1649 506 28
1010 1860 4
729 263 86
1773 532 76
1029 845 11
1034 1320 37
1672 1481 72
1568 1046 77
90 1445 94
409 1410 34
1491 939 80
661 1495 76
882 658 74
276 1250 40
1708 1959 81
451 82 62
757 865 4
142 204 49
1202 1404 88
1026 239 88
902 577 92
172 1628 94
1039 756 78
1152 1045 80
316 648 13
1432 376 14
701 582 94
289 1599 82
865 445 50
1434 531 95
1408 1055 81
1080 477 47
83 651 63
951 1125 61
804 1971 65
1875 1101 87
501 1778 40
935 856 66
1760 1790 97
785 1786 97
1438 831 59
1202 1378 71
1878 1901 25
489 1070 75
1379 1041 68
537 504 78
1173 1104 80
1321 950 33
1586 962 36
1234 1877 41
1067 396 60
1923 62 52
340 1467 64
822 839 36
1016 814 7
818 1668 55
1569 1086 19
994 1268 14
1636 992 65
338 620 13
1312 1865 22
1209 636 66
480 803 56
1817 216 64
1866 1538 34
737 437 97
993 1640 28
1707 1069 18
697 541 14
571 531 28
876 1710 4
63 1541 8
1243 547 61
399 1092 24
1180 1595 94
1126 17 1
95 858 20
815 334 12
362 1352 68
1404 918 73
1983 1456 23
0 621 96
1968 1628 84
1807 939 2
1109 1867 85
1619 961 84
412 186 83
1477 1075 96
306 1357 51
1141 826 95
1753 885 13
1198 1750 48
1024 1865 41
152 323 51
1401 1373 93
1583 750 59
483 1817 56
1883 1592 7
7 804 64
46 1193 33
636 1073 46
1821 493 85
1579 254 64
186 1065 59
785 1064 30
532 1645 90
902 1854 51
805 1041 90
896 767 26
1473 240 48
197 245 76
1855 447 46
111 1468 80
734 308 2
1250 201 34
992 252 69
828 669 2
1390 1682 70
1026 1407 14
985 473 92
895 978 19
900 537 20
1068 615 84
84 803 64
1433 497 88
608 432 78
1614 654 76
484 713 17
1979 1549 27
259 509 46
1544 1013 44
1374 661 64
357 1621 77
89 1572 30
1133 560 96
292 636 29
439 619 68
1043 1516 67
449 762 8
1438 1621 34
1953 580 65
1082 555 3
1993 159 90
835 1026 95
1650 1443 82
176 1869 85
1681 1464 65
1221 1218 83
934 808 63
443 1590 52
1938 1097 47
1076 1147 57
889 1897 67
1804 1259 88
35 1602 55
1886 176 10
52 530 80
990 517 85
681 1010 7
1496 359 14
1531 504 50
1463 1761 17
794 702 27
529 695 35
1425 1416 56
735 1808 56
1204 199 50
1610 1571 37
1895 1297 36
1450 499 21
1232 1769 50
1232 1978 43
924 364 8
1884 1954 76
1687 416 18
675 1809 81
681 1391 38
1531 1812 45
1060 1432 14
772 738 22
1444 1265 18
1952 1180 32
1390 921 35
1348 1387 55
1768 1686 48
1523 765 6
502 1996 61
1504 1759 87
649 1302 40
1712 813 12
1121 695 23
1752 1644 21
591 156 71
1576 1026 84
1171 325 18
1708 1470 69
377 1040 12
1660 1093 42
1418 387 6
569 138 51
1605 1062 81
1611 490 80
1230 1162 45
1561 1265 20
1725 100 8
1747 1555 8
986 493 57
1390 1307 41
1845 1752 6
595 58 2
356 601 99
1156 1430 38
1229 1069 5
1753 1758 92
1625 531 67
924 678 55
141 1898 59
1997 1439 24
188 1453 64
756 572 1
1528 18 54
921 258 49
1053 45 40
1373 360 30
1683 1119 2
601 624 17
25 814 10
464 594 54
108 397 60
1016 173 16
1403 1341 6
1507 118 12
610 935 90
141 1282 60
1540 528 15
1055 1668 52
16 1848 22
1098 1232 59
750 803 99
1898 60 78
1997 570 63
1688 1117 44
119 1657 28
1645 1849 19
708 1402 67
581 1998 30
526 592 58
1451 1392 23
329 1 15
1430 912 18
771 208 72
475 139 38
1944 951 2
89 1202 98
1125 1432 14
646 301 32
1585 897 89
1252 566 15
875 377 36
1718 145 26
1346 760 83
1742 609 67
1980 683 8
1367 1323 2
896 1471 45
974 915 82
517 1909 72
1851 1443 91
564 1024 84
720 633 47
1450 1379 13
1767 337 21
631 1836 60
1630 1291 98
792 1760 8
559 747 11
1377 224 68
582 320 62
15 1608 76
1798 212 63
164 11 1
372 865 10
1006 726 64
1002 592 5
1420 696 17
358 1663 65
1143 928 59
990 419 43
148 1912 47
429 1231 52
190 1472 96
1113 1960 93
1090 755 96
927 358 9
50 1217 4
576 1175 17
123 1089 96
1064 283 8
609 1396 83
1247 437 19
485 938 65
1440 552 53
434 790 26
644 981 62
1932 1878 84
1343 569 8
726 921 47
1781 1957 10
344 1977 36
1898 1458 8
1927 1866 16
726 454 85
451 836 3
881 1208 64
1341 1548 61
67 142 60
138 373 22
691 580 35
1573 938 16
668 88 11
787 291 42
66 901 48
1653 1908 10
231 1407 95
675 1466 31
1274 1865 65
496 1653 65
213 550 51
1014 1394 79
1173 1763 84
1677 144 59
1381 497 54
1322 758 71
680 21 63
878 1781 85
992 979 83
622 804 88
204 311 7
412 102 69
760 704 34
1426 1435 16
1485 504 6
313 442 96
548 810 55
674 289 2
267 306 95
842 1608 7
361 1021 41
910 711 77
1582 1319 52
891 255 23
1477 1453 40
1415 525 16
750 1829 50
128 686 6
483 374 40
1818 38 52
1544 1575 18
455 87 50
1307 716 78
1655 1627 3
987 487 21
305 1474 86
1399 935 25
808 1806 45
208 1943 99
1700 1720 71
1375 580 94
330 1444 93
380 846 45
557 143 48
779 1835 75
774 772 57
660 1605 60
854 1744 24
95 1989 39
1913 316 85
1390 1376 11
589 1329 92
572 551 20
1601 1872 92
37 1206 44
1606 43 80
967 386 51
1335 643 10
264 1015 38
324 1344 42
1564 1665 54
1974 1179 32
401 1063 29
1022 323 96
498 957 23
1398 1038 93
1125 746 95
1804 391 92
1283 1861 82
540 1120 41
510 1740 27
718 78 61
610 236 75
112 95 42
438 1157 71
785 1565 58
910 1030 70
1371 775 65
319 848 40
849 1159 15
1896 1026 7
1174 1014 48
657 651 51
1443 47 8
626 1828 82
41 1107 97
901 924 29
825 596 26
766 20 84
549 1934 11
877 1319 40
638 1693 77
853 413 56
1800 461 53
1487 229 54
801 1618 21
1561 399 22
1012 1431 68
1600 1823 35
1004 345 97
5 1883 46
1730 704 50
1109 281 19
435 1719 65
515 843 23
293 961 48
997 34 22
1467 543 8
339 1258 72
1586 1540 14
924 1037 72
1558 1471 27
276 325 97
673 1642 56
408 1150 19
261 251 46
276 536 75
1684 939 32
1565 1677 75
857 1209 73
1372 1020 2
1243 623 40
1275 1536 1
850 65 46
1703 1035 69
1663 530 66
1375 698 80
1340 613 65
72 1862 94
1682 690 65
212 683 50
1559 1536 58
443 1970 27
495 485 8
1983 139 20
1280 1151 94
1850 3 15
1451 1941 66
1894 1464 89
710 429 83
1268 89 77
1510 1972 27
360 953 77
1645 677 28
351 370 43
1362 1587 54
929 1028 54
513 1990 4
798 820 62
213 730 91
785 82 70
863 1875 6
1084 191 77
1317 178 65
422 66 51
2 40 8
505 1525 52
1169 29 4
529 976 52
1424 1146 87
1851 1868 65
654 829 14
1860 473 79
1552 400 98
261 932 68
610 1119 43
1579 609 74
512 1250 60
1972 31 54
519 226 67
1656 64 26
166 1554 30
1914 1755 70
1529 1192 3
920 1003 37
549 706 65
1272 1443 76
1725 1357 48
396 1988 50
1959 1583 89
951 1149 54
796 1542 37
1322 24 41
498 1790 72
1991 1832 12
100 29 16
1780 1578 25
717 1459 12
1622 1992 86
1574 1983 41
588 1646 72
1361 230 79
813 1630 85
169 735 63
1182 13 51
86 1291 91
1945 1055 6
1471 1147 84
1726 1899 49
1738 157 49
1121 671 34
800 1698 37
1043 1119 94
1331 1612 98
1385 1456 1
1287 855 34
394 69 92
576 349 77
572 410 52
1424 526 58
419 343 60
523 177 50
116 836 38
1557 1441 74
1109 1149 43
1644 1131 57
730 1928 94
434 109 72
1346 739 90
557 1607 19
368 1105 30
430 1434 21
168 1981 82
1603 1437 75
1459 1588 11
1937 1435 58
1359 440 84
1724 83 75
46 828 38
947 297 42
1116 1859 92
687 782 97
1689 1820 1
1261 337 58
60 740 33
36 1816 13
193 1508 61
943 902 15
1876 527 13
1895 424 37
59 1815 44
609 555 55
1739 40 61
1043 1228 64
1063 468 10
1157 890 65
1999 1373 84
1552 1786 32
1646 1135 11
1963 454 90
6 1905 31
772 217 79
945 1239 68
165 1749 83
1498 1354 94
397 107 8
24 1674 67
157 578 10
507 854 34
269 539 92
1022 940 45
1138 1024 93
1345 1060 39
707 502 80
332 885 35
636 1483 73
1513 1603 67
1583 468 98
1176 1573 58
1539 968 86
1099 0 50
724 1130 74
1431 1199 11
355 1499 31
271 673 7
1135 1952 84
1913 1864 7
1500 886 85
372 940 49
779 1660 40
1901 1232 64
248 707 58
1206 1330 32
877 1819 96
1740 1216 56
439 649 48
586 1350 4
647 1631 8
900 1166 33
1895 942 49
1637 1812 13
1670 1715 15
1795 1416 95
870 794 26
434 1373 38
1485 665 18
352 1828 61
1502 953 94
1731 634 4
1878 1287 37
1525 107 76
1525 1772 71
1458 1195 93
979 665 4
1006 1249 2
833 13 57
480 858 11
1932 520 61
354 1498 3
1872 1818 60
16 24 74
68 304 71
1824 558 90
1158 1307 21
1344 540 1
1009 1969 98
1755 1232 90
1872 1318 96
689 416 90
622 583 77
1125 1733 10
1038 1843 100
281 23 23
599 1116 63
1528 938 62
233 464 37
1 50 76
1285 1970 90
1619 1769 47
1399 1807 47
819 1024 53
273 954 35
895 375 78
1642 1053 92
633 1073 26
1455 75 13
1166 1217 23
1405 296 46
1307 486 69
1754 1504 75
1007 1799 90
1636 1872 100
1614 384 64
173 607 34
1965 258 28
1046 405 64
884 1156 6
518 1956 91
1176 42 56
696 1311 72
994 1533 4
832 1224 2
1432 1236 42
126 1514 11
454 1300 23
624 322 35
743 973 85
1957 1655 97
765 832 59
530 1441 31
482 537 17
1064 1944 61
1235 977 99
815 675 22
1406 965 23
682 522 55
1023 1350 32
1266 335 47
525 1112 4
569 1408 3
984 1250 10
505 343 67
205 1494 62
1831 188 96
1508 21 3
1980 498 69
1781 1287 72
30 145 87
1642 290 50
1674 1693 2
1201 1291 69
869 1987 21
464 215 63
880 920 13
78 972 2
1250 238 83
1298 1357 57
130 1106 31
63 575 47
1830 1849 87
795 740 63
142 1559 90
1567 1776 52
1709 1715 85
782 960 89
354 480 48
560 989 6
979 1591 54
834 515 23
732 463 44
1802 262 84
910 1107 82
1232 1656 48
823 783 52
1830 67 13
1348 836 41
689 890 50
1747 915 47
1037 42 14
454 1026 48
484 848 19
1720 129 55
1525 1379 43
938 1253 44
1455 892 68
821 941 54
775 500 38
1782 1280 34
989 295 85
193 1749 2
341 845 14
375 1260 3
602 1040 2
1359 1777 9
453 921 93
1487 1434 99
1525 1334 21
489 468 72
1042 1195 18
423 610 86
642 854 16
1923 410 73
1577 1289 17
1456 56 48
1258 1010 98
1702 662 69
237 1794 58
1781 1812 98
1568 1400 63
1004 630 17
1083 1410 10
583 1357 29
1450 476 97
1750 520 87
36 1261 55
945 1413 68
1580 1214 20
831 523 38
1025 765 34
1178 1721 65
947 903 80
1937 1161 9
1546 694 34
838 1662 2
549 729 55
547 428 51
951 672 32
1452 533 51
1933 259 17
1500 1574 10
1968 1678 2
1862 1398 33
505 1852 5
1586 805 93
1870 1332 2
471 1175 90
1002 368 88
426 168 28
1363 608 69
1028 1338 72
1884 1852 83
176 83 96
942 1842 40
107 620 37
902 1626 39
1223 864 78
1958 1438 9
993 1844 5
960 1168 63
97 1660 61
720 1600 44
1169 819 100
749 911 93
1497 1657 67
217 1982 11
1426 855 17
197 1911 62
1335 287 6
1044 1315 1
1766 633 58
1354 708 49
1641 1956 79
1748 1088 36
308 90 26
1691 1476 92
1612 1641 28
255 735 100
155 517 72
1448 7 91
93 471 1
1816 1290 31
834 1952 30
562 1825 96
385 107 39
1418 1880 54
854 955 56
446 160 71
1580 381 43
1105 1601 26
507 1911 43
57 1573 20
1947 484 6
828 1624 24
601 982 56
1744 580 72
1226 1159 36
178 667 70
75 332 15
1572 1834 26
1996 834 79
700 573 86
804 253 74
1131 1937 15
910 1409 83
1810 1950 44
1746 976 23
1854 16 53
984 975 54
1156 402 69
569 213 77
1642 940 44
634 144 63
1572 1305 38
1538 200 16
1267 1483 89
1198 1775 6
1915 1554 87
766 4 34
760 896 82
692 732 34
1203 1616 61
249 730 98
1808 1109 51
365 929 14
1995 1183 50
1265 356 6
1026 486 82
1590 1553 5
1577 1710 71
1316 508 44
1724 692 90
38 388 83
260 285 98
619 1736 57
1786 491 89
994 1083 81
1292 941 55
1897 102 85
1491 666 51
799 1295 43
1005 1252 50
573 343 97
557 1217 16
798 391 65
1945 790 16
1635 538 57
1181 83 62
353 307 87
1587 1125 79
1900 474 8
577 590 94
387 1651 56
1395 765 9
314 836 65
1118 1072 19
549 896 48
1202 1491 33
410 1561 30
1680 692 33
1493 1677 85
207 752 84
593 305 89
165 1998 65
1340 943 99
1815 1319 37
1466 574 39
1001 865 46
288 688 83
1387 1862 76
1246 1705 35
1945 308 27
530 1432 26
788 1227 68
1890 951 5
1987 2 73
1200 1904 29
1669 1761 91
654 1628 29
918 539 26
289 740 59
40 336 53
849 1010 47
1050 40 98
33 1822 53
323 1392 37
1884 847 18
721 206 80
104 1048 44
1144 1246 86
1681 1611 69
264 416 72
923 870 92
589 653 6
997 974 96
710 1469 26
1495 1389 26
1538 829 25
164 98 61
1697 207 1
1671 1874 82
1255 1067 33
282 492 3
18 1593 24
1200 275 72
1224 607 17
1018 1057 75
1180 925 30
1202 70 79
74 430 3
131 1478 54
636 124 80
1533 863 72
905 1763 52
1279 1426 7
547 506 13
1615 1112 17
653 1396 45
1560 1293 34
988 644 63
1115 1088 87
1479 447 71
1882 1068 60
1357 1984 88
179 864 13
825 1653 77
1729 1165 45
142 1428 90
1735 61 5
1496 1147 76
1706 1906 40
108 604 60
1591 855 34
661 6 10
1919 1125 60
958 1639 11
1650 1224 7
1475 341 77
622 1810 33
818 1317 96
1246 1730 50
593 422 16
763 870 55
803 935 58
254 1166 65
1499 146 51
756 209 72
1716 40 31
1139 1942 34
235 17 96
380 182 95
462 1042 5
1994 1410 53
1700 1087 44
783 1857 32
1180 503 64
686 1690 46
593 383 36
449 1811 28
1801 898 98
1305 1803 86
254 574 83
367 819 38
1981 1788 48
19 1107 68
1059 954 33
322 150 33
1791 449 81
1755 279 49
1553 1126 63
1187 818 64
508 991 86
35 1400 34
1095 367 61
1360 182 6
947 1127 20
421 416 95
1322 671 92
650 807 93
415 834 65
1925 1742 3
1496 612 87
1332 1073 90
1503 512 15
1860 696 60
779 1602 52
794 1858 22
1748 1822 14
1866 345 50
715 12 30
219 1229 58
1805 47 97
793 1307 31
1676 1428 53
111 416 49
1049 1158 56
1234 1484 41
439 608 37
1364 728 85
1918 1387 45
1864 1510 72
1501 1529 27
335 1143 42
1788 970 48
512 1890 53
428 581 8
1375 1782 48
1695 917 100
1967 1358 40
1873 724 83
637 1688 90
1138 993 39
1200 1869 19
864 1081 54
549 892 74
1129 1665 48
1429 95 74
1764 1024 45
1424 1177 43
278 1302 1
518 490 7
1409 826 10
923 1817 26
430 1455 21
147 363 23
27 1497 78
874 1750 71
1228 1134 19
1901 570 60
951 29 96
705 494 15
1463 1849 44
208 595 39
911 452 8
1693 1597 31
486 1983 73
77 136 13
1910 449 20
1622 1765 88
1618 142 97
64 955 75
1454 266 38
265 368 3
886 99 17
527 1964 7
192 737 59
1665 1252 33
1076 1455 67
187 232 66
1110 633 29
1499 1880 14
1524 1795 98
485 75 36
570 1900 20
1156 22 37
484 1899 68
658 462 10
1018 1993 89
535 1387 86
789 331 38
1462 911 53
354 1961 64
1105 728 3
1704 1207 76
290 1221 80
728 1713 21
964 1552 79
972 290 23
984 390 40
330 1222 78
88 457 76
1053 158 46
1312 1159 2
1754 1663 87
349 902 52
30 522 43
1445 1212 33
1115 1449 66
569 308 76
1293 61 19
566 1501 50
678 90 71
372 95 94
815 1953 71
1479 453 26
1590 521 64
1291 1175 12
707 1896 49
449 1194 100
944 991 70
1542 867 1
404 1777 22
540 11 67
601 1612 75
328 1588 45
404 987 96
624 1004 49
1833 635 71
721 1444 67
170 1265 22
464 17 90
1432 1725 35
1018 1573 44
677 753 82
1414 261 68
346 392 35
1342 816 26
697 37 77
1398 193 65
702 821 84
1051 133 95
1884 1190 99
1315 177 7
582 331 38
601 1552 54
1191 1553 65
642 1515 36
235 512 84
509 1411 95
1154 1270 89
311 1400 73
403 1444 43
1332 988 14
110 815 96
213 257 82
1394 1310 51
1014 51 35
1849 368 86
212 1048 97
457 399 13
119 726 97
510 1097 51
1593 1932 5
1149 1133 89
796 1301 78
950 76 86
803 942 80
1737 1045 30
1100 257 10
1710 264 59
1353 1778 68
1875 1958 6
1423 1001 50
749 1714 63
208 1587 45
561 574 56
209 1417 77
268 1021 82
1113 1212 42
1899 920 34
232 216 68
1013 864 9
1633 1939 20
77 410 76
1291 1050 85
737 944 7
1453 1244 100
1170 1980 29
1488 1820 74
608 495 45
1667 1087 41
200 1923 94
162 749 44
161 1111 39
810 1200 22
1027 1185 70
1511 110 65
569 468 82
1463 159 26
1710 350 10
1381 1668 85
721 963 62
1062 305 31
132 989 22
263 255 96
624 1600 52
1335 1177 54
1579 1584 66
989 1217 30
823 320 48
1295 829 93
1684 307 24
360 11 44
1302 1613 21
587 1780 26
1718 1239 8
1071 212 7
990 162 61
1286 549 47
1433 1941 60
1357 649 2
50 962 76
828 429 11
1668 1846 43
1610 1154 24
1745 511 87
64 743 30
417 1169 78
841 866 97
384 112 91
1182 396 86
51 961 3
5 1244 25
1323 647 32
1931 640 92
678 1898 69
1651 116 36
1858 1811 23
1963 1999 36
343 521 78
1093 446 19
161 65 88
1891 1717 93
807 325 71
815 1114 84
1705 1322 32
789 1047 75
970 1794 36
1852 1782 38
331 347 15
1825 1153 10
1314 1443 20
280 781 39
1893 823 25
317 1336 93
1480 5 45
1787 1875 89
1473 633 46
1408 1138 26
1385 1517 60
1122 1757 31
713 800 30
1379 427 91
75 261 5
1142 1740 26
1356 1602 67
140 1229 69
1698 349 49
1192 1740 84
718 1510 93
1505 1397 52
514 1781 57
1176 1066 92
275 1093 60
1011 629 23
104 1089 95
281 1282 87
1753 1351 68
1987 713 10
1025 481 68
1754 1920 40
507 932 88
1721 1848 53
1340 386 94
1784 795 4
1906 1790 71
101 84 67
1813 143 49
1412 920 4
1132 1684 15
931 938 10
1662 1413 2
978 545 20
4 31 42
835 1456 9
1597 188 95
534 1217 64
509 1059 93
137 1550 97
1148 1774 70
518 1848 13
1424 1884 37
922 1426 32
80 980 39
1545 812 17
333 1534 3
1498 266 54
1309 1731 81
264 1976 60
692 898 60
844 1874 26
334 744 72
216 1509 26
177 543 87
1441 1626 5
66 1302 10
442 98 9
669 601 51
448 1064 56
535 714 92
1931 736 97
91 887 31
1590 1062 2
816 1095 28
1486 262 22
1638 122 100
311 659 45
763 1012 62
761 1436 44
784 940 91
1538 1120 11
900 1537 65
1377 1905 75
1589 1468 5
941 664 22
941 1073 32
1915 1400 59
1652 22 74
119 1978 100
545 143 88
92 1533 36
724 1938 74
637 208 41
1578 1268 54
48 584 90
1311 1038 65
933 418 87
60 1906 44
846 1139 18
1753 1631 93
806 1057 94
1507 1899 44
229 1492 96
409 736 38
1292 1268 4
36 1777 73
1283 1671 65
798 1804 45
1016 1702 42
1551 1732 29
1484 647 95
1357 1880 57
764 324 45
619 511 90
1321 1376 37
1971 1572 77
243 1883 12
432 408 78
168 40 63
1341 294 47
319 693 2
1724 1564 86
1624 44 17
1219 1479 37
867 831 24
1664 1242 31
356 1886 76
359 95 67
1918 1344 8
504 1158 33
1804 1669 2
1523 997 33
700 1067 59
123 450 21
129 971 63
171 833 85
1244 1436 22
1887 677 70
1123 1880 60
1109 744 61
560 1953 28
1284 349 4
650 1447 20
1810 1267 80
1138 1167 39
1342 651 100
475 181 54
1334 1837 29
1371 1280 75
1215 1668 16
703 413 7
1243 1245 13
377 530 57
1670 1479 33
1567 976 31
1882 1024 23
1241 779 82
1212 1522 76
1975 1803 1
1830 874 78
512 456 12
49 1823 39
1995 283 19
1420 76 67
550 87 84
1673 587 25
113 864 6
1335 854 43
1863 882 29
131 854 41
203 1529 50
1830 1393 42
542 847 30
1405 1683 95
20 534 64
880 787 80
596 1219 66
221 1669 63
1116 373 4
1020 922 53
925 1752 55
924 1341 28
38 461 51
1748 1176 18
686 851 67
374 456 78
634 948 97
702 696 37
693 1704 60
1107 1941 72
1966 1794 58
1803 2 33
1801 1904 58
49 731 38
1658 1791 40
549 68 28
1642 605 55
1224 676 44
501 1453 60
1789 416 68
647 408 64
1865 1763 27
1065 299 76
179 1526 57
1328 227 25
277 1733 31
872 563 5
1208 489 82
1531 1522 7
524 294 25
1388 1931 90
16 1267 88
444 399 6
1894 1230 35
94 880 62
1414 451 59
1809 635 48
1107 447 74
1706 84 26
22 613 46
1668 263 31
1328 820 22
695 865 12
395 77 55
1449 232 65
46 564 6
591 1908 95
284 1975 71
946 135 81
216 1473 51
594 929 6
1903 285 95
1676 1559 74
1204 1328 46
261 712 64
1894 1544 61
1721 1158 2
463 1368 5
38 1890 71
627 1271 45
296 229 77
1673 136 3
1652 1667 27
280 1377 89
1847 1459 34
329 1005 57
926 625 16
356 1180 86
1486 807 92
797 1701 17
1020 766 72
1743 1601 37
986 1903 12
1892 875 15
1684 354 60
1725 1448 40
370 8 97
547 808 60
1307 1598 2
266 254 12
1564 1844 97
1502 640 59
74 1538 37
857 34 76
384 743 76
488 1874 73
174 839 56
1962 507 35
278 1843 22
1865 1155 25
130 1596 44
866 270 92
545 900 20
1488 1765 47
1416 455 87
398 766 43
626 1510 39
1210 37 69
1449 564 35
962 626 5
1196 1635 44
1979 1961 41
712 21 62
339 623 66
1981 1224 45
1575 1268 26
253 1527 74
1375 538 33
897 1090 89
294 1941 46
849 1762 84
842 106 84
1695 1180 63
383 977 59
1779 1011 85
797 593 12
1582 833 10
145 1645 10
1350 831 9
610 1366 93
1161 751 60
1515 581 54
532 1408 77
520 513 95
892 1060 70
1662 159 37
1189 200 59
1347 1368 1
739 950 45
385 659 63
1616 1958 14
928 1925 82
1269 1015 89
991 852 94
664 1779 91
1571 197 30
234 1090 30
447 1919 45
1266 968 56
1663 1410 90
834 829 76
35 786 87
1652 348 27
1243 555 3
1044 799 44
1971 1296 11
728 847 24
614 939 91
1121 1738 15
475 1113 9
638 1254 40
672 558 68
1862 64 69
266 524 69
1290 424 85
1715 803 6
1659 430 16
1997 1645 44
1080 1405 23
365 814 61
1975 1452 79
628 1150 83
230 1206 42
778 526 56
142 1153 55
331 1778 41
1351 686 25
801 1147 77
1886 965 73
1880 1378 30
1936 831 80
1573 273 55
695 1094 97
106 979 40
223 541 46
1998 1393 31
1995 1768 33
1352 1028 35
1759 1087 36
1681 218 89
1897 320 49
679 1005 34
1242 84 1
1196 1862 86
722 763 40
1480 348 63
756 751 81
282 1599 71
1871 1709 41
1371 1417 2
1014 432 81
138 1425 58
735 1512 34
221 504 84
1153 1111 97
1379 400 98
190 167 12
1802 1566 13
700 785 23
1702 705 91
1290 1012 55
1188 1487 71
678 1665 46
243 203 82
146 962 47
901 603 43
1225 1018 5
1890 243 55
1730 1906 57
360 1424 73
1683 1624 47
1358 1522 61
1049 1129 23
1721 675 83
980 244 32
1697 671 42
674 507 13
1739 169 44
92 1616 12
526 687 1
1187 990 19
200 1776 76
1616 552 53
887 1448 9
732 573 4
1562 1808 16
255 1294 95
1834 1143 68
611 1622 50
217 1003 26
46 1789 36
1430 1479 64
1020 1327 25
828 670 5
1726 1568 53
1357 1056 48
1922 1799 33
672 959 30
1623 1745 76
1593 531 52
302 261 71
430 515 66
1845 770 13
1672 636 95
109 1611 71
755 1782 79
1271 702 94
334 257 4
175 771 84
1807 1711 24
1662 413 80
1939 724 3
434 1571 93
642 614 4
796 1835 70
279 586 56
1638 548 8
130 1582 5
1203 231 58
142 916 77
554 971 47
685 900 42
1167 1857 29
1821 155 72
290 1769 70
639 44 39
1712 1227 70
1247 1536 49
1671 801 13
1972 1644 83
1009 869 89
1454 1773 27
48 200 39
704 1052 41
1356 33 29
1629 504 36
762 1160 51
147 1902 18
1524 1779 43
1217 108 96
337 1997 46
743 1627 30
761 1716 54
1997 1783 63
1827 1590 22
1563 87 36
610 1148 70
1666 1902 69
154 42 3
673 1768 15
1496 465 100
1810 793 4
832 439 18
619 231 62
1157 1068 37
436 160 17
1773 473 20
1005 1497 28
564 1895 82
927 236 6
1512 1458 10
657 893 66
1468 559 18
1141 571 78
1729 1856 89
522 89 34
336 928 12
1854 359 91
1940 179 56
263 936 50
1968 213 56
691 1322 15
665 1272 39
1898 1188 100
139 750 26
1198 393 86
31 234 54
1379 1122 41
767 412 27
805 1304 8
269 1390 52
505 1536 32
328 242 76
1729 1521 50
119 1144 2
1138 1947 42
386 385 83
1490 1123 13
528 207 13
1420 993 21
814 613 70
950 1808 45
1610 1417 28
1246 1757 65
1666 1428 93
585 917 33
1537 875 60
614 621 99
1988 1628 4
329 324 1
1785 85 7
488 1773 12
1430 1066 4
1715 858 74
1508 431 59
798 1871 51
1735 1620 34
1678 169 91
1888 1018 52
1388 148 12
1633 1130 87
497 1278 44
895 1268 67
513 1413 6
1786 20 96
44 1028 1
1596 220 97
478 302 23
36 1973 87
612 390 13
84 1091 17
1715 768 68
438 592 31
1123 1950 72
1408 1456 72
1333 189 88
1464 1740 74
1157 1319 43
456 1283 43
1636 1692 1
1340 1983 74
365 1174 48
899 1744 76
450 135 48
1346 265 100
790 1560 18
581 727 28
746 1334 100
1791 1989 58
229 1054 73
320 103 72
60 1404 11
1933 1930 31
1881 1512 20
868 323 56
481 1632 52
443 1139 35
443 1546 76
1140 619 10
1844 860 66
1173 872 91
1579 376 82
1611 580 14
679 484 94
486 329 88
84 398 46
1573 1602 47
1543 1998 92
1678 1066 74
200 1741 59
1268 1556 85
186 522 18
195 24 62
1187 869 89
852 1341 53
1964 722 7
1252 1806 4
1628 1939 32
1849 1947 94
575 730 89
1063 1761 96
1515 1804 57
1580 240 41
1063 1128 36
1585 1584 28
1516 1252 92
1655 29 71
1618 958 94
1169 1578 99
260 1203 9
1571 41 73
1257 1402 63
1432 1973 46
796 948 34
935 1248 4
1651 482 94
309 1606 89
853 549 64
276 1712 12
981 1399 22
12 339 48
1436 1699 12
1916 487 96
595 883 57
1289 795 60
1349 700 6
888 247 7
998 1591 34
481 591 47
134 961 90
1121 1383 82
243 1383 7
1326 1949 53
1362 191 42
804 1403 96
1512 1991 78
1460 955 23
859 203 2
829 1853 86
1206 1443 21
1767 1839 62
1829 260 99
229 1748 5
1995 1134 25
485 1684 74
1646 1372 24
636 196 18
1958 204 30
1474 1741 46
8 647 3
1713 931 60
477 1036 69
1486 1131 82
154 1372 17
880 776 38
371 1543 80
1035 832 71
186 1780 49
1831 181 28
257 375 24
522 1719 76
1849 740 83
346 668 10
544 654 55
272 1443 16
1986 1367 14
39 98 12
1388 1688 84
1689 1692 33
1356 175 96
1409 1022 37
1827 90 97
315 1694 14
619 1178 20
1796 1096 80
906 1093 88
844 200 62
515 887 76
492 189 68
641 1746 39
745 1245 85
316 862 87
802 895 3
1834 1390 47
1615 550 67
283 302 1
206 1064 58
214 803 40
858 1178 97
551 1447 18
823 1549 2
1893 68 11
1369 311 84
1920 1415 4
811 1955 4
9 1934 88
1972 614 55
1877 141 32
1081 1308 90
160 1359 25
1439 1547 9
1057 213 93
254 857 91
1739 1051 45
1583 1958 12
1919 1855 33
1642 1771 23
1695 1748 22
526 1248 21
145 528 84
1819 349 92
141 657 41
1410 1153 68
1709 1613 98
593 878 52
120 1335 75
52 1130 38
618 505 51
1915 677 4
1514 1916 55
433 1753 5
1087 584 24
1572 1702 76
1114 417 21
393 1247 65
715 916 85
1584 906 3
1452 1220 10
1461 792 100
1966 1357 81
463 319 11
555 1281 33
1046 1300 90
1513 1453 75
807 1621 41
874 452 13
34 1128 58
1904 424 80
416 1157 13
1293 379 94
63 856 68
662 802 98
1123 1726 64
646 1944 47
136 830 42
298 491 96
953 808 93
1750 1447 19
1323 1095 45
47 1342 77
64 1161 59
1251 1107 6
693 422 21
148 1615 29
107 1254 7
1132 881 62
505 1098 75
546 1268 25
1545 274 33
1698 1481 62
1724 373 35
354 679 88
1799 1485 5
1318 700 41
237 523 3
1958 225 80
862 603 69
1695 578 76
1699 594 44
853 1936 19
1908 222 78
1445 1864 27
1414 1640 90
1991 472 8
690 946 76
1604 849 79
1674 1519 88
697 599 46
1646 1189 16
1947 668 33
1035 1846 23
538 1158 99
1157 1340 21
927 1591 62
1263 545 32
548 464 12
1757 228 84
695 459 77
71 1215 81
205 1231 86
201 1202 59
1921 904 68
1549 350 21
947 906 65
312 56 96
29 1557 13
1473 503 70
859 846 49
1846 276 8
1346 1606 60
430 588 33
27 1038 8
1565 783 84
307 1167 38
806 1256 95
1094 493 24
1606 687 62
1228 753 87
2 1506 45
1106 553 37
208 730 8
1758 695 4
1229 1975 84
1328 367 69
849 75 40
1211 1026 49
1619 211 56
555 1693 90
1037 1099 61
826 874 8
1646 1428 93
1405 1278 62
1641 1020 6
867 1812 60
377 466 26
1882 106 59
1930 622 86
899 1826 81
1694 323 48
585 1848 68
1938 630 51
1585 351 14
1317 1525 98
136 1744 2
1723 1796 94
1162 1787 36
1552 465 72
1233 529 51
1242 1983 53
1966 1723 64
983 885 13
982 9 69
1355 203 55
656 661 8
337 146 47
391 200 49
672 1569 38
970 931 34
933 164 26
1100 1700 28
711 1229 23
1954 351 12
645 424 7
946 65 97
1210 1543 62
1796 1059 34
1524 1984 4
205 1871 6
190 1711 68
1854 266 10
1759 226 52
66 164 11
1233 418 1
1940 1552 67
1301 1557 22
1552 749 54
15 1594 70
1191 645 32
1143 1122 96
1067 598 83
1980 1963 64
822 484 77
873 199 75
1553 892 38
137 78 17
726 1582 62
1296 238 57
1848 335 8
1675 1860 97
1414 81 33
156 781 89
1481 1631 61
1235 1343 95
778 1292 49
431 1979 73
427 1291 42
1971 583 22
1530 1195 77
1560 584 34
162 759 2
1775 854 41
820 1249 99
1778 939 21
512 1963 90
1403 982 50
1198 861 10
1908 765 21
1888 623 59
615 689 29
1251 937 92
1978 547 89
1010 655 96
845 344 67
1439 34 62
1640 1359 88
702 1714 32
750 1368 47
431 24 42
798 376 47
16 1813 98
1787 863 97
1938 1770 15
16 1174 65
401 136 80
545 1567 58
225 1401 92
1309 389 5
1225 207 99
257 1764 10
1913 356 35
1376 211 84
376 817 51
1385 1586 21
300 1946 66
699 647 85
682 1890 67
1729 933 7
1624 1300 16
240 1579 1
128 103 20
1832 1312 91
1709 451 26
1094 654 96
1074 993 22
787 1622 49
1547 1580 15
954 927 79
1549 863 34
504 1266 33
100 155 61
994 305 15
1661 1623 36
841 563 77
1681 1908 6
1698 793 96
740 1135 29
330 1823 94
1501 1737 7
1728 1429 70
1054 1249 91
29 625 75
1148 183 51
519 979 56
912 903 21
31 1511 83
902 1757 96
1363 521 55
1365 1921 95
239 1326 74
1742 256 83
763 720 59
1200 1474 16
7 1071 27
460 1076 75
1065 1056 64
822 607 27
1081 1997 19
143 373 5
1153 434 69
1942 240 98
245 1309 57
1760 540 22
784 1944 41
285 357 11
2 224 86
1146 1430 79
1381 733 55
1955 1401 44
1871 300 67
931 530 68
1141 1664 45
917 1112 60
1035 534 86
1291 1303 99
377 98 7
1773 848 57
31 504 32
1909 736 49
751 663 98
362 607 25
530 1665 13
1228 1022 92
307 463 62
242 310 1
1153 1015 83
1996 85 70
839 616 47
1753 1582 79
935 30 57
1633 1582 31
1119 299 36
452 171 47
1459 849 88
577 1940 18
1853 1524 80
1980 1286 78
1562 591 44
489 1189 22
697 273 33
1102 1513 61
907 1411 22
1360 403 30
1718 660 68
1363 1092 35
801 425 44
748 114 28
909 176 80
1660 775 86
767 439 2
129 915 74
50 423 58
786 1013 7
1680 452 59
1585 646 81
1032 414 70
671 187 14
1242 148 92
1984 598 66
1253 1084 83
1530 1023 85
1435 1613 32
33 612 19
1335 1309 71
751 1874 99
449 1330 47
1913 501 21
160 1727 41
642 748 99
540 315 30
1032 720 80
1977 865 79
936 142 99
1744 850 64
1208 1781 6
683 1684 47
1296 1792 41
545 32 92
1183 1656 2
1961 2 33
1232 471 19
661 383 96
1306 666 6
1130 626 41
298 792 59
386 1323 54
1442 1698 26
98 178 89
157 1330 43
1233 1891 63
435 592 26
830 201 80
1211 612 68
940 1285 2
1722 1467 49
835 268 53
578 229 67
1983 1226 31
1062 1269 69
1162 1274 79
1172 1511 78
765 497 42
1356 1345 91
1568 771 67
1558 1799 73
570 119 91
1163 261 14
1319 1934 55
1622 989 11
621 243 51
1188 323 35
738 69 10
1083 1143 39
191 202 17
1603 170 92
762 1513 85
1644 1813 22
143 527 64
417 1368 77
1067 1895 67
1433 467 89
979 1277 40
775 179 43
1251 150 50
62 550 70
947 876 78
1104 1603 56
1299 554 47
951 1151 48
770 776 13
1641 771 46
1060 1207 60
1791 1871 87
1554 1780 16
540 348 4
200 522 74
557 1412 91
1972 1298 53
163 1652 14
1152 311 88
1260 1442 74
1285 1719 57
1881 1445 21
839 619 10
480 79 36
958 1829 60
1150 157 74
573 980 33
57 1125 7
556 1075 10
1437 329 22
347 1443 85
1621 568 42
1429 1492 57
808 1954 68
545 1527 16
1983 104 35
481 822 69
331 170 21
489 1386 86
1834 1165 40
139 359 5
570 122 46
1883 581 85
467 1689 74
1848 15 51
1078 494 80
802 532 72
1206 1752 67
870 1310 54
891 1863 35
214 1671 87
1516 318 33
967 206 22
143 1205 10
1117 1165 39
103 1726 34
1319 1506 73
588 301 77
1766 1490 17
491 445 73
256 1495 45
794 1775 22
504 1042 38
1842 1692 64
1235 345 76
1365 428 43
1432 1183 23
1468 1974 52
1119 1627 70
1444 236 62
501 301 14
1671 780 94
568 273 74
976 217 26
1504 1509 5
1443 404 15
1583 1754 75
361 952 80
99 913 61
656 813 16
633 335 65
1323 873 56
184 244 92
225 1556 8
112 1487 53
1423 166 6
1674 1120 62
169 344 91
41 1814 4
1396 1014 93
1468 1622 13
1657 442 57
654 612 22
435 782 33
1119 1256 69
345 1927 26
1861 936 58
466 1468 59
1901 1846 9
1496 11 67
59 1165 57
975 1525 19
734 1789 55
497 1032 10
189 1500 33
351 38 38
221 56 82
274 1658 18
1603 108 73
1313 1586 84
1341 746 67
1749 1334 22
1028 650 37
301 1460 63
597 839 55
1226 866 77
553 1091 98
1255 517 94
618 598 17
718 1645 72
1173 1222 62
357 1641 38
685 935 20
838 396 18
1465 1848 62
1524 412 49
290 1360 13
1794 1255 14
0 500 2
1085 779 80
1382 72 70
1968 860 46
1382 718 53
585 1953 18
324 1583 61
1910 982 42
388 1904 75
1647 551 49
763 1348 38
869 488 56
861 116 48
1392 1488 6
1530 1634 16
1649 1185 24
1792 647 11
962 945 60
1500 574 62
1184 201 30
793 110 51
5 1991 11
357 1584 99
1922 752 43
400 1025 42
293 1227 56
426 289 30
1222 1709 94
1998 391 32
1529 297 3
1586 750 61
221 200 36
1893 347 8
746 1250 42
847 601 56
1313 426 92
1376 801 96
384 916 28
1045 1708 24
1143 1783 46
1942 299 79
899 1085 28
1913 1886 16
1768 956 9
1075 1033 50
450 1604 42
1340 1753 13
1055 692 34
678 415 57
1600 582 63
234 936 66
434 1702 34
1863 1919 98
1040 1562 41
279 1042 86
1557 799 35
1459 357 54
1169 1657 67
851 1425 7
1763 1113 38
342 150 97
1916 1053 44
1107 1246 91
1332 1249 55
605 410 30
1510 1003 81
1733 1105 80
977 1925 12
143 167 27
679 160 32
1502 1907 15
1567 199 66
1123 1035 42
334 1430 98
974 750 43
213 851 50
1743 1747 40
1774 666 2
677 1772 20
542 1721 4
293 1695 91
1727 566 60
1798 1148 80
1626 1163 79
1338 1780 33
1105 1148 97
584 1992 41
233 1529 85
487 999 84
775 751 62
1064 111 95
1012 1362 88
1291 426 72
852 1836 94
497 857 62
716 800 45
23 1038 13
1263 649 81
1129 904 89
1634 1582 54
1106 676 8
1315 571 72
733 1116 63
113 129 17
1060 570 91
565 1410 68
1594 36 69
1511 413 27
220 620 83
1055 1391 22
1150 1768 19
170 1206 45
62 1698 12
1231 623 30
887 841 13
1413 239 98
1451 1786 57
684 1067 100
904 7 98
55 99 83
361 398 65
121 272 24
1178 852 57
1461 1942 63
1766 475 95
1006 227 93
1736 1630 13
646 1265 99
1440 1417 17
124 1265 4
104 336 30
1455 1842 19
343 1022 7
186 887 93
1701 687 8
1816 711 95
1799 12 12
928 621 3
1556 1817 55
1036 1664 8
223 220 93
767 1869 95
310 1385 4
1735 1979 37
964 86 58
1948 1231 2
1579 1895 82
737 387 2
473 1378 88
1961 1639 97
1235 321 100
362 1470 57
431 1274 85
1478 829 19
72 1918 33
