1000 50000
0 1 38
1 2 80
2 3 96
3 4 19
4 5 74
5 6 78
6 7 60
7 8 60
8 9 16
9 10 45
10 11 16
11 12 10
12 13 6
13 14 46
14 15 87
15 16 34
16 17 61
17 18 15
18 19 71
19 20 66
20 21 3
21 22 6
22 23 97
23 24 73
24 25 84
25 26 94
26 27 22
27 28 1
28 29 19
29 30 100
30 31 19
31 32 62
32 33 31
33 34 62
34 35 53
35 36 1
36 37 44
37 38 3
38 39 30
39 40 53
40 41 62
41 42 40
42 43 14
43 44 5
44 45 30
45 46 98
46 47 37
47 48 24
48 49 46
49 50 10
50 51 79
51 52 62
52 53 20
53 54 39
54 55 52
55 56 99
56 57 60
57 58 47
58 59 5
59 60 86
60 61 61
61 62 69
62 63 18
63 64 46
64 65 7
65 66 2
66 67 95
67 68 95
68 69 97
69 70 57
70 71 81
71 72 39
72 73 31
73 74 2
74 75 10
75 76 24
76 77 69
77 78 25
78 79 45
79 80 69
80 81 13
81 82 61
82 83 50
83 84 84
84 85 4
85 86 18
86 87 91
87 88 40
88 89 26
89 90 19
90 91 67
91 92 76
92 93 32
93 94 43
94 95 53
95 96 21
96 97 55
97 98 57
98 99 19
99 100 4
100 101 97
101 102 85
102 103 78
103 104 45
104 105 94
105 106 40
106 107 90
107 108 93
108 109 60
109 110 73
110 111 93
111 112 33
112 113 9
113 114 58
114 115 20
115 116 53
116 117 5
117 118 97
118 119 33
119 120 85
120 121 39
121 122 75
122 123 28
123 124 54
124 125 83
125 126 59
126 127 36
127 128 97
128 129 29
129 130 61
130 131 55
131 132 28
132 133 15
133 134 30
134 135 81
135 136 17
136 137 8
137 138 2
138 139 99
139 140 43
140 141 78
141 142 40
142 143 20
143 144 30
144 145 1
145 146 2
146 147 82
147 148 20
148 149 71
149 150 72
150 151 73
151 152 80
152 153 78
153 154 61
154 155 8
155 156 93
156 157 36
157 158 66
158 159 12
159 160 92
160 161 87
161 162 86
162 163 63
163 164 45
164 165 34
165 166 10
166 167 7
167 168 38
168 169 32
169 170 67
170 171 33
171 172 67
172 173 73
173 174 60
174 175 64
175 176 28
176 177 89
177 178 57
178 179 48
179 180 39
180 181 12
181 182 98
182 183 72
183 184 85
184 185 77
185 186 73
186 187 57
187 188 24
188 189 78
189 190 26
190 191 50
191 192 5
192 193 53
193 194 72
194 195 43
195 196 12
196 197 3
197 198 44
198 199 11
199 200 21
200 201 4
201 202 90
202 203 64
203 204 48
204 205 32
205 206 57
206 207 51
207 208 70
208 209 91
209 210 14
210 211 25
211 212 61
212 213 42
213 214 54
214 215 76
215 216 21
216 217 23
217 218 95
218 219 8
219 220 60
220 221 29
221 222 70
222 223 17
223 224 89
224 225 93
225 226 63
226 227 81
227 228 30
228 229 64
229 230 11
230 231 88
231 232 46
232 233 81
233 234 22
234 235 19
235 236 42
236 237 90
237 238 89
238 239 54
239 240 33
240 241 81
241 242 13
242 243 90
243 244 36
244 245 32
245 246 91
246 247 12
247 248 28
248 249 23
249 250 65
250 251 43
251 252 1
252 253 82
253 254 36
254 255 87
255 256 31
256 257 1
257 258 17
258 259 52
259 260 54
260 261 42
261 262 49
262 263 23
263 264 70
264 265 12
265 266 27
266 267 34
267 268 25
268 269 95
269 270 17
270 271 33
271 272 22
272 273 52
273 274 56
274 275 71
275 276 41
276 277 37
277 278 7
278 279 98
279 280 26
280 281 97
281 282 25
282 283 26
283 284 70
284 285 50
285 286 72
286 287 31
287 288 15
288 289 29
289 290 100
290 291 4
291 292 27
292 293 61
293 294 98
294 295 51
295 296 42
296 297 6
297 298 4
298 299 28
299 300 35
300 301 91
301 302 64
302 303 24
303 304 69
304 305 15
305 306 54
306 307 49
307 308 45
308 309 99
309 310 56
310 311 25
311 312 60
312 313 68
313 314 9
314 315 77
315 316 37
316 317 24
317 318 25
318 319 73
319 320 81
320 321 37
321 322 48
322 323 64
323 324 99
324 325 64
325 326 40
326 327 54
327 328 82
328 329 10
329 330 80
330 331 84
331 332 16
332 333 33
333 334 51
334 335 19
335 336 70
336 337 5
337 338 86
338 339 60
339 340 33
340 341 68
341 342 23
342 343 2
343 344 72
344 345 52
345 346 81
346 347 23
347 348 35
348 349 65
349 350 10
350 351 18
351 352 95
352 353 70
353 354 40
354 355 39
355 356 52
356 357 94
357 358 84
358 359 14
359 360 68
360 361 35
361 362 74
362 363 12
363 364 21
364 365 93
365 366 55
366 367 88
367 368 70
368 369 26
369 370 23
370 371 66
371 372 18
372 373 82
373 374 99
374 375 56
375 376 52
376 377 53
377 378 27
378 379 25
379 380 100
380 381 10
381 382 97
382 383 90
383 384 56
384 385 91
385 386 89
386 387 64
387 388 19
388 389 34
389 390 28
390 391 35
391 392 71
392 393 73
393 394 85
394 395 90
395 396 86
396 397 89
397 398 41
398 399 78
399 400 89
400 401 65
401 402 86
402 403 9
403 404 94
404 405 17
405 406 79
406 407 90
407 408 67
408 409 61
409 410 59
410 411 1
411 412 38
412 413 11
413 414 95
414 415 67
415 416 98
416 417 1
417 418 29
418 419 17
419 420 31
420 421 55
421 422 49
422 423 70
423 424 45
424 425 66
425 426 100
426 427 23
427 428 18
428 429 72
429 430 2
430 431 24
431 432 50
432 433 33
433 434 18
434 435 75
435 436 37
436 437 65
437 438 75
438 439 85
439 440 73
440 441 66
441 442 31
442 443 57
443 444 55
444 445 10
445 446 51
446 447 37
447 448 64
448 449 27
449 450 26
450 451 25
451 452 59
452 453 98
453 454 98
454 455 40
455 456 49
456 457 90
457 458 91
458 459 64
459 460 44
460 461 80
461 462 36
462 463 51
463 464 65
464 465 58
465 466 67
466 467 50
467 468 87
468 469 20
469 470 24
470 471 73
471 472 50
472 473 29
473 474 58
474 475 3
475 476 77
476 477 65
477 478 5
478 479 18
479 480 100
480 481 95
481 482 47
482 483 96
483 484 28
484 485 92
485 486 89
486 487 38
487 488 75
488 489 2
489 490 96
490 491 93
491 492 34
492 493 43
493 494 56
494 495 97
495 496 58
496 497 97
497 498 99
498 499 86
499 500 8
500 501 30
501 502 31
502 503 39
503 504 20
504 505 86
505 506 27
506 507 32
507 508 49
508 509 17
509 510 38
510 511 56
511 512 40
512 513 94
513 514 85
514 515 70
515 516 94
516 517 58
517 518 8
518 519 10
519 520 21
520 521 62
521 522 68
522 523 100
523 524 36
524 525 15
525 526 26
526 527 52
527 528 30
528 529 88
529 530 33
530 531 75
531 532 85
532 533 70
533 534 14
534 535 71
535 536 71
536 537 36
537 538 56
538 539 30
539 540 30
540 541 81
541 542 42
542 543 82
543 544 26
544 545 87
545 546 62
546 547 92
547 548 9
548 549 52
549 550 1
550 551 51
551 552 63
552 553 80
553 554 20
554 555 65
555 556 8
556 557 71
557 558 40
558 559 80
559 560 6
560 561 90
561 562 89
562 563 34
563 564 3
564 565 38
565 566 58
566 567 10
567 568 44
568 569 58
569 570 68
570 571 4
571 572 33
572 573 47
573 574 16
574 575 55
575 576 99
576 577 29
577 578 84
578 579 60
579 580 87
580 581 4
581 582 26
582 583 4
583 584 4
584 585 83
585 586 31
586 587 37
587 588 54
588 589 13
589 590 33
590 591 53
591 592 83
592 593 77
593 594 28
594 595 22
595 596 97
596 597 63
597 598 46
598 599 9
599 600 85
600 601 6
601 602 20
602 603 54
603 604 42
604 605 55
605 606 70
606 607 64
607 608 14
608 609 73
609 610 14
610 611 98
611 612 97
612 613 52
613 614 72
614 615 33
615 616 5
616 617 80
617 618 40
618 619 28
619 620 44
620 621 44
621 622 75
622 623 8
623 624 26
624 625 3
625 626 19
626 627 97
627 628 9
628 629 84
629 630 43
630 631 70
631 632 69
632 633 41
633 634 6
634 635 18
635 636 92
636 637 16
637 638 45
638 639 26
639 640 24
640 641 55
641 642 10
642 643 72
643 644 19
644 645 67
645 646 94
646 647 28
647 648 64
648 649 96
649 650 52
650 651 74
651 652 66
652 653 56
653 654 44
654 655 62
655 656 74
656 657 42
657 658 5
658 659 25
659 660 57
660 661 36
661 662 16
662 663 76
663 664 13
664 665 2
665 666 35
666 667 12
667 668 10
668 669 5
669 670 10
670 671 5
671 672 32
672 673 86
673 674 98
674 675 71
675 676 18
676 677 48
677 678 2
678 679 10
679 680 77
680 681 50
681 682 81
682 683 48
683 684 35
684 685 18
685 686 47
686 687 44
687 688 65
688 689 40
689 690 5
690 691 62
691 692 95
692 693 64
693 694 89
694 695 5
695 696 27
696 697 38
697 698 2
698 699 63
699 700 94
700 701 51
701 702 51
702 703 86
703 704 54
704 705 66
705 706 69
706 707 17
707 708 62
708 709 8
709 710 95
710 711 65
711 712 95
712 713 3
713 714 87
714 715 59
715 716 64
716 717 95
717 718 81
718 719 58
719 720 68
720 721 39
721 722 58
722 723 65
723 724 13
724 725 46
725 726 82
726 727 55
727 728 83
728 729 95
729 730 63
730 731 39
731 732 83
732 733 97
733 734 66
734 735 91
735 736 21
736 737 20
737 738 28
738 739 7
739 740 22
740 741 11
741 742 38
742 743 2
743 744 4
744 745 10
745 746 62
746 747 69
747 748 34
748 749 8
749 750 66
750 751 32
751 752 39
752 753 85
753 754 69
754 755 3
755 756 35
756 757 82
757 758 27
758 759 29
759 760 50
760 761 12
761 762 70
762 763 70
763 764 35
764 765 63
765 766 94
766 767 88
767 768 4
768 769 74
769 770 42
770 771 81
771 772 97
772 773 29
773 774 55
774 775 18
775 776 43
776 777 76
777 778 57
778 779 81
779 780 58
780 781 100
781 782 74
782 783 42
783 784 13
784 785 38
785 786 26
786 787 78
787 788 59
788 789 35
789 790 87
790 791 94
791 792 57
792 793 86
793 794 24
794 795 43
795 796 68
796 797 76
797 798 74
798 799 76
799 800 24
800 801 11
801 802 38
802 803 91
803 804 54
804 805 51
805 806 50
806 807 83
807 808 39
808 809 33
809 810 30
810 811 90
811 812 10
812 813 39
813 814 6
814 815 2
815 816 96
816 817 91
817 818 85
818 819 10
819 820 36
820 821 32
821 822 96
822 823 96
823 824 68
824 825 96
825 826 49
826 827 58
827 828 50
828 829 64
829 830 9
830 831 45
831 832 10
832 833 30
833 834 61
834 835 33
835 836 56
836 837 68
837 838 22
838 839 76
839 840 95
840 841 80
841 842 79
842 843 79
843 844 12
844 845 10
845 846 94
846 847 50
847 848 98
848 849 6
849 850 100
850 851 55
851 852 6
852 853 45
853 854 74
854 855 89
855 856 55
856 857 36
857 858 71
858 859 12
859 860 97
860 861 15
861 862 69
862 863 77
863 864 84
864 865 62
865 866 87
866 867 11
867 868 84
868 869 9
869 870 43
870 871 71
871 872 23
872 873 8
873 874 40
874 875 83
875 876 90
876 877 71
877 878 15
878 879 9
879 880 52
880 881 9
881 882 24
882 883 99
883 884 59
884 885 38
885 886 87
886 887 38
887 888 89
888 889 82
889 890 24
890 891 95
891 892 91
892 893 99
893 894 60
894 895 76
895 896 36
896 897 38
897 898 71
898 899 9
899 900 49
900 901 78
901 902 38
902 903 56
903 904 71
904 905 43
905 906 25
906 907 91
907 908 34
908 909 12
909 910 44
910 911 50
911 912 26
912 913 2
913 914 41
914 915 47
915 916 58
916 917 6
917 918 75
918 919 12
919 920 77
920 921 12
921 922 83
922 923 65
923 924 75
924 925 75
925 926 69
926 927 59
927 928 24
928 929 97
929 930 41
930 931 38
931 932 48
932 933 29
933 934 9
934 935 87
935 936 53
936 937 23
937 938 44
938 939 97
939 940 81
940 941 2
941 942 98
942 943 97
943 944 56
944 945 5
945 946 33
946 947 90
947 948 5
948 949 53
949 950 93
950 951 100
951 952 92
952 953 8
953 954 26
954 955 56
955 956 70
956 957 97
957 958 8
958 959 53
959 960 17
960 961 63
961 962 22
962 963 70
963 964 30
964 965 46
965 966 100
966 967 63
967 968 70
968 969 59
969 970 39
970 971 91
971 972 74
972 973 5
973 974 92
974 975 29
975 976 96
976 977 96
977 978 6
978 979 90
979 980 40
980 981 46
981 982 11
982 983 63
983 984 34
984 985 28
985 986 17
986 987 19
987 988 65
988 989 47
989 990 39
990 991 36
991 992 23
992 993 59
993 994 27
994 995 8
995 996 37
996 997 98
997 998 26
998 999 99
453 698 4
536 279 31
411 813 61
684 270 17
133 910 8
822 940 95
416 725 59
613 919 42
82 932 88
866 551 5
164 26 42
376 777 82
480 987 99
150 376 60
749 380 40
969 829 85
569 838 7
468 36 42
133 273 2
56 75 87
691 812 54
999 749 100
913 555 59
768 726 95
757 849 38
247 241 46
205 129 26
954 274 61
207 228 88
671 756 62
46 358 27
113 22 68
498 520 48
772 831 53
307 852 82
551 967 57
88 876 80
403 589 14
480 28 43
755 784 63
639 704 81
212 903 14
617 14 99
350 608 59
636 392 56
437 91 91
726 348 55
513 450 79
910 396 30
622 523 87
697 949 80
147 459 93
842 492 77
258 66 46
45 980 63
492 347 33
209 633 58
240 341 8
537 128 47
128 584 16
400 138 70
640 180 19
696 345 42
896 874 48
515 667 98
172 601 20
223 40 83
168 345 28
347 177 4
88 548 13
534 460 36
206 894 37
128 503 34
690 321 4
92 799 49
627 687 9
511 873 16
920 377 7
2 276 87
806 84 75
597 184 99
209 536 38
924 484 24
618 759 37
531 462 73
747 62 4
147 252 14
713 687 90
844 511 75
532 30 11
867 447 36
532 397 25
104 269 74
377 182 3
563 322 85
211 89 33
535 119 24
890 342 60
473 679 36
789 648 50
479 86 59
537 736 59
557 745 59
431 564 13
378 283 34
363 899 65
607 570 25
356 498 99
330 605 94
237 7 11
225 152 37
245 487 17
850 186 9
285 805 18
55 896 85
80 51 53
18 410 70
982 997 12
896 397 58
969 917 87
5 817 98
257 490 18
722 668 83
929 718 56
535 571 48
279 838 77
205 187 97
323 710 43
199 507 74
242 529 12
707 610 77
288 87 59
506 154 94
481 320 54
593 51 37
336 454 14
548 63 55
989 201 33
684 809 9
254 138 69
2 760 12
595 473 48
606 411 80
348 106 93
850 830 75
965 408 13
932 730 100
938 205 19
379 66 93
741 721 58
48 841 79
139 827 80
750 201 80
163 825 17
186 814 24
665 633 53
907 358 32
877 588 40
682 816 46
439 713 38
899 462 63
301 539 75
438 502 58
232 355 90
391 383 54
543 66 91
229 624 55
116 431 94
332 627 74
334 693 14
166 794 88
620 495 54
741 893 58
788 997 16
752 311 71
248 778 75
143 33 21
569 714 77
493 876 76
342 102 83
536 110 38
846 457 13
603 397 51
797 539 15
486 229 41
722 771 73
12 641 60
693 565 55
716 251 60
345 826 19
959 908 35
583 227 41
423 462 29
947 614 16
911 586 14
505 100 62
256 18 73
872 592 94
102 565 92
696 790 93
23 707 66
152 771 58
374 606 7
424 77 74
104 934 85
925 910 46
122 113 24
984 165 84
186 124 84
920 332 87
311 518 23
591 607 40
379 54 75
335 205 81
787 4 61
333 114 40
414 537 87
919 922 35
465 346 49
737 918 46
587 224 4
452 912 15
248 176 58
498 165 42
33 914 32
362 780 59
277 632 23
13 212 67
515 178 98
961 458 15
557 414 87
85 535 100
184 502 30
595 309 7
397 749 43
209 799 90
349 205 47
190 624 4
377 472 84
564 587 7
294 775 72
453 527 53
534 440 49
400 497 56
765 155 11
181 334 87
75 946 76
373 272 28
897 643 53
408 800 3
978 156 84
715 866 66
407 27 56
221 253 24
196 671 51
19 595 11
339 799 57
178 887 66
556 238 73
99 805 25
988 722 61
855 806 84
962 397 95
668 141 21
406 293 33
896 86 2
633 85 74
207 848 3
122 181 88
583 642 43
703 892 92
817 624 35
335 259 83
379 363 60
34 268 84
624 345 41
773 552 37
436 861 30
219 948 98
763 779 15
114 868 57
487 985 90
471 799 19
425 484 3
512 268 75
541 698 64
402 257 22
139 645 84
421 984 14
525 900 18
691 272 69
18 822 92
529 117 82
576 498 28
67 554 41
651 497 83
720 206 11
10 140 14
263 900 27
873 732 60
250 600 64
665 494 18
573 914 84
418 404 39
770 518 43
46 353 17
958 738 19
82 90 61
770 245 7
389 837 29
437 355 92
719 721 30
610 566 95
476 396 67
954 936 14
732 483 22
269 31 54
262 162 60
841 51 85
496 955 60
154 334 63
770 474 11
344 75 36
728 412 50
704 688 60
434 459 25
75 819 8
799 2 70
967 272 1
590 103 37
314 91 81
917 962 14
790 950 70
446 521 19
86 541 96
872 758 74
638 806 76
658 724 70
637 849 99
249 903 49
646 221 70
987 51 95
669 39 5
705 588 93
999 180 56
567 473 92
312 33 13
697 731 30
192 924 12
971 421 95
795 474 75
862 54 85
455 319 53
828 644 4
650 596 37
230 560 13
481 76 89
696 530 34
441 724 41
65 572 32
803 539 54
790 661 32
737 625 53
885 426 62
876 232 42
24 461 88
990 21 1
874 185 53
383 939 94
798 70 100
9 350 6
767 88 41
37 479 48
627 580 88
271 984 40
768 91 42
336 421 53
737 732 24
3 110 47
354 297 29
852 296 72
233 589 5
277 17 92
987 45 43
109 384 40
679 124 22
956 949 80
786 258 9
588 417 99
879 884 95
600 467 91
613 989 17
743 991 7
231 401 95
837 649 24
607 830 52
120 230 5
176 384 23
36 186 96
779 826 36
800 57 63
969 216 89
518 927 60
994 525 18
260 396 52
758 491 70
996 153 90
815 463 23
622 223 75
536 34 60
894 580 87
91 457 88
391 265 28
129 476 89
44 955 86
862 35 81
329 655 94
550 735 9
281 408 26
372 5 26
695 723 5
495 532 9
962 220 11
683 894 8
991 851 7
495 882 49
516 592 91
824 571 35
662 678 55
565 864 27
733 878 53
797 868 66
245 850 16
867 160 71
334 837 24
697 930 69
105 618 70
752 189 16
881 880 97
871 465 3
879 825 1
128 819 34
228 743 91
160 1 82
556 832 76
507 258 1
193 287 9
616 326 99
559 631 12
259 376 64
9 539 82
779 128 11
283 761 2
541 432 97
840 341 40
632 179 94
753 102 79
937 173 69
770 67 95
300 166 71
708 582 48
345 57 63
74 45 86
871 990 98
676 968 45
749 647 14
594 758 39
24 65 3
821 323 38
488 818 78
252 683 1
445 158 28
468 997 95
426 102 46
854 163 53
794 825 70
298 220 84
82 772 69
230 654 14
273 868 96
963 151 4
432 731 95
909 419 86
638 964 40
760 274 45
983 311 41
320 894 73
229 745 22
200 31 87
651 714 37
562 864 48
473 543 97
159 185 21
868 91 78
153 770 46
844 530 77
17 626 80
131 294 4
911 920 97
616 185 80
462 481 1
117 598 13
607 685 25
430 558 21
225 491 17
64 651 59
325 268 60
797 433 32
984 455 15
11 464 8
680 392 40
479 974 61
721 291 66
694 757 87
952 779 91
39 724 49
749 104 15
242 102 99
570 142 2
498 482 62
210 702 35
559 775 1
941 326 8
517 534 9
882 350 9
33 824 8
357 396 33
132 977 57
200 689 70
800 821 21
41 167 68
104 951 64
124 706 90
31 594 94
616 51 62
541 298 71
935 870 95
714 625 81
783 339 62
814 484 9
660 894 56
547 597 82
783 452 49
643 40 53
163 731 44
81 724 7
593 247 66
159 479 88
615 219 33
975 470 34
744 182 88
789 433 66
43 498 17
555 20 72
653 228 34
996 542 98
493 650 9
199 403 69
220 72 42
30 203 26
840 462 18
868 960 73
415 742 85
425 628 35
735 371 77
987 504 5
543 867 52
578 588 44
29 725 40
486 606 88
597 900 80
421 655 28
992 592 29
912 359 22
383 622 47
631 835 74
235 131 78
715 405 91
601 179 64
237 372 98
512 180 42
854 69 50
437 247 10
870 405 45
592 514 58
359 662 60
95 163 66
391 312 97
399 258 86
656 9 33
588 773 60
130 396 97
237 453 24
236 883 8
442 169 34
519 448 34
669 828 15
430 449 25
587 617 95
706 252 17
359 167 38
36 605 74
356 663 54
474 781 85
705 805 45
585 864 87
558 205 54
111 34 27
986 57 13
531 231 94
51 39 65
122 224 46
180 933 9
316 103 51
584 41 69
148 397 99
479 965 69
4 17 96
323 639 98
867 580 46
254 515 53
488 342 67
532 139 13
29 132 31
143 704 94
201 732 68
162 969 19
93 730 68
156 443 24
868 963 18
255 692 67
838 978 95
374 683 2
497 244 62
830 868 87
570 768 4
113 930 80
689 918 68
600 215 95
658 826 40
666 651 58
106 348 66
159 999 61
48 318 98
866 406 100
870 752 79
90 567 29
738 109 88
650 404 77
327 925 67
438 807 91
762 877 80
317 435 87
817 375 13
296 544 65
5 328 33
630 366 61
396 563 70
380 388 55
448 596 24
545 373 45
227 14 8
587 603 17
668 642 62
759 463 51
379 542 87
951 519 85
479 914 3
813 341 11
380 148 40
526 580 25
533 476 61
394 764 55
812 746 72
715 955 53
195 430 1
896 647 8
898 954 25
654 927 39
60 197 94
479 351 20
101 166 49
617 256 53
284 670 31
929 803 54
539 580 32
89 610 72
716 399 28
976 413 83
121 522 19
123 681 86
181 799 53
184 709 30
106 793 57
185 256 92
962 424 49
87 805 82
550 373 5
526 633 12
951 2 61
637 819 52
884 593 23
793 212 65
610 174 42
360 839 91
900 769 36
556 236 26
780 302 28
731 822 86
423 671 67
809 95 77
623 149 46
423 586 16
168 235 74
869 862 48
216 535 10
178 23 32
641 230 61
206 546 64
231 256 40
632 594 6
496 141 99
274 136 60
695 675 41
442 428 45
717 724 70
15 991 35
128 818 11
603 724 34
578 905 28
772 79 27
85 645 90
595 191 41
323 366 23
343 354 62
69 442 52
831 67 67
800 69 24
640 540 28
880 592 66
680 532 24
324 456 34
190 669 6
994 378 67
362 557 100
730 446 47
333 60 59
562 88 96
961 175 64
690 754 21
170 535 41
96 422 46
821 756 1
347 300 67
981 795 48
927 382 24
119 399 98
152 20 100
737 927 77
539 243 85
671 520 10
623 257 9
787 755 87
127 608 83
506 782 16
708 63 4
117 303 23
263 341 37
380 87 35
936 239 56
509 305 83
396 279 45
942 600 88
515 161 92
786 496 58
992 566 86
391 208 51
930 397 12
539 817 63
380 674 88
532 868 73
805 141 80
211 304 82
80 322 41
22 173 16
694 223 35
957 975 58
640 932 83
575 132 48
862 313 93
606 487 14
606 898 77
829 174 32
502 952 40
825 146 67
367 121 7
478 25 51
135 232 97
79 549 78
965 122 44
594 311 94
506 876 44
277 105 86
640 0 22
17 619 61
650 364 16
386 61 57
780 191 46
211 58 49
994 754 6
619 695 30
983 430 24
170 142 8
121 782 31
265 101 18
692 691 7
618 509 64
996 228 82
232 615 23
306 173 63
655 527 85
426 724 14
792 886 41
449 654 20
354 367 53
414 481 83
176 733 39
769 963 2
248 416 14
481 418 2
790 259 59
760 680 14
189 535 62
215 323 2
834 241 63
975 198 81
64 959 5
487 371 11
265 547 65
454 499 85
266 98 15
488 127 16
864 324 25
737 651 48
810 375 62
394 859 46
392 785 96
892 133 96
102 786 66
315 942 69
808 437 8
254 279 85
930 38 26
901 781 47
825 637 50
659 386 90
450 636 23
613 889 7
450 518 89
150 105 74
988 512 45
680 47 5
38 84 75
716 659 8
802 71 11
12 35 96
508 737 39
353 461 30
991 349 98
774 942 67
783 185 36
174 412 10
549 660 84
764 68 27
424 20 9
82 514 97
898 295 79
769 227 63
975 381 67
205 10 13
255 615 27
774 69 65
959 530 48
41 895 97
322 798 13
292 474 98
113 601 49
582 920 75
520 811 62
656 156 13
43 338 12
928 598 23
95 372 38
432 550 44
388 612 17
943 273 25
928 121 68
197 496 89
12 645 100
285 671 82
316 861 88
846 258 92
544 252 64
755 221 47
978 841 75
728 557 78
180 656 6
177 320 55
753 984 27
937 539 5
727 164 11
131 685 73
91 817 97
213 488 51
150 840 35
732 413 55
758 590 75
508 611 30
105 565 16
688 93 88
577 636 88
761 433 17
160 461 56
9 811 25
741 726 89
991 277 10
193 401 88
800 657 21
310 555 75
733 815 62
614 188 69
355 375 79
538 554 53
5 848 77
839 35 84
745 11 21
749 958 76
367 678 33
756 148 85
305 470 88
502 996 13
368 385 45
643 722 79
886 217 60
137 391 67
412 1 70
178 3 3
619 166 36
181 794 39
92 402 59
874 480 52
642 723 7
104 579 23
561 702 57
52 603 49
676 599 81
602 269 3
825 322 50
636 77 15
58 695 34
745 784 99
707 209 79
825 517 53
440 373 15
122 328 74
434 235 9
371 220 7
598 801 74
766 998 74
933 299 65
173 421 64
636 496 79
178 118 69
409 991 84
747 383 74
571 950 59
202 184 57
362 979 34
165 26 71
24 585 84
586 273 70
518 929 30
782 940 6
259 852 43
225 872 38
841 461 19
480 802 44
458 937 49
706 133 64
80 49 73
903 496 91
436 780 73
7 765 6
158 225 62
131 135 40
751 922 66
472 956 2
68 282 6
44 282 4
261 275 25
275 906 79
249 974 28
371 759 43
449 844 78
268 65 16
487 853 4
46 62 62
906 561 14
345 532 32
411 771 35
86 899 24
21 732 67
548 963 13
560 882 94
393 52 83
418 787 27
624 730 50
981 979 26
144 654 73
198 191 57
338 463 31
972 947 61
967 349 19
114 22 16
720 225 42
250 88 86
683 561 55
523 980 12
227 860 41
722 542 7
791 707 55
543 612 9
226 458 85
484 428 17
140 945 67
849 216 67
97 462 87
411 460 66
749 545 30
62 786 52
111 806 36
459 978 6
793 786 50
201 339 26
872 164 55
330 758 76
754 519 2
204 126 88
659 879 17
870 255 24
946 451 57
984 750 78
557 27 56
65 94 47
343 909 29
538 390 50
798 105 38
656 451 83
397 380 10
775 441 97
195 203 19
523 94 29
356 792 76
577 276 64
312 797 65
395 195 92
896 533 53
157 447 70
557 793 17
316 613 86
363 906 90
276 168 99
507 140 60
202 33 19
363 893 74
654 820 16
313 440 80
615 967 9
856 882 12
803 739 51
319 967 99
417 485 99
122 667 73
634 323 17
997 881 98
427 656 17
129 12 69
559 93 53
29 719 83
890 209 8
379 731 98
187 336 86
296 819 92
540 110 72
759 314 99
471 901 83
651 459 32
357 254 50
819 828 88
335 525 18
244 712 12
825 87 11
719 239 43
141 905 35
739 450 20
748 613 66
435 620 58
352 738 85
806 471 85
979 253 64
31 126 74
676 106 33
314 686 1
69 681 18
167 855 66
227 991 84
72 279 8
642 340 70
866 512 22
305 360 22
68 33 77
303 408 66
759 938 91
871 232 77
807 788 6
664 898 27
650 907 88
670 0 57
169 110 39
447 379 47
226 864 39
546 128 39
412 976 81
110 479 43
18 42 43
739 27 92
966 280 13
858 707 30
972 910 83
753 699 81
839 18 99
962 621 73
559 304 63
829 532 29
635 872 45
112 218 71
120 540 7
96 263 25
46 12 57
468 283 31
824 598 8
297 226 30
730 743 60
48 64 91
877 852 88
667 330 60
340 892 99
185 626 8
531 239 84
794 285 4
429 582 27
995 789 86
573 521 66
63 252 84
220 598 49
114 737 10
525 909 4
669 868 83
64 878 96
571 25 52
694 430 9
316 910 44
464 773 14
601 340 90
164 443 18
607 948 64
445 591 79
702 639 24
676 512 14
104 234 39
786 487 98
652 262 96
271 600 48
743 983 51
268 634 41
70 891 26
2 361 4
472 604 5
907 140 24
276 469 98
450 331 48
482 622 20
469 610 45
280 474 21
590 516 54
5 854 1
49 219 84
36 843 11
284 338 47
802 438 58
218 512 40
293 44 94
277 397 82
87 284 62
818 113 54
345 879 51
574 874 3
493 675 71
44 992 46
131 929 28
165 394 39
421 729 42
882 907 68
714 258 61
674 309 30
823 718 96
954 821 73
1 862 64
2 51 72
257 829 6
40 603 88
686 256 12
665 383 81
456 662 37
92 121 60
418 549 76
900 71 41
80 321 36
749 941 42
668 646 68
646 361 89
593 598 2
502 636 14
913 115 62
154 873 18
723 637 13
740 902 53
66 829 54
991 142 83
11 694 43
532 295 45
486 84 58
399 43 92
123 808 56
216 343 47
729 816 66
67 845 39
692 851 43
403 672 8
275 542 31
861 788 60
446 226 80
384 822 46
857 579 92
759 430 10
318 889 59
12 371 38
601 27 71
392 688 53
374 511 17
165 430 65
142 44 90
761 345 95
154 339 3
517 645 38
636 6 35
385 71 80
409 595 32
101 677 85
605 531 37
841 217 59
988 559 46
105 688 17
140 972 49
228 27 98
505 531 97
135 384 10
38 208 4
925 387 42
160 395 3
313 756 15
458 487 29
130 900 84
116 370 96
374 313 48
888 444 61
994 826 55
984 88 29
606 961 16
389 30 39
970 340 78
541 980 16
477 553 54
541 168 77
246 833 84
440 356 31
826 259 71
194 177 6
507 342 68
270 235 97
830 557 55
347 165 59
582 139 100
444 150 63
816 488 21
401 782 100
734 880 31
623 325 57
792 620 47
201 730 40
147 39 86
475 710 55
906 227 14
964 593 91
599 722 36
533 458 87
37 130 75
790 549 13
57 794 69
275 466 88
34 944 97
148 949 47
512 980 10
483 754 87
491 588 31
375 491 29
522 203 57
761 441 39
605 511 92
492 362 58
725 865 90
980 455 41
443 827 61
764 591 58
806 956 48
200 996 11
59 853 1
439 640 85
298 893 25
62 311 89
256 448 4
510 971 63
220 926 74
19 762 48
929 687 4
722 872 70
527 134 64
299 644 36
819 804 34
278 733 22
528 957 80
8 990 100
200 676 100
828 89 30
2 14 5
737 341 84
632 740 7
142 5 76
937 768 83
658 809 77
884 845 71
613 104 9
399 487 73
77 280 41
687 407 3
66 306 35
549 110 64
808 577 95
697 72 1
955 100 53
868 299 69
76 112 51
842 794 25
707 478 6
145 72 72
402 666 30
211 232 87
281 401 81
292 929 16
405 266 91
22 321 59
476 842 23
548 640 22
978 33 61
214 357 42
647 759 13
187 888 72
503 866 45
453 585 83
624 554 8
637 682 53
241 463 72
234 822 31
803 289 56
563 520 12
142 916 78
720 271 41
496 158 29
881 133 83
629 721 6
271 748 41
317 102 1
189 511 79
46 715 28
593 706 90
62 583 84
466 3 35
246 940 75
82 316 94
101 826 37
129 270 57
842 866 32
571 788 91
891 942 44
422 909 38
377 936 97
675 89 12
687 42 50
564 387 94
632 844 71
675 4 14
166 254 72
875 666 19
966 278 77
129 950 68
702 943 30
268 105 48
781 634 65
999 48 11
360 498 96
385 500 87
432 475 46
110 208 64
368 770 37
2 52 86
767 186 42
552 822 42
850 719 22
371 657 87
472 730 89
647 215 80
677 754 61
35 295 40
136 930 66
125 738 74
315 974 65
52 395 69
713 468 20
579 890 9
287 43 37
666 58 83
111 782 52
543 267 10
835 688 2
241 379 92
337 838 2
709 124 95
413 31 50
736 404 34
530 906 60
266 9 73
464 877 97
41 519 40
677 762 32
454 773 27
772 219 53
131 976 86
125 575 2
76 770 39
807 367 13
181 265 44
17 332 30
341 773 74
517 223 35
641 371 58
1 568 30
663 646 55
974 879 85
675 23 55
898 829 79
606 780 30
457 207 40
152 302 90
65 710 23
937 246 61
484 473 75
59 473 68
57 582 96
990 942 24
785 530 100
650 544 65
962 561 8
776 365 21
225 725 20
619 140 90
622 847 79
315 578 28
146 981 82
527 635 91
388 163 68
642 259 81
345 947 92
337 290 73
469 538 90
60 707 69
62 690 15
930 7 50
630 230 45
44 134 42
957 301 53
761 241 36
500 949 68
962 76 63
274 928 81
760 459 55
546 180 44
458 43 57
165 863 45
481 209 90
49 674 85
136 981 100
793 527 86
391 241 66
960 108 20
636 951 50
994 406 72
953 981 53
569 219 26
458 436 92
593 176 8
213 622 2
981 14 20
829 792 74
907 355 95
698 960 40
521 952 98
967 757 40
161 854 48
773 718 31
247 232 65
458 666 79
162 960 57
763 771 86
498 603 2
835 9 79
357 376 93
551 228 81
634 46 23
808 321 18
848 514 73
808 95 26
428 245 3
402 480 90
662 0 12
901 288 16
397 990 92
954 993 50
44 512 77
481 371 64
392 90 76
32 918 6
950 444 58
275 357 63
787 992 26
386 564 58
358 415 66
847 240 91
191 877 92
974 101 3
505 839 23
751 38 23
36 956 18
148 866 68
282 224 96
431 581 72
436 563 59
427 516 33
758 839 29
143 353 44
894 903 95
845 892 41
419 763 79
823 476 89
497 544 21
204 591 26
186 295 34
593 855 4
207 636 8
364 69 30
940 879 51
460 409 10
810 826 84
47 332 73
693 773 78
352 654 83
151 515 88
463 539 5
282 290 43
931 37 40
127 546 77
532 0 60
416 61 53
362 54 73
973 200 23
203 304 2
303 437 24
882 1 6
729 191 97
310 224 74
663 640 75
415 848 76
422 609 31
896 325 82
712 252 82
271 181 13
370 336 91
999 806 41
984 220 76
762 393 55
590 149 67
380 78 42
544 753 71
20 167 27
780 517 59
268 952 63
42 481 27
361 601 95
296 632 72
129 759 57
102 780 52
708 508 18
369 972 94
448 827 16
697 180 72
98 461 81
920 122 70
125 728 86
861 344 28
30 807 6
195 142 35
213 335 67
978 157 86
118 701 77
727 671 57
435 947 55
496 311 39
482 163 51
786 387 74
906 384 2
25 782 84
124 11 80
703 615 98
843 437 10
234 558 71
501 817 71
546 534 97
540 51 43
504 308 72
482 862 12
179 961 81
714 552 96
396 226 14
879 865 81
157 677 31
625 290 32
871 816 68
501 796 8
250 312 63
935 571 86
832 981 91
627 12 25
674 162 6
186 548 2
287 390 31
191 352 42
621 934 34
430 732 88
404 605 7
247 783 36
285 83 44
333 685 68
332 72 6
205 373 39
944 982 65
784 671 74
632 116 20
780 418 79
750 601 11
990 277 33
276 941 44
914 980 2
67 450 52
977 179 11
970 547 12
978 403 56
737 189 71
582 422 21
346 519 40
74 264 61
205 516 49
740 268 64
287 549 66
689 968 15
603 595 8
172 75 93
951 68 30
430 92 70
599 458 63
92 648 56
267 641 2
703 965 38
250 563 68
450 706 68
610 583 32
525 271 25
597 2 87
174 946 12
105 449 16
612 944 22
736 939 89
6 202 78
587 625 71
373 680 6
408 627 2
385 582 94
253 541 46
939 957 23
399 725 84
617 188 74
672 214 98
664 101 50
8 742 44
327 92 90
748 84 92
807 434 87
258 817 44
512 723 44
9 996 59
229 613 55
637 670 25
700 714 21
91 653 20
818 877 6
738 911 2
29 248 36
214 15 28
77 247 92
62 354 46
424 732 22
606 597 68
594 81 38
951 333 84
884 805 39
822 493 94
283 544 79
200 397 62
513 742 26
737 987 53
291 68 78
371 427 93
206 584 80
538 333 27
865 368 92
895 859 67
35 787 79
454 411 64
873 248 64
705 833 43
499 442 54
649 144 94
783 64 42
824 500 30
785 443 60
21 201 31
590 502 41
56 469 50
28 927 22
105 281 77
712 409 2
655 408 27
924 159 12
160 516 8
786 185 95
664 746 89
720 814 83
685 446 12
805 289 1
309 924 25
443 515 56
535 254 36
742 353 8
828 872 79
828 307 22
913 809 96
786 326 64
354 373 51
271 941 24
876 318 11
903 392 8
553 828 51
348 193 53
858 794 68
884 837 35
858 461 75
414 439 2
610 295 17
459 673 42
179 721 70
384 229 49
117 429 17
740 1 87
718 531 74
789 514 30
161 541 9
345 19 42
165 732 90
881 241 13
354 634 11
582 222 12
519 211 61
311 245 17
57 243 40
267 234 34
219 749 96
571 616 99
556 414 42
753 428 88
540 678 70
411 702 76
171 203 51
327 411 55
870 575 64
22 532 95
115 696 61
495 117 94
337 439 15
980 692 52
206 114 40
764 895 68
204 772 51
951 419 78
18 611 80
857 69 68
474 408 57
885 628 23
688 714 26
881 9 74
723 697 54
752 836 47
821 874 85
203 485 13
333 285 80
531 451 52
183 820 86
404 882 49
466 13 8
409 387 65
803 15 91
280 203 21
66 41 88
479 389 19
541 743 97
847 66 55
648 981 8
450 375 52
803 989 44
231 997 95
559 42 33
446 220 8
350 729 38
608 68 71
369 374 47
369 722 5
656 349 71
929 8 38
217 831 67
842 483 38
5 631 81
95 772 11
548 48 7
581 766 43
583 548 79
521 751 36
803 677 52
758 140 2
671 207 63
713 742 39
169 662 20
346 890 40
749 158 91
258 758 61
597 433 66
774 889 86
578 541 64
758 156 31
473 414 72
712 270 39
202 588 32
185 241 60
214 861 43
868 907 73
507 745 19
557 76 59
696 133 39
443 821 46
659 958 80
431 271 55
692 533 27
636 939 75
636 225 33
528 269 83
190 463 70
278 218 66
595 823 27
63 661 78
814 821 78
461 760 99
187 786 9
773 698 75
368 150 44
217 31 47
259 264 4
415 879 89
243 824 56
630 38 86
666 783 33
428 897 21
888 514 33
736 900 44
996 666 83
94 844 75
249 812 58
706 67 97
94 826 100
903 326 94
748 801 81
674 858 1
997 465 25
571 40 31
411 318 14
961 22 90
360 849 79
406 566 2
312 80 66
312 232 2
14 17 77
916 623 71
762 308 4
132 837 52
619 5 57
938 624 42
864 402 59
390 580 7
990 638 76
733 442 68
707 138 39
578 228 57
596 868 93
379 929 38
341 618 53
633 211 47
995 443 99
494 649 87
804 461 72
939 593 51
53 949 46
832 674 37
677 863 38
110 941 93
167 631 51
54 690 65
697 974 65
69 275 56
156 747 64
810 599 42
179 204 71
42 455 58
667 452 84
948 169 7
19 685 78
24 609 18
699 453 84
454 802 69
960 910 54
639 488 96
401 881 16
584 572 84
277 642 93
78 583 75
592 94 36
594 51 71
31 66 43
230 84 92
606 616 89
246 882 70
659 596 22
501 862 98
886 683 20
375 737 81
286 884 81
125 997 21
30 216 90
691 622 61
973 618 47
940 847 78
62 127 34
347 67 44
975 395 82
669 852 90
937 306 9
551 385 79
71 416 22
168 229 48
469 55 27
942 100 8
167 438 15
529 973 99
759 166 97
114 439 1
278 155 80
207 326 64
299 219 24
20 129 83
256 365 36
353 673 31
62 975 22
170 809 90
146 776 35
76 864 99
154 271 9
98 484 83
302 706 57
617 803 16
137 478 59
780 505 31
144 311 63
3 273 18
487 875 9
441 459 99
306 395 83
715 56 29
418 363 46
190 725 35
574 547 67
991 777 67
862 199 32
44 538 13
840 562 99
765 889 95
371 15 20
522 489 48
741 656 50
559 483 69
838 658 37
117 859 80
406 123 33
698 453 42
762 513 13
903 196 89
951 817 18
510 567 74
579 512 49
869 644 41
229 970 56
932 372 75
661 279 15
131 570 86
185 165 28
854 218 50
182 406 83
903 285 61
927 576 97
558 571 38
143 785 38
252 797 94
367 893 9
337 556 73
845 573 80
337 175 99
672 25 23
252 218 53
874 521 25
588 263 76
0 623 88
600 792 6
627 376 76
232 152 27
458 554 36
199 93 30
486 237 93
948 40 95
291 609 21
924 238 79
908 589 47
6 466 78
760 702 16
615 487 77
429 512 60
704 999 94
769 375 40
708 827 48
170 674 4
762 204 5
340 646 52
226 615 68
910 468 51
773 501 13
50 626 4
278 551 86
438 928 84
996 160 80
24 753 45
215 237 34
49 465 73
773 111 92
608 189 29
922 173 70
379 610 81
199 392 6
750 568 13
651 772 22
236 556 68
856 565 84
929 927 39
365 66 32
19 749 83
431 524 9
775 282 24
418 345 30
30 332 97
293 667 5
933 637 27
597 611 66
678 192 32
295 848 62
947 599 89
506 739 36
277 912 29
339 963 46
10 678 72
543 706 35
622 435 100
794 311 28
339 142 8
313 442 85
261 88 35
991 834 55
935 984 19
938 372 46
928 198 7
164 92 24
162 710 60
272 150 35
968 448 45
913 501 19
246 5 48
60 661 91
751 647 76
273 577 18
904 294 82
114 757 95
55 784 1
462 212 87
663 249 42
717 402 86
884 356 90
757 909 30
313 298 70
107 271 45
190 729 19
940 342 61
429 863 84
822 119 18
734 485 54
116 287 69
492 949 30
137 596 74
433 632 17
583 116 40
546 355 91
45 343 22
733 15 66
581 931 11
820 873 57
523 657 70
898 410 40
560 326 95
10 82 83
253 800 78
104 98 58
75 463 37
118 92 99
585 214 23
67 895 60
783 738 70
32 616 66
863 532 23
103 873 18
789 567 75
296 561 94
246 818 43
983 793 26
31 969 79
431 240 35
144 50 12
52 27 70
523 457 22
226 989 62
574 252 14
577 688 36
897 823 75
820 76 48
895 350 80
362 158 81
51 328 56
209 156 9
834 466 36
482 912 85
565 221 19
380 139 81
576 823 77
384 781 46
275 303 21
932 16 12
679 933 8
683 420 54
601 32 94
475 311 41
249 161 66
656 619 98
332 562 93
714 844 7
223 417 24
116 512 62
773 938 5
661 693 8
648 354 24
550 681 41
940 833 5
814 319 62
438 373 90
255 962 11
444 354 76
413 531 68
537 658 28
70 216 40
288 181 56
156 29 83
907 41 16
419 220 17
518 879 72
557 95 24
317 502 97
731 262 96
313 220 84
886 50 94
464 916 38
635 316 63
285 403 10
752 314 54
43 677 79
428 398 74
443 824 90
146 658 84
8 540 95
844 237 44
107 379 77
915 500 26
433 844 25
484 547 52
274 308 91
573 215 33
884 39 56
271 828 1
712 978 70
965 324 40
233 728 22
345 857 68
820 805 45
946 132 41
382 783 62
265 454 100
780 25 100
603 191 66
459 688 44
120 304 94
198 181 7
622 887 23
419 307 50
546 916 42
776 160 14
170 565 42
442 757 80
897 724 9
690 393 35
100 804 2
52 661 16
602 335 17
76 233 24
23 830 84
948 974 31
135 264 24
279 868 28
926 35 42
926 50 22
39 420 58
9 392 86
28 731 59
946 11 79
787 313 31
247 40 70
588 364 40
566 973 1
544 61 28
535 709 57
271 751 91
131 374 52
549 194 6
93 426 42
832 163 81
221 224 32
226 259 82
87 930 9
95 193 46
50 337 63
870 287 9
279 211 34
752 662 6
870 492 76
442 727 34
484 394 70
529 552 17
216 571 21
805 296 77
910 153 55
149 733 27
346 361 41
408 125 68
171 56 83
34 584 40
337 697 81
193 246 65
976 259 35
886 337 90
311 297 13
229 111 42
648 240 88
672 790 83
141 673 55
824 105 40
45 156 66
737 535 37
82 671 4
270 989 9
30 992 45
156 504 99
117 977 17
793 351 66
761 577 51
866 637 29
985 467 77
619 434 42
446 427 62
330 665 57
500 850 65
201 23 94
429 689 28
823 129 56
99 779 61
16 523 82
253 40 48
889 492 100
195 294 66
210 780 77
791 253 61
865 511 11
61 125 29
979 93 68
963 846 14
324 151 68
889 594 95
603 765 69
5 575 1
429 378 28
143 768 2
226 464 70
943 233 33
625 661 75
652 218 26
59 650 14
212 605 13
849 701 5
113 734 100
341 183 48
594 928 42
331 126 47
27 13 63
81 806 26
842 27 49
631 777 43
672 548 73
174 492 30
633 663 81
965 397 6
805 890 60
576 165 57
24 500 37
69 546 9
839 600 13
340 800 92
863 406 16
143 851 72
991 293 73
525 784 70
994 900 61
792 307 68
837 679 62
945 581 30
253 1 76
271 81 22
924 661 33
633 127 60
442 16 5
728 684 33
902 665 84
556 127 35
126 134 82
94 924 84
460 918 50
649 318 11
894 402 65
728 288 78
298 118 90
0 13 72
322 356 56
254 148 2
92 540 82
851 894 96
823 565 90
514 553 9
812 548 39
379 666 61
988 388 23
240 389 10
480 314 14
96 81 18
829 987 98
444 404 54
87 873 7
995 891 59
463 812 33
326 476 31
318 402 49
672 859 69
592 315 70
133 364 64
738 128 67
578 119 70
572 700 26
753 804 88
425 499 100
730 92 62
780 186 68
25 767 29
307 443 50
617 796 85
232 196 23
125 551 97
523 108 29
478 298 59
277 541 78
86 651 6
832 105 98
585 474 55
66 233 5
637 295 83
932 41 53
498 271 69
399 252 60
307 652 62
153 897 98
809 544 59
135 730 90
364 74 65
907 466 100
189 700 71
770 556 34
358 941 92
529 20 74
315 924 6
975 766 84
702 303 34
966 675 63
395 930 76
676 454 31
412 370 94
550 250 80
120 317 59
579 969 35
377 815 7
466 339 8
505 166 17
61 658 50
997 106 46
114 354 95
400 872 12
452 883 99
414 0 39
613 659 62
442 457 65
396 61 46
813 414 95
730 648 14
954 197 16
180 477 27
601 525 59
111 401 87
338 297 13
162 391 68
162 38 74
619 208 70
58 214 56
41 595 37
871 98 58
116 345 26
803 295 55
529 79 68
565 592 91
148 396 18
296 878 15
558 151 87
432 371 60
614 80 53
939 319 76
469 586 51
828 200 9
315 476 80
630 915 83
359 783 31
277 195 95
678 124 33
875 987 98
325 177 40
722 603 5
801 405 47
516 422 59
995 935 2
672 895 49
149 809 79
950 617 3
341 982 88
86 12 82
226 280 57
132 351 44
610 643 3
380 116 6
127 599 19
902 459 39
752 216 91
442 835 5
196 820 45
826 199 59
264 353 51
799 68 56
218 825 94
631 466 79
445 598 2
414 247 96
866 541 17
605 415 23
14 625 48
571 21 19
819 59 83
604 787 77
283 523 84
226 542 67
373 80 63
441 12 17
142 184 75
202 244 39
598 51 39
397 854 52
952 483 89
382 270 84
194 145 48
505 7 7
25 71 56
573 520 57
994 878 21
557 258 96
113 48 92
98 777 5
822 185 91
541 524 65
451 45 34
945 589 85
454 296 46
77 936 17
984 126 80
123 756 52
680 245 17
358 59 99
690 684 73
948 46 15
928 382 10
554 285 8
672 4 17
670 55 65
331 410 77
489 413 42
652 24 58
335 22 18
988 98 5
956 967 60
549 728 97
315 114 40
490 236 17
96 50 18
617 797 21
677 587 55
112 475 34
922 781 8
437 280 63
349 647 79
843 992 33
240 687 88
961 830 74
224 489 40
630 409 74
978 612 19
16 799 20
334 810 74
272 420 74
578 372 84
521 804 7
866 181 6
957 692 90
139 652 42
459 548 68
402 618 52
568 996 6
135 632 68
768 396 100
133 11 16
730 949 58
879 434 91
127 991 41
208 354 36
302 669 74
483 700 42
589 357 94
593 349 58
243 161 66
471 198 56
315 570 23
210 69 75
827 25 26
354 473 79
43 563 70
261 330 70
744 567 42
796 195 74
513 610 14
488 440 14
317 261 92
419 60 60
694 513 19
288 319 1
415 496 91
285 242 74
91 23 32
584 104 95
128 174 58
471 60 10
30 625 72
550 361 41
125 521 26
896 642 20
275 22 50
861 121 58
588 890 32
596 626 82
808 429 62
749 295 92
255 572 33
180 164 27
181 198 80
246 384 31
435 555 60
587 589 43
67 615 84
81 177 9
723 171 78
518 714 22
578 283 2
400 360 82
604 13 39
649 863 67
308 798 30
932 265 3
332 153 56
886 707 46
662 564 81
663 885 68
816 931 2
996 735 73
208 287 14
879 638 5
319 231 6
897 137 26
0 220 91
138 24 86
209 500 42
674 356 24
911 758 5
760 512 32
680 410 94
209 620 98
803 645 9
934 385 31
373 781 89
765 151 70
151 965 33
393 54 14
182 671 97
729 428 58
632 206 73
504 366 32
147 427 21
645 313 75
636 232 40
405 6 27
523 198 93
783 812 91
825 370 80
751 323 90
765 846 15
182 657 96
641 376 3
339 787 7
903 486 27
109 812 25
599 808 49
875 545 31
926 858 88
857 785 77
273 146 92
690 97 95
853 682 33
331 53 51
669 645 24
510 243 12
306 312 7
802 177 87
5 137 45
952 84 33
682 662 24
751 943 82
871 945 29
312 783 86
803 131 99
705 597 75
81 677 65
252 624 88
638 168 31
53 859 72
959 475 22
849 88 39
194 168 83
836 676 55
636 189 41
720 577 52
307 604 48
460 793 83
981 829 94
709 933 11
402 838 47
671 705 70
922 362 15
879 304 73
139 112 62
407 306 89
326 47 8
961 349 68
862 631 24
270 695 25
629 942 87
298 132 78
977 393 59
139 995 2
911 544 23
975 56 37
255 357 53
344 171 53
167 440 47
879 33 51
121 507 42
138 63 99
396 249 48
73 451 67
869 595 54
415 467 43
410 785 82
195 895 83
853 648 68
418 137 46
276 256 5
752 930 52
660 320 75
596 311 100
845 435 26
920 1 35
376 54 58
204 478 42
862 219 11
0 553 92
512 843 29
742 822 17
752 120 74
67 876 73
722 928 24
430 705 12
307 512 25
348 73 38
744 621 72
718 234 12
749 35 92
994 108 24
232 53 76
189 274 4
624 391 9
802 452 35
739 444 69
675 815 51
877 861 78
866 671 1
31 778 54
460 37 99
808 483 33
986 562 76
279 248 79
538 886 100
398 857 87
97 267 71
534 345 86
6 325 41
954 234 13
818 18 34
904 827 7
0 991 31
951 241 14
233 537 7
184 187 43
555 61 30
363 376 44
875 977 91
807 492 74
330 537 11
839 953 34
60 708 30
993 298 32
320 674 17
844 783 92
122 717 64
283 123 33
70 20 91
760 190 5
821 864 55
118 77 18
955 476 25
737 859 14
168 440 86
482 13 22
511 115 77
836 934 51
909 14 82
802 888 99
199 605 29
503 288 88
377 952 40
754 544 45
159 592 70
700 167 20
310 447 51
829 796 66
739 411 65
663 155 12
547 401 9
793 377 23
413 185 4
950 273 21
955 260 96
969 352 74
43 699 18
852 392 12
947 705 15
503 763 83
108 508 99
620 381 48
775 478 35
767 627 63
192 633 15
450 938 54
917 745 89
825 625 70
808 924 7
820 334 57
313 671 64
926 355 62
148 824 60
688 814 56
382 241 14
425 196 97
237 657 30
564 642 94
600 586 70
526 362 76
823 712 21
193 469 48
800 472 19
378 109 52
883 413 35
199 683 42
25 72 70
575 316 86
55 725 61
360 240 9
386 202 9
545 147 21
297 543 9
231 910 85
6 397 49
245 123 82
307 342 93
111 161 58
965 581 21
714 741 25
546 443 89
282 553 9
534 876 20
728 166 31
916 599 33
201 372 90
759 114 34
3 952 51
737 583 60
578 880 6
49 314 26
499 465 22
226 872 75
87 919 49
423 691 35
261 961 63
444 829 49
190 351 92
909 553 57
299 762 44
811 312 35
725 433 80
848 832 37
985 793 80
940 601 63
339 741 55
805 41 85
744 395 45
51 20 41
62 673 39
450 583 75
464 356 62
634 480 19
661 749 22
545 112 21
596 291 49
748 26 49
380 216 11
967 531 72
395 957 62
427 805 48
299 897 97
525 535 71
618 252 69
446 666 13
510 205 43
0 53 4
22 977 36
242 333 67
387 839 14
550 738 16
856 728 94
600 492 74
700 769 86
975 418 58
309 341 94
648 515 7
497 897 18
119 108 33
842 815 62
597 325 40
191 473 56
854 583 35
206 869 86
88 84 78
356 847 69
181 274 44
827 165 74
706 789 54
119 635 15
196 286 22
518 41 75
322 836 56
704 857 93
666 738 44
306 953 27
719 696 94
192 527 10
258 532 6
821 726 11
121 791 31
811 532 49
564 57 61
174 166 71
379 711 62
898 969 59
727 124 93
121 762 73
591 183 20
328 666 49
623 24 61
248 489 41
528 279 34
136 519 73
197 813 81
257 185 78
84 385 44
506 658 86
437 749 28
805 558 14
347 69 94
893 922 39
502 287 33
724 737 84
36 862 48
315 336 86
920 40 2
49 552 63
740 63 49
324 85 68
972 337 52
179 614 29
236 457 49
475 429 79
74 750 11
456 837 85
239 114 20
255 504 83
768 377 7
981 576 47
119 791 4
402 52 43
834 382 12
719 45 55
437 943 85
250 262 11
421 393 4
616 449 87
577 346 58
653 332 36
315 617 11
884 366 24
99 404 77
993 966 87
970 564 87
516 600 29
700 517 29
848 630 69
455 290 49
201 757 27
281 169 32
95 924 42
56 113 49
171 912 55
610 164 55
63 249 32
343 220 86
515 559 11
514 751 10
906 16 75
963 532 38
860 603 70
79 10 69
394 932 86
575 345 13
35 581 75
766 802 41
160 879 54
648 191 90
719 623 28
131 316 31
844 201 48
908 669 77
402 676 30
300 625 19
154 756 38
474 209 23
695 616 95
40 995 33
450 468 26
147 442 99
847 209 21
130 952 21
341 769 99
425 838 57
808 21 32
34 8 45
382 816 31
885 37 9
505 538 41
913 634 39
621 829 13
133 976 94
186 751 45
941 488 68
813 363 10
938 428 28
628 332 22
700 627 77
923 929 100
204 32 80
235 738 32
63 399 39
242 282 21
304 954 99
918 642 5
717 338 98
405 377 24
801 628 44
640 869 86
180 740 95
542 218 66
326 273 76
593 393 49
608 133 45
242 742 30
228 924 6
230 299 29
474 369 17
663 354 12
399 953 6
865 583 58
884 674 16
16 597 34
664 795 42
77 701 29
410 585 51
256 7 94
691 131 67
797 38 51
368 750 98
310 420 52
501 856 91
466 717 36
582 536 80
717 864 45
456 938 48
294 386 48
966 756 70
689 83 87
862 996 49
426 68 12
549 30 42
726 877 88
203 220 83
158 557 7
54 822 98
311 512 41
290 502 47
839 857 66
304 615 20
175 129 52
297 715 79
973 471 21
227 9 17
75 332 38
939 820 35
7 988 46
485 329 18
52 891 46
460 254 71
351 983 71
50 521 10
124 720 97
281 635 19
765 39 8
21 47 78
19 134 19
467 414 61
935 428 46
27 290 79
561 10 12
761 609 90
568 432 80
535 986 48
250 389 51
887 908 90
785 335 49
615 945 93
57 962 94
508 50 46
547 278 90
958 262 15
472 579 33
282 952 28
823 404 71
998 587 6
820 578 40
82 447 16
730 439 36
510 63 26
74 316 12
86 869 31
472 966 72
944 392 34
258 570 35
909 794 1
625 810 94
948 679 10
570 161 62
960 942 54
788 14 3
257 534 45
688 692 75
733 213 100
867 287 96
538 236 54
882 405 10
169 55 98
129 853 6
498 845 61
59 227 28
543 103 70
295 515 10
990 668 62
133 370 86
772 817 18
13 384 90
346 28 44
239 781 4
484 335 80
513 576 80
342 337 81
705 238 19
224 750 51
235 260 15
9 185 65
182 511 52
445 844 97
79 571 71
863 654 14
872 569 25
867 450 59
925 718 66
372 388 10
131 457 27
394 581 87
718 243 13
966 599 96
550 247 52
348 690 90
837 966 33
443 889 33
160 526 18
687 266 28
119 736 24
51 106 5
821 386 14
353 747 32
47 491 95
320 711 20
6 309 77
974 514 42
779 444 53
576 641 99
786 241 41
681 2 72
849 607 39
88 496 68
7 64 50
596 986 74
278 210 40
841 687 4
814 843 42
460 309 22
937 133 68
953 119 8
68 199 49
347 220 63
253 544 88
125 89 29
715 238 28
213 760 42
722 704 1
217 509 37
139 390 87
976 871 96
418 800 45
241 303 7
716 316 36
505 432 78
91 858 75
844 12 36
644 687 19
60 635 71
992 9 78
409 225 33
176 693 87
766 444 31
137 811 87
293 816 45
983 727 91
987 52 23
104 662 57
609 531 92
457 156 40
751 431 57
569 274 1
474 260 34
518 579 73
889 174 57
546 631 72
518 444 6
27 232 45
492 296 32
929 181 13
504 652 33
52 258 45
463 553 14
297 927 46
867 163 71
304 106 63
775 301 81
899 767 63
113 438 65
38 834 50
577 764 65
265 458 81
528 251 4
823 638 9
81 866 44
499 292 30
545 265 14
432 691 100
795 220 17
585 145 49
877 524 53
666 467 27
106 910 65
435 867 13
828 742 63
643 75 32
112 621 5
219 257 45
135 899 27
133 385 39
942 821 62
969 834 46
710 506 12
572 735 94
275 858 64
170 340 44
997 464 27
789 279 61
930 654 3
998 696 8
725 223 84
407 974 35
975 21 7
91 821 69
646 879 65
514 128 54
650 255 99
767 911 76
439 588 4
212 362 10
826 64 71
592 459 83
55 858 43
463 469 79
928 946 65
275 311 40
525 931 7
338 972 92
360 981 48
661 355 82
682 749 67
699 715 31
268 57 32
343 125 67
655 102 4
11 597 14
869 715 90
972 449 99
459 493 8
869 670 74
821 501 25
572 421 14
838 937 88
351 243 45
550 671 20
333 101 26
911 631 83
24 760 73
48 514 85
605 438 64
342 527 55
582 91 69
756 753 59
727 186 87
184 401 6
947 587 40
840 124 2
525 49 11
572 202 82
998 326 55
349 284 60
994 274 97
26 440 74
260 625 84
580 715 75
686 675 90
205 689 36
283 126 70
129 305 68
759 858 62
962 77 63
512 184 35
105 328 82
602 578 33
618 776 79
70 703 67
834 809 6
672 747 50
850 950 29
299 640 2
314 431 96
953 579 21
166 788 72
774 175 22
235 621 50
48 914 49
211 14 15
921 758 98
500 222 92
208 146 76
645 253 24
895 156 58
683 350 60
832 754 50
309 911 45
928 405 17
984 2 30
983 294 91
354 55 57
833 252 46
915 258 27
878 895 20
103 947 66
205 906 62
168 223 97
545 452 69
945 190 68
520 301 47
188 71 31
818 93 34
143 574 11
514 422 52
795 107 15
423 130 46
643 733 20
840 97 55
166 86 93
236 821 17
354 124 66
365 537 23
677 218 69
54 628 2
266 102 4
172 455 44
890 510 57
140 832 43
991 341 17
183 691 1
674 467 98
685 985 23
686 131 25
887 798 28
107 223 79
857 910 82
382 448 64
489 430 22
437 78 32
573 762 10
936 449 95
940 174 96
874 239 74
624 252 48
67 875 27
271 912 1
633 162 73
349 257 32
719 791 3
680 375 30
626 457 15
95 823 90
235 935 66
979 405 87
596 173 11
46 16 58
909 912 27
177 819 1
999 805 22
76 265 42
965 236 92
83 502 78
795 630 14
988 977 35
964 61 17
734 299 53
100 213 28
781 815 21
378 260 9
92 342 40
981 418 63
514 416 71
166 906 99
137 820 6
281 18 8
143 56 66
120 727 59
786 928 25
496 305 85
483 445 7
708 611 74
983 173 37
361 752 64
500 70 13
361 582 54
299 996 4
474 634 82
858 432 35
796 390 60
891 886 82
410 714 61
248 630 92
417 154 15
626 93 3
16 643 88
277 236 45
211 345 74
172 320 63
506 881 17
192 851 72
863 664 41
343 762 2
143 689 1
945 19 64
586 435 46
525 518 20
7 750 43
746 718 15
442 877 74
269 233 99
813 382 59
177 210 36
236 440 63
69 829 58
415 597 26
738 867 3
669 541 45
52 487 71
204 55 63
911 358 71
995 507 49
441 485 14
565 290 92
868 800 91
451 0 72
594 586 72
492 618 20
81 463 22
245 250 92
831 335 47
952 486 54
934 631 64
542 898 13
456 375 15
99 929 63
458 446 19
777 302 23
50 164 47
406 853 93
933 710 94
418 125 52
382 84 3
984 855 67
358 285 64
585 714 11
429 965 31
174 962 65
964 245 29
717 479 78
972 673 1
614 412 90
100 78 51
330 24 25
406 988 23
389 533 74
995 684 81
212 845 24
635 281 5
411 206 24
925 19 37
879 103 97
702 341 30
338 268 1
997 680 86
825 407 15
980 159 66
790 742 62
31 44 13
622 633 31
899 368 63
769 134 82
115 400 85
947 139 41
520 771 4
483 80 90
672 907 69
87 341 94
215 825 82
791 217 21
542 805 97
850 147 29
940 952 19
49 567 15
377 537 97
575 273 65
399 16 99
960 536 5
502 143 26
14 701 57
14 932 5
665 599 83
341 13 96
542 903 46
713 498 82
72 667 69
125 503 77
765 210 49
323 149 82
648 536 18
859 872 22
613 607 16
83 962 65
518 762 8
584 626 27
253 31 81
119 817 63
978 934 51
206 454 74
753 866 14
520 546 67
546 815 9
260 417 30
853 0 86
963 99 92
90 764 27
79 874 45
128 101 72
15 101 62
623 960 36
902 788 70
233 96 64
274 235 33
713 763 88
802 126 39
866 417 60
44 127 29
427 451 17
116 700 46
758 853 11
581 506 8
814 191 94
474 513 37
950 358 54
529 394 59
848 796 50
340 471 81
490 338 85
55 831 56
403 587 34
934 491 73
572 917 24
908 793 61
486 527 34
557 106 98
238 773 95
106 305 78
168 170 47
447 307 22
35 689 33
877 544 30
551 82 36
298 447 68
965 328 38
278 258 19
243 497 46
275 759 74
205 76 71
664 21 24
418 489 78
286 338 73
563 945 21
917 741 59
52 462 86
818 198 69
874 183 36
820 722 43
319 188 91
281 126 27
178 519 50
234 81 13
195 123 95
583 976 74
376 321 93
34 544 13
269 914 71
493 658 46
989 38 27
728 672 53
52 202 12
110 3 39
999 837 81
865 786 61
509 727 31
115 151 59
284 666 38
200 756 89
539 194 8
313 18 63
102 638 42
699 933 12
801 532 47
471 361 99
108 740 88
118 783 76
168 95 52
27 487 41
625 993 95
174 579 68
540 173 6
724 62 51
187 679 4
202 743 75
723 995 14
665 836 50
154 923 31
15 248 73
372 888 26
61 488 46
407 204 99
566 55 65
142 302 6
459 625 28
54 369 84
159 511 89
527 10 57
882 170 58
197 331 32
723 593 51
210 499 12
110 970 39
21 241 81
15 788 37
297 89 14
256 145 10
697 100 65
199 782 100
937 2 70
638 155 15
243 920 85
93 209 96
72 610 71
1 402 90
920 521 66
262 90 77
947 926 26
483 337 32
402 788 6
681 496 89
123 692 41
243 350 94
772 104 81
267 153 53
366 565 38
15 151 79
798 361 71
406 190 81
366 379 11
47 628 18
121 955 99
70 780 36
390 503 58
493 911 1
554 501 18
383 378 98
843 159 65
354 650 42
866 390 90
665 919 22
94 221 55
729 740 51
756 415 61
169 166 19
797 10 73
91 86 56
463 891 18
287 337 33
18 115 41
388 549 4
619 917 67
673 836 100
215 882 13
472 851 52
156 190 98
462 842 91
500 50 99
863 97 35
303 899 64
940 350 68
928 664 7
452 549 84
590 961 66
775 255 63
364 606 85
849 194 55
826 803 57
508 762 7
713 383 21
444 568 15
867 102 44
535 966 9
452 302 15
744 389 97
951 717 32
992 868 70
881 293 36
672 83 71
724 371 32
17 782 71
442 21 49
163 382 57
443 503 38
13 367 37
525 601 81
848 361 89
524 483 68
728 269 32
277 342 94
194 723 57
577 314 65
84 29 69
618 707 51
359 545 8
359 426 9
442 193 67
950 315 41
682 466 88
52 237 4
978 717 39
538 267 51
421 243 10
744 125 17
414 189 77
460 900 29
664 247 11
645 672 66
635 824 81
417 825 8
868 273 42
980 697 60
268 709 100
7 175 52
10 37 15
569 775 93
446 968 45
540 955 46
919 945 32
673 209 7
848 465 91
240 541 47
629 455 26
582 800 36
632 164 51
503 60 84
915 664 62
338 192 94
606 912 68
209 525 4
718 741 59
827 947 97
53 889 11
600 173 54
690 27 65
246 892 46
732 628 51
557 991 75
266 279 84
564 426 9
648 413 73
750 633 70
140 990 45
277 561 50
849 329 45
440 918 86
440 684 55
882 796 21
583 873 97
59 660 89
522 329 3
314 413 52
299 940 75
47 208 36
205 856 19
396 125 20
311 424 89
385 774 92
735 761 80
505 269 99
887 465 14
58 336 27
586 436 11
156 730 95
387 766 79
268 492 60
180 721 74
941 252 89
490 515 8
774 617 57
665 552 38
114 954 13
874 529 71
268 713 3
252 722 66
32 198 60
144 539 100
968 622 49
430 63 29
551 603 85
49 996 10
430 32 33
499 906 61
191 62 62
721 405 24
41 685 35
981 265 70
686 883 95
948 268 49
811 702 6
851 538 36
70 261 94
946 766 73
657 219 83
449 647 80
968 547 72
649 924 76
517 622 12
540 528 75
126 727 60
629 482 36
622 405 2
970 194 12
491 268 96
492 383 84
424 163 72
276 603 7
298 705 42
238 217 39
966 443 14
891 371 42
25 145 23
524 780 97
201 607 9
983 474 85
9 35 9
658 807 29
771 559 92
279 854 35
683 923 6
206 782 88
845 30 80
90 508 86
232 630 85
747 727 21
980 537 16
737 225 63
211 471 80
959 186 68
66 907 100
729 24 74
835 80 37
359 841 86
554 232 91
115 926 33
9 220 8
925 250 87
669 499 89
61 459 72
606 623 19
970 804 56
967 336 27
519 494 98
86 696 56
671 502 25
144 743 45
750 334 32
521 483 59
294 8 26
761 25 72
285 366 56
52 1 76
283 955 89
240 593 33
607 183 41
576 676 16
189 356 82
697 116 57
656 386 35
420 747 57
549 5 46
78 169 89
974 706 83
920 60 28
376 370 93
568 503 89
662 941 92
739 873 9
501 669 44
410 339 48
719 49 29
191 249 80
356 453 18
301 695 39
616 854 49
748 390 28
909 117 3
251 769 93
901 581 45
533 550 60
944 366 22
807 520 53
474 116 26
129 818 54
899 936 79
308 195 87
86 764 61
247 57 4
672 101 54
728 662 20
590 371 43
501 200 73
305 113 53
406 651 49
779 540 77
818 972 18
285 807 8
692 345 56
743 699 44
412 817 14
549 665 93
524 947 64
69 337 46
906 609 59
255 85 41
449 677 76
226 794 61
494 697 90
90 267 50
410 263 90
724 896 19
685 892 86
430 88 20
864 438 33
408 178 43
239 585 42
521 251 15
320 65 14
729 296 56
572 359 45
808 346 39
746 795 90
305 756 8
332 932 75
394 151 80
130 279 35
646 807 88
246 41 7
830 131 58
858 607 64
523 253 88
555 43 53
261 655 88
233 752 87
17 309 52
694 529 2
400 372 30
351 681 55
207 72 80
790 803 22
415 677 29
803 283 57
482 740 72
661 358 36
610 808 39
294 304 58
24 745 1
378 227 31
406 459 86
817 798 93
267 545 25
661 227 91
339 98 50
232 438 71
218 823 14
857 12 42
153 89 71
437 243 24
468 291 60
772 886 8
888 827 75
427 35 60
575 89 79
337 17 9
549 961 86
807 474 46
4 223 2
933 416 35
155 160 67
563 708 95
177 3 89
238 441 94
142 171 77
113 789 58
639 861 86
477 737 100
882 679 44
74 747 100
999 407 73
287 114 56
518 304 59
86 174 1
962 449 18
836 177 58
915 999 47
286 63 29
598 159 61
164 64 29
972 792 55
905 559 98
520 232 62
881 264 33
287 112 52
870 806 64
49 164 61
429 806 29
156 736 2
453 312 99
588 54 14
355 426 49
552 503 60
315 274 73
400 874 78
938 941 81
861 850 57
550 410 83
332 303 13
398 106 32
688 467 26
285 254 97
998 312 19
98 148 53
98 57 58
110 627 22
365 464 54
433 788 80
818 739 96
426 824 34
564 316 18
773 99 6
54 12 67
795 807 48
508 130 6
235 535 94
935 859 60
709 809 49
800 520 94
975 770 97
747 215 24
811 59 20
517 213 13
676 962 41
289 931 86
89 387 52
323 918 94
904 363 16
390 366 11
619 670 16
288 968 59
914 591 17
719 121 75
85 514 91
330 193 84
416 309 45
507 599 41
71 855 23
431 931 39
908 689 79
602 19 11
327 508 63
735 275 100
909 629 64
370 71 23
909 872 96
814 77 24
532 200 31
715 392 32
179 306 58
152 957 27
503 427 9
732 620 34
340 328 86
284 434 48
192 180 20
485 768 71
265 29 77
9 205 8
321 535 47
854 943 1
931 936 21
106 358 85
149 482 51
659 460 52
900 477 94
834 383 76
491 483 90
115 3 81
320 529 43
481 229 69
199 858 4
628 643 77
262 765 6
356 230 28
851 377 49
903 416 7
977 58 21
927 215 65
291 379 18
755 379 68
910 531 62
98 411 82
934 866 5
172 210 86
565 877 62
549 39 66
403 382 65
281 698 73
638 861 33
654 93 52
427 158 13
53 947 45
475 49 32
569 766 39
497 757 32
305 811 60
867 537 68
4 46 8
566 290 77
882 136 15
228 710 89
973 20 80
752 242 48
908 446 10
7 468 82
887 359 65
540 413 68
292 702 38
955 508 54
319 399 97
953 933 65
870 298 43
126 691 85
902 362 86
660 414 48
112 198 8
601 577 7
642 413 85
546 292 44
167 748 38
827 353 78
132 38 68
194 508 54
721 934 36
834 325 85
472 303 88
429 40 48
804 157 37
31 854 95
802 240 35
239 693 9
159 928 90
579 404 67
455 911 71
345 820 63
236 38 67
186 391 84
368 766 70
350 387 38
346 533 84
0 101 25
675 208 25
250 15 81
166 279 61
191 709 51
21 865 4
241 902 8
73 356 90
747 228 56
740 816 31
959 858 80
700 603 41
493 76 5
732 984 62
383 2 16
9 666 81
284 259 59
636 586 46
445 863 84
916 264 100
448 153 54
862 663 27
783 590 40
505 646 2
150 932 94
78 383 69
729 785 3
795 205 14
487 447 88
829 527 31
929 467 49
272 490 47
119 887 81
455 246 56
899 403 92
460 943 2
520 283 68
436 778 64
131 450 61
337 34 39
497 242 16
924 182 53
365 13 44
19 623 98
74 221 51
805 182 6
573 921 64
874 556 58
738 8 34
257 765 41
432 460 49
297 648 4
18 590 66
524 618 29
309 37 9
994 90 49
923 756 69
452 127 5
356 309 60
320 835 84
43 654 24
275 889 97
9 321 21
998 959 100
613 191 27
312 66 49
28 664 25
528 881 97
415 723 73
212 918 11
408 688 20
158 517 79
908 311 81
326 65 2
692 701 58
113 907 78
122 491 54
784 879 59
410 82 49
765 70 7
278 478 33
172 945 76
282 911 47
554 671 53
162 763 49
5 738 92
866 197 63
984 669 74
126 774 95
656 132 48
774 571 27
46 933 63
719 626 76
891 219 51
443 77 62
306 769 66
103 239 97
280 890 83
270 584 83
508 518 32
461 730 32
287 580 74
729 70 42
864 629 50
699 438 72
611 51 63
859 132 46
756 262 28
241 904 49
817 886 35
378 807 75
356 96 11
476 961 100
652 770 46
210 397 51
324 233 99
409 134 79
314 771 49
228 477 93
471 592 18
379 144 51
254 605 92
559 113 49
757 504 76
176 809 82
886 541 27
131 224 77
465 932 27
947 734 37
635 135 88
518 82 12
915 933 30
183 490 26
438 406 77
383 420 80
943 456 91
170 872 27
71 509 86
147 781 62
103 565 11
714 101 94
11 912 55
946 973 25
438 131 55
302 967 90
255 972 86
859 546 12
569 947 35
423 561 1
73 442 77
46 284 55
887 338 37
473 142 62
695 868 17
661 753 44
968 819 78
905 22 12
599 531 70
284 825 5
56 668 49
862 535 17
169 812 33
853 440 92
833 265 93
903 628 33
394 552 26
50 982 5
983 720 93
444 785 26
325 190 82
669 408 1
326 805 75
191 48 39
447 484 45
354 895 33
126 963 13
641 147 3
29 430 8
875 659 31
431 94 77
758 992 61
659 570 6
53 104 15
881 622 53
207 824 51
856 544 93
283 949 95
554 842 35
722 961 8
547 106 7
492 642 17
587 978 90
158 653 49
349 364 97
639 801 13
630 430 30
274 373 89
669 40 8
913 256 84
713 297 49
789 402 4
151 966 45
526 770 31
264 362 1
66 668 99
972 39 61
654 119 45
320 948 87
245 232 54
607 482 41
702 207 7
813 193 75
214 661 74
236 189 10
573 576 22
553 861 19
942 56 52
80 352 100
234 783 5
921 268 20
654 960 54
142 944 51
396 829 70
349 489 43
512 128 27
122 454 62
470 675 71
777 940 56
329 645 5
13 496 17
544 984 17
75 760 68
984 176 95
716 197 71
875 234 71
269 453 66
540 390 85
194 480 74
373 154 50
855 579 52
189 105 91
694 674 52
633 298 10
422 604 30
120 263 8
163 527 37
402 250 59
683 89 69
430 501 18
777 987 85
561 579 69
618 325 29
94 894 98
24 286 35
423 721 65
80 24 19
810 589 54
559 278 74
61 812 17
128 895 2
686 689 25
301 65 63
690 150 58
469 404 51
363 585 22
513 669 50
970 332 18
71 597 9
424 433 45
355 254 52
825 304 49
687 543 87
304 298 19
192 85 12
714 616 20
443 690 19
390 653 42
148 469 56
367 527 11
734 309 6
663 887 67
702 286 22
460 183 20
431 210 82
23 842 90
520 210 87
227 5 28
35 127 92
639 775 8
450 134 76
644 955 34
772 707 85
557 760 26
168 650 84
116 195 54
892 437 46
267 676 61
497 871 10
998 290 61
983 404 97
225 320 26
996 479 85
367 610 92
40 368 91
373 557 39
868 836 84
650 833 62
698 334 30
817 336 4
308 870 3
512 582 40
698 497 86
667 140 2
544 871 1
446 95 35
54 138 73
439 81 50
716 403 25
678 877 43
813 961 96
599 883 81
933 109 86
397 693 34
170 569 28
861 212 8
603 72 51
850 867 22
952 668 41
542 506 84
971 125 28
129 792 56
225 946 69
414 253 33
883 606 57
930 185 84
224 995 50
22 961 12
769 609 49
820 337 29
549 239 75
786 783 6
324 369 73
505 657 57
959 728 94
354 789 62
723 585 28
547 845 65
427 259 28
84 384 12
835 224 15
500 456 85
492 701 4
789 195 36
826 404 84
393 292 20
874 61 78
590 417 99
748 166 97
46 458 78
238 252 95
829 603 71
105 945 58
408 500 67
855 464 54
630 255 45
675 188 55
507 233 53
573 810 83
735 28 67
630 113 35
720 292 51
392 894 35
919 832 6
274 820 74
37 94 37
951 542 63
148 706 75
298 8 42
580 932 72
488 916 64
705 734 68
371 394 73
1 675 13
705 534 49
675 382 42
222 730 83
521 608 8
444 192 95
839 47 73
850 894 100
117 886 100
810 209 38
11 231 100
734 281 31
668 176 18
786 580 32
904 914 33
840 670 85
187 771 63
880 336 81
211 602 32
295 178 89
901 840 40
472 245 4
448 638 33
50 744 93
971 961 44
189 861 68
565 92 16
729 690 35
513 681 66
372 889 15
440 406 91
112 750 58
488 40 61
527 325 89
983 837 67
882 43 93
326 104 63
128 56 56
23 893 46
974 332 5
438 355 27
212 164 76
689 640 52
119 200 49
319 685 60
779 72 3
147 890 8
569 812 82
752 807 76
189 716 12
669 721 48
156 642 85
38 726 63
841 777 30
500 316 36
671 277 4
642 726 70
835 870 42
342 764 77
174 561 33
882 974 53
986 517 52
577 934 75
522 964 30
73 266 6
929 937 18
529 579 62
555 482 74
93 499 77
272 747 17
311 620 31
718 837 57
72 738 89
141 256 89
592 582 94
126 678 47
414 844 69
897 343 27
277 711 100
99 750 4
644 560 36
694 49 80
31 340 56
6 762 48
537 15 85
91 33 33
366 437 24
279 447 59
72 55 96
144 223 70
922 142 43
639 985 6
554 407 94
177 5 11
748 567 91
928 139 6
96 421 43
707 933 47
542 806 53
179 141 96
0 385 82
341 87 88
633 563 92
516 208 73
665 579 8
162 603 68
163 133 74
805 301 99
463 377 60
444 171 5
741 13 31
921 662 13
158 445 69
815 128 89
425 519 25
565 748 67
262 961 89
602 891 56
196 14 62
80 87 58
391 936 72
866 659 99
624 527 29
787 378 85
102 648 72
338 503 47
708 857 25
298 324 93
334 229 3
749 341 64
803 749 90
437 518 94
455 632 4
288 879 64
13 286 95
293 489 40
341 852 93
500 24 68
581 391 55
263 219 96
428 603 66
933 727 21
0 146 94
855 164 69
233 186 27
269 37 81
123 453 99
670 315 32
115 381 11
990 719 25
854 506 26
844 20 24
223 415 6
615 103 49
431 459 23
362 515 59
253 624 95
653 905 8
566 631 36
953 381 55
411 715 73
556 451 86
856 929 95
184 335 44
560 392 10
405 200 13
413 813 21
35 876 53
158 661 46
207 605 91
691 838 39
471 869 42
568 236 44
729 67 14
464 680 83
842 614 23
832 866 50
33 118 92
13 118 31
645 697 26
790 836 30
512 495 14
421 570 42
407 231 67
136 881 20
409 55 29
198 14 1
574 627 41
316 374 98
182 193 44
345 984 36
297 8 60
839 776 4
749 940 33
892 610 54
871 543 2
653 435 39
224 647 39
44 415 6
746 457 10
549 512 89
564 104 50
822 731 22
383 394 95
316 481 41
571 150 83
503 275 81
75 441 71
490 483 85
896 706 99
490 399 26
415 884 41
577 324 23
781 269 76
803 478 5
309 130 30
796 811 40
87 492 81
880 669 42
732 537 44
49 679 1
609 244 77
680 446 13
472 113 65
410 108 65
436 712 98
178 37 8
316 940 32
260 633 86
105 863 63
772 95 17
94 821 73
769 324 60
977 337 4
262 445 13
113 509 36
585 998 36
888 475 5
363 563 65
647 901 21
163 145 39
904 140 97
624 991 73
789 931 67
278 345 96
171 63 8
603 693 6
784 893 83
529 913 67
879 831 100
150 244 4
763 878 59
314 261 13
981 468 90
598 128 4
26 274 69
32 604 43
935 895 24
982 84 64
259 161 2
905 35 52
914 153 36
921 410 76
18 731 28
709 804 21
615 211 76
688 447 22
309 438 49
782 323 79
838 453 30
792 659 84
136 654 69
228 913 28
608 314 56
116 961 28
627 209 26
455 292 91
705 104 74
720 303 69
345 95 100
922 101 57
404 363 7
756 821 26
92 693 68
39 56 84
672 448 85
636 398 23
522 677 41
772 300 48
803 617 28
456 722 90
206 497 25
841 336 81
589 410 46
230 745 41
213 826 2
227 776 53
821 806 6
353 610 65
378 245 80
109 874 80
851 98 78
271 269 86
811 346 54
973 52 98
456 268 95
40 887 71
102 450 75
100 805 71
271 31 48
870 710 14
439 127 12
175 705 97
911 693 66
801 773 40
358 336 19
234 642 49
327 551 87
631 122 26
433 948 40
169 938 97
153 14 1
481 238 34
820 449 21
570 240 44
129 414 72
732 69 69
331 833 29
249 555 61
730 585 54
369 931 49
951 313 37
141 777 22
738 105 90
683 447 67
530 950 42
729 850 6
229 884 24
862 372 45
230 585 57
976 134 54
320 905 92
83 409 20
748 440 12
584 247 82
807 988 77
388 386 5
954 801 92
604 962 20
427 494 20
742 626 78
684 499 13
305 786 98
18 663 49
408 331 29
740 731 32
242 826 18
594 529 80
289 989 63
679 117 99
654 28 29
338 0 11
126 262 94
838 867 4
233 520 78
567 608 57
970 475 38
790 681 14
63 310 40
615 963 70
538 404 29
875 120 42
703 402 65
36 373 56
950 708 3
114 303 31
921 781 33
365 252 25
534 672 83
196 103 90
943 105 80
706 181 50
712 869 39
126 402 68
783 572 97
480 126 50
420 721 49
937 376 10
363 19 6
805 685 11
436 986 20
619 816 66
802 198 49
240 298 66
638 909 29
982 236 20
730 134 5
56 94 87
6 294 16
1 68 23
995 340 29
990 149 53
240 204 94
334 520 34
364 19 88
135 394 70
335 120 21
230 377 36
316 757 68
582 289 69
577 567 7
683 191 1
407 930 94
110 377 41
664 771 26
435 127 95
58 467 31
874 157 82
174 980 77
926 15 90
557 731 38
366 506 11
562 688 32
978 295 73
733 928 88
804 192 17
97 249 90
341 349 17
551 581 36
975 125 77
589 423 53
4 202 32
451 526 80
324 590 12
96 442 55
253 702 91
792 101 63
49 152 1
710 328 68
660 24 74
411 453 34
684 669 36
216 667 60
40 913 40
797 790 93
803 978 72
10 204 63
247 412 100
859 103 26
180 981 14
613 327 80
210 85 50
183 476 76
901 21 4
816 319 2
596 657 61
365 480 62
815 696 7
342 815 11
494 69 14
588 885 53
649 742 17
509 33 43
141 398 61
26 179 34
225 976 3
873 722 33
810 587 80
847 127 45
903 17 68
74 897 52
447 969 44
693 784 8
93 189 53
771 836 85
830 617 96
644 698 3
207 828 3
788 479 26
513 708 25
214 124 5
586 201 77
178 993 34
758 418 80
508 616 48
985 270 64
29 860 61
945 395 93
298 381 87
78 746 18
857 59 50
105 130 19
696 341 21
543 441 72
65 210 83
672 125 71
903 558 87
903 464 12
744 177 62
428 803 13
431 566 79
398 462 29
940 169 49
335 462 61
785 575 83
163 554 13
179 26 47
12 968 88
752 45 82
731 32 88
467 98 65
436 830 97
49 834 86
489 548 77
197 833 32
348 281 90
530 470 6
527 158 100
812 843 14
361 233 2
453 626 52
703 763 66
447 967 79
862 618 45
113 62 16
476 437 69
396 607 75
538 580 47
388 293 18
277 226 51
575 160 43
340 514 33
170 587 67
66 852 83
257 562 50
670 975 71
333 291 60
470 90 96
606 766 9
969 959 75
715 175 79
64 704 58
449 275 86
807 956 37
499 317 94
849 583 85
538 356 46
832 209 86
3 423 25
66 509 1
379 523 45
344 980 100
350 772 46
761 133 96
47 887 78
318 570 17
760 745 15
378 571 48
253 630 23
907 11 42
130 783 31
268 116 70
985 1 31
871 130 4
199 712 59
46 64 27
862 497 97
419 246 20
450 333 3
727 640 67
413 71 28
747 206 6
654 542 42
260 179 59
689 261 57
984 858 31
117 241 79
278 673 90
115 636 70
730 441 92
944 911 15
738 642 20
381 843 96
203 329 75
962 685 91
758 270 54
803 638 100
953 252 11
436 308 53
611 294 97
15 95 23
22 281 6
443 52 18
907 873 73
704 677 9
522 650 79
653 155 96
391 3 50
247 110 93
419 932 32
720 35 77
136 91 77
513 18 24
934 181 9
810 799 14
898 468 95
938 867 19
287 977 34
994 426 56
139 170 3
316 869 43
554 309 61
280 926 98
665 153 70
733 786 1
116 596 37
915 968 29
922 185 89
651 452 72
857 688 5
319 148 26
413 955 49
923 263 46
356 846 17
452 489 43
793 156 67
426 107 54
487 22 70
444 529 79
391 680 63
635 968 91
94 18 40
557 406 79
576 541 16
323 176 14
285 887 96
470 734 88
661 585 82
674 127 81
859 659 60
398 335 52
815 803 81
373 845 39
115 95 97
914 959 10
357 648 7
413 167 41
992 679 57
67 356 60
288 772 26
828 664 18
419 897 97
656 683 89
792 485 30
542 79 92
487 899 32
448 202 28
952 393 45
387 174 29
198 268 29
861 999 7
268 677 33
172 659 35
293 61 22
269 158 77
312 885 11
221 18 47
804 470 14
873 775 77
797 513 54
670 309 85
145 9 74
402 601 91
655 740 1
542 927 53
66 347 37
520 402 66
1 418 50
714 752 87
823 154 88
451 487 41
630 687 8
249 488 65
154 877 37
418 329 92
423 993 58
106 902 24
394 950 99
958 759 10
511 14 65
161 102 100
844 179 59
502 986 85
636 20 84
604 799 28
345 862 26
283 430 69
467 674 25
221 894 4
542 409 98
289 810 81
555 800 95
457 504 61
887 604 36
827 378 43
418 275 55
265 553 54
496 449 31
440 927 10
588 718 41
213 651 20
767 412 97
227 499 59
112 371 45
448 478 54
896 203 40
155 953 89
485 433 98
412 8 4
898 497 94
554 961 56
13 707 18
177 653 26
25 810 7
947 221 14
512 497 55
214 34 7
170 325 50
143 593 71
148 533 40
143 904 1
998 808 99
176 881 61
394 336 69
585 416 32
648 86 31
222 606 19
523 428 3
658 790 27
293 518 1
605 376 97
63 589 92
471 415 58
459 927 35
828 627 33
784 237 65
262 748 51
905 744 87
503 674 7
214 723 64
805 506 29
717 664 84
426 742 89
846 845 7
525 31 70
258 883 91
495 823 32
682 753 71
220 726 39
942 865 84
724 623 41
665 214 22
355 657 29
424 176 16
743 806 26
510 454 98
385 281 99
480 391 45
79 120 9
426 590 29
599 160 42
282 431 24
53 734 52
30 504 62
149 760 11
480 123 94
101 707 61
747 196 20
251 777 18
832 957 37
854 213 24
385 327 74
209 417 50
736 19 12
671 806 53
253 898 25
164 590 81
70 791 3
127 261 40
538 170 91
254 846 27
490 556 4
411 535 95
704 126 34
973 111 24
278 772 78
338 351 15
811 857 32
308 163 66
435 566 46
471 16 50
117 732 19
87 113 67
341 895 97
57 509 15
627 716 36
437 323 41
23 136 51
506 483 13
157 476 77
763 492 26
338 480 15
992 552 69
752 841 29
414 218 77
521 40 16
122 666 21
605 401 9
845 36 35
620 654 30
709 86 59
759 357 32
577 459 35
236 83 63
992 301 13
968 72 71
878 136 31
416 650 39
329 534 40
841 262 59
343 61 42
655 720 1
511 779 95
666 41 31
503 292 59
798 920 79
49 352 58
298 853 56
241 8 88
82 19 13
732 185 94
512 657 100
439 652 5
61 920 53
470 496 3
144 689 93
481 440 13
994 214 43
64 607 58
104 622 46
505 238 82
835 861 79
615 824 2
723 695 84
417 200 57
452 649 70
350 637 92
716 133 23
671 98 1
916 924 57
112 153 10
793 333 92
373 169 22
817 585 94
442 938 4
914 319 55
810 356 69
7 724 7
698 428 32
399 99 19
272 395 84
848 493 30
9 598 15
502 322 6
578 942 8
527 943 33
365 158 92
338 780 3
755 363 61
531 626 88
638 687 63
111 553 15
986 428 74
195 776 3
872 805 22
19 83 84
482 144 52
974 829 61
443 734 58
110 527 87
38 839 62
652 828 51
157 721 60
5 593 60
164 847 13
356 980 11
393 420 23
727 171 11
667 206 61
147 643 80
88 62 90
686 389 37
313 755 47
964 390 12
863 314 93
810 303 27
863 215 79
825 930 99
245 556 58
278 274 40
824 170 1
761 564 78
339 875 33
26 644 57
851 214 61
340 853 79
264 192 52
638 450 66
11 954 56
775 661 81
591 531 74
186 571 43
66 549 12
678 596 61
274 393 8
265 429 17
554 693 33
645 720 69
643 372 34
262 754 76
648 773 64
455 553 62
11 373 70
701 376 84
942 688 82
512 587 46
252 642 21
679 340 56
476 624 30
96 514 96
165 790 98
373 107 57
931 47 92
41 525 26
724 689 44
852 630 56
340 532 31
402 578 17
498 118 58
760 286 93
366 458 9
659 52 92
253 90 8
770 103 62
812 598 4
292 658 69
272 794 88
112 484 54
305 101 52
872 381 51
564 807 12
368 996 13
425 41 35
281 710 25
363 560 84
21 454 53
719 391 11
577 846 71
735 634 22
984 145 14
316 429 98
424 256 42
456 663 4
489 397 52
571 432 96
991 516 93
819 307 55
111 40 84
315 997 58
292 950 36
859 941 23
711 220 30
201 581 93
944 852 82
774 741 40
736 504 18
464 824 26
276 505 94
30 364 14
857 886 27
751 514 43
106 517 67
369 836 75
718 784 53
763 45 73
933 204 71
337 745 47
794 330 75
754 441 33
733 138 63
399 854 98
802 225 5
612 378 44
34 71 11
487 601 71
873 513 12
872 451 29
910 86 82
936 519 38
771 576 53
792 158 33
124 716 19
135 350 30
930 144 80
811 432 23
493 717 27
943 704 53
802 540 24
461 41 33
623 475 57
602 402 99
643 937 56
862 250 89
397 467 43
657 880 90
960 392 90
961 719 42
584 601 69
709 939 96
249 244 54
746 689 53
679 268 26
776 586 56
795 660 48
322 793 49
359 617 94
404 533 20
595 961 4
511 170 74
632 411 42
355 508 41
62 409 84
544 784 55
185 497 64
134 818 50
640 169 32
126 656 94
210 604 32
659 240 41
556 908 11
637 933 77
333 368 22
960 496 83
276 853 54
172 348 28
132 285 27
270 438 86
770 76 63
273 601 20
546 231 60
797 934 57
8 5 5
429 191 41
167 113 19
676 671 71
459 720 100
728 226 1
310 953 99
814 831 91
469 15 56
933 843 81
480 837 21
93 828 74
537 959 16
678 505 58
413 945 88
442 126 60
875 476 52
932 404 8
161 501 71
686 926 80
375 583 25
908 554 95
796 64 1
402 631 3
596 329 32
536 451 92
246 846 79
127 634 10
532 589 40
532 291 27
822 899 46
927 501 41
520 890 45
383 256 74
120 475 10
122 757 93
223 454 6
734 797 37
154 18 63
100 338 50
126 689 42
334 14 70
841 698 52
703 139 50
236 914 45
489 188 46
268 199 54
307 832 5
401 633 72
248 876 31
216 770 81
327 757 25
356 169 99
774 262 13
254 453 78
506 434 69
330 633 18
810 765 5
786 296 57
280 957 15
318 289 22
309 677 53
758 663 23
381 76 72
810 336 98
290 644 55
277 23 100
79 893 42
513 942 83
721 815 9
934 846 85
732 643 62
609 820 47
404 626 23
795 512 97
548 467 54
573 565 45
948 668 91
629 875 2
801 541 95
88 98 3
265 791 50
258 846 35
505 64 75
179 138 77
252 493 74
880 164 40
351 268 27
347 349 72
708 555 37
904 555 61
99 493 81
785 369 95
648 355 73
249 209 62
884 498 62
989 428 47
182 74 95
977 755 85
208 178 34
904 809 35
695 377 77
906 441 54
716 137 39
369 211 73
632 174 98
590 310 70
460 343 68
693 541 89
843 472 77
382 58 26
998 604 76
879 863 33
651 396 86
406 112 57
347 228 88
822 201 30
78 705 79
513 835 59
162 179 86
735 686 19
520 113 84
546 419 71
193 50 29
69 505 81
531 809 81
245 791 62
581 443 79
632 191 87
50 79 88
777 75 50
246 564 70
653 409 93
876 56 30
29 11 18
300 986 58
715 375 62
534 47 88
879 912 82
265 664 47
339 549 8
949 580 100
719 235 10
726 633 38
286 8 77
460 129 49
526 22 40
686 180 30
841 559 2
300 312 17
12 407 10
232 297 54
54 198 60
508 86 16
701 670 6
753 59 12
305 467 90
70 641 60
770 264 15
527 834 52
8 924 22
549 616 59
375 401 99
949 30 78
998 285 63
844 558 44
59 828 28
822 924 19
354 701 67
290 999 30
263 296 58
725 696 23
164 0 15
715 456 18
385 104 72
237 69 38
972 475 2
44 601 98
562 716 14
323 150 32
792 448 89
626 283 15
437 188 36
859 72 26
673 380 83
871 304 67
990 341 8
683 661 2
448 735 45
487 457 82
258 954 72
925 721 91
282 512 84
360 316 47
725 689 13
883 168 21
315 918 60
815 645 98
396 880 8
279 373 11
688 112 68
291 160 62
7 804 76
899 106 63
82 5 1
186 432 10
503 363 64
501 296 5
710 348 17
179 831 65
571 464 59
495 209 43
74 956 47
214 615 52
95 736 96
556 980 93
545 377 96
463 179 9
25 608 4
288 587 17
61 544 96
532 141 8
304 698 83
623 218 19
242 469 65
720 276 53
217 395 26
322 490 62
966 939 84
671 284 8
363 460 47
890 978 10
172 988 36
949 729 8
963 933 16
363 227 85
225 418 3
440 604 64
670 774 61
33 71 60
69 186 22
345 290 35
786 469 16
334 44 11
393 145 42
33 450 48
826 954 10
115 703 95
337 733 31
637 932 65
248 826 65
106 275 51
507 697 79
586 881 84
838 72 59
690 248 54
661 379 71
340 10 63
439 890 85
496 489 83
311 402 88
102 155 7
206 51 69
380 352 34
713 717 16
742 252 6
156 221 96
274 405 55
337 144 2
133 153 95
421 804 7
180 510 41
455 355 77
791 659 52
445 127 23
738 726 40
707 262 16
375 914 50
64 343 6
241 187 40
909 19 52
772 787 18
227 43 50
653 358 78
827 813 3
493 243 21
152 737 86
699 467 25
404 903 45
104 971 99
850 860 71
687 290 94
165 722 93
190 423 45
278 71 48
389 917 75
387 386 57
330 802 60
427 872 24
47 994 39
956 158 85
695 688 11
294 664 92
286 275 20
800 936 92
18 603 44
803 21 80
483 193 51
667 321 10
132 507 38
162 672 42
782 832 54
987 589 32
200 531 29
511 161 96
249 478 23
699 519 93
562 373 95
902 195 92
641 930 82
270 560 41
255 870 27
359 39 61
305 118 75
56 47 42
219 578 71
392 782 58
455 515 70
685 387 65
159 424 40
424 579 15
948 513 7
587 507 48
328 325 51
721 23 8
313 914 82
20 553 97
450 462 29
412 298 26
383 10 84
274 967 11
438 659 40
319 846 77
426 206 56
900 230 53
743 114 54
400 809 21
780 199 22
506 715 68
800 911 35
502 172 97
2 941 46
865 352 50
554 140 19
217 859 65
257 421 23
146 480 48
498 17 22
733 271 8
169 629 72
793 770 14
462 518 72
779 735 27
138 162 97
336 821 56
204 575 19
130 125 46
138 268 75
842 469 32
782 838 75
428 604 73
686 510 2
621 311 40
637 768 1
425 32 46
851 517 69
831 265 66
687 349 80
670 306 65
36 931 94
841 345 65
106 341 50
779 768 58
221 985 27
247 242 8
991 69 20
640 575 94
925 1 15
725 970 66
947 732 89
355 214 83
634 44 77
755 986 27
180 476 77
822 338 28
175 185 43
681 793 54
464 514 54
256 995 4
399 410 62
106 365 91
392 41 70
431 937 6
542 95 77
658 89 65
211 33 51
1 20 8
252 762 52
584 14 4
264 488 52
712 573 87
925 934 65
327 414 14
930 236 79
776 200 98
130 466 68
305 559 43
789 304 74
256 625 60
986 15 54
259 113 67
828 32 26
83 777 30
957 877 70
764 596 3
460 501 37
274 353 65
636 721 76
862 678 48
198 994 50
979 791 89
475 574 54
398 771 37
661 12 41
249 895 72
995 916 12
50 14 16
890 789 25
358 729 12
811 996 86
787 991 41
294 823 72
680 115 79
406 815 85
84 367 63
591 6 51
43 645 91
972 527 6
735 573 84
863 949 49
869 78 49
560 335 34
400 849 37
521 559 94
665 806 98
692 728 1
643 427 34
197 34 92
288 174 77
286 205 52
712 263 58
209 171 60
496 58 42
372 778 73
734 554 58
422 822 57
562 365 97
936 217 6
714 673 37
891 278 81
180 184 56
295 215 72
200 84 100
811 801 72
748 729 80
100 968 72
573 679 23
830 862 5
742 23 42
373 473 15
411 558 93
917 343 40
963 844 92
0 630 17
579 30 38
328 18 91
127 96 76
606 471 46
149 938 27
122 947 22
367 29 91
433 304 28
543 869 3
604 521 62
636 531 24
91 578 45
647 999 69
835 776 90
311 823 57
103 981 23
898 3 96
303 386 11
786 472 62
677 82 88
823 749 68
938 198 6
79 12 84
661 78 29
91 253 43
330 134 27
913 511 48
440 569 52
928 672 54
387 353 26
797 166 45
349 318 75
723 756 81
666 791 24
977 588 79
570 769 49
857 549 1
491 362 57
737 715 60
109 177 75
303 135 34
66 567 98
831 956 94
60 750 45
842 186 48
485 389 84
392 950 62
634 124 36
579 603 67
312 438 91
953 870 61
558 219 33
479 293 68
33 323 82
79 450 59
325 947 48
485 818 91
124 835 86
147 897 71
946 435 40
250 217 69
373 742 34
179 176 92
607 751 48
933 865 32
32 939 65
368 762 6
759 762 89
703 729 60
927 489 34
32 503 63
14 416 1
560 240 43
100 966 27
604 177 75
28 936 91
591 8 2
736 34 16
702 912 28
892 579 66
202 672 28
5 504 99
975 877 62
895 936 66
959 344 21
893 311 30
769 562 87
99 519 93
993 140 2
224 299 56
623 764 47
619 116 24
367 0 3
757 642 99
892 809 89
460 699 91
465 409 52
524 136 48
341 447 19
775 821 53
914 316 54
258 727 4
121 583 61
229 702 15
452 653 25
681 877 76
742 503 90
894 818 94
990 807 20
635 86 31
337 982 13
274 523 21
633 442 58
56 259 98
908 588 3
556 348 66
718 497 77
32 416 62
16 716 62
416 63 76
107 227 66
221 312 17
348 371 49
847 978 83
965 382 42
589 265 73
302 241 27
168 532 98
606 617 49
981 407 34
211 703 49
222 341 27
541 511 68
319 633 17
462 262 56
35 284 71
24 492 63
94 252 18
668 102 75
612 915 10
958 754 2
20 990 25
683 890 65
718 15 8
861 821 15
493 837 85
15 600 65
681 434 100
200 232 11
623 440 47
123 39 49
119 827 65
678 567 7
553 307 4
287 469 92
924 867 40
370 624 8
779 894 79
888 519 86
857 845 40
480 888 18
240 477 29
494 53 49
795 538 42
257 229 37
231 434 91
131 833 46
553 810 62
828 474 42
391 518 92
33 125 68
344 445 50
873 457 47
518 21 14
227 513 48
242 424 19
860 64 55
762 689 43
469 626 44
727 446 68
410 470 54
387 250 38
891 640 34
494 147 85
96 874 2
170 422 14
187 630 3
301 520 2
679 888 9
226 460 93
743 717 99
762 667 21
244 234 72
521 597 18
211 305 86
321 427 16
961 205 73
788 644 17
728 28 48
629 505 98
851 331 69
118 897 58
890 906 98
784 700 63
502 315 17
541 705 10
291 678 29
725 238 97
875 260 87
18 630 55
472 706 68
790 607 20
415 261 38
512 382 34
589 860 65
473 451 80
968 580 9
773 347 34
419 831 2
274 364 55
273 214 51
475 336 32
726 266 51
966 129 17
750 787 10
984 839 2
931 699 33
252 926 5
793 402 93
935 666 2
235 587 90
501 184 88
213 84 28
681 304 69
514 669 72
942 926 83
88 41 96
471 921 40
53 310 37
451 813 39
611 432 78
979 719 9
496 922 5
480 584 63
48 830 61
360 800 44
584 409 100
374 455 93
748 828 67
108 991 11
713 427 17
98 955 62
667 143 6
522 657 1
883 316 58
677 354 49
820 978 79
874 544 36
154 45 26
845 738 92
806 820 28
127 367 100
77 258 72
724 3 91
46 235 1
908 645 31
417 976 30
281 912 96
192 53 39
709 940 54
427 477 56
223 80 71
790 190 43
552 800 26
253 955 43
28 786 20
973 242 6
414 812 24
300 491 56
872 290 72
613 579 36
89 333 70
37 166 15
786 917 26
998 417 79
350 286 86
402 126 74
565 968 15
455 704 83
905 975 44
873 488 23
927 8 53
492 487 54
578 201 69
284 106 77
821 470 44
317 72 63
786 652 38
769 100 16
633 741 89
599 887 6
957 777 87
330 380 45
818 346 37
338 601 81
606 124 37
970 904 56
503 182 47
131 997 60
493 632 18
53 513 25
814 795 78
49 788 86
708 658 26
434 862 35
893 19 20
825 130 15
975 309 87
569 893 25
886 497 55
809 646 48
545 948 6
847 745 34
505 399 65
423 502 63
491 286 18
969 278 61
158 399 20
645 972 40
153 817 27
567 590 5
610 176 16
864 793 57
785 950 24
72 288 30
937 193 83
553 697 39
82 157 42
642 559 54
187 274 45
479 601 75
327 205 79
292 840 35
323 746 84
846 103 38
837 296 16
889 82 100
641 670 48
989 907 66
363 733 29
388 500 44
455 144 35
822 693 94
759 623 86
343 972 16
266 265 72
255 394 62
677 945 48
48 993 1
728 600 96
284 834 89
902 327 82
289 459 27
251 144 38
581 20 17
523 424 51
460 525 3
974 16 92
520 161 70
368 942 43
179 360 11
798 52 53
436 572 63
853 840 81
682 132 21
713 461 44
910 294 33
50 498 49
958 355 74
251 747 70
252 769 42
244 82 5
606 848 11
9 835 94
814 627 54
321 141 25
25 9 80
235 600 14
710 612 31
166 509 53
747 590 47
298 601 4
789 37 22
26 65 74
531 318 7
796 766 44
719 452 89
512 639 72
67 273 26
121 807 56
167 326 70
442 780 65
330 494 33
620 557 55
861 739 23
705 941 54
599 678 100
873 89 44
126 412 83
764 864 59
445 71 72
892 867 4
43 748 58
953 398 6
302 596 80
427 335 34
3 90 96
562 592 48
819 104 83
612 66 74
170 767 32
905 320 41
658 953 63
865 494 30
211 159 39
435 543 41
467 575 13
583 649 75
73 509 38
104 710 86
20 309 57
971 334 12
8 958 20
91 940 24
521 46 100
705 524 86
543 434 40
928 310 60
251 630 35
845 459 30
191 354 23
905 271 91
449 976 66
901 856 13
287 823 19
409 378 100
894 472 1
553 677 53
477 321 17
75 321 90
224 802 88
139 481 78
563 625 60
409 639 26
495 859 2
700 334 55
183 609 69
91 56 48
563 193 22
208 948 67
335 911 33
403 923 21
417 648 97
871 24 75
306 868 67
536 890 76
256 140 94
348 594 39
801 511 40
929 212 88
911 134 94
172 497 36
6 290 11
614 573 91
23 962 40
653 303 84
714 525 6
208 488 53
579 555 62
742 405 22
304 368 69
364 847 96
693 443 94
755 717 76
764 265 17
571 419 90
485 475 26
945 528 22
290 74 69
891 470 85
458 992 99
679 392 94
362 826 32
844 894 57
496 382 61
934 180 44
540 538 28
446 730 57
832 470 72
47 730 89
512 444 72
588 422 14
651 3 26
245 69 71
413 99 47
908 256 22
727 204 8
181 222 2
748 771 44
875 705 62
567 188 96
285 597 48
14 954 36
247 143 74
924 439 11
297 387 46
226 71 85
798 308 25
991 725 4
68 128 96
224 193 82
882 878 81
71 967 4
477 744 73
132 184 3
443 49 17
263 982 7
96 368 59
832 626 33
538 727 67
93 116 66
555 316 29
136 762 90
972 242 4
353 285 96
195 578 2
365 242 95
678 329 24
94 509 100
887 267 70
851 394 17
372 731 46
524 177 99
634 552 37
25 852 61
756 145 62
798 364 86
209 482 78
783 486 15
224 492 20
393 165 62
777 44 23
752 526 8
451 656 58
18 877 84
867 174 46
515 15 27
426 722 61
321 557 73
651 284 16
752 646 4
182 283 76
498 339 5
709 186 5
934 407 98
705 739 23
252 795 27
630 645 59
117 353 95
482 224 60
999 472 50
698 771 44
2 202 89
213 270 1
667 300 81
748 164 80
442 202 50
959 312 51
481 916 32
706 360 73
669 85 64
219 232 1
897 716 87
344 509 79
433 338 38
819 707 14
671 173 20
340 671 41
252 348 2
763 699 10
644 351 42
837 525 7
947 942 60
986 657 9
63 291 17
372 300 78
539 595 78
644 321 76
356 117 26
833 254 71
948 577 64
889 155 71
722 201 73
429 666 50
134 55 41
954 106 13
816 697 66
25 343 93
184 851 11
524 969 23
199 121 6
363 961 26
548 506 80
966 43 58
566 889 40
650 771 48
38 854 41
868 522 30
550 128 10
855 132 59
676 889 68
937 979 6
711 500 50
374 857 63
104 793 45
280 287 56
104 708 77
134 510 82
556 606 42
949 460 34
116 108 68
506 432 9
816 969 20
38 205 76
645 525 85
368 472 7
726 622 100
585 990 29
744 910 74
304 247 45
833 543 41
100 961 94
81 374 44
80 555 39
405 600 22
513 592 70
755 55 65
284 234 82
731 79 26
855 175 10
690 834 85
360 481 62
531 152 31
66 494 22
131 127 96
312 800 52
667 588 54
789 792 66
494 608 30
411 160 48
647 414 93
842 153 24
180 5 44
651 806 21
293 890 26
859 619 8
535 106 7
495 81 61
643 274 47
716 970 60
678 324 2
25 481 76
414 214 11
834 923 43
805 577 24
872 255 87
32 371 30
208 584 78
420 433 97
192 56 91
591 198 86
25 480 3
2 622 25
661 323 32
965 320 92
339 949 69
825 58 36
929 905 23
981 999 36
171 260 78
546 223 19
80 32 88
945 858 93
403 162 71
407 557 84
852 661 32
394 523 75
485 897 36
926 891 38
165 173 15
912 576 10
657 721 20
140 390 39
946 411 25
158 668 93
740 2 45
893 937 89
736 316 46
704 569 26
692 758 60
561 878 31
356 400 30
689 213 91
43 571 88
253 678 81
660 70 62
688 849 18
480 596 88
835 359 76
926 752 70
517 257 90
564 588 54
917 137 55
591 505 32
222 52 55
948 140 65
869 876 68
676 993 36
92 512 25
675 877 97
395 253 47
874 860 93
521 670 20
931 892 40
31 953 90
702 50 5
665 906 8
484 706 47
33 566 85
149 465 47
93 831 71
15 489 28
190 2 2
415 417 73
85 798 10
945 267 61
630 254 53
924 68 78
968 574 89
695 259 93
122 712 95
368 461 72
311 40 50
386 772 41
168 166 77
23 749 14
539 654 87
802 132 99
595 346 45
599 422 94
252 167 38
717 108 76
251 88 28
861 720 82
48 33 66
91 221 5
81 334 31
509 224 54
552 267 36
911 965 37
963 45 45
300 795 54
13 408 55
273 743 14
216 819 7
996 155 33
441 381 51
618 380 72
439 392 48
904 769 57
105 450 77
646 688 96
741 794 74
40 470 34
211 470 54
314 957 71
588 826 2
731 59 99
992 272 8
874 46 77
353 362 97
734 318 11
409 789 64
532 24 30
897 655 52
641 466 21
860 30 96
433 423 57
172 876 82
928 403 53
935 753 95
439 114 75
956 204 37
371 646 64
34 18 89
722 641 84
643 399 91
447 508 86
410 775 87
288 742 33
948 678 95
563 382 17
446 309 26
899 660 69
364 985 79
767 121 95
116 216 21
771 84 3
620 670 15
469 159 35
14 862 79
854 812 3
162 609 74
367 433 42
239 832 63
309 178 95
756 179 5
662 959 68
71 252 58
324 902 84
11 761 50
329 350 54
580 61 23
208 64 49
625 85 42
843 622 72
210 943 34
693 561 95
593 554 38
600 280 98
273 642 18
30 325 73
199 905 64
795 569 59
382 671 33
990 237 10
535 667 92
283 685 65
744 607 84
153 351 21
62 621 63
128 188 27
569 835 74
327 783 49
301 941 52
227 620 39
819 606 77
755 987 91
8 915 44
776 256 23
119 24 92
383 997 15
180 710 4
661 275 5
834 836 30
248 56 44
52 667 43
429 931 45
285 65 43
401 101 77
493 915 70
413 271 43
296 702 85
942 10 27
636 440 40
795 298 61
657 110 84
627 558 19
31 510 47
529 462 88
543 462 68
279 19 24
502 874 59
171 343 43
668 187 23
773 317 48
962 351 35
361 346 86
595 553 98
717 983 90
579 901 1
328 900 96
570 24 37
376 829 90
399 274 4
273 821 31
545 612 34
438 250 73
593 894 21
674 323 21
636 932 89
264 532 15
759 89 77
563 664 12
245 138 87
300 436 29
44 604 25
816 765 77
69 262 15
245 694 97
892 8 64
879 222 20
615 342 5
440 612 71
225 587 91
317 475 56
223 730 86
42 254 2
306 458 84
131 308 67
410 214 35
432 116 20
38 548 73
116 645 3
282 51 30
954 945 15
987 708 48
67 802 11
736 508 30
464 58 96
838 779 74
602 664 46
130 356 64
947 772 61
860 579 2
231 684 5
19 945 71
313 635 45
148 114 77
836 68 3
826 833 27
140 688 89
923 729 34
164 502 57
463 312 16
178 590 86
743 403 92
398 850 17
510 383 72
871 800 37
493 951 12
946 437 15
842 177 60
862 724 40
185 4 97
273 404 60
653 799 2
133 127 12
782 922 97
751 320 59
37 769 37
428 17 76
192 371 76
244 937 73
87 419 56
981 253 35
139 921 22
932 577 25
65 798 44
433 135 92
272 450 20
744 882 47
708 227 87
199 383 43
380 605 2
688 724 29
349 481 32
44 598 82
436 989 99
406 356 2
613 169 32
652 990 62
445 787 64
253 126 77
733 687 27
322 448 55
883 147 98
452 424 89
834 421 6
839 847 60
629 191 49
581 889 51
845 398 30
416 99 8
822 98 68
415 87 31
683 925 59
375 594 76
290 530 27
704 762 27
256 941 45
530 694 84
79 365 60
100 589 68
684 7 37
475 448 20
329 627 81
979 130 47
962 817 64
507 886 50
426 930 34
889 900 79
98 296 12
545 299 23
959 443 64
484 554 84
705 896 42
414 758 2
393 861 83
174 267 63
277 24 53
399 430 99
648 100 37
423 230 31
469 905 57
869 142 24
556 81 32
627 392 34
279 672 94
32 683 14
262 686 65
212 848 86
401 58 83
215 154 100
822 433 55
702 222 19
407 609 99
726 783 32
575 828 12
603 417 39
263 557 8
576 542 17
889 402 68
343 249 41
573 761 95
482 722 95
689 293 97
415 798 79
136 546 35
547 965 6
489 398 12
270 458 100
696 308 100
884 323 68
514 340 88
543 355 85
109 883 95
160 488 34
502 335 63
42 3 60
931 854 37
381 396 75
174 627 38
375 803 15
799 709 94
854 403 69
708 17 51
216 804 7
712 570 37
756 336 12
252 838 58
555 963 69
200 971 10
83 119 91
783 126 36
392 224 86
352 906 65
506 546 60
743 708 34
832 452 13
101 810 8
481 462 46
301 423 62
509 43 95
121 548 87
953 566 19
712 724 85
812 463 68
761 606 53
564 222 87
337 821 50
122 316 85
335 414 34
253 122 87
84 432 5
808 110 27
343 3 60
495 188 11
888 754 81
276 520 45
724 87 37
286 36 79
904 151 13
647 947 92
571 679 31
811 495 11
501 250 3
894 355 72
739 639 52
663 244 42
335 44 87
784 525 68
528 472 97
899 320 34
479 294 82
796 265 52
151 130 71
215 257 66
922 385 13
836 318 95
54 805 71
377 891 79
635 351 94
167 128 4
87 385 84
903 855 24
831 206 80
969 362 3
217 785 93
321 307 4
398 917 70
139 293 56
819 274 8
65 791 5
601 115 58
71 458 77
277 485 47
342 450 42
583 928 29
910 77 72
145 884 70
319 22 39
856 613 70
623 768 49
835 400 13
986 822 83
504 434 89
727 886 27
24 100 39
352 526 41
678 16 29
814 252 36
381 580 51
73 951 18
762 889 43
608 54 96
168 998 46
371 813 30
380 858 54
998 891 63
913 795 22
781 43 36
305 574 70
833 951 69
77 21 3
336 884 15
748 232 100
905 396 4
416 219 18
309 115 62
578 534 37
218 80 17
886 236 20
502 748 28
282 947 82
463 118 6
756 729 10
328 446 66
734 279 18
570 285 78
864 928 89
261 44 34
168 464 12
927 179 91
970 89 56
131 468 50
984 106 56
345 661 15
332 636 39
949 594 100
69 375 26
599 196 86
15 117 54
689 561 41
383 206 27
402 652 8
134 695 52
252 768 32
164 121 76
864 760 50
59 572 2
569 973 42
193 192 83
745 561 13
264 103 13
710 496 21
698 475 91
449 805 71
274 623 88
644 833 72
929 292 46
322 768 44
591 307 32
984 994 82
38 164 17
5 892 5
60 244 89
114 715 54
36 857 43
736 754 22
583 399 94
507 867 82
332 839 9
909 944 51
517 694 8
111 816 57
868 248 64
431 447 64
662 256 71
52 893 2
955 22 52
8 798 12
964 239 16
986 868 31
195 127 5
545 160 86
384 678 22
296 305 57
975 714 71
728 712 67
94 870 74
870 739 58
659 429 23
641 423 82
846 5 68
991 732 19
587 470 45
872 759 23
67 476 68
132 997 40
780 177 30
363 277 38
667 993 90
994 577 12
527 725 17
51 715 4
702 105 97
965 300 95
756 193 44
161 558 25
816 515 23
569 342 23
773 756 58
309 92 93
430 656 59
436 909 79
188 817 81
290 130 34
242 935 25
164 877 5
199 454 79
801 461 78
999 919 84
533 739 11
870 588 64
778 843 10
261 172 10
12 615 60
434 886 43
670 526 99
361 63 63
903 30 82
969 314 93
973 935 29
365 889 54
880 954 76
902 563 80
120 407 54
564 356 80
792 273 76
626 910 83
14 707 81
479 938 59
789 988 14
601 81 79
20 726 63
701 629 72
986 454 40
474 331 47
624 33 83
241 936 16
803 886 43
274 634 14
856 119 50
699 216 1
169 471 1
118 718 85
111 958 25
958 297 45
560 644 40
599 674 36
55 444 13
64 499 80
336 240 30
460 67 49
895 560 70
817 121 70
65 663 98
526 681 10
417 402 71
957 756 100
779 730 48
227 429 11
11 414 93
856 603 73
203 883 92
615 914 14
989 114 88
48 997 57
244 242 85
734 823 69
230 318 10
176 979 11
296 737 88
450 4 33
21 856 47
593 238 52
689 743 57
815 77 69
162 440 39
379 185 78
792 517 42
704 93 90
484 915 10
277 128 19
239 261 86
751 924 38
826 173 34
98 272 33
549 136 73
156 993 69
131 19 5
117 694 85
832 844 85
329 678 9
954 704 52
360 913 5
967 157 85
137 309 59
196 898 55
793 453 55
877 422 11
618 257 45
751 246 10
679 320 88
387 372 63
841 158 44
860 401 45
28 917 70
467 807 28
663 141 16
3 103 54
572 107 41
391 429 59
967 275 73
175 411 78
19 946 4
100 684 16
837 960 71
37 405 98
31 4 97
873 986 31
549 938 8
316 540 66
892 80 68
242 719 78
84 528 11
927 127 43
904 869 53
448 791 98
115 959 93
329 821 89
224 847 88
210 263 63
205 72 27
836 909 18
915 70 33
400 705 58
675 854 81
974 296 44
510 60 67
749 26 57
376 447 70
309 252 51
957 338 4
757 958 55
216 876 5
543 292 24
786 851 76
557 208 21
196 623 65
357 458 85
792 453 3
726 610 10
730 396 100
983 678 81
231 159 11
277 640 33
523 650 90
756 726 75
403 810 41
437 226 13
17 564 58
952 212 80
208 578 13
646 189 94
31 428 68
331 401 98
561 863 64
323 972 47
68 415 42
149 245 96
476 404 93
875 723 19
661 547 45
23 671 77
32 580 59
625 553 6
346 211 21
74 807 29
53 627 7
566 440 62
252 549 75
273 634 25
772 137 33
849 740 62
862 186 35
177 339 88
899 742 5
659 350 41
118 261 3
979 112 80
431 301 69
847 289 76
849 297 44
426 968 19
954 111 78
722 932 27
707 820 90
995 236 8
345 473 76
802 424 79
837 759 88
348 299 46
823 594 16
973 334 33
517 923 23
269 579 99
578 670 21
463 795 62
631 272 32
274 232 12
878 114 84
347 229 77
35 607 81
102 615 86
100 601 59
960 452 68
209 473 46
648 156 3
957 14 78
129 736 26
690 429 43
487 923 14
72 673 81
596 215 30
324 13 52
77 782 40
838 153 59
376 403 63
946 547 25
231 803 35
612 614 38
860 1 76
446 553 28
362 104 37
75 879 35
39 614 99
837 664 19
681 424 4
391 605 52
484 809 11
553 277 85
890 518 55
603 413 44
72 823 72
923 702 64
614 820 52
59 433 91
593 188 24
53 588 97
311 852 45
913 805 85
161 479 30
924 679 97
315 502 80
175 130 66
762 975 7
872 12 87
898 933 59
893 351 78
232 718 62
264 509 63
991 521 99
861 635 50
442 127 50
4 682 68
101 549 33
330 75 17
73 466 20
100 485 34
784 379 49
465 335 47
82 257 56
850 271 36
614 229 98
175 111 33
212 67 48
32 968 61
771 619 90
529 333 77
992 39 11
935 52 10
855 674 93
133 90 88
113 510 4
82 104 62
209 9 98
776 667 66
778 212 78
374 535 1
797 693 60
322 314 58
561 956 54
299 823 100
981 632 42
242 763 44
99 740 78
446 371 7
39 168 37
791 610 65
119 569 93
167 77 84
930 960 71
40 329 8
390 884 75
815 601 62
671 944 39
646 487 22
989 728 22
645 417 99
291 213 77
597 764 79
292 338 9
379 11 89
427 404 42
624 988 89
469 209 26
981 891 71
491 496 60
430 95 96
382 205 95
311 589 31
344 289 63
468 910 99
273 888 51
327 958 43
172 669 72
17 614 83
679 879 36
857 313 38
684 461 22
12 419 40
188 460 1
906 970 90
431 966 97
885 140 1
587 641 21
68 790 28
783 578 12
700 912 66
194 49 62
103 985 13
882 91 96
178 342 69
105 830 19
692 793 21
150 973 66
349 323 85
341 945 67
864 466 7
812 650 16
120 789 1
64 51 20
916 656 91
854 225 26
547 327 96
537 496 22
393 811 49
773 790 15
477 463 79
774 431 34
252 633 33
50 77 61
497 152 15
830 811 36
420 281 77
840 954 6
849 396 96
370 567 29
165 911 94
750 868 7
864 714 70
527 624 91
14 312 75
574 91 51
259 489 56
456 451 21
15 755 83
451 878 96
681 260 55
682 960 95
119 663 74
871 128 83
381 360 59
600 737 16
3 535 27
230 538 75
532 528 64
411 303 27
540 998 19
71 186 5
576 217 69
971 120 98
122 654 57
880 270 22
392 972 41
142 178 11
1 112 86
573 715 79
690 366 55
977 700 44
935 150 67
465 265 68
570 832 45
458 556 60
517 267 86
645 651 99
188 49 7
886 424 57
15 252 32
954 368 49
375 331 98
181 303 25
265 832 13
614 511 92
153 231 62
121 155 1
576 507 83
998 42 70
419 308 47
876 791 79
467 15 57
816 791 31
559 149 36
226 85 47
729 424 88
288 970 18
926 762 80
990 643 78
781 295 44
244 594 22
348 136 33
551 756 61
453 705 22
680 201 30
859 330 68
681 546 35
400 212 44
374 57 28
454 88 80
830 387 86
383 219 2
64 457 74
25 211 58
393 506 7
840 226 59
792 323 81
516 207 70
335 93 14
621 74 92
992 299 66
626 542 83
765 511 85
717 806 32
16 306 19
667 654 71
375 937 99
224 665 47
956 250 21
80 863 41
321 374 99
270 157 30
516 360 80
988 432 79
468 71 99
872 425 64
604 890 6
341 842 47
648 896 41
272 16 92
591 828 2
980 1 33
616 235 19
330 191 96
653 333 6
565 313 41
149 396 59
193 661 54
721 849 26
49 89 89
78 665 43
616 945 63
217 296 26
415 100 80
605 306 68
470 642 2
861 733 49
417 134 53
289 114 67
991 613 31
531 634 69
581 637 79
586 755 78
382 248 42
678 672 91
784 385 67
779 899 73
285 59 91
581 130 14
659 967 55
811 494 11
310 121 51
594 161 35
369 34 10
541 571 39
95 101 17
801 85 92
381 756 85
822 906 22
71 263 64
208 684 77
533 947 67
716 233 89
489 638 40
387 89 43
625 75 50
31 275 70
473 438 78
552 801 56
649 277 47
475 575 48
385 388 13
820 385 46
530 603 60
895 935 87
777 890 16
270 174 4
100 261 74
278 706 91
986 649 53
81 826 14
576 155 88
630 721 74
642 859 57
940 722 21
419 309 10
240 39 36
599 575 8
738 286 50
322 28 57
64 278 54
95 718 17
215 173 73
842 810 29
411 714 75
567 404 98
678 272 77
158 991 6
345 240 42
684 165 9
204 244 70
855 917 59
394 69 18
47 285 7
455 941 30
849 233 85
735 924 1
505 539 25
793 401 27
718 603 88
668 435 66
535 445 94
346 107 84
862 758 16
321 483 11
218 71 61
94 558 59
380 51 87
336 659 76
721 294 16
763 883 75
167 245 23
728 128 75
440 397 89
210 252 53
373 921 85
639 617 18
751 682 22
427 716 60
227 734 99
514 559 82
695 722 12
615 250 16
139 835 40
935 284 14
732 488 11
258 752 76
45 721 21
140 791 88
742 180 48
797 49 46
609 328 41
158 316 17
640 661 44
550 92 13
915 112 78
72 56 75
525 711 9
58 837 57
613 84 18
903 20 91
31 698 51
926 734 82
120 828 23
569 327 31
218 217 40
327 559 63
684 172 97
258 930 47
570 233 74
588 950 93
83 748 1
666 29 59
563 487 77
186 367 90
545 248 52
91 94 76
321 175 2
371 110 3
811 137 83
173 801 6
726 656 80
837 670 38
669 874 67
213 514 33
363 150 74
620 298 42
542 613 44
761 276 55
974 627 26
935 309 30
161 359 83
717 586 62
613 178 83
376 342 47
193 419 20
178 732 93
614 762 21
481 145 69
120 897 63
136 0 26
18 542 39
799 691 4
695 984 44
454 691 36
521 292 98
174 162 80
600 955 50
413 194 96
749 823 28
481 381 68
374 434 25
558 430 6
473 696 75
52 765 82
158 824 60
237 896 33
108 481 48
596 750 29
611 592 11
297 396 6
507 2 100
101 178 80
982 961 38
426 200 52
414 146 62
551 213 15
291 611 86
933 999 20
318 764 15
23 793 38
600 110 11
352 946 18
78 373 63
417 423 31
556 656 22
918 688 41
959 192 46
270 522 86
239 571 90
455 971 15
786 449 55
278 956 95
153 884 48
83 537 52
491 225 81
410 670 88
126 527 35
334 339 21
565 800 30
624 117 47
653 217 86
334 931 96
972 520 79
400 139 53
853 778 40
340 729 18
531 584 83
665 425 72
61 881 56
371 171 8
965 958 53
435 553 63
907 666 63
546 302 21
296 755 51
803 866 56
794 488 97
113 71 9
268 339 9
310 751 96
140 783 10
659 561 52
411 167 72
978 487 38
425 106 43
493 871 88
395 887 34
10 338 89
196 271 87
38 146 85
908 863 29
596 899 58
790 813 59
786 669 90
325 552 58
967 292 100
402 116 77
849 243 50
838 387 38
613 532 6
941 506 69
870 645 22
711 426 92
939 248 43
613 358 41
440 11 52
125 631 33
800 564 46
881 817 80
533 553 34
73 657 29
717 366 56
621 56 7
169 530 29
901 282 71
673 797 2
681 755 21
265 110 32
695 215 58
884 189 9
603 444 4
849 118 62
311 292 45
420 120 71
119 973 73
893 569 35
533 998 46
3 976 3
49 823 19
199 647 7
136 237 59
426 567 74
971 624 89
237 945 51
113 926 87
815 129 33
632 982 73
708 160 7
632 35 6
168 293 73
921 183 18
511 65 10
443 920 86
343 76 91
355 944 90
6 118 47
310 24 78
908 543 52
832 74 12
110 920 39
934 940 16
692 33 87
989 366 49
43 572 98
615 17 79
947 811 37
193 10 24
689 876 99
819 965 62
160 994 19
735 565 22
637 846 74
414 181 4
959 321 64
763 847 97
540 276 42
246 977 57
582 811 87
746 953 56
675 631 55
242 3 44
40 255 21
884 186 12
254 679 31
260 360 48
420 299 10
323 42 27
673 752 54
365 444 73
634 456 83
547 427 55
641 975 96
367 839 21
426 911 65
174 177 84
560 150 99
658 518 16
927 923 41
565 998 33
579 140 5
371 586 71
274 384 4
246 820 58
275 417 80
165 288 16
194 707 98
974 361 24
601 773 61
87 560 39
914 506 68
268 403 53
862 882 19
944 544 11
950 271 63
979 816 28
653 692 84
253 944 36
272 191 17
856 483 89
701 296 23
823 4 36
342 99 97
758 694 60
401 274 20
252 356 98
169 862 11
809 906 13
997 755 17
214 54 98
329 52 47
352 204 43
301 824 21
766 774 38
712 565 64
835 387 2
909 802 97
946 173 4
223 45 53
344 91 9
436 479 59
728 522 57
330 196 55
654 958 69
206 932 66
146 43 70
66 911 56
501 104 37
22 170 18
866 564 40
703 924 21
847 668 38
182 573 62
27 411 27
653 710 100
677 937 36
4 808 89
235 66 47
953 472 29
340 382 96
91 696 12
539 726 52
944 159 62
372 715 68
761 924 27
816 45 31
1 433 36
82 241 11
62 470 18
530 124 27
914 642 15
703 537 30
593 758 55
205 99 55
318 804 6
537 395 91
188 58 57
588 692 57
532 660 44
833 387 73
841 790 22
288 734 39
757 626 42
553 297 97
470 186 10
351 45 58
111 867 19
929 504 34
849 67 24
421 935 40
954 986 96
431 837 31
363 365 8
396 568 83
558 81 85
316 995 97
508 153 35
742 185 36
4 581 51
99 555 31
504 231 92
541 628 22
840 650 15
904 855 9
675 216 18
844 189 64
926 78 4
486 462 21
313 199 67
940 839 77
360 696 43
238 981 12
783 870 90
5 438 39
234 277 42
570 716 26
109 311 28
850 46 61
432 145 83
726 24 21
675 433 94
646 236 28
693 384 98
734 962 94
234 529 11
9 148 34
702 398 73
339 674 44
336 632 17
121 580 28
483 507 73
315 441 100
338 431 30
869 211 90
265 836 10
46 346 95
36 128 19
34 746 42
325 194 67
184 716 29
581 248 96
684 21 19
738 543 96
986 862 44
167 641 33
969 172 14
601 418 72
850 317 94
539 601 70
143 421 91
854 174 78
352 64 38
621 447 24
790 557 81
956 719 88
22 404 57
291 747 24
444 532 95
114 823 55
638 1 7
323 652 22
911 971 38
727 838 35
313 92 58
516 648 22
677 536 89
835 234 62
262 633 71
541 177 93
464 931 3
512 140 31
678 459 75
186 115 64
227 500 10
103 433 20
126 479 44
887 732 57
683 681 29
339 673 58
927 447 35
659 329 6
571 493 25
295 651 33
832 960 46
182 679 32
651 509 4
863 183 42
893 743 94
856 780 32
921 392 31
356 247 84
384 44 6
308 809 68
984 565 83
436 554 54
295 197 20
430 364 51
666 901 45
260 934 87
854 644 11
20 131 73
676 35 24
997 791 88
591 297 23
257 478 39
873 372 4
318 895 63
652 164 74
845 2 82
628 476 59
852 537 25
785 17 56
619 857 46
232 567 81
899 179 97
813 634 95
764 335 9
529 160 66
733 79 44
494 445 37
308 872 61
876 185 71
626 655 18
733 63 37
330 404 24
553 888 94
54 723 18
550 548 78
481 370 5
730 7 42
988 279 66
609 365 69
470 459 27
565 344 70
649 767 89
895 184 36
840 951 13
637 214 79
37 699 15
205 917 8
459 726 8
511 959 71
878 476 76
312 933 29
220 730 84
276 689 72
869 383 80
770 346 15
774 204 27
685 328 57
107 203 94
902 291 28
520 421 40
202 959 39
335 491 78
295 855 77
435 393 38
729 747 21
912 377 76
8 227 76
888 625 39
817 576 46
831 799 19
647 784 1
596 253 90
493 171 62
420 65 84
705 19 55
112 525 100
292 280 60
975 27 19
64 361 74
752 321 66
346 581 21
529 445 85
51 234 31
442 527 16
465 595 100
250 388 34
386 471 51
26 190 10
876 685 58
428 192 87
793 694 4
8 982 62
865 93 58
780 111 100
215 531 28
682 241 24
497 437 95
856 444 17
661 265 69
445 871 72
33 375 41
927 784 10
814 370 93
708 702 23
245 656 51
164 32 6
646 121 56
929 666 56
930 796 69
332 320 60
198 494 86
945 194 75
161 730 21
46 508 55
124 466 94
927 966 26
973 269 4
411 946 25
997 129 95
857 670 56
701 861 13
831 874 29
59 547 32
83 991 92
422 404 14
393 969 31
984 460 19
251 864 38
390 799 39
834 262 31
44 469 27
873 53 6
924 889 67
219 886 68
717 582 14
552 940 86
899 101 35
347 111 54
704 811 73
216 896 81
52 399 15
188 598 76
619 90 4
514 396 7
584 356 74
601 316 56
483 404 82
429 953 23
230 455 26
953 939 86
395 145 72
29 612 94
285 526 66
537 655 79
592 314 10
481 995 97
400 672 64
153 885 14
423 204 78
766 971 30
358 21 41
944 905 17
159 9 3
237 908 24
821 422 98
920 58 88
156 456 11
410 683 56
606 243 36
52 57 94
639 186 58
198 112 48
908 491 20
18 743 15
885 378 58
683 246 23
309 423 89
557 298 89
746 326 100
133 999 49
533 746 83
109 990 43
374 17 26
33 114 49
140 298 86
845 588 61
873 453 79
407 673 50
609 40 5
892 872 100
417 181 56
120 21 15
936 661 91
661 543 85
577 751 71
449 264 62
221 688 68
512 104 48
454 645 50
557 381 65
185 612 36
719 337 65
499 519 68
681 968 45
144 241 88
1 284 56
591 590 55
972 556 37
723 394 39
201 319 8
852 772 23
249 180 61
15 687 22
471 518 88
538 443 26
284 72 90
744 861 76
164 997 3
900 89 93
286 798 98
615 558 13
373 622 89
55 453 89
315 481 95
697 849 6
843 534 52
301 789 29
179 389 58
0 983 47
290 486 80
863 490 45
39 363 77
994 168 58
631 472 9
495 946 81
291 340 23
389 129 76
946 72 72
865 741 44
499 581 48
757 110 27
559 890 25
979 977 50
796 936 42
1 151 90
785 311 13
311 189 23
211 317 56
213 787 91
314 899 9
102 464 15
748 862 23
398 219 17
947 510 96
416 990 22
807 720 19
631 211 10
340 925 32
558 956 26
789 206 73
135 185 43
909 135 83
415 163 15
871 656 28
785 80 55
656 680 66
938 94 64
318 364 100
449 678 87
730 130 22
325 78 58
276 676 25
763 234 32
192 145 58
954 328 8
820 95 19
494 464 82
13 774 49
937 55 15
977 375 80
282 490 87
86 488 60
26 758 71
190 388 57
531 814 90
768 256 81
240 879 27
937 338 41
107 568 70
790 207 70
926 995 22
13 255 36
297 281 77
262 427 23
819 709 79
84 929 75
756 693 6
250 837 26
938 628 100
762 125 88
613 852 20
964 262 59
745 908 98
808 594 90
850 11 1
965 36 48
596 798 39
127 889 40
301 271 44
291 527 13
273 805 91
9 464 32
424 174 85
589 311 26
817 258 13
488 182 66
950 121 85
175 387 25
638 973 95
397 211 60
59 241 54
490 142 8
187 34 90
468 7 40
816 136 52
687 559 100
671 395 44
624 115 97
102 831 76
463 221 74
28 128 98
279 378 17
25 426 73
131 831 70
125 456 14
531 822 15
921 139 80
583 200 99
411 96 61
285 160 87
210 72 29
875 509 53
510 408 82
309 753 30
913 305 84
884 253 73
331 669 51
798 14 26
903 618 5
460 322 79
569 309 52
643 654 89
527 402 23
66 201 52
907 345 27
672 280 96
412 485 14
466 507 66
665 103 79
253 711 92
147 669 46
13 38 21
17 682 45
764 252 84
683 292 73
931 895 56
760 696 5
596 371 13
273 963 39
122 160 26
97 813 53
618 720 84
701 515 46
376 522 93
516 36 70
856 47 24
709 848 59
139 198 59
49 888 11
473 524 75
758 804 34
736 379 93
934 446 22
173 103 5
343 246 75
143 626 56
415 184 97
38 734 4
61 831 75
591 24 36
650 894 22
70 696 99
309 616 88
183 336 68
619 763 29
429 917 87
780 150 25
278 948 10
357 210 66
238 742 92
22 78 96
427 344 54
189 898 86
997 702 76
86 970 12
787 715 97
74 707 92
79 741 41
335 646 37
350 506 28
360 577 79
933 974 4
584 769 45
722 222 97
653 930 69
762 685 53
26 204 90
545 338 77
744 895 76
789 650 20
394 599 61
332 40 1
761 200 10
113 396 85
103 258 84
284 550 96
690 379 69
9 841 29
132 119 66
102 575 8
30 593 21
189 267 37
72 862 36
424 27 92
553 497 22
398 287 76
910 73 51
89 269 66
598 486 21
790 74 92
20 388 96
596 724 51
799 981 99
831 931 92
736 254 70
772 336 27
104 208 58
944 576 2
952 965 45
149 690 82
574 275 18
350 592 22
540 585 50
348 513 66
163 15 47
64 605 10
489 418 49
888 190 25
320 574 42
768 593 29
863 409 16
523 15 14
449 25 44
152 551 63
833 73 81
189 100 34
933 77 12
191 634 92
672 19 68
653 265 39
330 672 55
588 199 23
20 847 57
491 465 83
656 406 15
984 840 78
146 965 90
514 449 48
549 755 90
880 299 97
181 324 45
798 244 22
527 545 28
179 864 35
607 931 1
146 805 64
330 592 33
120 383 33
630 562 45
187 628 81
146 972 98
214 729 19
250 454 73
747 575 29
109 19 18
541 41 96
809 391 56
420 316 97
126 694 49
719 525 57
701 974 97
688 434 90
406 699 37
735 826 30
156 303 35
782 724 30
15 562 29
249 641 82
185 110 31
829 486 61
422 186 11
542 938 29
44 323 75
351 71 7
467 985 18
31 141 67
125 371 46
646 515 36
133 673 98
729 257 70
458 113 22
656 493 28
756 28 53
414 285 44
248 467 76
704 118 31
369 315 16
60 257 69
152 567 89
349 731 71
560 537 23
469 510 52
520 636 60
660 60 29
972 140 47
156 926 64
9 872 25
409 103 17
769 756 33
832 840 89
832 606 67
860 665 2
700 107 68
92 386 72
682 69 90
496 332 48
944 310 2
870 349 18
132 352 13
774 815 4
918 672 78
816 976 94
140 319 53
586 829 8
39 257 100
94 602 32
978 875 37
347 458 57
752 433 80
458 233 97
929 296 87
627 18 43
128 61 50
489 460 82
708 98 9
69 644 16
616 764 24
723 542 57
222 468 15
888 573 77
977 811 24
813 355 65
256 458 27
864 404 93
701 23 4
51 957 96
46 277 89
873 894 39
524 119 14
80 565 16
628 249 86
488 550 71
410 986 84
441 980 52
645 521 88
539 598 52
689 8 69
1 704 10
321 101 58
704 594 21
315 894 35
928 762 98
582 939 15
271 837 51
883 175 47
806 208 89
947 851 89
433 244 76
95 97 45
40 676 76
175 425 52
995 425 10
890 855 43
479 533 83
955 817 30
915 288 30
799 949 28
151 831 9
95 431 12
828 901 48
540 829 72
729 225 21
166 948 84
60 358 90
455 304 3
500 385 43
770 171 83
358 698 20
692 203 51
187 538 49
742 797 25
568 231 90
949 636 3
689 139 67
570 449 74
689 537 7
355 859 98
777 703 25
831 768 5
12 235 22
374 65 19
780 72 76
225 813 54
4 695 51
774 704 5
155 427 65
122 84 44
181 433 48
498 653 90
145 805 19
636 204 89
238 678 23
818 395 57
653 525 44
724 775 2
719 690 13
934 48 72
877 36 8
377 148 81
22 958 63
370 582 85
986 863 89
123 410 85
371 324 30
593 152 54
138 663 14
740 114 45
240 888 31
809 961 79
578 458 99
37 372 50
457 898 33
190 182 99
143 807 95
709 986 68
44 587 16
720 423 43
186 845 37
696 129 78
456 792 28
92 351 6
94 800 43
259 983 59
328 443 88
22 843 5
952 827 80
607 659 53
856 944 8
173 462 26
989 756 77
775 962 41
779 950 88
938 706 2
760 172 53
820 924 34
825 95 85
784 673 46
304 492 4
186 935 67
586 551 30
206 149 35
829 596 84
924 814 93
645 287 37
735 304 78
8 808 84
570 87 2
630 761 51
106 526 12
926 605 4
983 773 25
52 645 4
303 429 90
63 593 79
207 529 27
29 432 5
122 612 8
806 680 44
407 554 73
799 110 62
609 224 45
613 57 63
544 734 9
620 827 97
631 197 56
951 133 54
287 671 50
99 633 39
183 769 1
706 344 5
482 546 19
88 492 100
338 897 46
21 347 86
628 919 5
353 170 72
432 442 36
655 391 35
803 322 89
424 248 15
836 831 46
348 273 41
985 894 83
496 994 55
168 956 15
886 503 17
638 473 18
971 860 38
532 371 42
195 602 12
634 740 5
770 999 97
363 773 7
243 852 5
993 985 82
340 851 32
625 905 93
585 35 22
766 889 68
993 49 9
543 862 52
390 691 53
77 914 81
973 139 27
418 212 89
80 560 57
379 13 5
411 672 8
986 405 92
39 717 84
105 209 24
328 186 88
355 746 24
219 244 8
616 715 32
390 677 77
947 445 64
346 751 46
751 748 34
902 14 5
55 524 29
32 689 47
906 885 96
361 25 94
990 630 33
934 842 76
180 103 7
231 378 40
858 170 23
494 153 48
909 956 94
433 12 79
727 941 31
876 374 21
469 496 43
347 514 40
582 360 47
826 701 46
718 523 45
982 142 6
640 487 78
774 638 16
588 611 23
239 645 87
334 327 92
329 653 60
278 183 48
284 846 42
335 353 53
524 679 60
754 566 18
654 565 31
912 126 97
760 656 86
983 257 58
407 442 50
551 533 12
659 401 5
458 721 85
61 758 47
601 827 35
451 187 15
347 985 68
889 263 78
426 411 39
183 765 95
883 532 70
852 341 35
433 335 15
985 168 53
164 140 14
219 179 49
202 42 12
462 640 42
990 779 88
354 45 99
423 180 86
590 134 9
847 733 60
994 931 82
876 555 68
484 657 84
213 935 12
989 415 40
186 990 11
155 302 26
860 89 2
271 292 77
424 852 52
778 181 64
964 513 58
708 522 40
8 841 49
677 837 70
219 535 36
885 20 26
976 381 7
777 898 50
312 889 59
346 679 37
140 888 45
464 325 52
56 332 84
276 45 66
653 119 32
879 192 78
667 190 58
694 315 61
246 273 87
408 313 70
245 638 76
532 17 77
268 757 38
617 882 79
950 334 72
881 492 62
640 822 42
546 298 22
950 542 12
371 346 70
899 475 73
836 29 68
23 684 52
217 484 99
442 841 31
789 986 34
271 535 50
137 404 54
170 145 21
553 918 65
858 390 20
498 875 88
209 108 63
791 81 18
880 36 6
185 554 77
779 405 12
872 404 53
41 22 69
716 307 12
559 789 94
168 305 35
48 761 68
954 786 38
957 829 16
190 392 81
844 657 81
192 624 31
269 131 29
382 124 21
921 643 18
994 572 2
584 540 37
573 352 92
668 506 39
543 255 48
399 268 81
56 966 41
635 52 79
550 532 31
624 533 99
134 438 94
66 894 96
189 793 35
398 613 99
95 345 36
372 251 61
915 274 86
698 579 16
520 108 94
534 932 56
969 106 13
964 160 58
676 151 55
311 18 81
61 523 89
188 868 11
357 430 90
337 593 66
805 925 43
247 113 86
433 920 46
902 550 96
105 842 100
593 244 41
198 491 53
872 537 31
439 159 78
140 516 83
609 761 73
497 25 28
570 677 89
38 17 57
405 398 93
977 353 51
458 552 99
712 199 49
65 224 86
537 868 95
472 409 52
679 835 98
738 829 27
659 16 74
479 936 86
959 895 97
956 625 88
384 580 14
444 385 78
942 739 89
538 523 9
537 926 31
455 454 37
714 629 41
673 187 22
540 836 23
289 974 19
390 406 91
730 225 97
189 809 62
940 779 15
566 71 23
557 37 30
618 828 14
671 343 98
675 254 10
485 127 51
61 239 100
590 387 45
905 446 30
362 753 2
219 522 50
335 824 1
816 307 80
278 823 40
211 131 49
507 484 70
890 630 30
803 931 46
450 519 67
810 268 43
410 701 71
434 512 42
930 760 74
174 564 34
886 224 67
359 647 24
246 579 40
798 683 79
891 364 32
988 215 60
593 399 7
835 714 73
703 749 36
196 892 47
502 861 65
504 209 69
417 587 87
842 212 29
390 575 32
123 151 70
289 731 24
42 923 68
741 414 32
124 763 42
22 194 53
415 250 39
114 738 89
774 199 61
822 22 42
931 14 69
732 34 60
818 344 21
281 579 8
466 941 42
493 889 9
437 868 8
278 946 21
920 280 69
564 467 8
92 481 80
895 75 19
68 331 54
396 160 59
7 919 43
394 137 7
160 347 8
190 205 66
715 29 81
291 452 55
506 277 4
550 69 12
257 942 55
290 739 93
605 325 40
781 118 25
780 669 37
323 736 51
512 673 74
588 907 58
921 65 54
249 511 58
265 18 94
250 457 23
127 249 44
535 127 59
502 908 57
386 337 93
71 651 95
912 773 84
838 687 37
356 760 25
485 222 21
952 124 96
345 724 14
883 998 92
49 511 45
629 452 42
300 418 58
38 149 44
783 673 34
421 591 88
715 332 89
132 835 82
608 673 39
241 503 54
768 401 88
938 103 61
384 158 78
502 431 87
332 671 42
842 602 26
999 888 50
755 208 73
162 346 5
887 558 64
544 851 21
360 695 15
741 332 26
455 344 54
990 510 38
546 760 85
452 170 80
316 769 89
667 560 86
583 939 48
579 548 24
198 398 55
758 997 66
566 177 5
51 796 69
396 251 16
499 862 75
197 562 93
83 441 19
742 219 55
257 256 57
671 503 96
203 769 7
604 171 100
984 265 47
62 867 4
848 710 52
830 706 64
192 905 69
697 272 38
832 181 9
924 773 11
99 542 89
314 304 28
654 645 49
231 366 92
645 406 95
677 41 73
918 682 61
903 807 24
383 86 48
55 868 88
414 973 54
302 20 70
158 8 65
188 716 69
582 65 15
468 445 67
355 765 50
453 870 64
775 539 9
52 890 75
471 172 75
31 140 46
670 865 24
150 438 2
16 109 16
363 92 59
239 193 11
801 691 76
29 695 62
487 140 37
945 375 94
503 225 8
614 682 3
351 931 23
522 278 5
180 342 91
76 169 40
882 669 58
469 867 39
474 119 93
244 211 11
554 807 13
135 447 60
605 225 37
639 76 46
655 400 49
592 136 50
935 303 96
559 856 67
843 26 10
465 993 6
400 186 17
560 812 87
225 882 53
69 128 42
474 583 56
147 445 77
69 744 49
903 468 1
261 216 93
827 417 68
864 894 11
57 318 60
176 569 41
35 111 52
441 609 36
191 223 28
642 640 96
468 207 86
711 342 75
266 498 99
897 911 97
28 362 78
651 110 67
27 403 28
316 269 94
819 789 72
114 981 12
711 922 42
81 698 69
999 226 72
35 761 6
938 373 12
77 704 60
850 647 96
373 210 75
503 490 69
430 247 41
600 431 26
967 333 69
441 315 53
733 449 34
493 125 30
475 158 76
47 377 20
869 581 39
786 349 17
998 108 49
749 805 31
804 951 93
714 84 33
271 289 77
523 562 8
559 117 17
175 281 78
521 513 28
10 210 68
87 423 16
510 768 22
718 551 5
979 203 8
560 283 33
242 823 25
784 378 90
818 562 92
352 202 61
542 89 64
9 521 2
434 407 20
228 488 16
401 615 80
995 763 18
133 546 9
119 908 94
535 291 86
878 58 29
526 806 54
209 860 30
97 192 25
264 406 84
865 639 94
405 992 98
959 464 1
969 47 20
147 904 35
13 829 55
892 423 19
525 619 56
917 389 47
998 103 98
457 961 38
979 577 80
438 988 2
892 993 42
543 784 48
912 954 72
155 422 19
65 808 81
260 952 80
362 271 16
33 326 52
582 196 32
757 610 65
966 923 68
782 362 19
935 800 57
641 128 67
498 832 66
573 838 47
936 636 32
297 155 19
73 616 74
233 795 8
409 0 40
608 954 37
916 752 24
375 780 49
622 407 16
650 356 36
177 963 30
936 615 85
375 920 40
449 539 54
87 742 74
696 401 90
480 716 98
997 344 35
648 832 40
697 894 70
846 325 25
785 691 91
65 218 97
625 348 40
831 989 32
478 632 23
983 381 88
653 160 8
547 603 35
931 434 86
335 67 34
993 542 70
191 162 54
12 278 18
288 838 74
21 29 24
380 757 41
586 485 79
669 746 37
50 213 90
884 227 99
553 20 65
546 168 35
976 276 49
335 57 64
937 190 59
912 699 47
525 325 84
765 33 2
268 431 47
355 76 34
705 337 40
31 272 16
3 141 72
988 833 3
395 167 57
974 227 63
622 450 2
78 488 67
644 137 92
671 381 98
765 531 60
214 927 63
398 512 32
533 887 48
49 673 14
571 82 99
843 825 2
264 861 73
451 214 1
782 401 15
186 473 63
790 679 29
487 837 5
644 656 40
842 423 73
925 829 22
200 693 89
707 322 93
13 713 85
584 941 91
655 829 24
32 466 38
897 631 15
522 825 32
291 144 81
552 920 29
427 233 37
398 802 79
529 487 69
216 622 12
152 498 85
794 195 66
932 232 26
436 733 86
284 177 32
532 310 36
747 124 56
49 882 56
307 20 70
103 752 35
151 43 41
400 482 14
355 349 33
791 686 63
215 445 71
91 935 62
565 163 62
76 68 67
864 912 29
460 615 5
979 880 60
66 724 87
445 391 7
365 797 55
34 957 71
898 22 48
862 695 16
580 514 70
597 829 46
34 340 33
467 959 32
949 438 2
358 201 57
993 237 50
988 572 51
166 194 90
477 231 87
189 21 23
679 919 55
702 169 77
817 377 37
909 293 79
828 750 64
970 898 37
629 610 75
909 836 80
54 563 78
76 613 66
69 526 51
184 82 89
735 343 55
387 953 68
183 488 61
89 211 39
614 94 73
190 722 1
815 181 86
330 77 54
343 919 69
540 498 71
190 357 56
751 407 63
390 459 81
193 407 31
26 620 6
426 856 89
960 234 69
73 364 59
938 886 67
364 844 65
765 231 38
558 478 79
186 867 30
105 778 36
893 639 73
34 465 70
86 528 6
288 374 82
463 290 61
991 6 82
989 707 37
61 848 91
534 790 14
229 797 40
709 268 53
984 514 86
655 788 92
456 93 21
263 208 91
151 284 55
653 919 54
991 596 29
415 697 30
597 48 49
744 665 75
371 670 95
643 705 25
754 22 25
808 168 50
394 306 77
101 938 7
427 348 78
918 295 90
739 920 80
907 202 53
305 219 50
798 186 22
928 267 60
233 121 52
184 321 96
154 738 46
734 873 8
570 895 88
443 195 66
166 959 58
100 463 49
660 49 80
499 751 26
942 911 40
398 206 64
550 860 12
983 288 51
207 455 40
75 111 2
31 608 66
65 610 39
708 3 67
615 114 43
291 127 13
296 842 57
746 656 21
462 341 81
966 112 60
84 801 5
264 535 22
706 783 14
685 638 69
476 552 99
563 717 74
657 270 58
352 997 88
980 308 54
546 455 71
462 999 43
435 531 43
273 842 93
805 490 74
842 463 48
323 718 61
336 876 63
883 498 11
367 428 89
464 112 98
486 677 20
407 861 3
253 565 64
96 165 84
404 752 90
460 166 43
663 897 21
288 415 25
540 939 58
809 602 83
640 195 28
143 401 3
37 237 77
774 837 25
199 729 21
251 42 40
970 983 81
244 360 38
481 301 30
109 597 49
717 378 45
694 873 82
517 544 15
32 622 62
462 55 94
616 391 69
402 197 66
819 526 92
374 813 99
305 302 59
277 914 87
320 3 83
201 9 60
3 162 76
985 761 47
788 597 94
160 117 29
231 614 91
549 177 79
682 269 54
653 83 30
285 586 53
605 852 13
707 548 63
11 496 51
298 697 12
72 409 94
28 458 22
938 432 11
418 949 5
109 589 47
549 937 8
232 943 4
99 793 86
595 0 52
882 34 2
653 757 18
361 931 74
685 401 71
70 232 77
880 71 54
922 857 6
270 479 76
723 574 40
48 217 41
759 183 79
359 922 39
376 474 51
600 363 58
257 38 76
750 339 95
428 348 41
179 712 55
917 704 67
678 471 62
779 146 65
836 60 43
95 221 4
86 456 42
825 617 32
665 384 97
909 153 84
985 665 66
266 454 12
888 16 70
107 348 30
884 551 67
64 698 14
896 181 45
631 656 62
744 550 46
250 83 38
771 96 5
226 717 90
910 979 35
647 102 92
232 642 57
33 942 100
512 98 12
682 627 26
732 391 40
645 721 44
324 250 79
334 341 35
256 959 88
798 548 46
285 199 94
811 690 16
220 210 62
366 870 89
696 131 25
122 648 50
619 276 83
568 178 46
699 434 3
111 696 15
960 821 18
885 311 24
582 113 74
53 344 61
664 715 90
372 726 68
381 935 92
64 277 20
205 68 37
867 650 80
861 574 14
83 813 28
812 297 59
560 760 26
181 72 17
730 862 30
498 452 25
127 688 81
891 565 64
901 347 50
483 941 76
891 67 58
217 933 47
323 604 37
339 45 30
589 41 73
32 773 28
149 530 45
556 176 50
662 409 16
252 904 41
230 138 30
115 850 30
458 995 3
326 494 94
84 392 99
797 256 10
563 182 8
973 799 51
925 44 88
47 341 91
325 873 4
458 651 17
534 830 46
324 907 42
167 682 1
353 73 63
223 885 4
797 502 39
314 287 19
285 750 35
204 493 69
416 349 14
511 163 94
342 37 57
500 592 86
486 587 74
276 737 40
427 680 13
890 530 5
381 71 14
325 981 24
369 264 63
221 490 20
142 130 6
933 625 15
247 204 25
246 956 94
461 755 3
789 339 11
584 836 33
408 26 27
444 575 11
822 619 78
619 889 4
928 290 24
413 423 56
14 296 88
287 154 99
861 41 33
989 368 5
39 288 33
493 888 15
25 134 41
256 31 98
370 380 18
565 252 71
877 742 44
688 273 34
589 111 15
281 259 22
546 136 24
24 679 94
491 921 78
50 948 18
115 139 34
281 319 21
151 945 82
84 759 22
484 80 54
980 59 92
555 716 80
425 573 20
265 221 67
443 361 77
544 264 49
310 381 60
718 237 89
584 5 39
933 34 52
402 700 92
855 293 47
322 834 7
177 615 16
849 657 36
870 240 90
956 643 75
525 567 34
305 980 23
319 715 75
521 531 53
608 73 40
512 964 83
571 946 94
106 7 64
572 568 72
890 745 76
904 965 1
960 0 23
472 725 3
530 974 22
222 194 48
81 61 80
522 324 38
856 44 61
335 673 40
291 989 46
207 412 55
235 987 84
792 622 100
37 968 82
489 106 70
403 110 58
441 7 81
652 505 66
702 652 75
163 253 26
875 247 46
960 210 7
865 428 42
871 750 77
548 822 39
972 809 39
584 309 40
30 109 16
895 562 4
157 863 74
359 37 64
259 922 70
151 255 57
728 764 100
757 797 53
341 624 91
757 51 85
725 761 3
354 174 100
987 434 37
24 820 37
376 127 85
121 965 29
435 53 56
688 628 8
934 203 26
92 611 7
324 267 22
571 84 97
620 875 89
875 351 18
552 264 65
76 414 78
903 69 37
556 125 25
144 243 90
990 988 76
288 836 15
571 482 88
709 645 62
946 951 29
817 595 87
690 541 40
327 879 71
979 439 50
152 471 53
852 594 65
568 44 12
542 569 2
168 778 67
328 429 48
848 798 78
46 724 16
700 397 57
229 61 34
655 998 47
825 469 89
379 937 93
340 249 30
316 234 97
830 810 68
14 236 91
376 226 51
705 528 56
888 536 39
717 908 21
441 159 75
651 930 30
907 973 6
451 205 12
476 685 44
306 640 15
944 422 12
964 451 42
192 347 90
444 964 2
478 133 11
849 785 98
697 157 36
535 887 97
975 156 56
186 565 93
297 705 59
151 439 40
302 56 7
432 252 78
197 553 55
647 601 33
608 161 39
13 421 83
834 636 48
229 987 42
439 801 65
538 50 31
653 267 86
217 942 83
997 581 29
709 575 87
450 986 57
249 157 19
856 461 91
35 449 80
280 883 15
686 683 27
312 123 91
833 645 35
559 34 5
274 931 99
627 676 100
900 537 78
710 539 6
148 631 35
764 583 78
870 770 27
226 121 98
558 995 18
75 610 94
263 289 24
689 399 34
593 967 55
101 244 50
891 428 11
326 39 65
602 131 13
716 504 99
951 804 70
860 617 36
574 324 18
517 432 5
342 945 96
143 242 91
471 83 94
822 789 16
964 38 61
719 333 29
826 714 30
555 164 11
706 932 64
452 878 74
961 501 86
604 60 31
664 200 79
542 981 45
374 390 17
672 852 70
317 45 60
338 389 42
402 96 74
235 361 6
693 996 2
736 324 9
319 20 75
719 314 44
633 786 69
923 658 60
603 187 42
782 373 96
564 580 7
681 875 34
825 381 35
734 566 93
932 628 28
789 742 18
82 211 53
532 883 18
551 634 62
291 907 80
715 808 70
463 586 19
632 646 81
992 979 63
795 35 71
17 135 33
817 195 74
813 770 85
231 258 91
325 97 24
253 908 67
502 673 66
313 415 71
631 387 39
0 339 17
634 882 60
222 293 12
149 682 37
440 415 80
628 861 92
313 243 51
193 650 51
321 429 5
729 495 25
12 594 96
883 796 92
192 958 29
773 982 91
373 234 79
197 446 1
864 706 71
937 22 19
294 636 56
746 926 93
102 646 61
970 302 35
889 349 77
543 369 39
167 1 2
731 621 76
406 746 32
345 985 53
466 359 75
16 177 57
13 123 42
80 665 76
506 9 90
959 433 52
311 983 92
57 406 59
269 349 10
843 793 37
825 260 4
857 358 38
749 16 95
390 377 66
872 254 40
431 179 6
3 588 34
756 378 42
945 420 21
88 382 21
25 154 77
481 915 53
237 948 43
73 122 60
456 526 14
516 523 88
734 205 56
40 245 68
353 345 64
17 589 26
136 309 85
616 475 18
162 413 13
482 965 46
281 973 91
45 410 96
385 581 71
795 9 44
338 453 31
879 868 90
529 238 37
199 266 50
590 900 16
322 246 66
293 708 61
778 373 57
505 402 66
967 956 62
764 728 41
344 748 67
949 257 50
245 410 72
78 521 90
269 63 60
537 443 85
596 406 30
783 715 84
805 454 26
590 300 54
661 939 70
725 704 93
682 220 40
310 394 8
254 499 16
873 692 33
93 128 94
68 826 45
857 164 91
346 408 82
846 384 16
609 21 51
784 718 8
156 988 93
674 643 76
270 245 13
673 149 5
782 837 59
169 380 70
332 224 86
68 874 49
581 169 53
237 749 35
400 567 9
284 768 38
168 815 2
179 843 9
578 328 90
424 484 55
926 372 36
789 724 4
300 431 1
382 379 65
737 966 16
510 504 99
212 302 8
30 617 17
951 395 32
316 580 10
953 432 66
338 673 13
178 296 50
886 367 31
470 713 81
612 460 43
62 239 91
369 544 60
924 350 58
214 69 12
552 879 58
440 214 63
471 490 46
872 622 55
259 480 59
924 240 72
446 111 13
177 37 79
274 545 41
631 522 44
553 680 95
108 921 97
884 750 10
631 634 32
808 160 84
409 577 67
17 633 98
382 472 62
393 813 40
26 424 46
242 758 33
546 985 66
368 516 53
991 848 6
527 491 33
91 523 16
114 383 14
155 694 97
917 946 73
336 74 64
402 533 1
815 511 63
193 0 87
763 104 75
1 509 46
902 155 91
737 523 92
607 41 100
395 298 100
324 732 19
953 895 17
744 221 11
154 981 31
730 724 86
164 48 53
504 269 70
829 542 1
666 223 82
605 374 10
848 466 17
436 270 86
43 625 37
639 379 96
805 982 66
653 436 53
652 607 6
382 180 99
626 705 65
291 774 6
402 44 73
204 683 24
963 415 22
214 551 64
601 211 100
187 201 48
523 888 35
468 525 42
232 578 5
257 572 36
335 213 19
571 323 70
950 254 59
779 814 26
423 150 91
349 483 60
573 142 50
648 733 87
566 293 28
450 145 23
606 361 49
21 95 96
395 415 52
788 826 15
76 812 35
860 822 72
648 903 29
167 845 48
493 620 50
596 976 87
947 215 36
175 140 26
325 891 4
941 20 57
395 501 95
605 871 62
565 686 1
452 215 52
24 30 76
764 145 84
869 619 65
748 229 53
157 618 63
394 900 80
718 468 35
680 587 63
310 702 100
785 748 52
614 813 43
497 618 96
341 752 3
171 395 83
930 551 63
984 83 72
884 84 27
394 243 52
297 839 58
729 544 37
491 653 72
576 316 13
782 234 18
341 782 20
663 150 69
58 481 88
667 288 8
290 851 21
55 475 15
514 576 21
739 608 8
722 920 38
973 585 61
502 481 20
741 730 33
801 493 65
916 323 96
455 262 27
232 408 30
692 441 85
314 356 38
232 620 63
762 921 74
183 814 81
32 476 5
799 789 51
533 377 58
696 52 91
255 320 64
460 859 23
916 183 51
777 545 21
833 793 54
429 516 100
905 197 79
92 909 8
218 835 53
437 842 1
111 874 80
876 182 81
808 248 62
372 193 75
473 489 69
153 633 25
427 972 90
151 519 73
505 478 7
748 922 67
177 439 53
353 803 76
527 787 25
679 759 58
564 368 86
205 894 72
648 91 73
970 549 98
384 130 65
103 908 42
416 963 32
400 388 37
435 703 8
178 498 37
494 291 59
601 362 17
613 548 88
857 955 52
583 683 5
75 969 45
705 94 34
599 147 29
143 287 17
76 45 32
902 506 55
584 699 7
828 651 80
488 882 54
967 832 44
342 950 18
723 551 8
945 681 52
686 831 91
757 372 52
584 647 2
406 332 54
62 507 53
709 817 41
206 99 53
788 204 69
120 950 52
428 79 8
587 121 4
773 106 7
549 907 60
281 28 90
573 773 84
871 722 22
131 595 60
93 672 21
37 309 86
740 906 3
850 903 83
70 744 38
633 81 68
768 806 15
662 884 33
530 375 95
897 290 2
454 698 70
954 831 71
421 993 90
687 117 4
348 284 11
446 386 32
880 268 99
431 392 38
886 633 51
813 717 30
45 213 56
666 70 68
268 901 57
15 807 86
560 521 94
621 810 10
156 432 39
227 668 26
938 504 99
812 763 75
573 590 76
539 273 43
283 972 66
560 871 26
969 230 35
611 796 53
851 7 63
830 347 71
619 661 59
68 606 37
619 935 85
862 170 29
367 157 59
449 283 36
978 682 27
966 469 37
877 62 9
897 820 4
571 952 4
664 902 95
39 199 52
40 49 49
71 450 89
331 765 96
196 822 63
661 794 17
889 734 47
727 897 43
507 924 69
166 979 27
235 63 17
795 342 63
164 314 29
163 742 5
477 166 38
453 368 25
194 258 45
875 624 52
139 729 98
35 443 37
947 479 14
186 767 13
617 870 83
939 600 8
962 349 63
958 784 9
877 643 72
972 524 98
272 471 86
162 480 21
620 889 8
911 497 61
698 766 59
739 448 67
223 827 31
685 700 54
224 236 63
743 589 48
970 294 7
801 108 70
506 937 53
165 39 65
825 244 50
903 346 10
318 656 87
791 196 36
160 954 22
850 625 30
810 7 34
296 173 29
209 889 62
967 246 8
877 471 11
548 32 10
88 377 85
317 651 54
957 661 34
703 212 14
561 812 54
678 591 89
347 449 1
893 35 87
663 438 53
381 821 94
300 715 82
928 425 80
96 609 98
115 511 30
629 968 68
319 362 10
747 707 88
734 387 29
657 297 76
468 190 3
332 789 11
317 602 86
800 802 62
661 179 33
546 516 84
444 302 34
832 848 79
483 21 84
239 105 55
141 717 98
880 587 65
509 380 53
184 215 77
718 206 9
695 573 19
570 91 92
251 526 29
137 647 58
160 91 94
203 554 4
490 513 44
84 566 47
22 932 100
719 557 8
35 224 59
673 437 90
24 32 93
812 10 57
577 546 97
957 237 75
254 850 1
353 66 56
44 615 83
321 836 58
726 236 36
143 821 38
539 739 31
916 437 46
65 642 95
103 619 91
731 568 68
780 667 80
17 256 53
529 821 97
44 89 96
683 424 97
289 300 54
861 801 94
474 747 65
231 499 34
631 35 14
831 38 85
136 632 29
352 253 8
615 753 46
726 38 92
34 730 10
828 353 75
6 630 50
426 360 91
555 650 73
398 250 9
157 290 28
543 1 28
120 221 76
527 222 17
994 800 17
484 788 58
705 147 33
324 330 42
563 808 86
770 386 23
61 616 38
243 207 99
939 952 70
563 50 70
292 801 6
720 830 70
906 958 12
596 440 64
931 849 15
669 291 74
304 234 4
371 36 15
952 505 58
455 306 100
378 611 72
786 366 34
227 831 11
615 728 70
180 294 7
548 426 64
39 589 97
915 627 90
152 970 18
667 569 98
356 832 78
270 545 43
433 238 97
4 390 19
400 4 67
719 809 43
626 312 70
761 372 84
479 975 20
642 680 47
221 305 1
222 933 22
306 409 20
991 268 1
330 197 48
188 69 72
52 352 30
457 295 15
117 404 41
103 284 54
26 97 89
790 886 57
209 723 17
418 547 39
630 98 96
523 377 52
618 468 88
740 449 84
122 750 38
143 136 63
16 80 76
694 238 39
2 132 88
862 443 62
238 354 27
30 240 54
194 923 85
596 170 98
561 136 8
568 949 80
603 525 91
91 397 59
810 611 86
728 702 77
92 770 2
663 168 22
118 404 73
776 557 96
525 78 26
535 154 32
206 225 41
505 740 61
254 9 70
780 491 82
885 965 24
180 450 60
96 426 34
334 506 57
732 782 20
23 218 97
631 809 39
751 482 77
836 389 50
751 652 39
656 898 81
177 638 30
64 551 35
319 989 43
196 492 59
856 842 53
586 362 38
247 80 41
361 515 19
746 960 13
715 221 75
379 435 37
109 391 27
793 259 33
486 501 47
623 433 24
495 718 99
547 298 45
615 809 24
243 466 89
200 561 56
609 265 88
36 817 82
601 128 76
368 433 48
547 432 7
725 89 60
829 295 6
51 169 77
795 352 1
889 282 40
584 717 60
939 777 66
505 413 51
567 725 55
498 584 61
146 897 70
401 145 39
14 3 63
613 116 3
770 504 87
804 944 55
664 269 49
786 352 27
490 733 20
610 348 17
717 905 22
200 264 99
749 7 18
263 245 20
17 13 73
732 617 70
694 792 22
256 687 45
596 659 37
439 437 70
567 633 50
114 641 79
180 720 55
655 450 16
461 267 47
393 881 28
818 227 63
805 716 64
42 565 75
225 486 92
317 191 14
794 75 97
44 727 17
992 30 66
732 217 25
203 368 33
822 7 12
681 835 27
639 815 35
359 117 48
91 965 34
242 140 73
267 755 6
220 595 51
145 350 76
771 218 63
797 475 19
779 721 24
333 753 59
865 38 88
495 783 15
408 486 99
141 379 44
638 110 17
219 980 60
703 976 76
449 65 69
763 539 78
498 671 7
489 883 12
410 471 62
243 528 35
378 162 39
230 555 8
141 919 39
530 446 40
985 535 36
628 644 93
137 178 7
295 871 98
730 371 32
22 504 15
135 26 71
989 70 28
757 923 55
995 278 60
862 33 99
81 254 49
806 406 76
606 747 44
957 934 49
534 674 70
823 896 48
146 481 23
318 107 79
139 686 52
451 321 42
423 72 99
6 156 53
540 417 10
796 318 55
527 936 95
196 391 100
64 297 39
642 145 51
229 359 62
139 67 14
464 711 61
377 421 97
19 325 99
983 367 21
778 102 33
312 475 89
388 521 35
135 21 21
360 311 89
590 690 34
145 747 60
616 892 88
700 500 15
331 867 100
301 355 46
428 526 81
850 88 94
386 929 9
7 139 93
4 54 1
265 380 52
809 479 59
604 634 48
519 934 82
240 880 28
849 920 82
76 182 61
593 681 59
505 527 70
480 172 9
852 102 15
902 400 64
75 262 55
279 669 62
941 406 74
441 541 7
932 138 48
393 561 70
596 48 41
334 838 70
185 792 56
731 903 96
883 906 51
789 643 72
394 235 47
633 906 65
930 406 90
493 138 70
850 952 95
295 361 25
518 601 78
130 562 59
993 88 46
490 713 63
792 70 50
206 856 34
546 368 42
676 107 53
393 382 74
450 921 2
251 770 36
41 153 83
690 540 97
527 640 71
617 859 56
942 88 55
729 150 61
878 661 5
898 807 79
680 780 91
927 897 99
53 581 61
108 124 46
78 787 45
27 97 6
727 67 97
731 569 51
235 368 85
105 853 74
732 321 62
265 867 66
163 559 94
362 947 65
871 271 26
794 858 23
497 158 60
782 840 71
29 182 37
116 815 84
813 776 85
327 169 66
705 124 15
507 785 2
245 391 74
74 455 48
986 421 58
444 632 5
368 361 74
756 494 37
18 715 61
369 830 43
236 563 23
950 608 11
817 32 25
607 932 95
927 989 21
484 263 47
700 644 96
555 709 64
444 873 17
746 461 50
606 461 34
639 510 46
130 457 46
16 90 18
49 488 86
822 205 28
575 522 15
344 262 11
361 958 15
854 45 8
877 719 2
347 61 100
805 302 29
238 722 57
146 835 24
192 572 71
988 61 8
918 400 9
43 914 20
490 907 45
96 973 86
990 177 66
861 127 54
506 878 53
151 514 77
569 680 2
542 711 82
712 648 12
877 570 39
568 589 69
870 85 22
626 485 29
960 507 48
773 252 71
351 118 89
591 954 97
950 156 70
852 509 71
182 774 13
281 59 29
17 906 88
359 809 7
567 600 100
124 953 80
655 641 47
874 152 79
515 112 16
381 398 78
942 417 35
972 152 74
582 15 61
879 193 11
196 140 99
734 243 87
838 536 48
289 434 36
294 342 78
326 880 25
261 608 10
900 136 31
792 186 44
838 131 75
340 930 52
165 852 15
641 541 18
614 158 49
412 598 8
180 755 48
401 658 35
432 509 68
708 451 57
333 802 31
629 410 79
23 696 67
193 845 6
354 903 5
945 986 73
263 724 13
270 369 55
738 992 30
856 574 31
415 301 12
483 330 41
612 626 12
11 163 77
640 740 82
830 349 85
595 566 18
780 311 50
20 951 77
190 401 92
816 258 71
102 828 44
285 614 19
230 971 56
717 807 84
257 13 59
354 339 75
529 77 67
567 350 43
994 17 57
235 824 29
725 111 86
631 173 25
222 277 49
898 852 47
197 392 98
723 127 91
175 25 17
448 586 62
917 318 26
772 553 98
175 943 64
265 123 23
491 957 66
458 579 21
140 706 17
284 671 27
808 879 91
162 813 7
408 606 34
123 28 48
449 627 66
848 815 23
267 817 52
234 662 68
551 430 28
114 796 72
173 217 91
176 952 36
365 653 38
233 743 19
456 9 3
471 919 43
430 233 21
53 555 43
218 788 21
715 545 87
391 9 58
966 996 35
859 990 1
252 50 48
610 353 63
355 878 85
629 746 23
992 468 62
808 463 93
90 236 100
539 551 16
700 496 41
90 547 95
942 638 17
854 292 100
152 182 80
694 62 89
81 575 30
639 514 41
406 674 5
476 952 11
279 7 74
55 578 20
237 456 27
20 491 16
419 781 30
762 807 79
481 921 66
119 189 17
533 333 32
915 526 78
780 324 77
87 354 62
694 256 95
531 625 95
148 572 68
923 104 40
872 633 52
893 385 59
57 614 39
716 903 89
20 88 48
336 931 40
394 909 43
956 578 13
462 119 17
934 18 30
609 241 93
35 106 28
210 693 38
426 808 52
269 917 89
114 54 8
940 851 57
774 658 27
367 324 79
310 166 65
48 61 40
489 853 14
754 819 52
380 572 53
129 29 85
58 786 68
656 766 47
710 964 74
879 104 65
693 371 19
618 98 58
757 394 89
306 716 41
805 573 100
428 134 27
965 760 61
531 813 7
650 368 58
884 703 76
320 323 93
938 115 8
318 961 4
245 271 1
218 433 5
358 491 54
468 796 8
842 261 41
953 429 12
148 305 5
35 641 15
64 699 74
366 539 46
198 156 54
682 182 76
438 181 80
44 461 9
148 657 73
135 186 50
738 152 48
170 453 1
851 320 71
89 32 40
296 597 88
367 18 71
545 741 73
696 621 94
760 237 73
189 692 61
821 594 65
510 402 1
471 555 72
932 876 34
272 967 35
356 930 14
578 398 18
494 663 63
990 504 83
536 745 3
208 253 88
310 525 99
889 295 33
896 62 31
475 96 27
247 715 28
957 978 70
674 886 94
453 834 78
578 843 68
710 624 51
666 625 27
700 408 26
592 809 4
950 482 47
859 701 50
737 552 67
201 547 80
881 358 45
956 61 100
844 916 68
84 849 34
138 945 4
804 934 92
147 572 81
480 823 11
708 839 14
745 667 6
889 209 43
557 413 69
442 137 9
244 892 20
869 219 100
920 585 72
751 737 21
793 667 36
901 978 84
698 938 42
868 716 87
900 63 13
845 265 61
919 380 95
56 484 68
374 328 29
467 498 69
934 911 15
825 419 46
911 387 35
239 768 38
389 111 81
971 981 58
387 127 85
352 988 55
983 532 44
35 485 96
303 275 32
16 492 8
200 580 72
137 536 5
898 379 82
622 322 12
505 313 76
417 193 16
31 506 86
85 137 5
889 519 92
247 460 10
806 423 37
915 858 73
824 815 8
871 582 98
639 763 1
608 979 37
406 181 52
686 194 100
610 467 82
495 788 44
731 410 24
504 435 37
148 748 5
874 63 89
942 227 99
895 94 35
335 309 12
726 834 31
496 52 63
373 539 73
710 326 32
629 137 67
17 733 45
897 907 44
305 166 20
318 926 44
105 713 6
13 879 32
700 779 43
670 752 74
741 811 5
783 676 69
640 439 97
983 966 57
377 202 59
292 141 70
66 924 44
178 689 9
567 881 43
915 818 28
794 377 74
660 77 33
796 877 92
107 59 4
401 208 99
286 599 12
513 65 18
755 565 17
439 913 13
367 464 68
164 225 74
240 973 58
469 560 64
768 430 76
138 670 98
449 129 90
111 622 46
990 658 82
354 44 20
320 818 58
363 721 20
550 365 79
214 282 52
183 668 6
799 573 23
688 166 33
19 613 23
52 23 10
345 701 15
368 579 68
383 831 10
852 399 18
209 486 69
733 364 78
147 784 35
228 224 20
795 590 99
741 25 32
690 104 27
716 66 30
14 166 89
147 353 32
994 592 45
358 187 3
777 96 93
290 815 66
745 98 34
560 64 12
201 211 45
172 956 7
722 671 83
463 277 84
683 98 87
144 479 31
429 765 72
408 993 31
425 80 18
939 471 55
235 787 57
658 125 52
949 89 86
642 155 16
172 414 52
629 772 79
219 685 7
671 545 15
691 346 25
42 739 72
950 952 14
264 511 9
56 475 21
856 89 56
404 46 83
974 577 83
222 131 5
921 553 46
132 371 35
461 510 84
903 659 9
59 668 96
14 147 63
745 551 64
811 187 54
170 352 88
242 419 9
654 534 51
888 727 52
479 739 29
298 363 45
859 324 47
109 213 42
934 764 80
394 55 66
998 758 70
322 160 80
237 338 70
256 779 23
239 199 26
737 307 89
598 230 18
85 104 32
678 657 78
368 500 55
363 744 44
408 388 100
959 297 77
978 208 21
384 110 55
750 612 71
468 811 82
343 767 94
505 119 86
30 751 31
778 797 96
672 266 44
267 256 89
59 772 34
926 460 7
687 627 65
144 947 51
100 155 34
128 481 2
670 630 50
359 912 11
608 322 4
168 113 95
753 320 72
333 153 84
58 647 58
710 635 64
135 946 48
207 305 99
931 830 22
588 733 67
518 648 2
58 516 22
99 961 66
534 565 38
10 762 21
524 776 2
275 736 50
732 311 17
921 956 54
223 696 46
83 114 5
603 259 38
309 353 69
826 569 1
374 797 66
571 163 99
854 55 57
50 649 89
307 841 38
345 82 62
856 489 60
967 83 95
804 983 45
866 765 91
12 217 3
831 170 71
210 962 77
571 706 9
616 597 89
686 247 23
904 394 91
598 434 38
94 374 73
133 336 95
794 750 17
1 539 77
508 739 11
9 363 37
84 606 47
452 842 78
270 425 77
153 183 98
673 242 92
717 323 15
900 329 51
442 316 20
896 449 4
157 28 56
599 663 80
62 751 88
79 185 96
225 703 67
949 468 33
499 693 13
859 805 39
617 964 14
264 373 32
810 920 57
969 108 29
372 136 25
759 517 93
843 600 44
634 433 77
905 153 58
973 566 37
261 628 61
468 575 47
396 702 100
994 881 66
749 794 54
27 462 82
184 299 31
126 773 12
453 679 89
997 147 67
508 262 65
203 516 53
889 65 99
399 115 67
129 967 14
425 681 21
372 817 74
744 405 86
627 214 77
404 548 99
539 158 9
671 410 24
545 500 47
800 900 49
906 805 83
426 375 100
717 435 40
149 232 41
342 742 8
847 331 47
460 594 96
844 313 82
902 657 23
815 190 58
518 4 68
41 44 98
221 144 46
404 331 94
712 195 52
843 160 82
894 986 30
281 731 32
779 902 97
234 498 55
615 707 34
271 678 94
463 665 44
47 855 14
50 190 89
244 852 74
506 88 50
350 361 92
994 556 12
265 590 96
681 244 94
905 780 73
643 740 12
764 373 51
138 814 89
836 749 37
757 400 66
888 507 53
149 866 33
626 136 60
724 30 17
277 702 51
692 587 46
630 135 72
314 656 33
848 700 30
113 641 83
51 761 49
186 268 72
380 668 36
748 60 19
466 157 100
236 298 37
736 793 55
737 325 93
89 58 22
11 781 70
144 334 34
546 584 11
703 642 39
325 498 64
454 834 1
930 587 54
569 922 75
207 670 61
276 403 26
774 464 61
732 494 10
912 948 38
543 219 31
608 693 63
44 439 49
486 485 96
161 732 84
110 796 22
152 975 37
726 100 92
848 303 33
741 439 72
323 294 32
550 747 63
747 481 52
827 657 84
511 850 3
803 66 49
383 381 75
831 913 50
29 246 37
507 223 15
815 691 85
335 206 27
710 956 74
776 177 79
433 623 63
839 26 76
404 598 16
961 541 20
842 943 53
401 35 53
29 122 61
540 327 62
572 997 17
975 776 97
860 348 89
991 304 46
660 851 28
216 762 51
120 966 77
947 439 69
855 797 74
176 376 73
283 91 97
113 767 11
990 724 6
141 274 47
741 356 93
550 28 71
0 684 26
515 852 47
767 397 35
861 2 34
554 259 24
743 745 36
446 846 68
327 852 71
535 45 34
385 769 35
265 816 90
967 71 47
835 824 10
699 56 97
363 811 96
77 983 72
202 535 15
16 352 26
337 921 76
926 443 80
779 981 75
806 578 2
833 287 20
30 161 10
750 218 25
503 2 85
911 861 63
616 444 93
725 500 34
889 953 46
68 277 65
916 777 39
469 503 76
328 926 67
743 995 31
25 561 90
911 3 45
364 681 17
465 757 13
50 58 56
952 294 62
133 103 78
857 217 53
223 771 28
126 586 91
659 590 2
738 241 4
430 315 34
267 884 95
787 185 63
707 338 5
700 197 85
338 594 80
784 789 75
952 571 92
312 81 75
829 206 46
779 865 81
89 822 83
472 159 20
333 99 3
743 123 89
445 650 82
144 773 94
235 989 16
433 389 60
883 777 10
736 542 97
88 114 48
580 126 70
80 890 20
874 255 98
276 512 65
830 54 43
80 422 19
253 872 82
628 985 74
256 370 6
213 815 4
620 488 96
897 71 89
492 424 9
423 261 17
125 257 23
925 106 15
953 968 28
504 443 46
898 174 68
661 618 46
705 370 83
264 877 7
642 519 90
312 535 71
277 723 89
332 541 67
906 258 5
727 397 2
947 151 25
245 941 78
953 66 89
188 563 36
646 9 87
762 775 57
630 900 99
31 685 28
975 731 6
675 138 25
451 595 39
793 782 4
160 717 98
252 315 95
428 538 28
33 579 41
58 966 15
730 745 31
186 575 24
599 792 3
93 178 44
551 23 41
346 190 70
772 90 49
888 309 91
161 104 62
990 666 30
669 84 23
5 595 41
905 629 36
332 210 84
772 716 18
350 253 74
100 940 27
93 410 31
64 463 88
497 513 55
588 300 38
667 669 65
431 577 77
113 821 48
671 356 50
491 782 93
494 480 12
13 116 44
948 820 22
780 815 52
246 249 44
465 654 57
158 999 74
644 689 70
543 491 57
354 105 82
435 494 9
994 307 46
900 68 58
682 742 5
573 250 20
353 594 74
755 494 14
28 816 62
555 411 1
921 519 50
395 708 30
218 771 77
899 720 77
904 846 4
908 447 92
679 114 10
456 410 1
942 506 44
924 985 20
56 639 72
644 581 17
500 238 98
462 129 19
895 584 70
484 258 52
901 134 43
517 814 5
388 881 86
343 636 86
141 701 65
766 191 32
411 227 18
406 22 3
211 918 54
387 481 99
501 761 25
80 685 67
704 270 36
243 881 26
644 916 72
499 277 67
0 280 87
522 822 36
123 321 38
246 661 41
652 660 87
222 140 97
429 124 10
480 389 9
15 22 90
922 527 82
849 694 6
865 227 81
259 647 39
847 802 40
386 552 21
776 64 9
79 858 77
156 444 87
726 311 69
326 135 8
142 885 76
174 721 64
378 643 8
281 12 99
288 64 1
607 230 48
419 245 13
163 104 74
896 916 59
107 934 20
345 986 68
15 204 51
618 516 13
263 2 67
931 944 56
450 926 75
333 646 33
472 400 5
706 741 57
363 925 23
25 948 71
773 330 97
180 256 52
835 505 61
137 981 21
946 408 98
408 951 32
7 148 75
4 271 98
705 943 99
483 39 100
566 673 74
68 253 12
225 916 7
630 93 85
505 447 4
48 969 19
656 66 52
188 272 42
658 118 37
166 702 45
682 340 10
467 909 43
486 644 40
937 955 11
438 99 73
852 655 51
165 766 100
215 463 83
394 923 92
635 529 11
705 895 85
792 235 76
169 36 7
798 897 14
200 222 31
577 285 27
304 661 67
108 329 66
407 923 78
161 432 60
926 341 51
459 347 29
971 354 43
28 231 99
177 624 100
500 752 39
408 539 83
380 546 36
317 463 75
275 745 19
500 556 5
842 77 16
788 32 83
246 678 98
839 828 72
595 896 93
150 445 39
983 464 30
297 240 73
638 912 38
412 626 95
304 516 62
522 275 61
50 268 92
383 883 56
970 941 72
642 682 34
559 10 13
981 189 50
289 938 90
549 172 61
922 711 53
320 715 70
110 526 27
672 958 84
266 184 30
613 197 6
129 102 24
674 642 8
455 595 56
220 122 31
802 129 79
248 21 83
383 638 7
949 792 5
737 792 91
699 236 27
456 729 19
716 371 46
522 688 6
444 714 34
543 466 83
895 271 39
903 403 100
608 919 76
777 734 82
19 573 69
190 450 68
524 712 57
985 731 55
831 271 65
683 563 98
373 177 14
325 958 55
461 170 57
22 751 34
68 865 86
43 797 43
774 762 3
953 526 99
54 421 56
950 718 4
121 745 70
642 449 25
811 507 54
129 336 88
331 357 90
626 452 16
405 206 4
991 364 76
849 961 77
295 220 17
413 503 20
494 954 18
598 733 76
361 713 19
873 331 95
563 32 73
975 481 88
525 382 14
837 914 74
928 793 69
220 17 65
537 25 63
848 994 96
996 662 86
512 63 73
953 326 62
626 800 72
407 142 32
140 463 72
146 431 36
889 857 32
37 42 16
649 125 69
403 553 100
683 173 53
145 692 92
43 882 37
32 210 76
99 655 24
767 191 50
973 991 29
43 230 24
834 396 42
449 421 93
443 560 42
45 326 41
286 416 89
965 161 60
181 635 58
713 343 78
421 635 81
237 903 88
790 732 24
741 979 100
363 802 17
829 499 96
725 151 9
497 634 59
858 329 27
839 693 77
399 720 42
997 280 26
624 735 37
551 830 32
962 160 94
895 163 60
14 824 44
545 728 22
783 381 59
972 26 1
825 985 18
980 55 100
850 476 57
963 128 40
386 26 9
224 638 95
282 13 87
545 357 8
494 286 7
88 275 86
676 591 74
902 242 69
503 971 82
509 379 64
133 576 44
484 600 85
7 644 35
801 607 79
951 191 41
650 162 20
534 583 29
677 214 100
590 30 92
91 835 8
182 398 77
821 229 85
290 736 93
896 911 33
168 88 7
58 293 86
581 730 88
698 118 34
414 379 28
958 14 7
788 773 82
309 221 4
151 742 15
330 463 73
246 707 52
534 384 78
210 581 76
286 150 74
798 589 57
12 832 91
4 545 75
868 51 89
702 507 33
415 319 45
861 895 91
788 891 13
808 610 82
995 572 60
28 785 9
769 649 36
401 371 57
724 231 50
649 570 25
712 460 78
478 271 18
146 876 30
525 507 87
342 262 57
172 53 2
509 93 37
147 534 8
422 896 29
911 904 94
184 959 69
491 924 54
538 130 88
137 124 78
493 855 46
784 8 84
443 276 37
466 669 46
938 995 9
949 327 60
444 137 46
258 774 37
443 873 3
170 710 22
884 349 52
926 581 51
162 646 23
387 235 19
430 222 93
802 521 90
192 493 27
356 384 81
623 673 45
40 392 36
564 682 25
573 78 98
24 866 26
59 91 73
772 682 72
617 610 51
282 708 89
889 399 29
400 348 41
621 98 97
975 371 14
32 340 45
319 543 8
800 152 73
44 964 30
782 866 30
339 641 13
672 645 100
996 138 24
191 279 16
971 589 18
135 511 66
239 803 94
432 981 57
814 912 32
569 403 21
242 343 90
529 914 16
418 612 66
999 165 66
434 372 64
331 385 94
357 871 1
472 804 36
889 710 97
314 719 12
548 310 27
434 999 26
589 216 69
6 682 64
845 614 1
188 220 95
665 409 90
25 685 22
413 692 37
201 737 6
741 617 61
518 291 77
925 772 56
959 790 6
214 38 35
987 874 65
50 715 52
96 481 7
751 160 29
427 219 12
926 446 58
561 104 1
193 114 100
375 195 6
610 133 43
231 885 43
755 714 60
132 10 74
879 855 45
651 931 5
495 440 70
660 69 98
745 951 34
395 351 62
118 890 15
831 185 48
328 261 90
137 368 49
724 722 9
969 591 87
481 204 98
719 846 29
454 683 78
665 193 28
562 234 8
103 348 6
225 858 72
49 490 9
751 238 52
887 86 34
735 191 84
715 903 32
571 333 76
738 752 26
155 896 17
561 70 54
319 264 48
835 997 58
430 155 73
206 693 47
204 779 6
939 546 67
700 506 100
250 358 68
896 982 39
476 689 17
598 103 6
269 78 57
20 946 38
299 745 31
172 481 61
918 288 42
796 223 80
163 775 46
524 800 29
291 809 52
186 603 29
450 183 20
674 921 69
565 652 73
415 636 11
998 911 46
507 424 41
360 588 37
192 275 14
980 405 88
227 316 25
305 892 11
530 877 49
371 689 58
951 900 12
408 833 81
584 430 15
700 297 44
482 392 70
990 242 62
534 367 69
257 448 4
863 706 87
372 470 83
972 363 8
373 3 78
380 489 61
884 629 60
476 240 13
568 170 1
852 312 87
207 673 66
664 136 60
290 202 34
428 3 70
46 537 32
18 222 96
116 844 16
260 835 62
484 96 91
503 29 46
344 410 83
835 628 39
981 63 95
65 169 5
971 409 95
718 373 21
982 646 4
687 660 26
266 600 13
684 577 47
306 336 67
619 539 98
392 426 19
391 601 47
829 76 61
553 610 33
511 121 39
466 457 1
989 401 75
105 430 3
457 824 50
916 659 21
465 539 69
277 329 50
410 436 87
269 328 71
964 126 18
53 241 77
797 498 74
467 174 50
236 437 58
392 295 50
422 528 49
691 594 72
251 377 17
413 398 38
82 536 53
453 839 89
118 696 12
898 80 71
847 970 9
635 983 97
358 158 33
52 91 58
585 983 59
417 493 22
311 521 37
648 320 32
426 714 35
975 675 90
295 291 36
326 435 38
3 394 50
100 255 77
56 365 92
879 322 93
426 24 83
988 166 72
850 520 25
389 589 52
685 324 91
622 607 10
453 621 58
275 202 2
689 552 19
578 557 43
647 72 90
893 450 62
775 115 17
510 156 50
524 60 60
606 632 81
745 749 30
202 622 87
188 342 22
946 67 8
747 486 51
597 238 25
556 771 36
626 837 2
528 608 3
491 985 20
74 995 70
897 437 30
249 541 68
316 125 78
858 930 26
358 361 81
632 498 1
396 472 94
894 510 69
467 387 68
660 261 94
324 187 94
531 678 24
826 854 28
721 543 81
971 943 32
232 160 5
510 290 39
399 159 63
888 797 100
349 568 48
774 785 86
225 700 22
44 589 16
436 70 95
9 357 31
759 392 59
241 54 7
84 529 21
273 143 80
329 8 58
954 587 72
117 733 61
933 409 21
903 994 92
773 768 73
703 361 12
545 84 66
840 620 43
704 451 9
847 355 63
434 179 27
211 172 1
138 710 37
485 493 95
62 714 95
103 765 17
730 501 18
924 603 25
529 825 99
312 747 27
575 901 86
47 155 67
15 43 70
800 98 83
115 893 75
186 270 13
628 503 92
271 316 61
217 513 11
144 130 74
62 803 9
963 432 40
320 337 71
192 870 19
784 321 54
981 102 10
709 259 37
92 338 51
218 438 88
174 902 18
338 626 36
387 579 6
733 920 7
404 593 60
952 885 27
402 908 83
950 914 27
174 754 90
238 119 74
275 797 81
247 900 72
684 812 11
358 522 17
572 91 29
575 991 98
335 822 22
435 110 54
378 279 70
163 231 49
769 463 14
521 440 96
702 603 14
605 597 13
798 996 60
772 511 88
838 414 99
502 181 53
691 194 9
689 42 91
280 163 98
86 552 74
268 273 14
623 920 70
362 321 31
815 857 55
604 868 17
763 421 87
928 20 91
243 70 10
268 442 16
889 533 47
749 849 30
339 668 90
728 425 95
789 424 24
342 948 69
574 807 76
191 89 85
492 57 91
6 877 16
46 978 31
523 443 5
172 997 73
744 184 84
346 212 67
105 482 52
738 772 97
637 116 64
709 757 24
227 414 67
32 392 14
69 319 21
341 794 90
895 741 29
972 190 60
26 241 95
327 683 32
957 326 87
672 340 54
112 385 50
149 26 3
149 218 24
107 665 79
509 112 31
724 564 39
125 73 76
812 712 58
216 235 61
894 503 5
60 201 28
752 999 71
99 289 51
62 849 86
300 313 27
195 890 52
304 910 66
43 740 77
788 572 100
425 803 75
657 965 90
229 905 15
973 912 78
668 194 44
709 573 8
745 317 78
115 919 95
426 338 30
713 639 58
415 107 60
561 419 67
152 881 47
70 690 30
799 692 50
34 165 21
412 285 70
599 507 97
241 793 80
332 84 48
524 200 21
15 67 29
502 369 50
564 706 95
744 947 73
70 409 62
631 42 58
648 421 12
597 946 95
864 192 3
905 782 6
635 308 50
288 602 63
678 131 89
882 767 83
575 652 83
458 986 94
300 830 12
499 731 71
978 566 12
587 431 34
62 462 78
78 948 36
498 695 41
953 907 97
133 555 90
606 392 19
559 695 53
70 615 29
942 668 96
310 831 5
191 831 34
310 487 7
905 74 53
251 977 18
983 774 60
321 877 81
999 173 85
492 656 69
845 651 9
601 634 93
216 228 12
493 892 89
639 77 25
55 386 24
973 633 87
259 15 20
979 458 37
613 695 25
712 300 92
613 885 95
281 674 65
782 393 37
525 272 56
454 396 81
463 456 21
846 607 99
758 72 43
45 977 15
57 384 59
131 583 88
36 23 23
315 905 19
544 931 44
669 415 92
888 972 37
497 859 24
309 193 54
222 143 71
825 40 74
51 530 61
25 642 49
665 225 38
413 805 86
533 769 11
241 797 99
953 903 7
528 391 54
487 901 15
636 867 54
284 749 79
235 670 88
598 531 20
603 220 9
47 309 25
426 345 42
833 778 37
282 754 19
439 582 79
615 976 13
239 2 87
917 621 8
817 897 66
399 423 66
228 185 8
823 535 19
990 386 74
238 327 84
827 858 77
372 281 31
14 773 12
878 877 63
836 927 30
383 285 16
792 179 94
669 779 41
605 156 25
292 525 54
808 3 39
917 833 31
381 221 83
698 333 86
440 632 62
254 70 87
948 510 58
381 507 61
839 700 87
593 522 93
927 628 7
878 113 59
354 532 47
86 328 24
404 766 83
661 593 17
997 438 79
141 273 86
264 109 34
654 843 61
27 472 24
278 904 41
639 806 23
761 219 74
862 749 90
143 256 10
420 861 84
837 771 69
813 605 52
366 911 23
325 667 16
913 708 44
539 303 86
270 81 3
843 520 30
988 654 82
40 897 61
621 717 49
368 990 22
447 537 92
833 761 33
330 252 51
278 384 95
136 359 36
3 888 79
752 699 28
128 367 99
616 608 42
500 503 39
698 898 47
243 190 29
520 122 36
759 290 60
328 609 44
218 886 66
734 765 67
357 471 81
1 348 35
758 813 4
388 551 57
969 204 99
915 281 93
441 146 7
724 873 8
568 598 39
178 112 15
946 4 54
940 282 83
350 77 28
599 601 24
929 264 86
874 460 12
826 601 43
401 252 20
983 451 31
940 323 79
989 132 14
849 760 94
935 276 52
333 2 13
375 344 12
673 416 28
790 6 44
453 556 57
581 683 86
61 308 47
821 266 57
947 300 36
295 100 37
41 622 27
230 178 93
649 574 85
920 312 5
577 342 74
22 398 28
66 862 23
36 883 44
824 117 9
416 223 84
769 623 49
736 759 35
211 944 96
709 783 43
197 426 56
918 113 58
361 706 66
417 330 23
656 723 25
607 721 51
359 624 80
208 136 80
361 948 47
891 423 33
433 406 45
808 988 60
193 547 77
926 551 54
413 514 64
42 853 7
466 7 87
913 93 41
653 468 34
845 386 61
571 609 48
296 381 84
308 165 62
53 505 20
323 267 21
282 774 68
799 217 22
676 261 10
239 147 89
508 774 93
74 859 84
968 36 66
253 675 92
625 864 63
781 147 46
543 321 39
881 442 66
523 295 13
463 359 89
63 903 98
659 118 74
258 39 90
604 482 69
135 20 39
843 115 93
200 237 6
845 438 67
806 580 59
843 606 29
200 790 35
314 845 79
87 451 86
116 483 39
837 233 32
110 751 79
784 881 23
927 972 86
84 830 7
68 595 80
722 783 97
131 404 67
25 452 61
900 289 70
432 950 49
104 64 5
485 973 43
80 712 39
645 649 19
880 206 26
251 29 18
521 657 48
994 306 66
873 606 75
409 858 32
161 911 70
969 975 50
611 290 18
770 995 14
528 765 85
818 149 13
666 976 92
985 532 94
288 496 13
246 295 59
354 419 71
205 178 43
106 663 39
70 458 34
628 17 71
749 889 65
288 62 53
964 366 3
1 589 58
776 815 79
36 34 1
906 727 92
405 482 67
44 953 57
247 409 25
772 186 41
723 683 36
101 988 14
714 139 37
45 149 55
592 793 30
610 905 58
441 680 30
339 588 37
136 314 57
712 56 17
606 13 54
596 520 95
684 609 5
782 459 68
444 497 46
718 979 83
139 224 70
336 401 23
511 452 77
885 157 35
763 374 8
860 483 52
742 535 20
860 770 50
166 681 80
85 468 18
684 404 92
494 408 97
232 970 87
851 161 32
631 964 93
689 674 40
195 701 16
16 252 15
391 829 16
645 797 37
357 500 94
905 842 64
908 398 30
120 573 30
321 978 26
437 607 48
817 498 10
884 275 61
205 693 80
389 933 3
79 930 38
949 914 95
344 943 72
815 100 69
444 844 51
600 757 14
288 391 27
971 302 36
555 867 88
93 830 34
57 350 88
51 95 12
415 193 77
837 81 7
40 298 33
10 729 70
521 620 42
644 813 38
766 208 79
720 459 82
19 138 18
486 741 25
753 168 98
734 190 54
122 216 14
310 184 97
528 848 98
879 589 47
522 623 68
376 73 8
815 401 65
593 171 29
630 847 60
151 64 37
266 124 40
404 244 4
243 272 58
400 470 48
667 543 96
274 660 53
582 509 85
316 632 84
165 545 32
332 733 95
738 845 99
982 626 70
899 378 6
280 566 67
919 980 29
626 154 89
350 329 80
406 84 91
600 756 14
981 435 78
965 448 20
531 34 91
427 551 58
255 297 44
541 516 96
96 311 75
309 109 49
404 515 81
1 467 62
842 997 35
292 957 64
209 4 4
604 872 45
752 530 24
543 984 18
502 769 96
555 505 28
471 937 45
12 334 73
533 381 46
522 36 30
260 321 22
15 867 73
598 710 77
654 956 88
644 901 99
556 311 69
186 10 41
846 470 82
895 20 56
542 292 91
742 181 51
352 162 34
576 355 92
41 842 28
586 294 38
865 86 36
469 447 76
380 360 13
235 990 94
825 821 55
638 476 14
326 103 6
616 404 12
983 842 19
992 527 37
8 453 13
711 587 94
297 894 91
169 208 76
545 688 80
133 19 51
505 780 78
218 103 88
902 52 27
782 170 62
589 315 18
720 679 79
490 933 11
367 912 69
673 602 55
525 374 90
134 3 71
282 813 54
125 178 50
907 484 65
349 477 79
814 99 46
205 558 1
2 372 37
291 138 87
689 745 48
84 301 75
467 675 21
281 925 2
53 115 87
816 618 47
302 918 97
789 281 29
588 845 100
116 881 4
536 608 100
341 701 33
208 687 41
850 334 33
344 325 77
533 584 66
38 202 88
912 296 66
997 625 96
904 940 91
811 135 23
145 532 77
224 956 26
666 610 42
40 683 97
228 918 100
380 431 52
931 466 44
882 928 69
335 278 77
446 951 43
645 959 68
175 102 9
474 880 89
896 240 88
788 510 68
659 222 57
282 69 43
595 125 2
913 324 74
932 364 31
299 939 69
250 424 32
229 628 44
761 871 51
68 882 37
40 962 93
14 196 90
884 374 41
189 832 2
671 70 18
171 918 3
245 335 25
44 814 70
105 818 23
887 503 55
830 946 15
5 547 14
711 293 87
789 935 89
784 618 66
383 433 67
112 180 71
457 992 51
736 104 2
33 496 76
614 534 69
332 719 44
558 957 23
384 942 11
696 463 24
648 322 2
921 332 89
393 405 47
38 301 5
666 283 95
629 913 59
664 633 51
717 825 2
835 105 83
359 157 16
25 75 99
640 959 82
564 752 100
817 770 67
517 735 39
271 592 100
515 183 100
214 490 29
835 975 82
988 71 80
87 629 66
520 259 98
657 695 15
944 397 32
102 333 29
854 88 15
970 945 40
507 901 93
971 336 91
715 454 49
778 626 16
504 94 97
876 692 4
251 972 91
672 294 42
371 141 11
723 899 57
286 711 26
417 920 7
805 314 15
315 769 1
913 9 8
330 825 73
547 624 67
239 492 61
697 647 4
522 762 53
33 369 46
123 150 39
823 345 32
591 454 86
428 375 78
709 481 82
788 211 8
901 191 8
551 901 95
163 74 34
43 605 16
905 641 26
398 763 83
710 71 16
196 479 31
481 626 31
685 779 13
925 943 72
341 972 72
50 524 4
222 893 85
897 818 11
396 357 59
835 257 13
689 267 31
680 844 99
217 797 2
777 268 35
191 661 51
113 203 100
763 480 25
638 706 88
578 0 99
975 999 36
869 339 76
145 386 86
753 870 96
19 23 6
537 918 22
122 557 63
466 619 58
869 550 58
960 434 56
974 846 23
319 262 44
84 470 98
379 12 60
704 580 41
636 967 36
277 315 72
611 627 14
12 253 89
42 139 8
663 243 78
19 630 25
97 654 98
61 236 44
627 913 80
791 939 31
604 924 26
329 836 8
163 994 3
870 908 47
575 666 7
671 579 20
145 200 4
469 116 92
775 9 76
782 604 6
209 478 74
637 408 69
510 58 90
418 457 59
626 66 97
135 451 67
584 161 25
535 736 92
726 15 22
642 13 8
998 6 59
150 181 43
283 802 62
281 137 63
37 411 80
234 715 52
309 797 6
832 486 85
276 338 40
793 273 22
175 738 39
948 964 2
266 440 34
647 329 71
480 176 85
972 402 62
806 164 12
20 894 79
185 79 4
141 158 58
190 603 51
686 449 40
715 773 6
974 497 28
332 703 64
928 43 69
34 681 43
223 811 54
671 562 2
700 178 100
226 33 43
65 586 8
216 742 39
136 583 63
383 324 15
457 491 22
323 866 87
586 775 95
190 574 16
123 347 18
412 989 94
725 301 5
867 703 51
412 885 31
701 154 71
839 518 7
840 289 26
306 907 17
636 508 44
11 982 31
862 933 78
310 273 37
973 473 75
561 605 81
921 190 17
871 139 76
563 722 6
86 663 3
240 594 12
584 465 22
170 90 5
699 414 73
759 172 88
28 97 41
524 582 27
706 374 81
933 610 36
110 365 69
209 984 97
905 456 88
570 302 46
750 252 86
810 678 3
250 690 96
594 450 15
129 165 11
659 647 32
437 265 10
59 740 77
799 882 73
819 202 47
689 533 2
242 305 18
398 823 84
798 390 78
11 463 36
864 498 93
949 328 95
224 180 47
185 179 17
884 788 34
6 576 13
594 537 52
247 156 10
991 359 18
274 751 52
791 979 15
124 933 38
487 931 63
876 642 40
504 698 15
87 751 72
581 972 12
537 700 50
702 187 55
633 90 60
352 651 6
26 477 55
906 594 1
207 266 21
799 276 1
711 10 61
610 845 79
295 776 92
779 743 37
395 882 10
12 256 32
956 337 32
165 329 34
189 585 81
520 275 32
330 749 42
714 433 29
411 323 51
287 814 13
819 752 80
46 101 16
799 105 13
825 124 5
947 664 82
44 552 79
874 912 99
486 610 81
612 706 76
795 232 77
167 205 76
499 344 97
135 343 32
970 358 59
965 461 70
657 530 82
968 394 91
32 512 71
905 956 41
624 230 19
232 248 67
909 501 2
658 548 69
158 22 29
54 306 54
219 191 80
632 332 56
345 585 46
302 902 64
688 829 7
998 39 84
566 557 89
193 323 69
247 937 75
255 565 15
149 736 18
406 281 7
206 874 98
557 18 34
626 343 52
290 323 46
887 337 68
547 998 78
168 674 9
294 139 53
269 840 42
68 862 8
283 556 92
639 462 22
647 745 27
646 156 93
869 168 11
751 774 9
580 565 87
551 717 39
281 844 58
4 13 53
475 217 9
743 428 5
109 831 96
838 523 84
913 152 3
630 637 2
306 847 44
722 873 54
980 730 25
94 948 53
688 291 96
972 562 86
960 733 90
933 128 35
310 900 25
325 572 74
802 736 76
18 726 37
375 19 14
997 210 13
741 542 15
790 222 21
424 485 8
607 212 17
149 778 96
299 191 22
861 558 12
410 869 93
599 880 85
483 867 36
596 325 92
267 585 55
712 804 42
310 914 20
824 475 17
69 576 71
896 518 80
496 962 31
231 904 37
90 507 87
232 376 40
880 537 73
191 104 26
831 124 69
713 32 37
133 220 64
507 662 7
746 923 73
294 659 89
766 497 58
850 260 25
912 175 2
849 366 22
728 746 43
344 24 75
65 907 65
981 964 36
551 367 51
981 318 87
256 45 3
573 272 19
449 994 20
138 87 56
717 665 90
937 936 85
617 245 6
572 740 96
110 735 67
688 779 76
725 322 96
729 738 24
693 428 27
889 924 2
179 414 91
266 312 20
130 838 83
696 2 12
832 494 27
466 884 15
691 799 67
366 365 77
59 192 84
315 170 10
372 143 61
883 482 11
198 95 15
940 123 65
863 100 4
971 977 15
198 766 12
34 576 63
79 546 61
208 850 65
47 617 80
798 394 88
159 510 18
490 918 63
110 729 87
356 544 51
39 585 47
988 817 59
726 224 49
587 860 82
120 857 91
800 846 89
708 334 82
507 543 78
675 264 57
371 355 84
568 770 26
971 440 100
280 240 13
900 321 10
851 709 39
220 748 31
175 946 43
263 114 68
138 178 62
93 607 34
213 624 48
247 863 31
174 708 2
102 651 45
53 941 98
396 609 44
470 738 43
779 573 77
90 997 94
71 625 99
183 950 57
852 133 46
17 870 64
220 648 80
583 185 19
815 603 62
56 98 61
895 554 58
895 283 86
871 980 55
976 421 78
534 956 71
867 695 73
357 75 39
49 562 84
924 489 75
814 390 32
337 397 53
700 869 92
8 87 72
861 294 80
208 315 2
355 896 5
912 15 7
477 521 10
152 194 76
846 665 58
297 633 12
187 831 83
674 867 1
523 627 92
810 844 60
731 424 74
583 105 62
270 640 7
967 8 18
158 623 89
187 239 21
970 669 60
915 237 16
497 962 22
319 983 40
847 153 3
615 947 60
721 442 9
476 670 63
646 583 22
374 758 89
87 667 49
205 9 32
968 787 76
104 158 76
341 358 17
551 766 29
58 986 85
905 942 93
676 184 22
841 360 54
477 707 61
217 668 72
554 914 36
267 890 24
81 104 47
266 775 54
60 832 71
278 819 63
660 479 2
288 180 52
342 167 24
639 962 12
651 730 30
177 929 100
740 823 29
343 378 43
199 259 98
767 517 39
896 755 35
18 860 14
53 364 99
108 912 61
363 50 78
859 752 77
901 216 31
483 465 46
864 724 78
401 393 4
845 273 5
466 782 98
206 881 29
181 493 73
449 936 53
8 544 73
331 459 18
680 768 61
399 984 51
288 644 79
909 234 71
435 45 98
838 766 99
315 472 62
969 49 55
266 459 72
331 570 66
469 229 70
104 398 3
26 292 45
395 902 56
856 292 41
984 22 30
741 103 30
260 476 5
991 559 58
751 351 20
627 367 19
16 199 84
924 779 24
364 543 96
899 392 79
526 43 36
693 596 51
978 475 100
691 774 20
404 981 50
645 356 37
985 600 71
216 448 64
12 28 53
341 983 75
523 807 19
252 22 54
354 528 92
421 996 23
945 703 73
252 558 92
590 528 54
870 707 30
418 807 67
113 121 77
265 386 84
469 903 17
539 18 4
666 926 59
702 622 42
255 598 24
429 830 47
761 886 34
161 637 11
828 2 89
314 5 15
813 219 36
11 718 23
371 332 61
31 646 61
404 568 52
97 726 60
476 998 2
944 12 1
661 795 85
353 785 7
310 295 48
321 234 53
989 661 27
749 416 25
681 321 88
308 51 37
301 999 57
777 618 98
70 693 67
406 528 39
827 488 23
416 195 83
793 465 71
295 791 78
781 854 11
420 278 67
260 58 94
44 111 3
289 612 88
303 847 75
900 896 39
139 641 73
278 514 19
112 21 66
223 609 61
515 904 93
133 521 92
990 345 51
426 115 37
470 408 19
259 597 70
693 758 47
823 97 35
468 764 9
957 790 43
962 992 15
740 532 78
567 25 93
497 627 53
145 40 44
312 654 96
700 426 87
186 180 52
951 33 6
515 983 60
857 357 67
762 734 14
72 878 5
955 101 1
87 842 55
506 215 47
860 238 45
447 695 96
652 210 32
179 243 25
342 551 80
930 586 58
253 243 82
440 54 40
699 46 44
510 731 13
927 842 76
548 441 85
150 956 81
943 460 11
75 944 72
795 291 78
48 90 91
179 483 98
280 213 72
169 885 37
0 913 69
476 767 93
209 334 49
226 89 50
746 615 85
391 108 35
816 218 78
275 346 68
690 369 1
79 931 14
550 372 63
924 664 38
561 60 86
417 609 67
907 593 59
278 171 69
913 630 69
172 699 17
985 547 8
659 428 97
239 421 64
764 806 12
966 889 46
629 917 15
683 39 25
701 607 12
969 126 99
187 642 10
886 625 21
422 246 27
952 440 14
844 191 93
420 487 59
566 603 26
291 513 93
748 915 50
392 302 44
582 702 95
662 887 39
769 414 28
348 241 24
838 458 19
686 605 75
438 778 47
374 454 77
899 6 9
477 782 80
835 630 95
474 452 65
500 906 97
566 458 80
503 980 34
705 31 58
433 37 66
374 689 57
6 797 81
438 492 97
520 271 97
744 284 42
761 485 58
802 700 30
417 96 28
528 374 80
222 968 84
591 847 69
474 985 56
942 995 72
951 521 28
161 868 39
390 585 8
725 575 64
977 714 98
429 126 73
771 143 81
162 368 17
658 890 49
76 227 81
761 233 27
468 340 92
190 585 72
210 458 29
604 427 16
586 898 46
465 378 37
223 126 69
167 718 93
274 456 79
722 854 9
920 643 17
921 303 30
198 940 1
719 870 7
326 378 42
85 446 87
848 621 34
956 892 2
616 423 53
104 325 36
624 328 45
819 910 17
491 473 52
921 416 100
789 250 43
935 269 27
862 413 60
877 591 79
610 857 72
800 313 24
33 558 82
385 128 46
721 153 9
315 375 86
63 897 53
610 653 50
171 712 38
608 930 99
442 190 81
449 927 92
974 914 90
495 317 14
962 814 82
585 837 78
15 462 96
203 778 3
767 559 9
161 232 19
962 436 51
442 397 28
839 131 9
944 416 14
375 350 35
304 307 87
210 410 18
124 640 2
919 721 51
714 297 42
159 126 84
371 971 59
349 703 30
78 601 56
775 276 46
617 630 65
716 910 97
410 165 54
997 268 40
286 723 5
572 286 49
63 698 97
395 624 13
173 488 12
521 370 21
307 935 28
227 468 41
912 154 57
535 521 31
806 489 1
224 197 6
496 779 71
641 485 35
163 47 93
865 328 17
788 930 90
478 346 35
845 741 72
876 904 38
251 407 94
433 65 93
793 692 44
247 177 19
79 230 39
263 389 24
229 658 22
115 399 39
410 625 45
290 868 7
611 81 3
125 519 84
762 657 6
64 422 40
451 278 96
578 475 53
749 481 31
314 779 14
322 742 44
879 479 95
926 58 6
739 196 73
705 947 58
252 251 75
289 54 37
631 450 36
818 768 2
863 898 37
413 525 24
117 508 42
659 360 5
183 715 90
760 148 17
635 167 90
203 911 80
793 272 18
795 817 55
276 767 93
553 709 34
785 910 9
715 582 49
821 637 87
615 28 36
939 423 5
318 614 100
693 580 11
92 48 52
784 49 39
288 107 45
762 534 85
976 587 99
161 98 2
538 700 82
550 237 66
750 813 88
434 662 13
327 939 93
545 883 62
715 933 37
931 791 58
316 297 26
997 515 69
997 408 81
559 729 42
452 888 32
482 855 83
567 840 82
824 487 73
753 854 87
387 391 12
13 842 26
498 914 13
687 115 74
159 325 76
701 710 65
203 178 85
968 281 36
792 329 49
369 731 10
381 624 35
238 841 81
35 394 98
458 648 65
432 761 63
231 122 97
514 622 99
5 235 42
722 436 44
809 652 31
204 331 48
70 980 29
195 716 64
634 575 9
565 114 62
376 502 75
16 832 91
14 826 33
174 424 42
911 770 51
980 269 96
390 899 44
158 669 92
41 878 39
376 646 40
283 459 60
656 357 27
758 22 7
141 917 45
171 282 16
764 840 11
869 917 10
895 908 91
273 739 62
106 68 44
380 131 46
987 599 34
525 585 47
779 959 93
185 755 16
674 713 47
74 605 49
94 484 89
310 543 94
40 282 92
288 489 24
868 145 86
364 815 69
61 742 25
813 875 20
898 35 46
974 440 2
175 960 97
828 213 92
190 387 67
197 242 61
938 741 2
130 5 80
504 208 49
491 163 86
494 193 42
241 890 7
9 146 98
146 624 21
151 286 5
814 538 92
234 406 31
128 245 23
650 736 56
677 77 97
526 14 80
750 81 51
889 902 58
576 950 45
148 665 100
833 644 29
567 107 52
433 23 22
939 429 65
991 91 58
20 693 6
677 609 83
614 944 50
658 306 48
531 317 52
360 19 34
282 324 6
694 900 59
725 201 100
969 302 43
878 566 61
702 453 62
222 311 74
797 904 12
235 568 18
273 696 62
976 217 75
772 284 23
419 890 39
861 852 37
771 385 59
701 274 10
937 80 66
136 970 57
580 149 83
277 813 65
337 15 97
180 21 93
768 663 97
305 338 5
648 586 57
222 761 97
866 686 61
974 815 85
312 483 23
669 430 82
677 578 19
61 680 48
394 130 80
714 36 69
667 992 65
628 940 81
713 268 80
340 904 92
675 755 30
655 869 26
747 698 43
886 710 24
867 706 98
393 952 12
325 763 43
167 109 26
247 782 89
742 360 26
620 940 67
215 781 100
182 737 31
392 448 14
364 320 99
193 834 63
479 356 88
295 347 76
785 230 23
586 772 20
456 714 11
625 273 80
402 68 75
154 659 20
716 103 66
562 760 60
178 843 59
417 941 54
610 991 62
531 736 58
333 995 71
994 916 43
10 634 88
480 218 73
455 938 86
309 823 82
891 654 95
280 447 80
656 427 40
120 350 100
431 425 75
541 501 81
814 960 75
872 20 53
630 545 44
280 456 47
818 946 55
726 885 2
712 116 56
923 754 85
38 486 3
616 83 29
437 792 24
603 984 70
542 374 67
430 278 21
321 948 34
946 698 82
473 935 52
665 592 24
768 760 10
325 776 45
563 274 67
423 327 68
409 110 24
105 979 69
497 779 100
551 489 19
219 430 51
758 39 69
904 109 82
969 725 23
609 220 58
459 996 33
277 983 78
76 581 31
975 382 83
493 998 2
588 82 21
257 503 56
711 767 78
686 0 57
505 397 24
870 874 46
152 299 67
629 266 70
356 398 95
28 240 10
95 845 7
56 504 60
641 183 33
228 690 28
61 38 86
177 816 66
985 498 94
797 356 7
399 888 75
996 134 2
314 967 12
235 454 70
552 292 22
521 26 52
719 361 3
717 973 60
221 508 67
982 434 95
59 955 48
881 516 26
854 349 74
231 79 99
209 152 32
366 116 20
456 223 99
247 514 64
741 76 69
572 849 82
215 766 76
151 881 92
171 770 35
5 970 74
780 737 29
496 563 5
404 579 49
765 355 28
279 667 68
353 778 58
873 384 16
303 822 86
254 753 43
345 901 44
197 811 16
684 472 55
762 954 100
774 787 12
877 558 75
409 895 80
76 44 93
410 396 32
921 141 8
378 715 68
735 361 100
580 768 60
382 587 56
529 366 12
196 218 25
800 222 51
548 706 91
569 912 4
54 796 8
64 245 95
255 215 10
512 388 7
587 894 58
979 543 15
338 295 71
15 826 79
346 311 9
588 296 4
137 715 47
529 155 73
462 789 23
89 738 58
27 649 56
516 169 19
0 795 87
997 671 97
664 418 62
337 473 7
419 416 89
156 245 26
398 891 33
968 771 95
916 193 85
900 797 15
986 507 70
643 751 47
982 951 1
333 634 53
738 75 92
852 883 42
841 700 95
682 537 68
6 506 2
277 544 63
435 961 46
833 400 11
917 23 36
498 856 78
902 313 50
701 446 94
761 458 71
244 328 92
102 472 27
407 131 36
294 423 27
673 637 44
954 324 69
743 926 21
784 201 73
696 414 87
324 241 85
191 905 68
451 620 1
447 792 10
285 91 1
777 804 46
517 857 69
574 914 62
541 934 51
164 290 55
305 58 80
358 449 15
163 187 10
934 472 62
464 892 66
443 471 60
143 32 51
469 906 57
159 16 69
789 593 30
748 452 16
535 941 100
620 99 85
555 246 54
739 68 79
633 397 29
383 103 66
178 93 83
735 104 5
466 190 20
664 162 10
205 971 50
868 237 63
96 819 81
887 539 26
156 849 48
194 68 42
580 558 35
713 103 4
183 290 35
608 806 36
173 775 11
651 515 24
558 145 10
629 284 46
262 168 19
326 315 31
37 108 66
546 988 77
361 826 67
127 571 44
846 609 63
676 634 70
221 728 42
651 344 10
11 695 32
724 486 100
599 693 94
686 239 52
152 867 87
996 941 78
487 612 12
78 485 73
109 708 89
775 708 13
241 653 89
295 637 77
953 240 99
683 3 30
120 8 55
633 955 12
994 659 57
925 173 97
163 235 77
809 591 36
548 900 47
787 725 8
858 407 31
337 220 79
670 410 92
684 348 61
272 975 23
937 254 43
134 723 60
829 280 90
614 68 9
302 115 33
536 434 52
169 271 50
827 663 19
497 360 67
555 66 87
875 418 94
398 617 58
881 316 14
709 797 25
119 823 41
272 323 100
585 316 31
878 637 40
367 246 87
226 633 86
215 308 34
338 847 20
386 961 54
244 648 25
347 943 30
900 475 25
214 864 29
249 62 9
303 820 33
771 961 30
589 90 79
206 45 78
106 964 82
259 623 82
190 227 41
679 538 9
843 585 7
269 596 93
717 289 98
398 807 85
276 438 71
238 763 55
729 839 83
433 903 14
98 383 11
954 796 8
252 408 6
648 401 8
819 344 13
940 671 4
3 751 11
841 350 28
83 214 85
914 864 77
755 113 25
212 523 63
184 419 29
504 516 96
735 420 10
881 296 67
926 121 43
744 938 53
991 225 53
289 288 56
790 601 16
968 252 86
784 205 44
773 201 1
651 129 74
199 125 60
276 194 23
365 379 25
763 337 72
942 662 100
6 685 15
572 223 71
271 771 15
739 410 9
75 310 76
343 787 37
574 344 9
787 890 75
965 4 21
296 704 63
841 120 54
71 323 83
478 452 52
855 400 83
929 893 75
48 241 19
585 296 69
136 140 49
358 798 91
951 567 89
216 457 13
636 518 24
547 403 34
871 630 3
68 532 15
872 546 13
61 982 89
12 142 89
673 353 40
132 399 16
764 701 50
870 725 65
505 928 60
842 760 1
607 669 62
304 789 46
949 94 38
282 577 64
86 218 36
647 412 93
835 4 52
785 731 65
19 46 47
790 901 23
224 265 4
93 433 54
704 498 46
347 459 17
669 837 26
876 751 55
153 244 40
96 656 87
828 96 80
13 721 47
359 731 13
457 216 6
864 690 86
642 951 69
75 211 54
795 648 48
710 536 65
545 770 29
359 250 18
4 204 40
11 485 36
742 91 7
321 923 63
263 894 37
839 48 26
653 134 71
193 928 98
336 549 26
182 726 85
706 395 94
899 205 27
705 393 7
504 480 90
119 868 66
574 601 23
48 403 32
607 248 79
38 449 32
532 792 43
360 702 33
851 941 51
41 480 77
340 483 18
944 939 40
316 708 81
69 715 93
790 344 94
524 623 14
897 945 17
672 626 6
772 155 28
399 740 22
778 304 84
997 312 66
681 922 31
435 739 72
462 459 60
328 415 52
161 427 18
980 77 50
618 811 85
666 20 48
66 474 46
341 737 11
157 761 28
918 232 22
399 925 23
232 352 54
728 343 62
114 81 6
637 365 48
47 934 11
289 142 73
1 730 16
221 577 91
819 491 20
678 80 15
8 586 74
319 131 50
228 374 13
640 247 49
798 4 14
649 994 43
327 341 93
94 190 23
187 223 57
935 50 44
801 42 44
138 699 8
174 588 65
186 594 50
755 370 30
803 933 33
868 721 58
433 420 80
57 661 95
410 951 51
18 967 36
661 880 91
80 178 20
483 978 91
847 322 92
967 142 10
211 902 61
445 501 8
298 879 89
251 901 3
291 135 16
659 149 98
484 111 14
461 473 19
461 745 89
118 296 24
560 196 75
552 595 88
954 511 61
58 901 57
245 797 57
132 543 8
989 187 21
746 140 60
611 540 23
249 639 34
972 965 95
240 231 91
170 580 57
123 586 47
662 948 75
418 600 87
111 256 80
570 79 85
19 920 77
485 548 64
698 2 39
253 11 28
331 93 61
279 225 33
687 968 80
668 454 43
875 988 86
153 878 48
661 647 31
55 481 72
710 99 22
140 738 16
548 928 10
683 557 66
66 555 2
292 889 63
489 410 55
145 279 69
542 129 17
190 745 82
823 660 86
630 106 42
557 396 81
690 128 75
99 510 82
969 796 96
448 412 11
820 516 55
394 511 52
54 439 58
568 900 73
780 774 79
648 159 20
358 397 24
71 315 46
579 970 37
641 560 16
438 268 29
64 95 19
891 487 2
344 1 21
826 146 100
656 727 56
15 842 23
183 971 85
566 266 24
273 14 40
20 460 62
82 21 85
993 121 19
483 710 39
155 512 55
887 80 99
766 20 59
393 86 82
848 326 55
649 921 100
916 646 93
111 77 85
987 712 49
419 238 95
769 968 27
935 727 42
837 789 79
654 274 18
401 535 42
747 491 90
167 862 46
154 510 49
531 478 82
898 517 1
230 738 67
618 797 93
319 456 65
657 146 98
341 743 91
67 911 17
575 821 71
334 854 71
958 699 49
993 561 47
415 737 8
48 422 47
790 186 81
840 892 84
51 236 53
702 200 74
900 657 50
996 758 87
64 417 42
326 674 60
133 817 33
475 64 74
651 19 98
925 827 78
974 394 85
384 855 11
577 816 52
768 406 64
818 101 19
262 56 46
947 265 1
433 976 23
728 349 33
652 697 90
817 385 25
691 770 14
804 540 25
921 41 3
204 267 21
132 65 54
726 679 38
57 884 8
252 869 46
456 639 47
877 944 53
320 373 90
867 974 32
241 79 52
445 534 79
866 30 31
585 798 60
971 928 85
286 909 28
708 440 91
356 164 74
712 641 74
758 439 83
79 922 63
430 51 99
382 215 40
714 998 54
299 816 83
476 53 79
529 930 54
776 810 7
761 204 77
974 432 70
727 561 50
366 66 5
890 369 90
498 322 22
913 173 76
508 400 59
331 239 98
587 712 91
378 473 65
857 571 93
524 92 65
95 537 48
654 588 91
425 993 33
709 640 93
2 858 97
295 232 94
917 70 11
329 238 64
234 526 100
542 4 80
639 194 87
982 672 44
362 949 96
383 893 61
433 450 58
675 967 19
982 400 45
68 847 60
301 962 38
45 164 66
209 775 66
213 510 28
231 201 41
297 373 12
987 370 86
368 387 81
913 800 35
796 667 57
966 325 40
410 679 32
295 581 27
937 574 29
453 655 94
844 914 26
253 280 41
885 643 9
518 605 10
860 993 93
752 12 44
369 618 26
87 568 50
632 930 100
896 512 34
551 531 42
697 147 35
303 64 25
505 801 61
545 5 30
95 489 21
218 348 19
541 859 30
944 276 9
869 764 15
453 495 39
952 689 63
266 717 3
431 214 2
184 646 4
631 321 12
474 462 74
915 325 21
194 461 24
461 891 82
204 824 88
759 447 37
934 72 41
349 177 68
549 702 59
965 635 46
411 632 5
539 626 16
933 461 96
544 596 96
19 366 11
980 833 55
829 242 95
191 563 15
863 452 83
21 589 45
783 988 13
670 639 76
161 473 75
286 320 90
817 181 70
458 926 59
711 514 42
830 10 24
792 377 41
792 670 53
105 402 90
29 435 76
919 972 71
620 121 86
579 516 91
231 799 2
417 653 96
493 268 79
375 694 75
987 232 52
515 427 73
286 643 48
155 872 63
42 572 98
557 993 83
597 183 34
751 223 77
276 722 6
505 475 40
57 394 72
733 371 50
199 338 55
625 973 84
695 61 50
972 776 10
737 511 90
560 204 14
858 915 31
471 940 15
281 711 93
663 963 97
145 441 98
267 85 6
218 733 45
617 993 98
488 712 56
933 694 100
968 428 79
150 224 20
302 318 10
508 644 13
180 301 26
307 888 1
326 354 57
116 397 43
74 196 37
822 408 9
895 865 33
580 379 46
782 549 76
376 798 13
953 765 80
927 407 96
821 670 51
410 277 48
302 656 23
823 144 38
184 916 7
324 888 54
931 961 59
938 840 70
183 324 91
219 506 9
67 708 15
503 308 58
43 472 31
482 59 58
994 801 24
390 239 75
686 948 86
306 387 9
875 232 35
222 197 75
329 61 61
50 367 70
672 556 24
417 700 58
347 735 46
103 557 56
686 824 24
362 835 77
721 845 24
820 974 66
664 717 46
787 157 74
533 451 17
159 429 31
408 207 72
361 192 49
821 959 33
769 772 99
625 998 31
885 386 8
305 426 60
534 332 13
725 808 58
148 145 39
310 68 23
524 390 60
515 735 51
339 754 60
189 734 95
762 342 31
300 67 69
37 805 77
378 385 75
133 883 19
34 598 83
501 774 63
669 137 77
319 979 38
431 314 7
864 460 59
46 729 30
236 586 27
309 225 69
687 821 35
420 405 91
709 79 98
840 161 83
62 321 20
298 734 31
194 811 59
831 590 33
294 592 7
138 399 47
186 998 19
158 522 95
673 824 8
972 578 18
246 213 68
16 810 73
807 644 37
178 567 80
793 299 7
134 605 43
836 90 38
263 455 38
698 851 7
792 385 45
295 724 2
568 195 35
395 725 20
683 602 62
448 617 4
682 275 39
19 869 36
162 259 89
688 342 31
125 375 61
725 375 49
815 556 44
841 668 21
308 989 21
900 388 29
606 892 66
753 578 94
988 691 70
674 931 1
117 474 7
200 310 33
136 978 53
85 518 73
575 172 75
7 971 51
878 161 12
965 338 21
255 192 18
32 544 33
553 24 23
498 711 51
732 53 3
240 395 84
890 462 53
434 347 70
253 714 25
761 99 84
817 232 9
66 292 39
45 855 79
78 39 58
308 701 58
481 409 26
282 326 28
71 797 30
973 44 35
726 39 90
36 633 76
656 552 48
783 156 70
7 907 35
885 751 79
960 475 44
308 365 51
445 502 43
610 625 19
734 655 79
456 649 63
437 239 96
434 711 22
426 875 45
487 817 23
440 41 52
675 291 22
838 989 53
533 552 29
880 657 93
275 824 83
65 308 45
988 343 61
213 844 91
72 890 35
465 737 14
655 13 20
438 356 4
263 609 62
608 344 90
309 190 21
371 409 86
195 474 97
59 154 12
913 813 43
743 377 88
231 118 64
760 685 66
467 232 6
973 918 58
980 906 44
859 613 34
450 535 33
431 77 71
456 588 82
784 17 2
582 687 89
319 217 23
183 801 78
89 255 23
191 203 38
419 392 33
874 720 62
699 405 33
534 436 96
207 113 68
207 396 97
132 957 13
177 322 15
747 421 3
49 257 66
162 77 96
58 705 49
233 957 21
426 858 36
190 997 100
531 282 38
690 194 61
512 999 44
802 270 43
160 676 32
817 508 52
58 272 16
210 947 30
542 848 7
380 693 29
61 805 74
31 749 60
651 873 74
410 87 27
726 491 14
717 339 52
942 7 51
78 967 73
88 399 48
784 62 65
630 581 8
901 175 3
258 155 75
624 163 7
846 644 14
984 35 88
395 590 98
893 110 12
101 454 76
428 312 34
717 0 21
891 460 78
265 652 46
128 769 38
762 924 52
616 928 61
263 913 25
559 613 60
621 345 5
371 607 69
374 320 75
559 808 28
552 166 1
454 636 22
748 898 25
303 464 60
965 263 30
258 223 36
210 915 56
391 949 83
608 197 31
48 638 79
624 541 60
503 159 28
634 72 44
482 18 87
539 120 99
929 349 28
965 532 10
66 732 43
114 125 28
47 570 97
592 730 78
719 615 10
593 929 92
469 452 86
225 12 17
298 399 100
712 427 5
888 129 33
106 525 59
854 242 61
166 725 60
228 761 16
332 230 58
493 98 81
935 353 34
564 997 81
978 238 78
882 20 96
543 38 9
59 895 10
789 776 98
189 608 73
522 441 52
836 386 81
468 959 64
251 932 23
595 31 86
410 862 46
518 964 35
830 639 17
445 798 9
178 377 8
994 837 5
975 696 9
841 813 65
859 569 12
707 283 43
733 91 81
962 353 44
159 665 65
531 701 6
503 952 15
792 844 15
645 981 87
736 932 48
805 611 96
106 954 57
619 73 73
544 699 56
621 874 2
725 355 25
100 888 31
573 68 61
920 168 46
857 189 94
584 774 20
940 804 31
305 861 32
488 869 17
559 668 89
684 412 29
343 27 51
199 61 40
154 167 22
194 816 40
733 961 20
764 276 32
944 951 9
645 547 46
522 468 73
410 261 24
934 386 42
527 285 53
336 761 35
358 198 72
928 578 18
961 882 39
404 901 27
820 198 64
504 654 67
84 898 96
652 106 49
563 33 34
915 429 91
610 378 91
29 457 74
987 791 60
542 160 41
190 851 72
192 50 44
480 24 15
164 433 95
749 578 46
805 163 49
251 834 37
538 69 1
584 899 61
148 62 46
402 476 42
47 333 6
557 762 35
300 416 41
797 564 17
373 619 78
505 884 31
59 727 64
551 317 48
583 667 49
802 333 98
94 629 56
874 112 1
156 530 99
214 316 10
584 531 28
746 865 42
283 670 37
489 608 44
869 290 82
382 263 35
829 646 71
116 989 10
935 660 54
546 749 44
570 152 60
411 101 79
2 889 5
702 966 6
126 670 5
240 309 32
588 195 95
775 699 65
276 611 94
667 36 24
979 444 6
633 753 64
45 791 94
287 108 78
50 440 89
670 95 46
797 948 75
179 598 68
377 576 92
172 871 7
426 799 24
157 272 19
220 978 55
717 868 26
773 590 80
534 448 85
322 729 76
831 793 22
695 640 4
40 589 7
347 713 20
24 694 58
268 840 92
379 298 5
555 713 83
929 402 72
828 578 73
230 920 2
325 694 11
231 430 86
785 466 46
530 261 76
27 779 32
642 713 94
147 982 35
946 20 83
721 705 89
663 568 11
25 271 22
137 587 44
496 146 92
901 938 81
107 71 14
248 358 82
421 803 59
945 773 100
135 976 81
410 610 26
980 758 66
299 716 81
195 533 77
793 79 28
656 508 6
564 115 95
107 266 6
936 321 81
994 730 35
786 760 61
132 244 46
189 185 87
192 725 10
213 432 62
75 447 91
158 447 54
838 281 98
96 677 47
901 590 14
46 829 41
271 257 48
30 646 13
903 139 92
182 92 81
364 439 80
147 703 11
26 297 45
798 829 37
737 159 42
404 735 56
551 29 92
627 587 40
400 9 87
673 49 72
900 628 70
341 940 53
250 387 70
700 809 59
702 81 22
643 275 69
566 370 45
875 735 85
378 175 86
904 431 45
40 723 2
814 646 51
540 399 55
915 790 24
375 256 100
361 945 86
12 938 90
220 680 87
502 258 59
970 841 60
951 7 57
34 181 15
639 187 8
767 635 23
808 969 36
636 71 70
692 217 34
892 249 67
689 864 97
956 745 13
491 96 61
803 142 87
813 583 61
366 965 66
979 305 36
238 988 49
956 216 64
483 333 96
753 839 28
941 629 81
24 354 63
812 951 93
235 947 78
683 293 22
707 39 70
147 184 97
597 462 86
854 382 47
710 660 68
24 257 25
918 436 57
630 355 18
164 764 48
364 730 82
623 97 73
679 791 30
441 795 53
402 986 67
968 934 42
20 685 2
267 770 16
646 768 30
436 494 18
41 758 20
915 424 94
834 596 48
479 586 15
873 792 31
945 700 89
861 751 21
4 356 41
979 410 99
894 223 7
66 531 28
136 397 67
441 792 62
641 899 80
330 607 85
189 93 39
41 956 51
288 59 7
392 384 90
366 241 48
705 560 31
992 44 76
556 35 84
824 617 90
900 424 79
313 193 84
733 777 51
117 494 66
127 65 57
100 492 34
517 371 88
461 894 34
453 33 46
157 515 12
519 431 96
212 649 30
277 471 54
235 627 25
639 833 59
548 177 86
33 514 34
909 427 26
814 503 35
918 913 42
154 854 6
563 482 71
189 886 94
996 10 74
412 314 93
299 384 31
93 97 31
53 498 59
185 810 47
36 836 57
872 371 5
892 160 15
275 563 60
970 360 35
844 741 72
882 100 19
624 992 12
809 255 14
177 310 18
624 616 89
563 194 18
731 990 28
421 805 10
683 120 53
979 876 58
386 949 77
444 158 44
701 500 76
697 442 37
793 863 56
29 936 44
112 510 14
607 842 28
842 427 48
484 963 69
679 773 99
737 532 35
201 999 45
848 980 27
370 195 96
314 797 46
442 850 55
778 607 86
665 271 8
593 933 29
596 109 94
684 631 15
431 667 57
647 829 82
326 139 96
783 465 100
956 851 89
751 767 67
467 421 59
730 838 73
544 631 74
796 790 45
513 121 54
559 197 27
244 384 91
17 840 39
10 808 87
542 25 1
458 469 7
291 968 48
972 404 62
931 392 5
511 683 77
851 223 96
441 177 74
531 395 5
31 499 51
125 737 84
976 113 4
513 539 53
449 971 25
654 637 29
163 240 29
128 781 76
460 690 100
609 386 5
463 762 31
641 236 97
922 587 75
303 333 39
700 175 97
722 74 71
264 200 21
158 869 8
179 911 31
233 543 35
621 280 81
413 407 72
534 870 97
182 297 69
248 352 72
980 771 30
414 7 22
515 778 16
670 44 88
698 844 74
205 460 84
676 175 54
863 629 78
596 569 67
642 199 11
268 39 44
330 446 83
774 465 37
223 162 84
251 228 22
815 731 46
470 463 71
272 416 91
889 88 99
144 669 64
863 850 51
95 934 74
831 742 100
581 623 49
779 321 55
351 259 68
354 65 90
584 55 28
591 466 38
558 386 89
884 579 86
227 598 8
272 626 48
545 408 68
353 459 11
825 543 93
301 40 67
744 319 4
431 445 6
461 992 70
507 352 3
820 541 35
870 342 78
222 700 69
139 76 66
363 766 27
572 229 90
60 276 20
242 446 87
503 625 27
1 650 36
335 857 37
27 782 1
551 281 96
914 359 91
827 518 74
553 890 34
956 243 1
815 88 11
674 487 40
634 819 11
11 519 81
577 135 75
290 234 97
293 51 57
349 983 9
217 853 99
703 714 81
826 527 9
357 300 1
57 277 38
514 981 67
105 228 57
138 6 21
712 354 20
148 129 16
337 43 78
856 106 22
229 821 1
438 968 64
592 75 72
583 651 29
144 95 60
908 131 61
401 241 57
419 558 36
119 700 4
607 798 2
725 197 9
478 127 45
892 516 77
714 996 69
253 372 49
877 236 7
622 584 12
949 127 55
71 455 70
133 494 82
617 373 88
701 740 20
984 305 46
281 112 88
992 864 3
533 549 2
309 228 51
639 558 11
240 700 56
11 756 69
266 844 39
469 268 83
820 781 73
671 871 45
170 271 8
860 119 65
161 798 54
551 970 18
357 979 96
182 38 92
926 208 19
373 912 45
56 921 95
888 200 83
302 376 50
4 380 69
667 410 98
757 606 80
721 439 9
748 627 84
453 928 89
582 388 78
679 494 23
41 259 16
376 128 31
171 253 2
49 858 84
383 887 41
125 463 7
73 563 28
502 851 50
743 574 57
287 480 67
258 502 48
334 597 83
712 727 17
847 345 93
503 536 61
214 488 92
571 189 12
48 432 33
280 726 9
923 191 64
602 951 20
92 181 7
552 604 91
966 788 51
905 51 59
221 409 25
729 337 27
43 78 91
344 515 30
670 675 7
551 54 14
586 908 89
593 528 46
877 937 82
97 75 79
201 364 66
695 443 94
290 517 42
22 445 3
910 330 11
781 279 29
537 334 70
784 630 12
941 846 80
265 557 6
214 117 46
952 693 46
837 256 96
521 605 69
526 318 2
725 72 26
156 112 6
549 400 16
336 940 64
0 535 76
595 279 48
846 277 7
86 101 94
787 311 52
512 430 11
280 70 85
429 199 75
721 269 45
562 998 28
611 388 11
906 419 86
66 516 29
238 343 20
853 954 84
202 11 81
532 368 23
985 320 37
21 351 75
637 950 97
219 976 35
707 206 76
930 563 1
755 583 86
870 486 19
619 589 54
50 562 82
890 274 36
988 208 93
456 732 21
496 498 77
903 130 62
310 855 3
166 645 91
805 601 95
31 686 64
732 951 90
79 936 59
491 915 11
9 466 64
556 474 64
346 989 63
917 52 40
753 113 1
214 306 18
503 356 38
876 307 44
830 567 94
179 873 50
522 873 89
773 920 9
409 862 29
273 98 67
479 146 95
674 560 4
667 600 12
645 143 25
464 936 96
45 360 90
877 381 13
713 617 66
600 168 86
318 3 53
189 846 22
954 949 3
153 352 4
668 534 53
528 943 85
16 948 44
538 668 93
217 725 73
264 81 93
451 667 68
414 266 69
73 401 96
114 913 72
926 824 98
728 184 23
157 956 4
25 891 34
752 260 64
48 927 41
575 623 13
882 176 99
132 808 31
468 379 73
796 843 20
465 725 79
491 482 100
386 776 53
968 675 35
726 123 36
505 571 13
909 492 98
269 227 50
192 949 68
289 414 100
24 229 35
208 806 55
797 842 50
749 472 73
579 282 22
22 526 17
11 349 48
919 674 21
638 725 39
579 7 5
252 371 64
486 72 67
107 294 65
933 755 46
321 248 49
316 945 76
945 640 31
742 809 30
593 326 98
396 477 19
774 691 77
329 497 33
795 269 27
452 122 78
425 835 95
804 500 63
635 280 63
734 132 4
390 798 71
780 971 68
168 97 42
997 95 76
242 734 38
64 540 40
230 86 23
361 777 58
962 878 33
282 687 63
258 164 93
353 672 95
802 747 5
545 598 26
527 379 30
156 262 36
580 150 71
795 33 9
567 189 18
691 140 91
623 964 32
836 440 22
359 285 65
870 470 89
963 640 36
313 740 23
257 852 51
205 552 67
329 967 48
705 279 26
6 282 22
92 700 69
280 206 41
227 37 1
237 978 78
828 605 40
205 946 26
677 816 76
209 679 34
756 664 18
460 849 90
19 219 13
741 245 16
294 615 19
870 624 46
294 724 16
820 905 14
695 705 25
919 360 58
740 186 80
126 176 26
936 103 79
513 856 7
143 223 15
439 305 48
64 565 10
705 143 5
712 80 4
60 83 43
944 41 9
746 537 23
642 939 96
486 899 45
440 780 95
713 432 61
669 935 26
422 636 81
538 380 61
838 682 26
173 289 31
677 736 22
163 229 35
305 666 68
937 889 8
674 516 83
81 543 38
68 175 11
649 554 76
327 247 23
712 466 45
384 523 81
379 738 23
734 756 99
797 295 81
644 382 86
169 579 85
789 329 42
748 590 82
55 768 99
389 800 94
868 660 70
575 186 70
864 390 40
881 263 17
561 414 43
405 651 36
483 562 70
996 853 26
195 704 33
757 436 59
962 97 37
572 381 96
653 342 42
639 951 96
894 797 52
688 644 98
58 170 70
406 359 37
219 520 92
33 426 32
653 166 4
138 414 34
817 802 39
201 603 54
209 748 42
240 927 93
566 866 91
251 902 99
944 669 90
286 3 69
934 666 14
606 39 72
55 268 35
978 620 86
402 745 3
26 476 60
442 706 76
854 279 95
217 915 26
406 303 90
599 0 48
351 336 12
374 883 38
256 232 37
818 983 71
566 5 50
993 500 76
696 682 96
405 366 56
172 253 19
35 20 84
555 896 93
162 713 79
992 741 91
178 491 43
486 422 63
759 110 84
607 94 47
562 642 77
565 786 32
147 607 53
366 857 20
318 675 43
306 804 89
89 199 86
600 311 58
1 197 24
439 89 68
92 318 70
113 213 62
934 224 52
681 460 84
434 123 70
437 452 45
128 632 89
334 428 42
74 11 53
122 647 57
275 215 81
324 650 17
420 59 97
283 274 17
577 799 31
62 744 75
47 382 5
675 810 6
434 920 35
767 607 15
701 218 21
643 185 93
958 445 59
485 390 24
801 383 53
286 241 36
206 20 40
41 859 69
61 681 22
330 893 89
121 266 63
395 213 74
605 743 39
861 101 3
582 183 69
640 680 34
637 43 51
586 519 40
635 364 70
264 654 1
586 182 16
474 210 28
260 874 92
142 759 88
552 404 26
275 110 31
898 330 90
506 110 36
797 647 45
425 323 68
739 604 62
244 780 82
74 798 32
988 319 18
329 847 51
871 283 65
444 506 37
957 735 98
603 641 66
359 210 82
325 89 3
290 108 99
265 814 7
939 602 60
998 407 11
979 821 31
118 757 67
558 643 23
902 17 12
383 315 55
90 183 41
414 911 62
781 714 73
52 533 67
883 56 45
28 149 16
837 653 28
20 126 12
609 949 61
907 260 9
727 304 78
947 920 10
584 94 78
86 753 98
257 743 32
214 478 5
19 965 30
425 473 60
108 279 13
758 463 20
730 786 84
230 546 10
474 478 39
813 192 39
146 28 80
553 465 69
790 740 71
401 193 10
510 584 45
329 423 95
542 502 99
472 812 31
903 338 3
306 84 90
263 439 45
292 642 16
500 672 91
25 939 45
163 550 86
339 481 75
453 675 79
971 93 51
882 537 68
245 875 39
994 26 52
689 93 32
166 540 33
254 103 63
815 447 30
481 975 95
702 706 18
261 476 51
492 795 54
833 31 29
686 821 49
179 790 77
815 248 24
297 48 86
703 420 98
990 446 16
259 463 16
732 287 1
327 151 43
20 655 100
273 760 6
156 855 10
498 531 97
975 503 68
275 365 20
500 694 100
536 518 61
964 755 2
725 720 5
627 802 69
532 570 40
44 537 15
612 922 15
232 417 100
335 679 36
444 91 93
159 794 17
428 373 7
894 868 21
765 416 80
311 744 79
275 50 86
196 2 22
237 992 5
570 110 14
532 272 4
167 181 13
232 797 66
495 468 64
458 331 77
553 456 26
348 308 97
652 8 16
305 617 61
852 782 13
816 897 5
79 709 35
720 610 22
559 112 10
749 798 25
973 1 19
223 895 4
556 249 94
335 176 28
792 919 6
232 883 47
674 957 38
879 190 31
816 326 61
593 360 92
443 9 83
393 338 85
89 410 92
720 387 70
348 205 21
449 897 57
217 715 64
822 880 76
34 28 83
497 657 58
695 714 26
673 21 58
947 861 2
101 824 31
169 495 40
958 822 8
205 337 87
925 497 90
366 865 67
308 341 85
347 505 74
619 309 24
200 706 81
327 805 35
497 636 53
239 696 23
509 369 42
778 994 23
147 787 60
695 885 68
687 474 89
745 336 2
271 305 86
679 394 99
709 2 15
509 755 93
548 863 27
23 494 53
696 4 2
789 637 31
541 765 23
944 752 98
303 894 28
204 471 20
676 625 93
544 141 1
396 391 7
906 758 90
447 203 71
381 322 57
844 852 54
531 943 97
78 799 52
953 766 74
600 877 3
831 972 26
298 229 25
864 485 9
542 408 77
820 393 82
439 138 54
487 394 48
914 323 86
917 454 66
0 980 91
66 124 40
244 835 16
422 179 27
802 997 58
873 956 55
231 561 49
6 977 99
826 806 73
36 188 18
769 821 35
86 530 95
609 999 61
886 726 74
661 487 7
82 457 74
664 396 30
570 313 30
124 242 42
324 986 82
285 426 54
311 743 44
13 32 91
890 386 56
869 104 4
288 145 99
322 593 35
291 847 43
11 258 65
31 131 85
823 292 78
838 499 48
212 182 64
801 156 38
190 707 63
837 991 97
891 85 60
8 538 55
998 264 55
469 420 8
234 124 10
838 634 76
95 74 38
836 423 33
547 352 100
179 220 84
375 404 14
48 607 97
727 255 49
936 245 31
620 831 54
664 171 87
405 976 44
871 982 41
849 814 74
711 888 7
735 929 91
465 54 14
456 425 75
603 583 58
175 574 35
255 317 64
261 907 35
388 514 64
854 243 75
48 835 59
883 47 42
723 346 68
57 369 94
411 65 92
378 563 95
923 419 92
816 584 29
381 299 10
595 173 100
679 517 2
936 883 79
587 795 5
435 239 39
594 191 4
963 779 96
919 747 97
296 733 25
856 988 62
66 458 85
713 355 23
418 109 84
761 90 96
354 577 96
482 699 54
754 478 76
442 60 95
203 479 50
81 368 77
410 391 79
710 14 58
660 713 1
61 63 4
408 378 85
693 144 23
554 433 68
980 229 22
512 847 92
825 512 90
157 915 63
507 592 69
26 618 10
308 156 28
136 341 26
218 454 76
371 964 90
867 612 22
876 51 53
757 89 40
463 824 83
779 194 63
91 255 33
104 388 26
306 509 14
979 250 7
682 200 39
627 632 31
536 858 55
139 248 97
521 912 3
887 431 18
572 329 19
804 256 81
219 705 8
448 347 32
978 962 36
139 460 5
653 9 65
775 949 6
857 538 80
367 951 15
230 740 62
55 887 32
624 562 98
402 100 26
439 926 98
930 379 42
739 393 4
307 694 86
934 567 39
89 21 86
27 534 90
415 722 34
106 99 6
956 804 75
809 131 13
511 301 56
780 167 53
427 956 65
481 284 68
331 509 13
942 413 40
583 229 12
326 614 86
397 497 68
354 314 55
568 133 62
5 690 29
756 605 14
711 965 83
843 926 57
412 890 75
382 74 4
57 727 13
943 448 17
211 643 29
813 647 91
358 276 56
128 412 25
168 577 8
918 236 59
57 919 62
770 795 60
339 21 39
333 816 6
222 322 12
62 501 17
646 410 60
514 713 22
56 732 43
590 238 70
759 732 88
726 281 94
95 237 26
270 104 10
322 592 54
395 973 50
399 169 23
649 166 62
173 264 20
465 762 90
61 773 100
226 522 88
544 67 36
413 690 9
471 924 33
40 265 16
925 915 30
582 436 80
350 16 9
419 185 99
189 579 70
849 406 97
781 685 71
327 192 31
562 71 75
427 633 92
600 478 74
910 56 82
731 984 28
947 571 71
242 871 84
748 480 71
642 715 80
721 895 38
732 423 15
294 854 15
618 458 61
899 921 66
239 811 52
935 750 83
447 727 64
150 452 35
610 565 83
76 180 11
695 934 79
702 447 28
323 327 2
384 797 8
327 739 36
176 336 81
702 638 78
769 392 18
663 575 73
676 296 67
96 117 90
344 677 33
648 572 6
765 817 58
566 754 85
98 974 88
957 536 86
37 10 65
885 517 8
220 851 77
280 933 62
322 38 50
771 128 12
929 410 32
817 194 70
478 6 5
403 252 5
67 673 13
968 112 66
872 224 94
355 474 98
630 224 70
561 391 41
370 768 68
867 376 35
581 660 52
549 524 28
829 271 71
538 960 16
790 810 15
69 738 10
665 342 65
118 480 48
62 399 96
721 851 96
486 753 16
179 824 94
430 392 40
474 665 43
758 280 7
895 767 34
733 578 59
240 338 80
164 774 11
296 1 69
206 703 42
562 243 61
308 574 40
81 308 68
724 469 50
438 19 86
226 23 71
251 300 13
920 35 72
275 289 99
516 270 67
663 193 12
246 601 51
984 924 30
344 848 41
997 190 59
593 309 75
673 440 85
750 171 31
452 706 32
258 283 79
860 830 43
797 339 22
603 694 22
538 229 99
520 361 41
771 294 38
53 396 53
110 816 24
851 164 24
159 599 1
855 793 41
467 932 81
902 612 21
831 258 51
180 94 20
616 907 68
931 626 6
801 593 74
564 432 40
819 631 70
947 120 18
728 33 56
363 949 34
101 430 73
503 824 76
702 392 39
330 385 83
586 849 40
314 109 83
639 79 14
325 540 45
715 187 17
179 704 43
139 754 63
840 505 98
298 73 12
216 735 76
381 540 9
327 772 21
232 280 74
429 564 18
194 964 8
107 593 99
25 841 7
423 702 74
538 671 33
213 539 34
591 513 57
637 642 55
940 472 39
443 301 50
38 434 15
541 106 89
335 632 61
722 46 60
727 643 40
578 963 3
568 999 78
33 861 40
888 105 52
96 396 80
560 425 41
801 240 28
323 256 24
251 269 62
93 814 43
452 235 38
448 973 80
116 448 49
954 408 15
98 850 27
248 28 94
876 227 61
746 815 7
521 629 60
218 700 68
908 635 10
923 330 63
709 408 96
193 980 66
638 116 20
828 119 25
946 524 44
595 194 37
933 663 11
250 729 4
625 959 9
320 338 72
149 507 61
668 477 12
4 518 98
392 349 46
258 966 23
136 158 76
999 330 30
290 405 28
871 348 65
357 368 28
898 667 75
47 227 34
643 280 93
751 496 15
733 940 98
170 690 38
102 199 25
286 595 77
275 476 96
162 405 5
457 229 71
945 524 85
382 440 8
481 596 90
867 591 69
880 381 50
127 200 82
725 941 53
388 668 73
157 410 65
502 382 84
331 83 68
530 592 22
649 339 97
644 701 3
640 593 62
283 398 67
839 141 39
735 700 65
293 971 15
911 129 29
634 27 33
655 275 61
592 27 3
122 246 59
340 911 71
906 545 16
855 384 34
43 296 47
33 753 96
789 501 50
502 95 93
381 289 94
332 229 66
319 785 75
699 733 79
912 575 39
862 514 56
467 229 93
541 769 72
831 653 14
243 791 5
23 984 7
184 677 47
372 638 87
879 734 77
21 908 69
604 192 87
422 263 63
430 872 85
456 325 81
871 782 37
414 363 51
309 700 55
31 129 90
36 769 90
249 928 99
76 179 55
914 539 33
372 763 57
456 458 74
489 155 76
269 525 10
323 865 59
296 640 70
662 820 62
901 664 11
310 893 45
197 668 74
754 728 44
8 365 23
715 491 23
420 9 92
471 359 18
936 378 46
291 964 78
737 331 83
640 104 68
586 456 15
81 297 71
623 75 73
99 39 20
530 280 57
846 78 68
500 387 72
978 53 25
760 609 58
847 833 81
218 90 84
697 94 26
403 355 20
488 876 80
704 166 3
108 9 16
291 218 15
59 630 93
663 319 95
637 658 79
5 753 36
718 513 6
499 782 61
501 960 65
885 956 11
810 265 83
833 181 83
476 275 95
730 582 68
102 473 74
201 42 89
742 677 88
168 425 71
413 741 31
886 876 23
547 988 58
153 661 61
300 657 44
418 741 48
985 890 4
645 42 50
428 128 66
7 386 13
999 956 20
764 7 97
190 35 89
680 145 5
478 782 42
380 665 10
54 568 66
280 354 66
926 658 85
705 399 100
992 386 6
465 788 81
433 578 44
37 170 85
514 51 9
170 616 11
241 77 73
25 607 6
746 442 75
252 196 13
0 658 37
226 919 2
577 418 73
310 879 32
906 445 53
668 540 62
850 937 81
517 698 48
604 213 62
755 362 15
840 491 62
421 223 66
239 917 87
946 625 17
398 261 19
811 610 52
184 453 48
710 677 61
565 970 93
583 39 47
279 542 6
808 194 62
123 647 74
971 369 62
925 380 3
691 652 66
970 13 18
467 442 75
701 499 64
779 566 46
326 983 73
292 653 10
162 430 97
541 555 35
525 242 85
672 640 38
74 631 51
761 699 38
970 567 3
449 261 88
549 878 62
343 274 10
826 167 17
564 952 66
391 331 96
667 277 94
63 652 78
158 835 58
492 541 8
870 654 36
182 422 85
598 274 53
847 719 43
40 596 57
789 121 5
315 821 67
138 157 36
308 472 71
895 650 3
91 559 58
642 147 32
252 290 46
490 109 19
993 468 17
765 781 85
829 385 100
617 428 1
874 550 96
975 172 32
479 594 7
762 620 61
581 418 21
152 797 47
37 294 81
695 26 45
656 849 8
193 251 42
721 557 29
126 511 59
915 290 5
229 811 15
65 349 13
928 119 4
994 852 19
397 896 57
990 512 39
925 631 78
779 984 40
794 161 30
433 962 78
983 780 13
230 901 18
664 920 93
43 915 74
891 46 89
837 117 91
143 297 12
73 91 49
353 298 69
417 354 67
720 209 83
356 666 79
465 643 30
326 124 67
493 765 72
592 548 24
721 0 34
802 66 83
771 697 22
76 616 59
804 821 14
389 598 20
689 587 75
826 147 5
825 596 10
643 519 61
443 650 23
631 301 14
164 234 43
618 35 2
888 634 17
665 886 24
863 598 46
534 497 27
301 462 100
909 670 43
951 629 42
35 883 8
448 81 87
778 130 36
636 227 68
747 656 17
447 246 69
430 239 34
595 585 56
337 318 40
778 862 9
884 171 83
471 864 90
569 575 65
842 557 52
551 325 12
815 809 41
760 558 83
175 190 93
271 701 30
858 508 21
133 67 39
337 182 52
264 802 71
269 22 38
565 703 4
336 85 98
705 174 74
753 813 59
474 233 86
753 166 45
249 682 14
662 797 12
228 839 16
681 623 79
77 447 5
195 106 33
0 901 70
938 562 49
209 298 24
730 810 77
501 815 70
31 452 1
237 357 98
152 565 81
130 532 41
825 329 18
214 627 94
580 880 35
199 517 36
589 762 89
208 55 60
823 699 99
653 731 71
737 706 22
964 523 35
705 878 61
21 385 29
940 48 52
651 969 11
563 845 80
646 742 3
660 714 2
862 77 67
581 30 92
857 601 74
235 378 33
328 623 48
597 867 96
252 529 11
355 864 53
26 786 92
540 305 33
508 338 14
756 902 7
749 274 93
153 683 95
184 90 31
758 486 64
607 632 93
763 383 41
703 400 97
288 152 60
862 929 43
923 732 71
293 906 34
963 27 80
971 407 82
483 93 94
999 670 61
820 853 12
66 193 39
344 669 19
106 906 49
216 442 56
216 85 31
154 967 25
288 982 22
797 536 68
670 916 73
956 754 46
36 327 40
315 773 4
904 279 61
355 52 4
396 882 8
847 748 26
63 802 19
796 416 34
462 697 41
289 463 8
713 504 37
438 547 14
303 490 36
949 613 74
490 738 73
757 560 75
803 19 45
924 491 84
669 274 23
552 385 62
624 131 3
253 436 3
598 863 97
24 877 32
280 78 51
781 56 93
240 562 78
139 123 56
257 770 95
718 823 75
864 73 75
148 120 96
516 613 45
727 311 90
834 852 47
218 60 6
274 925 23
981 887 57
647 888 57
231 506 12
650 499 76
811 554 66
938 637 98
17 995 32
669 939 94
134 404 73
859 759 91
732 904 99
830 409 41
682 158 20
333 399 77
491 232 22
478 906 57
716 603 29
935 134 67
287 786 63
581 826 84
503 263 11
209 249 93
345 693 64
671 246 47
233 376 29
555 592 13
492 454 85
455 697 54
666 634 16
957 55 66
509 883 8
556 364 63
26 69 18
133 110 58
800 395 35
798 78 55
265 882 69
972 745 15
119 394 78
664 370 31
679 267 68
813 793 99
697 773 4
523 519 45
166 539 97
462 255 51
420 203 20
903 134 76
600 680 50
949 374 29
85 81 74
826 5 100
457 578 64
58 430 79
126 73 78
540 323 28
134 915 56
451 19 90
324 299 76
387 912 95
591 201 22
578 220 39
603 774 41
129 177 44
787 698 21
407 321 6
61 705 71
11 232 62
303 919 88
111 518 60
157 728 78
70 208 3
412 464 57
791 584 17
69 836 84
656 479 34
989 515 72
965 992 22
453 499 15
624 727 14
777 43 86
13 301 33
510 73 86
803 864 100
25 61 68
432 601 3
83 133 94
322 445 40
674 939 89
395 130 50
855 245 73
0 839 90
494 81 4
964 670 14
374 604 41
999 441 14
492 423 67
780 726 4
776 689 68
80 803 24
836 907 39
180 528 5
433 587 48
346 285 41
169 119 11
748 451 61
125 364 25
171 133 60
109 778 89
312 674 3
923 214 65
682 843 99
555 13 47
306 528 7
320 316 66
405 897 93
782 80 47
777 953 40
985 811 50
513 864 4
4 946 7
82 22 60
773 877 8
79 17 56
147 824 31
986 464 73
65 278 50
699 248 71
274 699 83
854 986 9
463 108 33
640 931 96
500 465 74
960 413 94
202 902 66
909 664 90
460 819 27
694 831 3
275 132 66
134 383 3
472 116 22
919 649 67
225 312 49
793 328 49
963 142 99
884 753 34
983 698 12
290 992 51
103 816 42
156 238 98
953 70 64
534 597 92
997 945 62
232 646 15
44 724 86
41 970 49
960 796 23
560 225 19
366 487 32
921 305 62
605 721 81
336 936 19
67 255 28
533 255 29
357 541 43
707 389 74
952 164 44
750 551 68
748 12 73
58 582 65
860 383 63
146 874 5
302 159 14
957 819 73
382 527 66
941 737 62
326 725 51
282 894 59
879 143 75
404 762 4
897 216 74
74 339 39
120 843 43
377 87 84
115 656 96
509 675 24
851 922 65
54 418 69
25 621 96
441 70 25
610 430 11
872 284 84
185 941 56
307 887 39
635 18 67
942 908 33
749 404 87
907 416 53
865 566 65
176 135 50
38 918 25
558 378 26
837 31 75
336 955 58
747 609 28
523 679 79
706 28 85
780 536 53
649 370 21
965 736 17
838 541 60
320 115 53
312 552 48
89 677 67
320 634 85
769 371 10
42 297 80
650 644 14
801 677 35
59 17 34
73 846 12
774 805 65
301 870 100
709 758 52
601 979 99
694 316 61
165 408 74
902 278 30
961 9 99
196 926 11
944 318 62
825 692 66
94 168 77
788 202 51
840 512 97
362 212 87
78 318 49
94 791 31
770 715 70
657 820 19
174 111 66
660 605 68
153 366 42
842 852 98
971 205 67
577 921 1
132 713 98
414 33 20
527 752 30
810 813 12
217 40 2
334 414 63
64 793 30
546 643 59
294 799 25
528 155 62
135 516 53
880 681 24
452 263 13
127 647 82
557 411 39
347 330 99
183 926 15
971 338 15
41 891 44
328 601 2
941 391 63
509 624 11
374 537 14
819 446 38
598 352 73
338 826 93
255 48 25
445 565 27
566 893 22
96 587 42
345 406 64
888 291 22
592 644 77
134 980 96
911 593 51
626 488 44
437 342 3
212 165 61
59 954 70
359 413 89
63 148 70
936 644 36
719 379 60
462 161 72
61 719 82
479 215 53
542 30 49
304 921 35
552 558 59
558 319 71
958 717 62
235 4 78
556 19 37
716 32 11
431 729 78
527 503 44
639 690 64
36 671 23
387 616 38
847 4 39
154 258 96
518 842 63
275 420 41
876 939 53
250 35 54
223 22 46
619 697 94
219 884 98
501 318 65
532 569 2
66 884 16
788 963 20
255 933 39
315 508 70
979 818 69
740 629 92
524 864 71
994 664 19
902 304 55
636 421 74
807 534 80
73 169 85
236 960 96
405 444 23
519 19 32
237 481 70
743 911 49
93 314 56
96 695 93
276 871 57
791 715 70
837 515 46
897 747 80
301 816 22
309 187 43
358 706 4
371 282 50
652 646 65
437 73 80
287 116 57
718 318 15
417 937 72
314 9 80
276 521 15
91 127 59
959 912 38
157 527 33
733 439 5
275 241 95
832 377 87
658 372 23
374 219 76
175 295 44
117 532 26
10 387 84
52 512 48
157 740 7
513 63 8
257 440 50
708 860 6
902 59 84
370 328 20
306 934 99
581 681 29
304 704 33
132 621 24
897 642 20
51 84 28
405 208 25
201 576 69
699 825 32
715 685 65
343 916 64
58 633 17
278 414 64
372 380 42
336 206 29
149 345 51
681 43 91
706 350 30
29 245 3
324 139 73
110 818 75
588 294 33
652 310 5
124 295 94
234 638 28
662 617 45
662 972 15
819 741 18
250 720 29
485 828 19
901 698 83
547 147 4
999 646 68
634 510 15
954 348 82
585 691 14
838 852 39
27 684 11
190 116 99
528 588 63
814 403 41
288 758 81
387 68 60
280 778 4
116 13 36
353 544 20
333 268 31
820 281 17
227 780 85
675 923 33
700 546 3
444 786 13
531 907 76
569 437 89
41 823 69
79 444 21
874 145 74
830 359 87
724 527 50
104 199 14
419 813 23
929 4 20
246 11 21
330 4 4
783 827 8
491 449 65
417 411 19
345 966 23
603 770 82
695 496 37
722 321 97
63 504 63
991 434 24
827 675 51
138 384 93
161 590 83
859 576 90
92 557 65
682 425 70
811 460 92
434 600 19
731 383 6
990 560 27
755 762 50
59 593 47
898 58 20
475 98 3
690 613 83
586 850 80
641 583 84
925 700 79
87 132 77
265 179 3
236 386 40
509 314 95
321 522 17
781 293 27
19 153 48
810 768 25
862 871 83
169 416 86
730 772 29
611 55 86
675 330 65
166 801 16
616 270 16
446 853 88
627 89 81
915 774 93
297 727 8
900 176 77
92 528 25
600 459 63
906 126 88
193 718 53
24 115 35
964 682 51
129 380 81
157 914 42
354 302 71
87 148 97
690 264 3
91 709 92
711 590 65
656 477 79
674 605 78
70 966 43
888 262 80
486 694 41
574 826 13
247 165 21
820 958 81
949 614 100
438 568 3
113 327 89
420 145 49
155 929 20
108 653 52
107 367 78
990 58 87
110 438 44
999 379 52
989 167 97
555 189 23
946 636 70
937 408 79
739 273 91
296 180 7
195 285 41
92 169 50
360 708 65
751 812 6
301 339 29
288 779 11
381 362 82
299 993 64
979 883 67
454 375 75
65 146 74
894 977 16
67 192 1
106 831 31
102 552 9
987 910 80
79 380 12
575 569 63
756 822 40
736 420 57
632 669 51
745 18 14
113 200 59
688 793 86
763 409 75
979 771 22
44 416 90
378 889 94
531 285 25
470 592 19
557 521 23
857 603 31
797 810 81
911 59 8
197 756 67
255 859 18
521 601 71
705 21 40
608 39 97
908 661 74
922 271 57
496 843 3
124 339 13
522 120 52
488 208 34
776 719 30
902 580 62
271 213 43
930 207 53
633 719 43
890 16 99
28 506 48
808 183 57
585 486 41
537 654 49
952 421 53
723 787 25
753 616 93
712 214 90
827 331 91
860 392 95
313 648 96
771 627 41
380 952 80
670 304 32
176 404 55
617 566 24
825 753 46
224 814 60
311 697 58
859 208 74
385 798 86
912 215 60
810 846 29
231 34 82
109 221 75
934 262 33
654 171 70
148 345 19
474 447 41
522 947 92
319 381 19
217 365 75
669 134 70
892 924 41
881 613 29
186 455 15
747 798 92
429 337 99
444 524 90
845 358 98
480 281 91
22 243 68
324 745 36
477 912 17
998 616 78
897 484 94
10 746 70
870 632 89
606 367 49
182 944 88
23 885 72
100 409 97
713 533 68
993 10 45
285 533 19
266 166 90
728 443 24
814 474 8
246 788 59
490 720 1
331 226 61
193 824 76
94 477 72
159 323 26
122 504 55
19 226 43
821 678 5
517 98 60
520 326 59
183 729 81
259 905 85
510 953 31
499 511 77
878 524 70
69 858 33
328 87 72
988 653 23
571 635 53
653 849 22
915 785 12
110 568 90
918 840 14
678 412 7
89 208 12
859 904 13
446 155 69
544 138 28
21 222 90
575 574 38
19 140 100
534 492 39
475 734 63
102 7 63
569 436 63
406 296 24
726 30 38
847 717 33
143 681 92
947 879 57
150 397 94
268 557 94
701 682 85
665 83 43
169 845 30
713 477 29
346 599 51
430 185 1
682 807 6
122 361 51
179 336 73
342 883 48
78 997 79
408 895 19
973 613 58
236 327 11
321 50 38
22 612 44
490 426 66
185 39 79
105 129 98
915 995 59
746 27 26
962 953 31
213 449 74
284 115 73
648 485 76
132 859 11
734 725 93
237 520 14
677 499 37
802 10 28
756 276 87
833 173 15
28 616 17
955 895 85
295 61 24
319 14 15
297 949 72
985 959 24
312 669 25
841 888 24
852 187 33
11 68 42
991 899 69
902 926 13
341 204 65
408 674 79
872 611 100
513 108 60
631 96 34
477 811 100
754 88 90
519 343 30
184 539 3
573 255 58
367 852 95
389 491 52
556 10 89
789 885 26
527 816 12
265 270 2
456 154 76
985 711 32
642 108 89
118 802 32
982 37 89
511 195 22
57 519 42
140 617 43
643 597 27
61 859 40
329 302 92
240 471 61
10 588 17
630 102 16
44 285 72
209 192 55
838 461 27
330 32 79
820 93 47
974 599 12
336 773 5
368 370 87
518 74 2
374 574 34
893 993 22
985 926 19
97 629 83
535 840 16
257 167 96
989 416 46
141 125 60
214 996 27
899 510 28
335 576 46
115 166 47
326 523 8
315 889 49
198 919 76
500 349 84
474 317 30
971 696 10
844 585 29
789 242 82
681 198 20
401 639 63
94 315 63
658 513 38
113 350 65
108 446 4
217 835 36
489 492 57
91 372 96
136 665 45
102 228 83
837 322 99
596 889 28
528 733 63
723 948 56
538 240 64
253 629 39
708 145 65
337 670 69
725 830 81
332 403 24
745 832 11
890 876 42
290 26 41
694 803 79
636 18 31
595 225 59
957 378 9
749 4 43
672 676 62
517 737 25
731 606 87
736 922 98
775 380 24
987 641 63
539 946 16
103 589 35
886 133 42
835 668 89
615 501 38
127 210 59
546 506 80
694 758 31
357 402 12
21 799 62
265 423 6
919 445 65
739 398 81
905 189 2
293 326 61
943 811 66
234 532 41
203 408 84
772 204 25
248 968 20
510 158 29
953 284 61
18 637 70
954 775 24
32 5 59
598 781 51
376 477 44
61 361 46
315 287 50
274 166 23
440 332 95
353 27 31
164 978 78
932 132 58
271 981 46
991 943 36
183 445 93
959 718 61
671 212 73
689 31 21
98 339 34
227 73 25
987 4 59
880 487 30
785 86 98
86 955 56
793 992 38
145 65 10
98 438 1
563 1 30
936 302 93
424 667 32
726 915 52
41 237 24
914 808 28
833 739 12
245 973 88
693 651 28
642 456 10
297 419 16
524 291 30
825 837 37
493 347 35
468 801 65
196 751 8
326 45 59
38 389 49
716 255 17
690 256 66
426 542 89
352 573 86
965 709 11
271 460 51
419 156 61
328 811 100
841 223 68
698 641 24
949 938 39
310 832 35
921 593 50
588 729 58
377 573 16
312 586 44
196 593 46
671 872 26
86 701 4
923 606 76
331 84 42
469 405 44
86 336 1
491 898 44
217 6 43
236 971 22
826 349 11
174 508 7
730 196 70
854 760 80
457 442 18
877 464 24
647 584 61
142 70 84
64 130 97
31 151 28
294 900 77
129 409 34
181 316 47
801 568 43
452 611 92
404 284 56
661 62 12
374 392 86
740 691 23
981 589 79
153 451 11
676 523 78
675 269 12
60 917 41
225 144 12
277 202 95
169 847 10
592 797 41
495 264 39
533 371 79
166 928 28
328 238 21
498 402 30
437 516 4
669 861 78
995 710 93
205 860 12
992 542 91
198 688 9
166 527 16
326 48 76
411 314 81
978 490 76
366 57 11
508 51 57
399 695 10
497 103 49
395 367 51
271 186 95
684 317 42
63 91 17
637 857 36
586 52 78
947 808 58
823 477 56
859 177 94
148 220 58
810 366 84
558 54 50
711 602 7
32 594 4
367 193 89
652 800 55
925 981 32
835 21 42
811 616 23
117 467 39
817 733 22
622 311 49
439 176 28
803 461 28
9 820 22
611 832 38
413 40 64
889 649 82
999 574 60
466 628 65
111 466 41
644 860 31
834 838 53
701 903 33
142 830 66
487 248 18
645 77 9
699 943 87
786 807 21
655 637 15
759 94 21
345 93 86
351 961 14
241 565 77
424 573 47
31 542 55
982 805 80
276 629 90
363 236 3
76 116 16
730 837 37
417 334 80
888 531 49
480 899 81
886 423 9
802 945 11
76 636 97
702 452 90
760 224 71
604 518 44
619 382 95
106 927 14
654 836 66
749 246 39
632 80 83
624 657 87
299 838 19
372 76 75
585 427 29
840 630 54
58 764 38
78 260 60
370 550 6
609 724 70
116 918 2
785 946 22
192 825 83
122 964 63
534 882 53
101 367 85
425 798 49
503 152 31
364 405 82
968 182 21
729 579 66
83 57 22
22 763 36
302 692 99
330 500 67
516 665 4
99 174 58
538 62 40
175 415 33
643 707 67
973 154 35
499 521 80
259 443 68
165 366 32
481 212 57
125 686 38
60 540 56
72 431 61
133 993 21
964 883 83
871 266 4
22 689 84
554 55 94
205 908 55
579 178 14
833 459 78
725 755 96
816 363 22
784 728 69
355 78 67
557 122 19
705 683 98
610 43 98
93 935 13
9 430 9
290 769 81
685 473 81
484 266 72
849 361 45
353 261 76
10 780 88
14 535 15
975 213 72
351 80 30
588 668 2
828 557 20
350 562 65
367 541 51
261 620 17
893 404 20
986 87 44
627 748 40
56 162 38
117 580 56
751 300 53
405 763 22
313 628 10
244 347 50
158 482 97
453 577 80
446 216 92
904 900 80
415 333 88
180 64 28
885 332 32
556 565 5
984 98 8
279 446 11
620 256 62
837 738 62
724 227 80
871 234 81
370 753 39
847 955 62
409 501 23
373 632 23
427 557 26
889 715 60
191 919 64
356 430 70
319 648 95
670 324 65
347 221 88
143 129 98
108 45 29
467 591 43
384 360 61
781 159 75
261 905 57
395 217 57
422 892 58
993 973 97
79 717 47
143 396 3
900 840 91
746 375 28
304 639 45
316 343 46
718 382 22
913 658 24
926 577 28
360 676 67
143 564 13
923 115 11
138 220 22
766 562 37
766 165 13
503 870 66
842 44 73
291 425 81
1 520 74
35 878 29
335 639 72
199 62 83
709 676 7
471 587 92
597 391 31
235 79 67
949 573 54
335 579 35
615 398 90
291 60 72
893 651 24
440 77 40
657 365 98
283 57 9
426 268 53
321 252 55
982 773 65
395 844 95
415 827 36
984 553 88
435 616 72
598 265 13
449 722 90
506 168 70
886 444 59
398 294 72
441 876 81
840 330 79
165 13 38
911 69 28
717 887 15
196 285 44
881 749 55
640 321 42
547 678 22
548 25 28
603 646 72
204 879 70
771 3 93
548 985 41
744 303 87
515 673 65
170 965 19
833 110 72
942 478 68
392 789 4
331 359 47
848 39 39
889 461 86
271 784 28
58 61 18
613 334 45
263 605 84
546 194 80
532 751 58
771 425 50
240 353 97
933 413 6
727 152 19
419 822 62
215 8 68
719 506 56
146 484 3
423 930 52
125 161 71
108 652 29
341 709 19
588 178 49
585 571 55
559 875 31
640 97 82
896 32 60
670 697 24
463 252 76
720 584 80
53 371 90
790 305 45
137 857 9
24 720 9
703 776 71
624 915 56
348 613 57
930 619 66
979 647 32
759 956 87
148 261 77
616 632 59
816 134 3
520 78 7
69 184 60
912 602 12
906 578 47
323 68 56
209 234 1
444 776 87
815 376 100
353 412 45
19 100 24
387 587 1
961 503 11
847 121 56
667 30 26
859 813 39
128 974 93
120 201 95
81 634 34
52 187 98
526 13 69
730 490 89
660 175 37
561 974 68
819 871 8
761 449 37
635 821 20
966 577 23
533 74 21
426 141 89
758 150 33
885 244 100
737 54 74
495 276 33
872 393 69
451 345 74
427 591 73
961 211 34
468 541 66
813 539 38
608 465 55
684 199 87
410 415 54
531 780 98
653 42 43
448 974 64
107 8 21
596 341 6
228 857 63
807 39 4
177 48 30
753 683 37
875 575 80
270 182 18
565 296 4
246 310 45
805 746 46
554 149 61
438 470 20
324 393 15
487 354 35
665 936 74
562 469 85
644 760 22
661 860 50
865 2 33
613 547 36
606 117 48
444 911 74
739 961 68
374 520 55
84 851 11
333 299 15
211 281 96
899 409 16
876 329 82
464 812 85
215 937 45
425 317 94
970 161 88
156 249 95
313 509 53
185 278 49
824 783 82
826 724 87
689 569 55
866 347 52
836 607 86
758 49 43
398 73 3
350 839 63
177 192 68
148 357 30
816 32 51
743 324 26
323 124 33
699 788 85
711 19 32
233 490 95
76 385 83
938 265 28
889 218 60
214 567 9
162 896 7
979 552 96
467 852 12
846 835 67
417 826 27
208 788 39
913 640 31
874 775 67
652 839 99
473 203 72
960 979 32
153 411 93
268 643 70
877 589 41
305 418 14
527 317 2
381 496 39
291 357 93
48 87 47
459 836 95
180 901 15
701 471 59
370 280 57
366 947 10
760 786 69
323 415 67
287 357 55
464 885 56
876 801 45
211 246 40
225 130 4
75 842 61
264 189 36
59 809 90
120 534 47
134 122 6
441 119 5
471 517 67
795 641 68
144 509 64
828 404 23
464 830 81
276 332 37
146 128 88
101 212 94
294 189 71
333 683 53
800 347 19
870 352 91
125 325 55
92 292 22
688 474 1
453 432 76
958 420 90
196 994 36
416 742 5
424 305 25
675 427 14
454 299 30
56 995 48
767 208 70
91 854 42
666 351 80
537 412 75
500 112 5
791 280 3
368 443 63
587 464 96
607 573 72
158 42 52
258 395 18
479 187 20
503 500 74
150 272 75
824 593 90
78 350 89
681 616 12
316 744 5
165 632 69
373 421 91
928 34 47
39 30 95
480 964 80
27 647 72
966 221 85
701 526 87
206 100 1
238 980 3
938 43 28
29 638 81
729 298 58
493 842 79
77 494 90
429 392 2
480 568 45
124 531 77
598 257 72
674 524 65
684 616 34
266 936 27
64 863 55
12 87 19
442 610 26
817 936 36
13 653 40
557 782 7
188 621 82
813 859 100
708 29 21
660 272 42
166 9 19
614 36 13
857 378 53
261 327 37
289 492 55
359 326 56
863 238 22
635 882 86
664 224 96
507 15 65
59 564 51
365 912 65
730 28 63
369 31 54
354 20 35
507 542 66
257 759 27
113 620 100
944 606 67
363 668 25
986 572 16
881 33 53
745 661 44
357 428 39
225 286 51
705 442 36
345 190 45
369 383 86
939 738 99
334 839 91
990 74 27
49 842 13
406 116 75
87 201 67
811 600 9
647 270 69
747 207 51
622 672 59
185 943 67
232 7 6
833 653 52
740 943 29
478 570 44
59 450 97
359 109 17
67 842 5
389 427 53
97 19 75
60 898 60
260 879 63
493 42 17
386 116 30
899 228 71
644 966 14
82 860 91
664 845 72
893 935 1
942 741 56
548 495 58
335 469 72
742 538 100
932 710 24
678 310 66
316 695 81
320 455 79
427 53 8
759 410 82
513 521 7
910 509 48
959 178 98
361 531 91
515 993 29
421 997 17
274 286 46
553 2 58
349 630 8
835 743 72
561 260 58
395 286 84
814 633 1
166 333 33
659 791 91
172 234 70
541 563 54
147 874 69
50 142 43
398 182 31
21 690 15
782 976 17
214 811 94
7 205 54
931 516 66
623 113 24
581 9 32
454 383 8
440 892 43
173 664 43
768 434 33
552 924 79
938 472 5
25 14 78
425 82 60
641 277 81
259 282 68
449 601 2
167 803 89
703 679 24
362 390 69
695 112 36
468 162 17
723 338 33
150 121 64
829 674 26
148 512 3
691 792 32
2 648 35
459 494 58
818 590 84
824 724 66
247 264 73
59 246 1
214 904 55
942 678 10
53 487 7
151 784 95
859 246 61
501 428 17
845 332 73
266 579 48
319 419 20
330 418 11
286 484 34
850 515 74
169 720 81
366 145 71
480 465 75
150 485 42
361 132 48
114 848 3
990 282 64
330 793 70
14 538 89
858 954 18
575 265 76
941 512 45
286 789 86
492 596 48
579 148 66
851 856 8
731 310 22
673 466 51
980 881 56
39 938 65
813 477 67
154 349 75
304 411 65
531 432 97
798 486 77
823 312 77
702 662 50
896 323 26
412 820 90
377 359 82
287 493 36
857 214 90
544 597 15
507 817 79
225 266 60
15 125 41
978 507 46
297 822 39
768 133 72
277 827 25
100 300 68
299 265 56
785 250 96
940 901 52
114 128 37
279 364 73
122 13 10
937 384 45
992 521 57
988 621 51
471 947 67
915 956 95
588 812 7
296 492 35
992 364 39
979 593 37
106 108 15
778 874 37
300 620 31
924 387 58
966 637 9
642 818 62
341 159 85
456 991 1
348 626 13
575 144 32
758 523 15
493 260 26
204 293 36
762 74 76
856 469 87
717 412 46
612 851 65
332 749 93
520 542 52
535 631 68
703 340 35
724 330 33
269 397 55
674 360 38
540 199 41
871 836 93
73 626 58
811 575 99
383 614 43
908 800 36
280 700 88
788 650 83
772 401 62
638 525 86
966 883 29
106 154 83
287 274 62
727 185 33
908 56 42
209 849 41
249 741 32
100 59 82
257 996 50
788 946 48
388 568 64
6 427 21
46 898 51
21 65 91
883 113 76
133 378 18
640 799 12
478 702 15
822 686 83
940 284 58
263 98 53
54 967 80
920 626 36
922 779 55
921 62 27
403 830 66
267 384 35
999 198 41
507 546 85
225 528 16
123 645 26
588 562 1
583 284 58
643 77 82
753 312 91
647 510 27
718 690 92
697 642 14
674 665 73
333 260 18
582 500 85
452 296 78
897 84 63
789 423 11
623 207 41
515 838 47
482 988 91
589 509 33
660 900 100
312 146 28
736 494 14
913 838 71
596 677 94
726 865 66
74 759 14
192 601 18
518 362 17
850 129 72
563 566 5
19 873 24
807 803 79
242 15 74
47 184 55
606 994 63
342 751 35
438 134 64
674 486 65
947 101 53
467 209 67
667 493 55
674 803 82
176 685 27
616 921 86
930 900 45
388 47 18
306 817 25
213 414 93
317 22 83
921 3 59
644 774 67
398 660 100
520 227 62
264 810 6
784 940 4
456 30 68
957 664 44
562 176 72
473 750 44
185 517 11
807 74 66
374 185 50
734 615 60
958 578 34
678 760 57
531 457 23
640 615 73
967 225 13
497 507 46
321 834 63
377 841 8
730 457 47
161 909 71
302 571 76
270 474 96
898 291 80
554 901 81
214 513 67
960 738 85
742 921 51
372 11 55
261 840 33
903 852 95
840 879 11
24 182 32
414 128 22
154 860 30
749 74 36
243 681 96
184 311 39
159 377 72
237 828 88
314 678 28
279 241 25
393 17 9
346 669 53
822 277 67
700 421 42
288 316 41
262 666 40
70 241 96
217 910 31
117 864 19
767 311 69
559 457 14
507 200 27
902 74 11
331 398 50
763 57 89
88 336 27
164 367 74
393 772 12
980 225 14
261 709 7
417 326 92
72 407 71
445 386 13
326 320 13
400 226 2
232 437 99
336 835 81
15 107 62
760 255 72
104 241 71
83 131 85
443 249 64
145 554 36
977 400 79
326 774 98
355 880 1
872 734 40
999 962 41
684 985 84
141 500 30
160 170 89
475 486 80
968 340 26
906 992 55
222 465 37
787 594 11
720 242 48
280 76 60
496 901 34
578 657 65
182 776 40
259 966 83
88 417 61
175 90 36
156 246 61
228 443 29
548 180 88
667 817 58
887 648 62
343 489 77
459 129 74
571 521 28
105 527 15
323 357 80
67 891 24
742 656 18
12 274 61
919 772 44
170 941 19
392 28 96
512 925 66
660 456 1
389 400 46
911 781 89
33 187 79
399 666 84
241 577 53
847 49 83
379 907 18
117 22 15
357 82 73
935 921 48
662 64 41
321 999 36
282 809 19
735 463 69
504 21 36
910 695 22
183 629 52
61 500 9
823 9 93
565 663 63
305 50 69
290 251 86
966 101 83
216 431 43
784 842 41
254 74 100
706 355 41
386 930 13
306 680 85
243 680 63
853 223 30
387 461 86
823 738 65
154 359 61
511 628 100
90 741 47
614 260 83
777 950 16
552 123 33
269 86 96
375 747 57
19 703 41
875 257 95
638 102 46
600 964 67
218 172 59
545 700 34
825 77 41
65 686 76
303 615 44
715 895 69
949 134 72
151 374 26
820 399 3
939 102 68
661 255 30
55 951 69
436 625 43
675 678 27
767 516 48
361 214 82
773 69 33
275 175 61
631 205 10
672 971 14
632 22 99
863 338 34
971 156 15
172 40 89
32 654 47
956 83 81
512 767 33
499 335 83
635 412 17
827 766 76
582 678 92
329 364 64
982 506 58
461 973 100
27 504 73
31 816 63
53 728 58
885 801 64
561 19 7
119 693 17
60 211 82
799 43 31
137 312 28
755 633 42
976 64 12
585 142 14
368 571 84
779 467 93
321 67 57
303 260 66
401 315 34
451 804 3
924 693 76
883 439 98
504 830 13
31 746 66
596 495 91
937 200 91
759 988 69
861 265 55
667 714 93
964 918 58
719 839 5
942 872 58
657 159 32
155 187 12
116 476 6
480 754 62
235 482 3
973 397 30
482 873 17
100 44 61
189 648 68
772 82 51
555 197 15
368 195 28
393 419 11
529 173 63
348 845 33
910 749 47
74 88 87
797 816 48
765 546 31
595 822 67
182 890 13
952 44 95
939 809 31
889 917 5
272 849 91
72 903 75
923 169 50
360 865 19
950 443 33
411 418 5
719 830 31
854 753 79
73 847 53
750 122 94
293 576 26
582 838 86
193 349 81
50 793 75
498 254 24
474 226 25
464 827 1
958 531 6
952 233 16
189 573 68
961 428 87
456 850 16
821 414 31
303 890 62
941 217 50
614 354 38
414 346 34
305 212 68
618 562 57
851 462 25
95 40 80
182 174 35
114 179 63
83 398 45
59 676 36
751 771 40
615 478 37
755 191 36
631 784 89
967 646 89
812 453 53
579 717 72
896 349 78
799 909 44
431 846 91
254 621 2
39 451 66
59 847 49
174 168 67
629 824 45
287 171 41
411 569 24
519 653 4
295 98 83
100 14 27
403 245 62
742 22 58
215 763 33
69 21 49
546 323 64
849 227 71
999 46 89
720 58 55
127 825 50
507 245 55
254 668 7
273 529 2
490 66 1
957 482 35
519 868 61
959 970 95
982 881 53
894 845 29
85 151 54
639 678 49
564 98 24
677 62 57
386 863 65
609 991 58
917 462 7
954 930 14
832 446 3
655 298 44
50 283 100
287 427 24
662 343 24
871 933 51
274 240 27
384 314 11
462 904 2
408 597 99
31 347 54
836 457 26
242 76 33
31 705 61
9 311 32
443 680 82
152 248 57
308 168 85
154 492 78
827 266 38
375 398 74
167 179 92
531 896 92
402 48 82
589 414 10
454 282 83
849 177 2
220 77 32
363 788 100
372 291 36
157 998 55
383 519 25
449 623 95
801 280 7
293 618 15
35 697 53
321 256 81
306 971 47
43 927 100
710 254 94
420 659 78
7 665 27
778 905 47
643 916 99
789 155 31
296 948 37
961 326 42
251 651 45
814 642 82
311 14 8
629 708 98
459 231 56
795 455 54
890 221 56
51 923 76
510 316 30
375 355 49
522 507 53
206 687 68
224 692 66
142 778 54
676 609 49
186 991 90
404 482 11
115 821 34
212 476 72
10 178 4
16 55 16
538 376 34
106 893 20
559 764 76
769 687 82
520 841 75
420 544 87
385 525 44
470 838 72
563 213 38
789 179 43
495 127 26
119 955 17
490 890 1
990 92 36
284 292 10
218 893 83
854 209 98
924 706 67
645 897 93
554 946 70
877 619 87
831 671 84
429 632 64
921 547 93
821 664 82
7 598 11
21 857 37
84 228 22
338 230 62
600 66 58
22 289 44
207 793 77
30 935 85
52 383 14
118 642 57
804 952 80
542 719 69
887 816 22
799 107 8
615 740 83
949 582 71
962 836 80
485 700 32
60 676 11
492 784 90
198 974 3
992 890 35
218 895 79
329 47 12
285 621 63
454 763 93
10 492 33
927 214 8
998 830 68
759 405 72
75 355 60
783 641 49
816 715 29
552 981 16
439 64 30
366 348 94
519 529 94
802 735 58
577 957 17
369 149 6
502 780 73
705 751 53
225 326 11
188 384 49
918 666 55
578 320 44
323 539 14
107 473 70
791 734 97
11 501 28
167 92 69
998 756 60
71 465 86
463 829 97
472 659 57
168 713 45
676 774 2
423 122 31
162 991 76
935 440 95
545 131 78
234 340 45
748 832 45
736 377 85
333 920 97
780 771 27
20 285 96
352 775 31
149 249 8
752 308 4
624 728 62
823 275 7
445 61 22
285 50 21
516 581 35
675 542 64
946 357 15
498 1 64
76 119 47
229 706 90
580 342 50
801 353 26
309 41 38
500 611 90
167 819 78
252 575 91
269 479 51
48 962 3
20 485 20
546 448 8
638 922 22
718 931 81
642 584 88
663 329 39
828 679 38
978 252 65
911 341 10
285 942 97
458 185 100
806 539 47
757 443 1
747 496 15
737 466 79
35 158 68
418 58 42
87 103 85
443 442 81
200 300 60
432 519 97
410 31 91
591 749 75
151 760 58
715 88 73
244 59 91
534 462 79
892 94 17
12 205 82
352 712 37
412 745 95
599 766 56
967 602 93
732 481 90
754 414 67
802 811 50
787 722 16
874 233 4
265 546 82
989 810 50
495 864 59
185 826 61
312 870 6
431 482 49
913 82 80
42 366 47
64 843 64
931 834 66
664 826 43
734 123 71
910 769 28
505 224 46
815 159 99
843 660 5
624 267 32
519 20 98
191 785 59
368 151 72
883 931 19
538 522 47
512 552 61
311 327 91
873 797 45
705 700 59
635 969 12
297 622 29
550 242 90
741 880 80
150 597 9
651 294 35
986 39 3
253 672 59
608 812 65
777 218 18
226 51 44
850 95 8
74 393 9
94 572 57
397 363 30
202 315 60
207 363 42
166 203 71
698 836 13
273 948 19
89 75 95
527 833 84
680 250 92
460 139 17
252 15 25
910 310 68
575 332 3
881 382 19
246 78 61
942 985 31
517 935 43
637 368 99
784 753 8
105 959 86
417 147 32
692 974 51
935 707 65
764 18 81
748 834 34
847 388 42
158 889 53
719 744 84
273 989 94
116 194 38
66 806 65
86 849 55
953 858 77
18 199 94
919 322 17
766 558 13
555 772 45
481 984 87
59 212 63
672 205 79
527 202 78
818 246 96
393 616 96
784 761 54
572 598 23
13 425 53
774 575 83
670 244 17
662 241 10
756 23 17
548 416 23
250 78 55
729 986 50
852 796 27
663 368 73
918 307 90
263 160 61
829 200 30
815 543 53
5 226 100
625 761 95
241 82 69
109 293 85
89 109 43
39 613 35
89 466 52
569 514 51
628 913 25
768 20 99
324 476 40
84 635 96
930 4 21
776 687 4
97 761 20
937 509 39
708 240 86
226 743 50
15 170 69
672 824 37
525 323 97
461 4 55
818 141 34
707 650 89
693 277 31
180 995 77
103 183 16
41 892 62
119 239 39
171 733 99
791 291 96
903 789 18
844 818 95
502 553 8
343 733 77
892 163 17
68 725 79
445 950 76
442 713 17
26 497 18
393 471 38
933 628 35
174 628 39
12 868 72
729 603 6
715 513 91
91 146 96
261 244 100
932 156 84
720 551 73
336 682 86
227 152 22
179 666 23
186 597 67
314 492 99
386 195 31
805 947 10
508 353 57
243 949 98
653 25 96
721 106 25
846 811 34
311 810 19
855 693 28
257 408 49
726 131 10
724 755 41
110 140 92
741 276 11
117 607 27
930 403 16
487 653 1
380 888 41
7 501 78
233 470 47
523 686 21
457 607 5
537 257 17
351 238 36
66 81 7
449 13 70
220 48 68
750 316 96
342 9 14
193 575 55
342 218 68
764 741 32
584 293 28
0 508 28
251 217 91
343 766 15
493 594 97
238 546 84
328 284 10
210 543 6
860 739 87
508 604 12
393 221 66
998 762 81
411 349 48
542 680 42
876 36 80
778 22 72
124 408 86
845 833 54
388 65 59
461 911 11
783 571 21
120 730 21
101 893 90
999 149 56
662 619 62
797 776 70
551 182 6
411 705 54
383 359 33
176 991 74
590 198 72
260 526 29
769 161 76
610 997 84
706 519 80
616 376 38
457 496 97
546 32 96
335 882 49
129 1 5
899 680 29
60 820 16
277 351 66
434 821 52
792 992 79
385 88 25
79 575 31
215 35 95
500 259 40
989 557 42
298 812 49
648 334 94
195 625 65
581 673 66
829 786 88
898 704 27
687 200 6
34 109 38
812 846 24
69 355 54
145 694 20
836 775 59
261 186 45
964 151 10
677 768 73
86 361 15
784 898 24
753 691 37
729 638 97
457 232 7
93 721 27
763 122 89
169 540 34
673 413 44
903 318 20
411 971 92
810 164 89
248 929 61
753 116 79
891 437 5
510 755 94
373 378 6
762 640 58
8 814 27
75 352 63
322 247 50
903 526 11
396 843 34
88 504 3
33 235 65
333 605 63
279 131 18
437 72 21
587 855 57
44 533 36
985 631 54
913 721 87
112 895 30
62 275 85
575 779 34
902 641 32
690 911 4
402 639 64
116 424 47
427 726 55
703 355 30
792 272 64
440 689 19
231 974 97
344 660 93
197 908 76
364 173 26
63 770 53
229 553 53
188 110 35
385 945 8
285 283 16
665 992 100
302 254 69
473 231 45
550 184 39
610 961 73
432 147 59
757 944 71
989 197 11
648 834 40
382 681 60
496 375 5
401 786 16
555 572 73
546 126 19
721 541 42
714 599 49
354 916 21
575 815 14
560 547 99
180 373 77
685 967 63
360 637 44
736 421 14
285 549 80
509 617 35
64 436 84
518 187 33
979 293 38
738 616 7
77 312 35
653 802 21
477 572 91
302 575 85
928 349 99
229 453 54
565 135 84
797 221 69
861 770 60
398 725 84
79 493 77
94 310 23
805 711 51
896 274 10
952 864 77
799 985 36
364 689 65
186 611 82
687 657 4
438 291 87
909 139 43
845 960 3
213 753 100
573 697 70
776 412 40
864 907 32
545 274 69
301 94 78
631 495 88
537 178 84
737 833 3
161 926 55
982 126 36
868 107 84
658 849 3
704 482 47
271 404 48
395 18 7
51 948 2
450 619 94
560 879 24
828 646 59
884 101 28
323 831 61
662 13 4
42 375 68
507 888 74
855 287 17
982 911 69
696 372 72
97 304 19
715 487 71
494 594 77
357 726 82
201 937 60
869 20 25
398 445 77
342 399 71
835 831 98
215 607 95
145 677 38
218 9 38
602 104 83
597 629 17
786 693 80
737 851 48
266 93 88
610 654 38
289 949 99
513 950 8
574 636 85
779 261 17
416 449 19
743 520 3
496 28 22
676 672 73
117 845 7
399 384 39
409 552 32
757 257 65
338 327 17
346 403 77
904 534 23
97 684 16
141 851 36
998 321 34
937 386 43
154 690 24
602 424 15
284 939 71
345 537 5
822 300 73
335 128 10
123 619 90
346 819 63
467 6 14
982 898 18
230 659 4
715 924 18
808 111 70
152 34 25
528 168 66
673 759 43
471 537 96
47 244 87
69 170 34
360 661 8
737 136 74
665 110 70
885 676 29
552 209 96
614 507 22
449 508 25
407 98 24
548 292 32
427 524 35
206 381 84
735 999 17
322 627 85
678 872 81
996 847 35
158 756 14
228 614 63
756 704 28
741 525 21
772 848 77
420 653 22
78 542 6
863 388 97
26 748 91
5 20 14
29 76 17
101 627 39
541 338 66
113 893 89
454 615 5
796 763 38
811 410 5
317 242 44
770 610 38
492 472 84
823 900 10
469 677 24
214 945 7
735 662 65
747 75 21
67 48 16
99 147 85
420 370 16
302 854 50
578 632 37
37 69 90
591 958 12
417 743 42
802 878 55
429 149 86
786 28 31
489 222 96
470 252 93
266 297 64
905 926 6
198 83 93
698 663 20
993 316 74
136 667 34
814 280 18
736 945 71
165 954 3
724 697 70
184 694 76
882 795 30
236 300 9
741 500 23
890 912 85
534 117 31
964 776 27
312 349 97
149 982 38
666 635 12
506 263 83
515 641 86
263 184 56
74 580 51
389 884 10
42 307 22
898 693 59
825 903 81
978 129 37
397 756 99
305 988 11
602 833 71
762 951 83
449 299 14
703 668 22
960 11 70
866 803 53
422 983 10
385 168 96
982 615 50
512 12 31
955 825 50
828 836 42
548 727 11
447 615 74
997 994 4
262 841 64
235 379 40
548 372 88
898 347 51
72 447 80
818 555 5
449 86 19
21 92 69
278 525 72
876 411 50
570 221 9
805 123 30
11 935 68
250 264 17
966 493 31
50 363 4
319 215 82
9 876 30
11 477 66
394 686 14
961 579 38
710 195 68
520 393 45
137 791 50
903 890 9
468 846 20
908 93 93
943 764 75
742 312 2
295 920 90
351 177 5
535 412 72
732 396 45
39 758 23
509 901 30
523 202 82
421 555 4
943 422 91
68 482 88
318 575 61
646 674 29
498 225 83
707 183 68
334 122 69
238 246 95
439 304 97
25 625 7
949 775 73
757 724 39
591 153 15
498 519 34
252 373 100
260 266 7
230 791 63
618 510 84
21 503 13
984 811 97
483 271 15
386 465 76
253 776 23
910 957 66
362 475 5
377 970 42
794 850 26
980 408 6
862 580 36
520 567 38
534 851 41
575 639 32
473 444 3
356 814 44
464 111 58
623 705 69
410 636 74
763 131 95
653 860 83
418 889 22
579 311 32
587 163 86
539 543 20
601 952 53
897 971 4
816 561 79
789 517 25
331 523 2
405 43 20
30 614 99
993 114 37
142 552 49
327 481 88
919 864 8
178 957 90
216 151 98
95 541 66
652 385 32
530 611 66
710 52 2
292 34 47
986 266 46
48 935 9
729 801 38
911 150 16
978 249 59
652 192 96
681 299 10
855 868 51
90 956 24
973 103 45
523 952 69
458 788 54
695 804 37
722 557 62
927 416 39
792 252 95
519 9 30
587 261 87
778 653 90
800 502 90
779 750 19
717 547 97
636 863 50
815 116 9
734 239 84
556 635 71
169 303 8
93 301 32
36 771 84
877 703 92
563 378 89
372 110 41
714 375 15
666 60 36
132 20 96
224 48 3
583 470 20
205 6 46
758 277 16
603 942 100
592 547 9
646 217 92
610 374 34
166 532 29
799 402 80
4 886 86
199 76 18
900 799 95
320 990 52
809 743 15
395 706 14
203 679 90
817 316 2
326 562 92
469 13 26
193 161 43
188 700 73
647 536 67
981 880 25
121 956 53
515 725 15
636 148 45
608 17 84
60 747 12
655 343 18
117 108 43
0 178 11
779 766 88
895 389 25
511 794 96
198 535 25
995 224 15
51 862 20
497 373 3
405 972 31
965 514 39
377 954 98
141 807 69
930 191 56
779 166 38
752 7 24
414 145 23
41 683 48
194 286 85
986 267 25
393 866 30
316 643 75
101 659 48
561 334 42
884 671 8
407 829 55
167 589 9
267 202 34
102 18 53
852 988 76
34 183 47
362 386 43
339 334 34
798 895 73
18 767 78
904 252 60
304 681 10
869 114 78
298 120 83
928 134 69
742 127 29
771 883 36
428 805 18
955 985 26
176 857 57
773 569 68
372 384 96
109 843 49
829 105 98
500 457 83
97 997 77
198 380 21
190 810 49
469 925 92
171 768 85
736 418 11
136 35 85
316 969 22
291 712 31
450 390 53
814 813 2
478 223 55
705 842 41
431 330 9
872 521 92
579 947 52
272 258 92
223 736 37
154 166 62
666 26 62
708 632 74
224 789 25
172 787 63
690 178 88
946 403 68
547 95 74
187 974 67
989 476 100
736 890 29
639 657 1
176 699 55
238 957 6
628 697 5
756 988 66
156 365 72
511 532 94
294 729 18
504 177 60
858 927 88
393 465 11
103 325 89
415 487 28
438 528 41
304 365 11
526 188 61
918 466 63
896 314 32
366 578 50
299 673 76
582 102 94
188 625 81
910 183 1
625 890 98
721 522 18
187 263 33
542 823 13
351 785 73
791 777 31
501 69 79
988 316 26
516 67 69
329 168 97
273 792 66
480 655 31
493 423 80
17 482 72
881 99 74
519 314 57
395 1 67
979 894 31
178 77 52
854 118 16
279 24 69
494 77 13
662 982 91
10 969 6
216 833 75
239 926 92
91 311 42
69 919 2
202 282 94
473 527 1
99 581 45
333 326 40
282 261 55
529 483 24
481 134 9
890 802 40
820 230 83
309 317 77
4 22 92
478 760 41
107 968 71
180 20 63
27 202 53
548 96 56
964 75 90
461 63 32
324 277 38
224 480 1
168 1 58
589 435 30
947 167 94
684 565 53
644 914 14
831 223 73
900 126 70
666 189 70
570 763 94
263 345 65
185 618 95
385 461 67
417 86 27
643 891 61
845 210 41
818 30 88
446 210 19
75 142 61
393 479 10
427 957 77
47 969 41
477 162 1
688 596 8
653 546 83
773 199 96
524 698 45
99 664 9
63 731 89
215 511 45
877 976 35
819 653 85
956 860 95
619 944 75
42 358 41
998 60 28
309 590 18
282 620 12
780 567 52
353 795 59
12 558 83
542 178 13
460 440 45
812 873 32
965 443 26
493 67 87
650 655 51
100 565 87
46 832 78
753 232 47
334 757 23
478 945 74
168 880 74
890 245 46
424 859 100
101 100 11
881 548 95
651 698 16
9 472 83
94 882 61
980 855 84
737 445 38
688 993 49
662 353 82
626 669 77
989 635 83
826 519 18
366 373 69
312 590 20
629 443 35
947 428 54
558 286 84
354 762 62
118 352 25
538 26 28
7 345 23
705 799 59
904 93 40
973 563 5
706 82 96
701 912 71
57 18 25
642 49 4
616 960 72
186 853 16
452 569 100
633 0 84
109 903 31
392 25 85
782 542 6
470 748 70
52 103 26
265 841 82
951 504 42
908 969 9
626 313 42
355 802 43
295 986 27
310 656 52
390 536 14
770 66 52
787 605 68
753 411 11
896 963 42
846 710 39
909 728 85
762 511 86
680 188 42
703 647 4
257 115 44
776 209 82
38 592 59
581 864 75
25 906 20
421 460 12
665 838 18
341 56 14
519 614 82
578 35 48
349 859 67
272 130 2
235 323 54
9 953 55
287 378 49
813 399 80
897 434 8
216 566 43
846 641 99
190 698 78
379 330 42
932 351 52
603 847 74
615 819 56
416 682 72
811 916 65
920 797 71
190 636 28
531 229 19
798 123 9
485 795 16
389 576 8
645 424 53
300 36 60
57 472 12
296 153 87
989 406 35
470 291 85
52 89 64
389 652 41
175 495 92
106 800 11
230 416 49
33 458 26
348 201 82
489 109 2
415 675 43
855 468 71
861 818 22
643 102 51
617 219 18
279 74 32
426 38 22
913 361 91
259 107 10
556 560 47
27 683 97
603 341 13
695 660 82
608 279 54
748 402 84
954 241 85
992 585 3
6 217 44
780 700 20
117 698 41
855 191 96
338 474 3
971 126 42
454 218 90
513 490 65
453 457 79
566 267 42
95 524 21
952 791 50
677 253 10
758 667 34
931 816 5
56 616 34
379 94 51
85 528 66
557 871 60
516 332 30
125 720 69
624 0 80
328 643 22
167 388 68
311 391 71
463 260 93
560 359 46
611 801 37
428 94 87
453 0 60
604 407 1
390 713 83
234 29 38
295 380 82
846 920 11
412 666 89
981 198 3
221 965 85
18 903 85
222 961 6
993 90 46
261 866 77
122 509 43
455 307 59
395 890 71
90 87 70
998 926 64
213 873 84
829 698 77
14 39 24
516 605 33
502 112 53
342 231 65
675 230 27
444 389 41
368 52 68
628 90 62
205 966 21
298 108 42
207 403 61
919 732 41
660 442 48
252 52 1
959 110 17
682 912 33
697 473 22
297 315 74
30 842 62
899 612 18
725 695 2
963 817 66
738 350 15
635 347 69
638 397 50
103 115 61
87 802 79
997 155 23
172 700 84
28 612 97
604 12 48
358 568 8
601 620 97
339 222 74
214 486 6
419 658 35
549 86 12
204 364 64
178 496 34
70 951 55
683 54 1
511 252 97
10 307 72
723 469 75
994 404 74
593 517 48
804 283 71
754 243 71
530 900 56
618 451 39
179 714 23
619 281 62
10 849 92
910 686 19
689 314 58
650 689 56
981 652 39
433 712 42
854 623 86
175 902 68
5 967 30
256 133 15
453 24 50
378 255 22
723 491 27
524 853 35
177 749 37
904 622 22
605 836 8
131 846 23
598 561 87
306 867 5
545 294 92
904 848 18
958 763 86
722 821 11
469 329 22
189 910 3
722 173 29
201 340 17
686 91 48
526 81 33
141 908 75
187 328 61
507 900 77
47 751 52
167 450 10
928 591 67
741 349 15
711 371 59
870 347 95
785 454 67
79 5 26
865 232 40
238 645 50
396 583 89
122 650 89
579 619 99
597 280 99
65 628 52
928 424 29
454 240 63
516 615 51
392 226 87
699 651 3
889 690 92
457 167 69
680 477 32
977 836 34
732 982 20
64 938 69
683 454 95
789 869 81
668 94 56
822 820 22
632 25 67
217 253 48
817 742 66
218 844 12
351 645 34
983 23 61
768 691 34
561 327 79
688 975 26
544 909 42
538 860 97
969 76 13
336 578 39
792 730 54
212 409 38
655 910 28
114 349 75
992 702 64
130 872 69
807 569 66
287 840 32
287 832 64
231 590 52
622 681 17
129 277 94
286 260 61
318 972 67
954 78 23
627 304 92
36 249 40
361 834 24
236 167 27
346 220 61
350 404 81
65 646 95
785 337 59
445 257 17
227 865 1
291 780 2
847 316 77
984 74 15
762 31 5
578 105 38
440 794 48
731 816 19
679 564 16
32 226 44
285 714 13
414 287 12
728 61 25
853 835 90
469 343 33
164 412 98
709 545 52
476 7 75
922 168 7
579 938 90
28 23 78
672 534 56
505 950 8
258 238 86
777 308 90
429 529 22
353 863 6
195 682 86
278 455 6
835 665 27
485 132 2
554 110 51
699 356 7
662 865 10
311 622 9
211 759 13
524 909 31
459 406 77
21 89 67
57 365 50
714 315 63
4 651 19
792 218 64
288 418 88
389 420 12
679 779 2
761 813 25
240 862 31
589 45 48
409 17 86
382 378 65
908 89 87
459 61 100
305 716 92
546 29 54
765 43 91
957 770 93
743 682 85
99 665 21
423 183 7
519 787 21
905 695 52
545 532 2
403 744 86
188 14 83
624 355 91
338 103 2
959 987 97
612 929 43
462 96 39
699 705 29
318 988 7
950 901 74
634 971 21
105 18 28
723 253 86
72 405 98
80 59 65
856 296 77
143 375 52
18 481 1
516 203 83
493 484 46
900 585 85
771 651 38
56 160 87
800 905 34
375 286 53
764 281 94
14 914 48
137 129 51
183 92 49
960 867 22
844 197 97
888 482 97
552 697 83
121 699 49
182 816 40
572 929 14
146 171 21
864 400 53
939 705 12
373 672 54
524 329 54
674 42 18
954 121 81
783 302 85
130 668 35
158 894 25
132 911 35
288 494 82
32 285 27
939 595 92
323 43 88
770 936 17
441 215 54
459 630 58
664 325 7
575 53 18
865 22 22
571 584 52
624 689 17
649 761 90
865 459 29
8 877 64
81 675 81
521 640 69
583 323 24
148 361 67
910 245 47
456 594 50
935 477 47
598 388 3
893 989 92
716 354 43
591 191 97
80 55 68
39 316 52
229 291 38
581 592 73
671 69 65
882 863 28
218 381 64
337 101 84
547 170 59
28 216 98
391 980 83
257 148 1
434 645 94
648 504 95
725 298 83
189 203 62
218 563 76
717 753 89
60 559 33
150 398 60
829 374 43
452 925 96
996 554 79
149 666 45
391 228 7
135 573 72
361 628 36
497 687 43
463 322 76
88 398 30
150 838 47
783 951 98
801 656 21
553 391 30
927 76 13
618 253 49
262 759 58
411 410 99
79 397 63
870 606 40
507 870 50
27 67 70
639 71 44
148 411 71
596 289 61
210 15 81
125 946 24
232 677 32
576 714 76
815 740 100
853 273 38
556 345 14
831 330 24
210 194 51
913 163 41
889 212 72
692 27 25
876 943 98
367 501 67
314 345 27
807 87 90
491 787 6
848 503 11
252 924 48
624 418 87
305 684 45
201 474 61
833 90 67
695 433 41
905 151 76
979 75 91
153 893 9
788 318 70
435 655 51
106 851 91
17 881 43
747 410 93
947 553 25
447 122 97
142 464 53
641 390 38
754 636 33
720 127 63
386 514 89
300 405 65
833 908 38
6 281 14
774 119 21
923 231 67
49 951 19
582 378 47
399 792 43
160 479 39
571 466 19
298 613 38
336 78 74
197 557 34
554 795 69
182 333 35
429 64 59
557 421 62
444 865 28
819 287 29
698 136 1
156 95 97
948 673 19
42 418 14
849 485 1
207 925 81
53 573 18
612 29 47
519 256 95
589 839 72
639 370 19
504 869 84
754 148 27
545 805 35
877 702 70
18 100 68
984 102 8
64 654 73
110 640 91
894 349 52
511 530 18
707 546 33
938 36 91
230 63 24
378 335 27
943 481 81
833 935 74
998 343 44
382 227 66
560 194 89
102 465 25
505 124 14
351 420 94
386 120 36
818 887 54
59 632 98
170 8 16
945 162 55
667 702 75
187 920 66
398 881 47
139 469 13
269 303 33
161 846 12
343 678 87
213 305 67
339 861 57
652 103 12
922 573 83
393 670 35
988 318 2
929 411 75
858 133 44
476 5 32
157 977 44
978 667 32
162 352 45
599 12 48
477 213 90
660 596 34
440 653 17
383 202 71
76 667 75
508 77 71
383 460 75
116 712 19
577 245 58
63 90 72
174 367 54
93 348 82
18 683 80
247 325 16
98 458 60
885 348 19
255 568 73
961 328 64
136 439 49
716 828 83
849 590 85
871 420 52
790 830 86
952 459 51
318 605 71
609 904 79
972 822 30
27 956 74
499 783 31
700 988 72
877 41 70
442 894 82
681 934 45
229 948 58
963 804 32
752 354 62
382 18 83
723 791 78
983 722 47
765 736 44
856 993 23
770 620 58
547 934 75
908 695 82
812 563 32
527 216 33
805 250 37
512 287 58
336 244 7
922 773 56
715 526 56
435 716 6
373 882 30
316 862 65
422 607 20
584 749 53
335 181 22
280 27 53
970 789 47
431 161 21
757 87 89
663 527 43
28 125 37
674 243 21
636 509 52
306 355 94
648 228 59
419 906 96
596 318 51
644 823 32
202 110 25
627 783 92
442 452 41
626 887 61
610 415 81
614 809 26
120 378 66
442 952 87
480 348 74
635 566 22
204 252 20
648 433 77
482 462 51
335 955 92
100 135 39
720 514 70
963 690 51
935 775 73
749 301 57
353 130 40
218 30 25
913 38 8
379 699 62
730 144 85
175 553 71
725 169 31
135 745 98
343 14 91
325 163 4
315 838 50
583 775 5
748 615 22
123 144 50
303 669 49
148 539 50
429 457 67
915 427 100
946 654 27
854 627 65
611 876 29
433 411 61
365 845 18
918 477 3
386 103 18
931 449 57
421 990 14
792 131 82
647 386 71
257 941 60
87 879 12
725 51 48
532 753 63
690 403 92
797 263 69
119 985 48
137 361 6
974 274 1
19 933 94
955 303 6
552 889 32
470 245 77
152 79 33
955 615 61
971 898 56
672 532 54
35 172 85
177 44 48
906 870 54
115 168 100
451 875 100
392 305 26
269 921 12
123 597 35
89 83 77
953 919 62
931 336 11
275 558 45
97 91 58
889 814 52
537 725 88
233 801 51
276 211 64
816 7 78
396 148 24
74 937 83
405 109 66
548 731 54
773 202 74
591 289 51
686 509 55
359 597 84
0 84 26
438 930 26
290 848 44
225 186 77
138 611 21
874 553 60
919 556 33
801 323 57
564 844 36
49 910 50
377 812 50
848 533 84
563 993 24
181 123 18
937 32 81
989 22 35
821 762 60
59 518 30
12 623 79
524 198 21
727 461 2
108 796 55
23 96 24
635 268 16
157 547 49
129 283 41
993 351 58
756 566 65
220 937 41
921 123 73
762 770 34
624 751 70
371 617 99
311 171 36
1 574 60
720 952 41
647 142 9
459 540 97
909 214 1
982 814 38
893 887 71
864 991 34
90 98 55
178 684 37
702 959 80
274 917 93
361 181 5
293 671 64
213 69 81
210 10 1
508 156 73
389 748 73
438 671 18
799 90 87
710 819 39
448 912 31
540 502 35
535 348 32
131 540 60
105 582 24
799 746 21
182 290 14
97 287 30
371 428 33
964 374 66
139 782 17
325 235 15
401 256 34
256 791 59
525 341 58
857 560 99
398 343 99
705 37 66
215 194 29
918 881 20
918 736 85
347 416 37
914 455 10
864 652 15
937 54 76
402 277 6
717 687 30
760 111 86
717 743 18
916 111 75
551 936 63
193 51 50
4 993 89
681 115 88
583 30 96
871 511 70
393 25 63
259 762 92
606 668 4
919 143 45
371 936 71
462 584 21
44 151 80
993 605 34
887 160 42
8 490 29
405 889 73
534 752 64
723 922 30
512 636 84
338 323 84
977 55 8
37 724 11
660 202 20
37 388 8
312 306 10
99 584 81
993 53 56
907 545 88
40 208 14
71 513 11
985 559 88
600 340 32
543 296 56
531 685 31
687 934 79
382 24 22
943 145 8
631 476 33
919 188 49
275 63 31
229 625 58
174 87 74
423 304 33
488 815 66
110 543 69
662 406 33
587 963 21
458 609 33
673 296 8
42 824 69
861 262 7
958 603 22
12 735 35
870 968 16
555 985 94
906 675 97
28 852 8
877 722 60
554 845 13
534 614 54
810 562 76
996 246 11
258 805 97
273 887 37
318 80 83
351 161 100
196 397 19
669 87 13
854 922 58
827 258 39
848 348 81
432 100 41
644 258 73
990 715 82
723 267 17
981 315 2
844 437 90
569 279 4
23 161 86
258 377 73
329 939 35
624 415 57
378 536 57
350 78 83
971 540 94
230 934 14
879 985 67
17 221 94
49 218 10
657 323 31
503 859 100
543 435 15
524 269 70
320 180 89
932 766 53
829 276 6
935 578 63
999 483 79
580 120 75
678 154 75
864 514 96
78 566 4
682 937 86
257 374 38
992 795 69
689 423 97
677 92 53
706 111 9
795 0 57
120 795 62
154 676 54
438 766 5
988 634 89
85 864 15
247 512 84
340 169 47
198 635 12
160 857 90
108 559 14
22 245 63
572 463 89
701 418 79
546 938 17
998 265 55
133 561 41
22 590 87
284 28 85
632 981 10
120 285 2
140 789 14
190 74 36
317 394 43
916 464 66
439 40 53
14 859 20
631 318 2
484 172 84
348 314 95
376 78 33
710 8 4
955 362 14
770 287 35
129 430 50
905 932 7
100 527 45
366 22 97
770 793 65
122 699 93
472 211 91
84 409 55
514 736 70
716 520 54
189 492 32
969 92 83
432 698 61
195 118 82
630 749 90
992 337 14
222 715 90
979 691 47
105 733 41
975 674 55
574 699 62
20 567 52
798 255 33
131 708 71
991 39 39
904 791 52
246 648 29
253 934 19
25 243 22
232 482 87
401 787 63
852 192 74
70 643 37
527 524 27
562 705 61
136 548 52
245 195 77
504 87 30
198 53 74
503 279 19
493 161 33
384 506 37
346 866 100
564 357 86
627 146 89
357 637 56
565 153 57
128 496 67
807 653 6
234 885 23
586 745 85
116 10 93
869 943 13
870 721 22
416 16 69
936 628 35
163 310 52
261 277 25
560 734 74
907 81 79
515 674 62
287 295 55
953 236 53
111 182 13
107 603 55
38 375 98
192 995 4
149 566 43
598 768 15
955 601 90
951 254 98
85 888 29
807 437 21
359 156 78
444 257 62
858 850 23
231 361 48
447 647 30
445 766 46
887 986 97
475 859 54
522 218 51
514 215 26
592 202 96
275 80 1
752 570 87
387 986 90
334 40 36
43 229 89
789 126 15
2 267 18
295 823 38
802 421 35
948 507 25
904 779 6
676 813 12
170 810 40
90 191 74
702 715 68
689 547 28
698 573 64
761 776 64
239 804 43
687 151 28
429 153 71
631 691 76
709 142 31
174 662 2
367 531 95
542 343 51
603 316 76
427 906 77
437 181 37
201 430 67
653 340 94
932 126 6
560 118 90
459 100 73
493 370 87
554 900 3
514 461 3
242 105 52
586 525 13
753 149 54
772 614 76
529 842 100
105 791 20
755 832 63
721 528 81
344 989 79
864 189 53
36 310 70
569 144 64
903 335 78
770 602 10
313 779 64
31 476 50
291 861 95
86 161 52
753 159 81
894 951 84
549 933 54
874 920 74
801 184 77
302 789 50
493 588 5
782 198 23
642 128 40
482 606 16
551 693 44
575 234 75
718 63 91
964 769 1
120 325 54
45 590 9
439 76 29
581 330 90
242 555 20
603 588 35
509 18 74
21 307 89
460 102 69
999 963 17
348 674 30
948 449 37
723 734 97
350 536 31
812 201 47
820 39 26
894 283 29
998 138 33
996 422 35
990 136 37
311 366 52
827 87 32
352 233 67
423 915 71
397 43 57
373 636 35
70 244 35
654 684 29
735 606 36
504 6 22
6 266 54
170 551 6
555 619 73
672 921 17
990 615 71
982 513 8
140 490 39
733 572 5
999 778 13
979 793 9
998 822 81
378 767 15
258 493 1
71 225 53
789 19 11
728 296 49
562 458 58
196 542 37
980 181 2
735 487 20
504 616 30
279 525 66
673 540 68
423 87 68
802 415 94
821 123 73
416 540 52
877 134 83
503 531 21
68 935 57
448 355 100
540 46 65
127 644 45
673 874 68
555 109 74
191 423 64
40 408 65
762 634 13
71 191 18
558 476 51
446 266 76
408 387 4
663 37 71
94 645 58
596 863 81
260 657 4
834 708 64
855 158 14
309 385 34
158 93 11
692 648 60
967 589 68
478 984 55
434 8 90
96 205 69
117 261 71
107 371 33
317 254 68
29 333 42
572 27 30
0 783 80
312 314 54
567 23 30
791 930 63
729 192 37
215 210 27
137 576 77
548 453 28
231 694 92
889 390 5
543 417 86
593 833 59
637 19 89
210 952 7
935 568 35
645 397 16
240 333 84
329 121 82
355 194 1
548 594 79
658 829 25
666 736 30
381 823 32
742 956 71
588 67 26
43 983 70
387 944 65
773 723 84
422 544 54
304 239 68
465 711 32
675 547 95
669 367 62
39 776 91
41 160 8
697 205 88
985 310 81
830 924 34
573 69 56
655 569 68
717 491 40
687 677 93
788 733 29
961 945 45
518 528 74
263 728 99
565 55 33
358 666 30
87 386 99
917 183 37
275 916 96
423 186 86
170 521 81
311 251 45
94 424 23
259 888 29
280 186 70
336 395 63
262 386 15
712 972 99
521 377 12
462 198 17
407 392 55
726 181 22
277 182 79
376 417 82
1 623 6
957 439 91
60 151 18
42 727 40
480 522 49
515 598 14
788 124 16
46 173 86
121 947 94
115 577 22
92 89 23
877 725 96
28 261 73
303 911 37
56 502 19
682 2 51
109 951 62
99 44 80
425 334 51
377 906 71
474 929 15
716 289 78
672 750 12
320 231 76
995 784 1
533 152 54
843 759 11
817 33 34
121 801 70
814 993 24
590 716 13
186 183 10
537 574 72
908 662 4
986 506 20
860 172 85
859 875 30
768 332 85
548 176 39
303 287 25
917 742 13
153 404 19
2 878 81
705 168 88
772 139 15
398 416 29
728 9 28
284 313 38
667 92 19
566 951 39
188 46 75
703 802 73
374 834 16
485 165 97
985 914 73
551 450 45
257 3 2
710 670 57
956 937 11
594 754 100
153 853 80
953 370 33
712 149 93
796 620 79
920 211 24
764 978 59
872 109 11
501 413 94
927 506 8
788 453 3
723 728 4
946 752 50
361 337 25
646 575 92
544 176 88
403 676 16
421 496 66
540 750 95
937 412 71
566 543 89
372 321 90
674 792 76
77 330 70
164 538 51
103 356 57
266 192 98
708 502 28
856 150 20
81 939 50
794 199 81
855 389 1
485 843 60
521 789 93
849 204 8
102 904 63
937 706 60
372 186 2
818 406 55
233 817 35
814 506 9
702 607 97
483 143 95
679 296 24
206 220 90
633 148 78
686 977 31
768 567 16
616 225 42
761 974 53
131 295 40
471 430 92
631 755 41
450 97 99
947 794 42
5 342 12
216 349 11
812 148 90
166 240 20
763 419 54
623 391 63
786 0 57
920 635 83
62 963 59
359 300 67
493 168 23
817 614 17
147 325 13
490 188 60
817 559 4
102 729 43
56 922 60
872 773 60
231 572 20
111 289 21
699 252 26
488 501 74
134 460 47
126 624 44
71 162 82
751 937 17
193 482 76
693 313 23
676 76 31
563 862 6
347 587 85
753 766 33
196 488 16
928 779 48
390 996 95
157 942 71
693 652 51
872 194 10
882 280 9
132 370 94
319 426 96
910 118 30
890 126 46
296 47 60
728 845 11
385 237 92
799 244 16
693 325 74
360 273 59
26 789 37
230 45 21
900 221 96
381 735 54
726 13 25
780 73 93
802 843 56
37 681 53
409 344 15
897 795 89
453 141 83
493 437 3
217 281 18
811 743 98
574 913 41
42 492 93
549 822 24
867 378 92
292 488 39
211 500 3
173 23 40
642 385 34
286 495 100
131 73 98
642 129 18
444 839 45
914 8 41
667 823 54
249 497 15
818 315 25
341 861 40
864 372 83
411 341 72
162 245 48
18 259 49
52 448 28
60 469 14
112 509 95
234 656 88
136 173 82
20 928 45
262 986 15
633 322 36
832 16 18
484 779 21
716 647 66
583 433 27
366 68 9
755 357 59
601 842 90
259 833 66
32 118 14
291 848 66
939 825 6
320 701 80
365 677 37
348 642 88
810 509 28
648 705 50
635 452 52
847 602 30
18 36 1
879 550 83
524 366 8
185 492 68
757 78 55
423 517 9
717 597 18
27 457 63
148 673 53
487 591 18
121 101 8
313 166 47
586 642 19
1 275 72
702 712 25
444 397 35
928 842 83
784 255 99
597 371 67
906 900 9
547 411 57
465 888 45
54 625 63
170 416 87
909 551 97
904 170 1
281 629 28
412 100 51
482 743 52
227 572 21
662 703 7
521 622 24
913 484 46
459 106 70
85 2 29
586 752 61
260 745 82
889 819 45
457 342 31
102 597 34
810 68 7
802 953 81
398 259 51
118 385 86
412 877 60
266 60 63
175 258 23
225 407 3
371 577 73
149 259 2
57 104 6
313 11 67
858 887 70
288 995 34
20 217 85
253 696 8
640 294 36
859 376 69
845 875 72
104 670 46
30 229 19
721 962 98
454 815 79
35 389 32
764 28 12
40 42 8
466 276 60
304 323 41
716 404 50
771 928 15
84 157 7
626 905 58
669 154 68
852 27 33
937 366 78
420 764 33
911 557 58
388 394 26
480 904 78
308 768 70
609 347 22
435 818 24
647 752 23
737 480 3
997 60 33
922 116 89
21 506 19
493 186 82
858 138 16
653 862 48
86 743 91
30 256 60
611 556 16
840 390 68
85 880 58
887 345 41
852 137 19
630 279 88
177 74 57
557 111 12
189 26 68
679 74 69
743 600 11
859 585 9
997 105 18
864 261 51
898 273 63
738 492 90
562 689 30
791 855 29
745 288 65
864 931 62
578 234 52
524 975 69
206 218 15
654 162 5
989 303 66
673 305 15
248 222 6
879 131 68
908 498 75
210 941 35
423 574 61
155 483 49
881 408 100
476 932 11
598 106 7
964 617 98
97 426 14
788 191 66
363 116 60
296 333 32
452 595 5
923 657 80
99 856 79
891 647 81
489 332 56
215 503 58
53 689 74
386 511 85
172 960 69
569 695 46
213 842 80
24 456 13
180 845 66
732 596 42
170 888 88
351 854 64
836 634 40
184 824 29
996 183 96
173 382 48
198 92 30
894 494 11
805 616 73
804 379 59
246 388 3
983 626 7
795 577 89
690 927 74
202 32 52
21 213 4
188 991 96
979 817 34
11 290 27
145 205 33
147 370 70
748 566 87
453 746 19
646 277 77
356 738 79
475 989 34
183 282 35
679 280 96
44 581 22
912 901 2
167 853 37
630 310 94
147 589 63
240 557 22
426 555 86
906 619 8
259 604 38
769 150 12
591 116 59
273 855 20
836 198 55
130 652 62
775 688 10
702 300 54
169 952 52
880 837 96
230 388 74
877 405 77
903 339 63
106 976 69
245 136 93
293 357 51
621 679 18
926 759 60
978 671 79
310 615 69
448 437 35
856 419 40
328 468 84
432 893 82
949 953 42
327 546 48
576 705 66
895 2 50
842 108 27
550 841 42
996 186 80
36 24 69
368 992 25
919 964 69
264 841 95
255 937 63
839 60 10
707 1 97
793 860 85
534 962 79
218 943 74
216 519 80
328 269 61
876 548 10
292 178 27
720 486 18
474 158 31
555 263 84
954 268 87
841 816 81
214 579 19
646 809 5
184 367 51
263 221 16
378 389 86
354 891 73
996 598 95
913 671 15
431 59 6
534 608 1
210 787 86
505 548 49
733 362 68
374 347 44
759 16 85
83 744 51
776 150 37
778 943 28
424 97 90
235 857 36
124 35 97
141 996 33
606 310 79
800 933 85
20 193 93
123 627 64
828 804 55
963 530 1
897 413 51
733 471 83
608 62 52
74 397 49
282 158 41
737 593 75
608 842 24
377 84 2
744 259 53
694 129 39
414 536 82
524 581 17
90 623 34
439 979 81
544 690 29
111 913 49
336 702 73
87 147 80
156 222 57
503 239 95
49 571 93
424 55 1
717 133 34
578 933 50
986 363 34
923 591 34
772 537 13
568 709 53
906 477 18
908 115 46
568 528 34
656 471 7
300 781 27
512 743 66
223 772 41
874 274 40
238 811 63
258 45 67
788 102 55
20 828 10
213 319 71
31 420 64
76 316 76
736 762 5
270 216 92
408 763 39
306 130 24
994 440 29
292 721 22
220 399 88
25 387 41
341 264 1
82 517 59
524 472 12
750 234 99
783 119 4
272 489 69
530 237 69
30 37 11
585 433 1
430 265 98
911 678 13
492 169 27
669 105 38
859 623 16
997 96 99
213 353 1
503 71 91
635 92 25
452 338 38
835 294 78
994 492 74
612 388 9
829 761 49
516 872 58
266 665 23
500 247 53
538 499 30
496 147 76
994 427 91
2 635 62
891 952 94
256 676 82
518 455 89
642 567 90
126 771 37
884 445 1
935 187 66
423 875 85
757 838 31
185 718 15
195 834 41
541 806 63
611 809 83
211 254 14
749 859 21
111 545 9
433 277 56
316 135 25
361 741 67
973 558 20
548 781 52
44 943 12
934 515 37
999 351 95
554 111 10
239 303 95
230 150 23
742 638 1
384 631 18
494 887 48
874 829 87
80 390 38
56 446 11
123 276 9
873 241 99
966 816 48
729 510 59
706 769 69
947 502 61
339 154 34
163 57 59
899 333 77
910 623 62
396 676 59
5 485 50
273 431 30
705 874 39
634 976 1
670 326 66
339 919 71
995 700 20
464 810 96
162 872 46
866 100 35
623 430 47
418 628 45
677 889 62
249 294 81
836 514 56
249 489 53
987 195 29
108 528 84
682 699 13
204 354 95
801 24 24
333 493 3
630 142 68
180 728 82
865 993 40
635 732 73
300 522 97
422 865 70
289 973 68
28 717 32
863 414 70
626 658 52
220 18 41
411 433 62
733 504 62
872 85 40
307 12 48
284 736 14
743 250 50
362 116 68
292 324 26
884 781 30
179 136 47
168 670 94
964 454 100
403 952 7
718 733 75
694 759 38
862 691 96
367 445 8
416 738 47
965 659 65
870 269 46
928 363 31
983 768 24
642 222 60
715 181 18
34 399 49
292 988 17
195 579 54
373 670 47
483 195 51
767 661 32
814 342 34
252 899 44
484 463 67
529 106 97
492 904 2
609 391 4
54 612 90
89 672 72
791 390 47
837 851 95
873 417 36
460 376 60
508 197 5
927 995 44
359 166 48
762 754 22
297 143 21
562 127 68
528 569 1
656 709 12
461 476 54
357 263 98
178 49 70
298 210 95
780 983 21
824 612 8
643 561 51
400 996 81
375 55 89
197 169 49
337 157 15
692 603 83
638 704 46
440 720 88
867 137 78
260 241 49
320 61 39
95 203 40
361 943 24
908 995 47
783 142 87
178 922 38
665 210 18
82 758 68
15 581 12
291 29 78
135 775 76
491 885 10
278 918 12
668 272 25
647 610 36
405 961 64
130 473 100
485 12 74
451 613 26
79 566 7
96 305 88
430 136 28
587 651 4
195 310 71
149 773 98
124 12 66
352 961 31
192 657 91
56 606 82
590 466 6
452 748 23
478 490 73
363 809 25
523 168 27
728 141 15
160 167 87
577 123 23
384 459 34
552 865 28
477 343 100
210 737 47
850 992 10
362 253 66
135 635 47
786 718 72
169 11 14
309 614 88
230 539 48
104 51 28
680 283 55
873 647 56
275 608 28
367 801 7
718 75 58
420 628 18
94 104 86
262 769 75
590 73 92
448 168 83
686 267 97
301 310 89
15 650 74
797 6 29
872 996 6
140 652 97
377 902 21
551 898 59
746 775 35
306 284 53
736 902 84
68 715 91
639 728 23
769 852 7
749 187 52
925 511 13
569 631 83
782 742 24
856 698 51
65 624 50
854 334 24
645 444 89
620 125 92
450 15 43
212 323 24
480 326 89
590 2 89
739 636 62
241 994 87
89 632 82
218 933 37
912 789 57
738 327 58
639 144 31
803 412 31
445 771 31
647 341 27
7 212 30
130 472 25
173 157 81
617 537 60
793 586 13
641 820 82
958 913 36
230 283 59
646 78 64
120 112 66
926 486 48
758 764 43
359 127 27
872 111 9
274 188 100
276 657 100
802 416 96
501 78 77
164 636 93
841 564 49
634 972 43
796 814 41
517 381 83
929 992 69
646 621 53
757 365 57
194 159 66
319 62 56
956 18 65
437 959 76
272 164 95
64 612 84
810 617 18
176 500 81
568 658 40
334 253 38
904 155 9
835 153 51
320 557 92
883 564 2
373 66 41
161 837 4
26 658 2
633 46 22
469 149 59
145 624 96
731 693 19
585 262 33
243 433 15
89 244 100
613 755 37
621 767 59
536 504 22
257 467 23
593 549 87
70 833 8
426 560 65
919 297 92
633 10 92
107 624 59
303 848 65
954 902 87
137 677 49
200 321 8
241 47 40
612 393 4
210 739 41
712 633 8
989 521 30
904 623 91
283 197 40
380 549 14
611 774 78
504 791 93
518 208 8
688 557 99
477 665 22
68 10 59
315 179 26
30 482 34
761 266 44
788 951 38
221 732 23
16 604 2
896 29 68
219 673 38
806 607 67
985 759 36
866 55 1
194 885 90
215 699 92
790 266 13
455 134 94
112 109 86
745 209 40
643 24 52
939 544 12
195 774 64
384 43 82
993 750 3
633 50 94
324 98 84
798 257 68
471 314 2
545 78 65
607 736 20
187 694 11
785 102 86
293 133 16
455 535 95
437 772 90
116 717 51
205 922 5
440 709 84
845 495 71
106 643 15
249 46 50
195 724 90
476 738 12
621 530 39
573 216 54
925 469 52
587 481 100
996 622 39
752 854 20
862 530 24
7 94 4
975 322 43
466 2 58
499 888 62
771 776 30
942 743 92
549 940 78
32 411 72
91 225 62
187 557 81
953 417 17
42 474 81
378 136 80
176 810 48
714 395 9
486 345 95
46 657 35
290 647 18
518 420 71
451 551 61
555 266 52
767 364 10
446 560 12
623 834 21
889 826 77
615 583 65
569 497 48
909 231 70
989 238 15
71 542 17
866 992 46
406 605 90
827 170 55
425 731 97
347 91 74
593 41 92
152 949 64
846 448 86
828 652 35
220 767 74
139 978 94
525 418 27
230 573 79
690 947 21
918 719 24
587 672 62
546 305 73
155 486 63
882 338 88
295 787 35
704 489 68
974 56 77
749 851 64
505 302 53
820 204 84
721 932 43
418 742 56
409 905 11
316 173 80
811 991 26
651 264 99
929 515 66
153 114 18
143 731 28
0 593 67
752 151 28
984 870 17
109 552 21
669 970 82
134 459 89
933 703 49
73 252 49
593 518 66
932 507 43
733 446 43
112 4 64
264 210 95
77 763 100
189 269 7
141 350 70
836 821 11
64 543 11
275 90 73
46 0 66
277 588 68
662 546 51
778 817 16
546 530 92
195 485 64
790 131 41
148 435 33
848 401 11
498 564 59
726 468 76
45 591 35
448 61 27
118 909 10
369 158 80
812 31 63
232 506 35
732 671 97
319 417 5
367 173 98
259 771 18
777 203 60
768 507 42
550 405 66
966 376 45
782 927 91
299 571 41
695 546 19
584 968 25
657 793 7
496 529 1
750 591 28
798 50 26
489 37 84
807 251 98
717 76 41
938 59 36
303 941 32
648 904 90
981 785 21
27 430 7
976 525 41
129 349 47
109 954 76
294 447 49
638 384 51
629 174 20
176 259 94
858 889 82
610 789 1
770 433 46
530 728 45
387 925 11
40 393 66
158 313 40
559 297 66
599 440 37
148 705 52
512 932 92
535 91 13
687 824 68
221 950 38
305 339 18
404 265 80
501 223 84
470 284 3
157 507 28
111 100 29
926 324 88
82 308 37
246 498 91
431 1 29
600 294 92
633 508 72
2 576 22
976 922 95
17 98 40
261 789 87
838 29 48
592 232 96
263 91 26
747 807 38
154 921 1
286 336 48
490 746 71
257 781 19
663 2 63
487 665 93
271 281 39
43 616 63
65 56 30
506 406 39
533 475 49
162 718 10
473 748 91
245 380 81
525 758 1
198 310 91
866 161 34
797 253 43
543 183 8
938 531 97
303 511 39
469 791 91
661 596 45
266 577 43
766 835 75
859 185 94
300 288 35
679 187 7
12 725 18
249 545 66
341 135 61
333 739 41
354 777 47
308 64 5
597 180 36
608 433 2
422 792 64
901 572 50
422 707 2
462 620 31
879 164 77
518 981 93
139 889 23
919 539 97
235 165 4
146 402 43
287 689 27
439 953 90
238 717 13
633 125 8
806 175 72
428 129 98
219 334 75
629 274 99
981 264 55
166 192 55
858 551 32
921 288 3
327 407 77
312 173 58
381 9 4
711 826 49
340 700 25
447 579 48
704 895 82
210 347 22
812 559 47
660 101 36
846 519 55
227 602 14
937 238 56
916 5 81
870 140 29
46 501 10
296 811 69
185 627 40
823 124 35
470 568 68
777 368 72
173 539 46
383 762 41
76 433 8
348 318 70
415 125 22
967 26 78
219 298 44
42 79 72
715 734 56
963 434 26
655 915 100
258 775 73
540 60 78
760 475 13
310 695 27
532 399 96
2 36 18
292 126 7
960 879 7
593 500 54
919 131 61
489 495 40
742 315 36
772 193 7
847 646 6
822 807 91
103 745 63
282 477 61
998 141 39
117 957 64
403 851 69
67 643 11
86 565 75
218 208 62
388 214 79
116 944 55
559 862 52
685 504 82
816 266 100
885 633 38
378 852 22
267 856 27
992 567 70
79 955 94
349 271 63
335 511 24
482 3 64
692 310 60
640 809 68
41 836 93
730 330 32
913 450 11
120 743 26
579 520 36
100 79 58
604 390 3
34 501 44
604 281 74
66 991 30
260 294 33
355 341 37
731 429 94
91 974 1
945 736 88
337 990 62
375 307 95
984 761 32
168 605 5
219 214 52
778 579 64
182 224 13
741 973 15
893 821 67
794 861 98
95 150 73
906 285 35
539 416 77
468 33 63
694 994 44
599 439 93
907 255 86
398 57 51
618 322 44
976 117 73
851 478 8
751 32 47
197 17 31
543 60 63
641 981 44
40 412 52
145 98 44
148 390 62
383 231 22
749 94 52
260 218 67
493 72 1
382 862 52
12 963 1
843 611 92
973 820 86
589 252 87
196 565 63
357 822 38
362 565 44
809 115 14
152 39 57
789 102 65
202 821 24
976 443 26
45 194 50
340 928 88
24 13 64
10 835 22
312 375 14
302 43 83
643 689 56
837 229 39
831 595 74
515 276 48
753 288 25
709 675 53
118 78 70
0 238 3
572 75 18
370 725 31
60 156 17
515 184 98
745 250 99
462 778 65
860 600 1
521 117 74
559 845 98
998 660 47
374 994 15
730 152 66
362 639 72
910 31 95
852 178 95
941 913 39
15 232 98
102 366 60
869 700 19
195 446 68
44 899 5
243 943 13
810 835 53
916 525 22
748 721 35
590 761 24
485 823 64
470 964 71
471 301 42
815 905 27
902 364 100
391 550 21
344 874 25
113 34 57
726 814 24
580 606 33
916 781 96
499 4 17
317 316 84
591 536 66
807 548 86
272 442 60
358 332 46
224 652 95
367 314 78
335 903 90
282 142 97
584 622 79
878 273 11
844 251 77
321 486 31
118 171 98
868 624 42
517 963 89
583 421 14
563 545 86
993 392 57
772 1 26
933 702 24
510 688 17
515 136 33
457 282 72
928 603 92
854 513 39
258 843 11
37 156 37
522 72 31
919 42 48
455 316 75
492 891 54
585 846 73
542 364 44
496 961 73
968 727 4
424 706 55
371 923 68
631 636 65
330 784 99
115 357 53
631 959 82
361 145 30
300 601 20
221 781 56
801 155 26
579 4 61
423 418 69
382 622 25
445 330 31
498 474 25
15 782 8
709 162 27
625 97 22
0 423 60
621 211 84
12 549 36
177 961 96
689 90 86
367 144 93
73 602 2
662 955 31
300 78 46
365 394 41
730 270 31
215 535 36
995 639 45
949 551 71
502 779 81
306 266 11
170 291 76
402 415 69
913 939 65
809 564 27
70 820 74
411 686 18
640 461 27
563 946 77
321 349 16
146 987 10
746 112 42
950 935 96
91 968 9
302 682 20
177 980 92
988 840 8
306 752 89
288 42 91
548 89 94
888 855 1
356 521 19
335 210 43
514 433 60
653 32 3
413 691 84
22 444 19
169 606 96
86 266 100
798 784 20
705 423 27
490 48 51
978 516 15
224 830 52
197 481 38
208 693 99
945 865 2
887 260 69
764 159 18
568 111 83
46 38 51
495 767 40
961 212 27
378 121 99
402 723 6
299 331 61
643 246 17
610 631 90
971 556 87
733 356 46
421 524 42
695 859 82
993 659 83
977 558 82
97 777 96
845 860 29
841 432 40
564 447 47
119 847 94
27 943 21
254 881 70
59 203 23
392 351 31
750 389 57
308 954 35
227 791 88
300 282 82
245 567 50
780 71 92
384 138 36
343 160 6
860 406 39
237 981 58
899 783 20
486 505 34
601 152 82
26 885 68
624 30 4
920 481 60
884 353 72
41 870 42
44 969 97
84 918 78
126 258 12
379 539 55
757 994 39
130 510 60
337 853 36
648 644 35
885 976 56
995 687 78
659 802 56
760 310 26
377 150 32
554 917 96
826 878 58
106 912 6
886 873 93
613 221 31
717 561 61
221 733 95
263 827 70
962 409 19
834 843 80
560 211 33
183 479 72
944 550 70
557 359 76
999 854 35
238 813 56
784 828 73
872 669 29
108 104 100
232 161 95
596 462 25
418 168 2
559 51 84
668 376 59
77 575 63
110 766 36
296 812 70
174 75 89
361 121 48
169 781 48
338 945 46
329 628 66
624 588 52
149 328 25
669 930 84
184 153 70
340 964 67
119 755 40
781 223 66
221 478 12
135 746 21
676 927 93
922 145 73
319 327 35
648 232 69
142 515 49
29 954 26
129 794 83
938 824 88
388 716 12
165 990 37
655 50 99
639 483 45
395 573 25
979 983 41
253 306 3
150 512 15
377 518 27
749 634 57
364 873 41
315 23 60
589 661 13
396 717 60
313 20 17
886 577 12
214 47 28
215 621 51
739 328 74
440 482 9
454 233 79
97 193 23
152 703 67
575 409 34
709 261 26
997 324 77
896 822 43
26 590 6
106 712 18
191 35 43
424 184 99
177 873 11
594 56 37
275 173 66
653 392 20
704 417 76
825 32 13
380 129 73
224 378 56
5 251 34
503 872 31
951 506 57
277 306 99
466 492 24
743 168 71
493 490 74
238 222 52
909 680 17
459 558 9
776 17 22
327 296 16
51 906 95
175 486 40
64 712 84
815 569 48
55 181 46
270 434 42
146 364 43
348 282 14
699 913 1
29 106 45
918 980 44
659 176 36
793 146 86
963 211 2
713 681 62
880 745 3
660 998 96
639 864 42
228 874 92
554 359 75
726 587 85
38 436 22
51 78 95
106 72 2
348 421 60
178 117 86
838 750 21
573 986 49
916 255 61
474 660 65
533 782 40
81 351 71
891 742 58
558 823 22
514 539 31
502 91 48
323 460 89
110 711 19
785 97 78
242 119 27
158 245 32
210 301 74
66 818 16
327 856 31
589 844 35
623 526 30
261 713 59
344 74 59
902 992 25
301 819 94
659 320 53
540 929 46
156 783 12
61 321 63
830 760 4
472 239 11
424 244 72
679 299 90
448 421 34
560 92 23
738 412 47
336 812 66
694 984 6
813 500 20
990 577 31
66 492 25
652 172 21
335 702 68
659 499 38
932 284 22
919 364 13
329 432 24
766 993 15
387 932 95
526 390 51
204 424 12
867 855 95
32 380 97
542 418 32
247 368 62
28 132 79
72 969 83
769 424 52
518 827 18
857 61 55
367 937 51
30 765 2
501 81 79
57 115 43
63 940 16
675 772 66
759 384 15
533 30 31
685 517 86
746 754 56
202 418 59
844 757 29
255 481 53
978 314 97
225 6 97
532 912 34
445 291 14
596 727 45
255 732 17
27 381 93
529 567 10
684 571 61
15 989 90
986 920 61
733 683 47
618 254 32
744 192 94
402 158 69
465 55 32
514 356 41
405 527 96
860 258 5
492 763 96
666 476 21
863 734 6
496 953 49
187 483 98
949 175 95
444 913 31
886 433 4
250 400 97
894 305 76
653 456 14
773 824 21
542 599 98
532 423 58
195 721 35
949 736 27
659 758 78
645 73 70
580 428 94
944 107 48
94 121 72
680 315 13
658 322 55
228 986 54
889 347 68
159 261 80
261 468 89
454 585 89
789 538 45
709 103 33
332 561 17
726 781 30
700 688 9
568 621 44
874 712 70
316 511 72
311 551 89
245 422 67
855 884 79
310 816 82
989 336 75
821 34 6
205 7 4
113 189 88
61 533 51
594 28 85
472 50 90
387 748 65
943 404 23
32 531 66
318 391 50
19 557 18
36 217 24
510 704 19
772 361 57
750 270 81
405 795 10
695 953 55
868 550 7
953 166 88
581 649 24
468 934 73
755 62 28
944 6 55
799 502 43
290 642 1
286 61 15
263 675 55
450 83 24
972 137 42
580 316 73
525 283 7
735 850 19
460 338 18
744 161 67
360 270 58
122 416 5
596 837 71
75 748 12
400 237 72
445 141 79
513 247 8
543 244 10
583 464 75
177 95 22
207 366 100
761 337 75
284 414 9
118 694 29
508 505 16
869 632 97
525 637 57
350 994 70
28 336 92
625 841 25
415 266 89
75 648 43
889 618 60
788 216 82
576 992 18
87 140 50
654 521 95
804 588 27
795 69 17
313 654 99
732 899 5
395 97 88
781 32 44
314 405 73
920 221 100
198 764 87
792 615 21
989 192 14
980 356 70
311 686 89
286 255 89
353 44 15
274 775 19
237 711 7
715 435 54
391 5 18
873 133 96
896 202 7
842 99 98
245 326 96
185 85 98
816 59 90
275 377 75
293 617 68
684 702 71
779 686 84
342 268 32
686 428 14
807 510 94
612 455 17
85 76 94
194 80 43
159 887 87
531 551 75
352 174 94
105 960 24
330 313 87
548 678 89
274 426 95
518 63 1
317 33 40
83 690 70
889 192 66
592 275 55
658 88 54
640 336 77
28 286 56
687 82 20
810 756 9
911 428 45
434 244 56
399 39 26
203 1 20
650 598 5
263 210 15
722 18 67
840 73 98
660 703 94
412 74 13
415 475 73
457 667 42
226 378 17
496 784 8
956 38 77
63 963 20
604 278 93
169 690 26
908 185 17
150 815 30
27 744 52
955 318 92
43 475 99
461 666 13
901 971 100
760 391 85
254 234 19
401 515 11
606 940 48
285 387 60
168 152 45
802 85 19
865 809 5
401 380 58
100 269 78
882 312 76
113 354 54
585 916 13
908 160 25
533 719 65
30 557 14
559 499 75
228 902 80
387 931 54
4 893 24
464 439 45
563 766 92
877 891 74
637 100 26
464 783 22
202 317 97
468 5 23
569 515 9
643 407 88
634 211 69
310 785 41
593 224 26
332 889 89
811 138 17
443 826 32
972 77 64
96 281 79
606 852 35
741 675 54
544 772 93
152 617 79
213 423 73
750 300 23
272 832 40
568 11 1
969 519 54
310 773 6
257 447 75
311 567 21
424 349 98
179 493 30
657 115 2
910 888 91
758 828 54
230 900 73
486 589 57
51 382 90
620 997 32
708 385 24
966 554 12
109 105 30
43 717 33
301 398 15
94 7 55
572 583 97
751 484 98
212 619 47
111 602 9
801 777 46
650 172 17
188 253 90
750 236 57
728 585 27
210 720 63
78 770 21
885 408 74
515 576 36
673 573 49
325 226 68
882 511 54
705 594 44
990 876 99
382 586 31
33 557 40
509 937 52
288 796 100
588 84 89
568 619 52
21 255 88
948 839 62
48 230 13
384 556 73
411 879 98
165 172 27
206 144 68
104 43 31
820 999 20
94 531 22
248 271 66
619 587 75
946 751 45
8 874 66
575 630 92
517 291 38
549 797 40
343 65 24
574 310 80
439 556 22
279 607 27
884 237 60
979 446 40
796 316 75
418 367 12
604 196 73
508 245 80
366 876 11
865 987 95
85 125 17
40 479 11
865 600 36
556 768 68
676 371 64
391 845 55
14 79 93
799 829 93
937 387 80
739 878 55
203 236 32
67 315 25
109 604 73
40 136 84
52 970 78
83 904 25
764 675 83
806 595 35
887 515 50
891 988 39
103 81 81
994 641 19
580 48 73
410 840 13
862 978 18
380 197 83
16 176 14
138 263 65
721 909 48
589 486 9
555 812 12
909 776 63
758 688 31
55 328 8
813 273 75
759 609 44
238 78 18
852 50 100
45 455 19
511 100 8
556 383 36
371 444 97
594 660 66
782 648 13
260 416 81
191 917 87
315 152 2
438 899 6
923 634 6
481 4 50
816 101 31
513 914 57
216 962 87
33 68 93
260 479 98
210 231 67
133 517 86
226 117 63
97 473 33
689 635 69
710 472 89
390 540 7
393 493 36
243 846 6
723 330 91
87 964 58
300 503 53
792 631 27
163 371 6
688 867 100
535 904 58
520 554 68
754 531 15
434 614 61
469 386 90
280 519 71
942 871 36
288 966 71
875 434 59
302 353 63
375 939 78
351 580 76
401 314 64
803 733 76
22 765 9
997 94 15
231 388 43
630 803 60
351 780 2
46 483 71
996 737 35
61 961 54
724 49 51
146 765 11
863 65 26
600 682 87
607 510 87
210 430 35
51 360 58
451 958 43
14 671 25
339 316 67
323 48 24
919 648 18
46 451 18
947 408 25
355 22 35
490 108 23
360 582 80
817 413 52
586 645 17
666 69 83
879 687 34
976 350 46
877 50 71
394 756 84
682 133 11
735 957 54
909 900 24
731 803 67
409 886 69
908 165 39
538 927 13
54 536 77
243 336 46
487 667 84
877 637 17
457 893 17
390 939 85
332 512 11
862 564 67
406 508 60
312 233 97
378 800 98
381 936 17
864 779 78
989 156 28
466 915 73
125 261 96
33 745 42
346 425 31
65 643 33
593 917 92
250 766 57
540 487 93
862 592 66
849 158 85
142 919 56
67 46 59
393 468 40
490 196 46
301 837 33
318 11 47
805 200 96
251 289 67
111 116 96
187 740 53
891 43 37
126 484 87
930 846 46
347 672 35
704 936 84
25 975 59
247 787 8
951 856 36
292 437 5
671 865 97
509 890 84
667 554 86
313 85 13
377 437 2
26 177 61
630 427 89
141 632 54
664 800 11
974 664 53
454 129 66
810 326 70
581 953 43
535 558 36
147 962 40
538 374 2
736 473 71
2 908 74
632 565 32
109 783 82
496 536 20
114 747 17
132 822 18
355 758 83
770 69 80
243 293 77
866 641 73
306 833 94
708 211 58
849 109 70
710 121 70
555 312 93
735 618 56
528 559 37
367 788 12
913 216 76
768 725 28
192 2 84
997 40 22
757 655 22
926 487 60
695 799 76
976 888 87
282 557 23
363 996 49
207 841 67
853 952 85
896 597 45
476 637 32
529 3 35
764 144 28
803 329 10
843 609 6
594 927 34
1 135 94
799 454 47
102 725 68
16 895 8
438 175 70
113 979 20
240 686 83
46 295 4
426 31 29
697 446 54
5 370 31
675 445 56
632 7 64
838 583 36
293 399 95
782 391 19
216 10 56
908 748 51
12 349 28
819 824 3
507 202 41
155 930 74
89 312 62
772 342 5
70 608 22
318 627 19
592 412 96
571 795 4
345 791 14
286 465 70
392 760 98
117 989 30
410 723 15
232 910 85
793 311 52
402 365 10
448 147 91
275 184 5
806 193 2
408 920 38
500 198 23
80 2 32
559 745 25
510 631 95
281 139 9
207 505 29
564 13 46
943 458 45
589 481 53
157 132 88
197 692 15
431 693 88
528 905 43
49 798 12
325 27 57
581 74 22
744 844 70
465 802 84
884 555 76
796 844 38
345 945 35
667 944 60
914 352 55
337 866 84
323 404 16
767 639 92
42 465 38
526 807 34
295 54 94
652 955 12
815 354 99
349 530 16
569 666 84
778 406 25
614 287 66
343 750 16
668 434 75
80 674 43
480 339 14
338 785 67
30 769 100
355 828 27
670 494 97
787 612 65
56 38 56
479 277 100
369 353 46
440 774 29
502 497 48
160 301 25
539 711 25
138 260 93
757 307 35
575 51 33
343 478 64
903 813 7
961 856 75
557 428 67
299 55 13
761 627 13
509 964 68
799 237 50
323 924 30
169 797 100
171 716 61
98 51 54
549 710 7
613 175 43
113 248 35
926 826 24
225 962 9
210 603 39
687 12 30
903 602 11
776 357 35
842 525 80
146 841 3
914 981 92
299 770 28
582 973 57
728 12 59
722 699 23
709 828 77
553 67 99
412 210 30
723 70 55
412 931 62
265 178 6
305 543 64
521 579 32
868 986 80
69 965 57
597 260 70
1 860 99
839 481 72
857 500 85
273 812 88
459 776 90
837 367 15
408 314 26
424 448 84
986 892 58
284 831 69
263 77 96
409 13 49
930 765 90
337 604 53
785 647 41
328 91 99
829 875 47
296 263 51
70 230 65
514 42 69
791 85 78
870 322 60
472 989 67
25 959 84
520 791 100
132 325 34
526 884 12
518 556 41
536 905 85
93 996 48
986 652 24
608 338 27
274 563 20
708 150 59
511 684 88
256 589 84
872 449 96
987 383 3
835 380 6
180 481 56
368 243 21
737 438 89
443 210 81
160 868 88
656 361 64
434 110 23
575 425 28
231 294 67
94 498 64
788 583 32
220 505 27
259 773 94
792 521 50
173 149 28
55 82 28
27 731 53
600 337 72
963 471 18
754 793 49
315 84 23
79 969 84
802 629 64
279 697 76
991 135 60
645 101 99
64 150 67
141 657 47
748 642 11
26 944 50
551 83 65
241 34 72
562 729 57
65 943 79
929 432 23
475 931 42
736 857 2
679 239 51
412 834 59
805 701 1
210 478 84
42 845 31
634 803 93
944 812 25
221 21 80
402 953 34
137 676 98
495 24 40
522 229 78
828 790 25
734 54 53
564 650 32
699 712 50
80 595 97
846 186 32
357 523 49
8 890 69
722 195 15
481 438 22
542 23 71
483 571 43
457 425 77
208 378 95
987 3 95
891 707 74
882 172 40
472 581 99
272 643 89
127 471 46
536 468 87
802 797 92
321 82 9
314 162 30
339 996 31
559 38 88
432 426 11
722 220 29
787 911 50
455 372 81
185 255 87
693 903 41
518 31 93
413 464 56
107 151 2
183 128 47
622 342 33
440 648 47
333 181 22
848 81 17
782 665 82
418 541 97
157 66 27
830 955 50
225 5 6
263 550 41
261 314 96
362 574 92
965 360 79
418 723 77
830 793 61
84 11 71
392 482 22
133 434 27
470 45 13
360 23 26
138 382 86
580 755 74
798 605 28
678 236 87
37 873 48
860 382 16
835 251 69
502 144 36
987 131 78
287 720 98
216 346 91
418 473 1
297 719 66
413 211 11
907 968 86
777 464 73
190 957 50
407 149 72
269 206 49
697 21 2
765 126 20
425 866 2
22 461 54
522 776 63
237 100 71
181 720 62
364 25 79
540 628 79
590 69 82
413 244 33
232 913 39
185 73 32
337 898 41
330 495 54
254 33 91
984 285 83
851 634 45
60 718 8
110 544 55
285 960 63
666 598 83
838 261 29
800 577 36
777 485 50
187 830 49
131 515 74
622 942 87
331 304 37
847 641 41
552 226 5
71 752 24
829 884 91
292 545 14
452 22 88
297 398 22
615 951 38
267 86 1
21 944 43
578 481 9
822 31 42
107 281 60
462 61 24
568 91 66
113 147 32
488 12 97
220 836 79
723 234 52
110 394 95
451 622 77
60 554 7
764 612 97
540 640 7
603 224 41
929 196 58
374 440 53
250 34 14
475 402 87
922 976 5
855 990 18
207 155 41
393 45 23
584 675 49
84 666 45
542 280 40
595 737 80
25 923 55
963 113 36
436 855 80
591 142 70
935 851 89
130 414 95
789 336 89
338 174 76
916 678 92
729 471 26
798 170 45
721 564 30
319 222 16
214 746 15
1 426 58
260 864 90
221 689 34
743 587 41
246 600 85
500 366 17
581 47 23
683 41 13
173 57 5
441 468 74
586 768 5
873 90 20
485 985 80
763 628 16
104 840 89
498 917 7
324 132 62
433 492 54
942 947 51
215 959 48
199 225 35
558 781 91
783 567 74
510 859 76
702 147 64
905 458 58
467 686 41
818 620 64
406 641 15
729 106 6
924 382 3
962 105 26
445 542 27
175 405 33
117 717 14
643 800 42
104 775 67
267 609 47
713 878 48
22 269 59
663 231 38
63 218 92
408 816 77
185 475 84
299 146 84
476 881 73
433 533 38
850 612 62
57 431 70
925 782 4
397 488 18
660 28 84
637 541 27
885 463 43
386 317 18
973 508 67
459 425 63
878 251 69
214 637 82
492 123 42
224 909 58
497 857 22
892 521 84
34 43 73
820 126 90
111 56 95
416 772 54
414 232 24
516 843 89
968 866 51
939 580 49
243 410 59
665 400 42
845 41 38
719 648 29
203 49 10
20 40 94
415 252 17
447 993 96
798 467 70
78 803 56
262 88 88
95 995 86
984 678 33
508 11 23
367 517 100
68 635 35
695 522 24
228 145 67
885 51 42
484 4 72
294 429 20
874 603 64
756 958 50
284 185 94
57 606 32
745 805 91
419 551 26
862 20 55
496 599 69
445 190 15
537 553 43
977 703 79
860 747 31
643 904 35
706 169 4
224 791 1
494 673 95
811 323 27
591 91 96
335 271 30
471 450 76
264 691 34
838 907 52
334 318 79
535 625 35
337 176 82
554 595 5
8 36 7
64 752 68
446 406 41
494 145 35
157 253 80
358 829 20
560 678 30
101 932 52
623 476 80
301 3 11
450 703 88
569 338 81
726 235 66
791 152 30
774 112 12
134 727 23
990 682 96
243 800 61
534 256 68
365 728 89
8 500 11
600 597 19
6 131 91
413 489 86
257 240 40
621 850 88
927 934 12
993 777 77
578 75 59
871 779 89
222 557 54
67 319 48
94 210 11
442 136 73
614 667 11
779 570 48
588 510 91
935 626 64
985 747 4
664 704 65
26 913 73
356 385 43
611 379 31
765 159 87
723 357 91
142 183 50
920 984 15
203 735 46
959 271 15
922 435 56
337 578 39
8 753 66
661 306 97
513 185 54
543 592 45
823 918 30
10 256 99
795 479 72
625 225 37
0 852 67
561 157 67
956 648 61
363 849 8
805 807 56
289 438 85
496 608 81
353 640 60
205 645 61
706 404 83
61 159 39
944 227 42
838 860 11
220 360 3
897 324 34
984 606 11
373 47 21
45 325 22
635 579 72
505 370 36
152 88 14
233 812 19
653 745 73
779 488 78
457 969 22
884 168 50
153 414 100
915 820 62
626 294 22
564 337 100
350 849 48
281 421 96
934 981 73
231 81 90
359 883 14
39 279 67
958 305 71
674 7 92
328 498 44
414 602 93
499 974 7
62 515 93
130 82 52
337 246 77
144 777 29
725 99 4
283 132 87
936 307 9
470 78 52
835 178 65
441 351 86
165 80 89
922 988 88
49 855 56
198 261 49
832 616 35
99 714 56
539 840 55
936 857 28
470 288 85
270 363 16
174 430 46
784 498 72
478 900 81
355 564 58
888 766 52
898 224 88
129 465 87
906 56 45
117 902 7
776 423 23
532 929 2
242 515 91
393 615 78
667 829 11
684 65 48
968 216 34
847 844 35
704 356 61
916 685 98
89 898 42
998 607 87
867 704 72
293 252 96
984 876 65
240 501 49
781 70 61
953 709 58
178 292 55
980 283 62
570 420 13
499 231 10
808 75 41
592 673 52
497 359 35
566 495 8
813 943 29
293 421 8
202 169 36
95 885 18
785 416 38
738 132 28
419 435 78
295 745 80
679 157 7
178 635 46
298 234 18
903 384 6
205 597 83
604 742 7
980 732 54
468 89 73
367 826 84
322 396 49
455 260 42
201 235 1
73 963 19
440 363 2
245 8 58
288 613 2
570 374 9
62 666 4
384 669 88
906 525 41
84 836 1
29 702 78
400 62 29
838 447 89
72 785 40
820 314 57
800 264 18
643 756 44
500 5 9
476 969 66
734 13 27
621 581 66
899 158 94
431 731 97
727 884 28
410 989 35
243 124 9
35 977 30
152 940 53
958 468 82
848 350 40
143 502 60
43 646 21
424 832 70
478 746 24
783 368 51
285 791 56
25 51 69
224 235 36
270 928 10
623 192 51
992 190 42
557 927 93
162 566 21
164 557 100
349 498 65
319 422 51
811 263 44
30 572 89
321 428 71
752 654 98
397 632 28
691 614 95
943 516 14
319 799 93
542 68 53
214 961 35
605 782 84
903 514 46
249 286 70
353 923 66
198 547 32
588 516 71
571 603 20
96 230 69
758 21 74
390 839 42
932 116 31
9 859 8
666 446 96
240 272 7
269 256 71
528 928 75
824 412 73
613 387 60
717 896 81
179 753 48
676 631 5
519 659 46
478 973 97
942 607 62
608 439 100
755 93 52
276 995 66
685 315 7
346 401 90
730 579 85
102 813 32
977 76 49
556 140 18
652 857 8
577 973 6
758 300 99
616 377 34
15 513 53
909 121 36
679 335 50
819 753 32
291 77 83
180 650 95
987 933 18
224 51 56
851 137 34
674 431 19
925 49 45
824 298 33
59 108 45
833 654 77
269 683 72
911 478 49
858 128 17
61 757 32
932 86 75
535 405 2
230 443 10
178 642 37
142 675 84
350 960 35
135 990 38
718 937 52
470 579 54
620 747 3
210 80 98
649 780 37
161 55 12
297 934 14
685 916 4
202 141 15
47 626 98
521 497 58
462 435 96
467 504 78
517 219 99
396 111 96
985 189 17
293 472 20
337 20 96
269 485 5
23 154 23
362 430 3
676 752 57
795 849 42
828 984 60
678 571 75
278 192 96
837 76 95
397 236 67
686 945 75
501 305 90
475 104 10
531 173 32
61 795 57
444 625 48
916 64 55
438 260 9
59 299 89
126 478 34
737 227 2
285 488 15
325 439 4
497 775 84
512 538 34
228 805 74
446 297 1
756 944 39
255 513 84
503 816 96
162 153 48
938 40 57
354 993 74
573 237 66
117 749 51
821 536 48
759 614 70
407 845 83
222 192 57
167 360 74
962 637 45
317 959 64
718 216 50
824 526 42
293 571 91
78 794 84
801 796 44
456 71 12
683 660 38
572 870 92
780 279 15
32 601 26
692 427 57
155 514 98
227 222 24
454 18 56
778 932 53
531 936 31
997 220 67
891 412 99
475 251 21
721 99 51
578 698 81
964 261 28
419 739 56
437 907 66
138 406 24
708 918 34
39 488 66
708 639 5
383 328 47
546 854 8
164 703 24
813 512 17
409 733 58
646 920 42
917 164 24
954 302 47
162 183 93
718 397 61
449 816 81
996 512 5
119 739 44
989 630 54
719 715 65
356 304 70
733 988 89
91 47 43
42 940 65
112 548 66
155 430 55
376 974 21
630 176 45
516 827 38
212 491 42
195 527 36
504 996 93
368 292 42
56 19 92
380 217 77
379 515 54
657 975 56
535 105 45
332 583 70
817 674 17
360 803 20
841 829 70
376 657 66
440 381 65
927 737 100
257 602 20
516 680 87
450 412 83
31 716 93
76 510 51
944 706 89
207 108 33
538 794 78
493 300 50
8 430 19
228 210 93
291 317 38
567 706 15
74 434 49
903 498 100
615 361 32
153 259 32
483 327 66
644 44 50
293 768 79
701 484 26
951 784 87
847 343 60
726 927 28
782 175 60
881 906 36
600 203 53
964 356 4
882 366 13
38 473 51
537 401 56
720 651 96
505 519 26
285 856 88
657 604 86
553 276 19
637 40 72
461 383 53
812 127 1
59 594 22
613 63 54
56 630 45
167 810 69
663 335 68
452 262 34
11 473 46
621 377 84
947 483 8
323 776 49
385 688 83
346 494 42
820 562 47
294 401 21
963 140 37
352 805 5
67 583 7
175 438 38
585 269 61
630 36 86
696 633 13
542 955 67
333 29 27
122 291 10
937 98 49
260 434 54
930 935 31
854 180 98
595 42 50
851 61 81
521 902 57
527 694 79
995 51 43
75 510 12
75 914 84
61 98 11
933 930 35
107 337 87
328 789 96
40 980 3
973 534 71
997 111 88
386 310 29
386 708 39
492 734 62
341 8 15
782 747 96
458 669 8
851 790 48
585 20 49
990 673 6
505 192 65
52 867 63
613 583 66
209 613 96
531 913 18
279 335 66
693 855 43
359 406 26
759 256 1
820 678 47
489 715 38
650 340 31
172 208 34
125 391 3
437 81 68
256 453 72
796 154 64
523 189 25
277 511 8
750 945 27
886 347 9
546 960 10
747 758 50
277 241 39
279 245 74
543 780 71
528 803 13
922 933 36
844 932 15
616 56 39
284 579 29
454 87 2
953 717 84
77 113 29
876 961 69
155 325 32
871 932 60
337 848 33
469 647 51
131 291 98
387 275 57
785 947 29
600 275 15
57 6 12
850 521 37
576 314 82
800 60 95
356 748 21
173 357 40
354 759 36
906 309 100
763 511 69
822 341 5
146 285 52
371 918 98
123 3 76
308 599 94
588 306 94
225 955 74
243 745 81
472 620 95
408 202 67
913 955 76
516 368 95
806 642 14
482 130 65
929 602 10
421 4 57
389 703 11
838 863 31
922 14 49
551 425 49
539 54 23
632 297 95
100 402 45
894 611 82
930 161 74
787 723 52
307 918 89
189 946 13
932 241 4
59 604 33
643 283 30
416 992 47
216 619 49
223 323 13
924 708 45
22 410 37
625 144 9
882 756 83
768 60 48
550 955 30
579 192 70
311 924 82
666 57 44
648 24 92
728 448 97
901 470 91
339 609 52
455 728 74
0 916 89
680 886 21
541 820 13
951 671 42
137 697 51
518 93 12
589 349 32
163 830 68
799 582 100
33 257 7
61 260 45
744 83 13
178 204 60
907 592 55
43 620 45
455 530 30
268 249 88
589 161 48
253 403 16
694 116 41
878 36 28
839 722 32
427 946 64
879 928 24
844 965 7
853 845 99
451 677 36
930 672 70
950 855 10
610 768 93
203 518 39
736 873 92
545 422 7
26 508 12
789 971 53
873 166 49
445 960 93
185 658 12
729 601 79
382 90 34
581 734 38
150 139 78
202 359 79
986 161 81
312 646 29
229 48 96
462 32 77
36 112 97
720 871 60
952 715 72
230 27 81
931 479 43
610 368 10
284 205 29
773 800 23
256 92 23
597 698 55
287 607 2
618 931 51
313 493 77
924 468 54
134 617 67
266 231 88
287 24 4
557 16 39
513 603 6
360 209 72
923 20 9
405 290 84
726 250 89
52 46 50
185 976 39
64 360 8
288 595 25
250 268 42
133 830 17
198 606 72
292 504 40
904 411 98
109 484 82
584 956 75
263 318 30
226 693 97
80 432 91
1 120 84
732 599 30
168 323 4
140 291 65
927 794 94
950 311 34
835 621 45
414 654 56
334 162 52
581 293 85
61 863 14
483 290 24
976 836 97
999 827 38
232 924 45
983 439 40
386 716 5
581 534 73
72 154 81
366 691 7
352 613 65
926 233 57
265 70 32
930 797 14
210 882 57
714 200 64
645 500 53
196 721 58
219 447 1
982 114 37
246 616 31
864 746 10
625 800 19
239 597 55
708 991 39
984 245 32
610 938 8
893 666 62
488 32 76
751 190 17
258 943 55
435 481 62
386 281 75
475 564 76
710 492 16
847 728 72
461 77 4
606 234 62
25 380 46
322 325 7
987 446 87
336 825 96
501 674 81
460 266 76
560 778 40
480 171 8
72 780 56
90 97 85
718 334 93
638 162 75
470 35 74
384 286 61
920 848 89
717 103 90
27 82 98
71 956 72
422 398 6
481 618 61
293 985 94
67 794 11
649 829 29
20 701 46
289 774 4
195 508 19
488 310 77
150 865 68
354 200 45
226 470 58
324 967 75
913 522 87
913 530 66
297 211 71
164 389 38
777 346 2
407 529 19
337 978 25
145 661 66
658 13 4
406 947 31
361 382 92
498 583 61
652 583 97
630 822 85
140 886 1
737 308 8
488 961 74
947 661 72
312 517 55
250 650 76
513 877 69
665 485 63
529 193 95
357 389 73
755 16 34
641 331 77
926 334 70
76 928 82
994 141 1
370 983 71
100 816 8
862 767 54
350 475 92
848 544 57
386 578 8
433 464 38
277 480 8
364 670 35
977 993 38
336 297 26
89 353 23
590 284 92
344 787 64
842 114 86
58 920 94
235 799 46
278 385 64
381 592 66
743 401 86
616 357 39
660 311 81
353 699 81
922 601 50
973 802 84
909 485 56
242 17 68
818 726 85
464 399 23
229 557 98
253 551 94
516 628 95
291 408 22
848 716 71
707 967 60
428 614 91
603 568 37
475 937 31
479 552 3
572 348 90
130 704 37
826 608 77
22 276 88
205 610 26
295 146 32
385 465 66
248 536 1
679 26 36
357 205 13
202 22 61
859 164 28
397 503 22
179 662 5
615 744 39
124 128 3
211 587 48
13 972 44
270 288 20
319 220 1
708 964 92
516 75 58
749 666 50
797 825 61
421 762 1
448 682 38
807 823 91
865 569 14
122 542 37
683 784 9
494 929 70
520 4 65
73 178 69
264 290 13
388 263 65
492 112 84
832 533 15
244 733 5
292 621 26
420 821 99
552 779 21
808 2 2
973 777 44
194 397 59
50 447 90
571 140 14
335 456 43
36 810 5
359 657 54
951 428 78
311 469 95
55 796 5
174 157 56
975 796 40
579 843 50
705 72 61
106 947 25
230 513 46
987 864 81
551 110 25
717 208 82
752 414 2
330 914 59
18 519 64
265 604 40
578 544 48
579 852 54
659 846 79
31 115 34
49 749 3
651 147 92
494 638 76
704 191 19
366 753 89
299 935 43
921 14 82
843 688 96
913 60 72
635 953 97
24 606 93
797 555 12
111 244 22
345 852 99
506 781 99
885 117 49
412 716 34
731 516 57
633 877 67
158 1 6
88 304 4
88 864 7
313 419 37
200 450 80
849 579 2
360 118 29
685 563 97
434 642 6
261 665 52
276 528 30
373 452 39
827 967 43
718 839 69
424 232 83
559 931 36
20 240 7
895 134 39
122 282 46
931 764 20
961 745 42
652 688 93
635 832 40
705 721 32
591 495 76
944 193 3
360 794 68
251 124 19
770 232 14
59 324 100
237 869 7
521 270 72
911 556 3
811 16 85
704 232 37
459 229 64
508 978 27
682 392 90
715 846 12
582 959 90
42 377 81
379 724 79
282 134 12
305 852 61
679 420 30
940 16 96
938 502 41
539 176 73
911 457 36
746 698 74
819 244 11
832 898 62
932 236 26
652 497 24
857 265 49
848 481 93
618 256 77
928 665 24
626 117 38
58 630 25
103 385 41
927 188 25
537 365 27
734 505 31
777 684 44
432 218 20
222 734 91
27 780 30
36 356 95
458 112 68
652 459 56
594 46 60
295 373 78
933 306 96
480 581 70
491 832 19
41 483 27
188 763 71
911 80 77
953 226 20
985 660 42
916 376 25
865 934 7
388 556 97
965 971 11
188 540 84
132 193 89
226 587 9
234 156 31
632 516 45
725 790 49
331 189 97
708 49 12
62 809 71
652 795 35
489 669 27
889 13 71
509 671 48
757 344 51
728 815 71
648 263 32
585 275 15
499 121 21
785 878 70
788 767 31
152 49 92
51 133 30
870 147 36
873 105 43
286 348 19
217 490 85
327 384 62
169 891 96
630 315 37
771 990 47
187 781 53
481 796 93
0 800 71
430 169 11
274 903 97
69 891 2
213 496 12
603 364 23
592 570 87
895 966 63
751 455 60
144 142 17
74 484 60
522 846 51
322 341 4
695 423 22
969 852 80
194 33 42
874 210 48
618 364 48
346 374 60
475 530 43
656 855 58
124 143 80
257 655 85
348 663 92
448 176 19
310 7 38
311 647 6
946 482 60
821 856 29
904 847 47
704 472 13
249 644 61
151 120 66
634 142 90
566 649 6
729 320 53
462 521 86
107 187 44
347 522 48
469 295 78
625 160 26
794 772 75
505 900 9
373 626 18
569 758 34
588 11 72
405 194 20
411 577 20
712 860 86
16 646 14
689 247 61
771 985 63
261 388 27
158 126 33
485 743 10
381 270 47
482 608 96
912 963 26
743 447 39
310 865 47
875 696 92
482 640 84
201 553 10
385 914 79
55 431 30
515 486 100
21 786 91
592 28 35
993 991 32
244 876 88
453 911 67
817 241 12
502 854 26
663 951 69
60 786 28
490 893 27
480 574 61
108 651 68
70 482 2
502 937 19
271 41 39
611 682 66
236 498 74
765 458 57
856 848 28
288 203 25
831 261 33
30 411 91
793 999 64
816 441 42
249 353 77
774 180 51
928 939 16
279 804 33
424 998 19
978 402 89
221 404 14
837 239 29
867 254 11
546 972 87
4 97 66
565 856 61
933 579 15
218 698 7
107 894 36
574 731 77
345 364 32
42 116 26
66 73 12
78 875 22
11 633 70
817 768 83
567 937 74
656 652 2
455 377 39
111 941 78
971 119 66
105 197 3
447 955 50
785 757 34
667 376 52
59 680 16
24 311 78
387 211 62
656 350 12
954 114 35
35 941 92
729 604 90
361 703 79
568 626 51
620 291 49
298 7 23
258 385 11
126 662 39
248 833 46
870 353 65
958 240 94
277 84 51
827 976 49
109 773 51
151 682 14
245 890 97
897 349 47
932 870 60
667 4 19
311 328 3
136 381 78
932 985 78
546 620 66
538 746 38
224 211 34
62 412 20
594 351 86
519 254 21
470 974 76
76 87 10
512 682 15
755 539 98
767 530 24
165 849 94
334 980 20
923 465 88
876 77 7
854 327 96
653 552 36
772 70 67
331 288 83
587 968 89
39 496 57
590 105 54
680 282 1
643 14 51
776 232 8
895 305 96
958 55 99
622 161 42
560 525 56
474 924 33
754 117 77
302 269 68
434 50 49
382 298 5
94 356 13
87 180 34
203 838 25
613 255 69
455 503 51
922 308 55
907 104 56
933 787 14
924 999 17
435 427 8
433 864 36
92 8 18
815 417 12
676 995 13
772 622 59
780 154 13
515 647 27
958 252 97
829 161 39
759 450 85
842 888 9
323 594 28
578 47 43
399 829 13
942 786 47
142 456 82
502 107 73
480 668 39
222 601 7
518 949 60
261 0 64
127 828 52
300 229 64
76 107 22
969 779 6
541 438 20
536 15 80
357 121 36
440 735 30
919 312 38
778 688 1
634 749 43
810 65 91
473 626 36
333 550 43
125 969 73
881 787 47
388 943 18
822 623 91
955 682 71
857 123 90
397 92 92
965 634 34
147 439 73
791 353 67
489 893 42
400 725 38
388 462 75
724 704 31
201 462 36
219 14 78
530 60 29
705 11 38
424 41 93
853 923 49
372 599 45
732 242 66
68 730 70
762 800 59
880 365 94
243 915 91
27 969 98
357 379 12
886 222 45
670 422 18
11 780 6
923 671 97
937 9 23
958 93 75
212 415 30
700 94 96
235 164 93
127 890 48
316 968 100
971 298 23
721 319 65
908 64 74
342 972 96
893 50 22
174 759 98
48 39 82
446 601 92
956 943 97
979 50 49
160 86 49
772 879 71
814 579 97
888 618 92
256 683 3
112 222 10
675 408 93
292 320 14
875 611 40
683 308 70
508 175 45
305 913 20
468 601 28
567 842 51
998 296 65
237 250 90
238 48 6
656 77 2
914 193 10
289 484 89
698 137 86
937 171 82
437 679 26
411 255 91
303 527 59
371 16 59
408 232 19
919 582 80
868 513 20
416 810 81
414 570 18
415 761 52
762 232 100
201 780 99
145 969 33
420 451 52
126 827 79
725 526 10
944 374 59
250 522 100
71 748 15
47 849 91
990 927 42
333 810 65
627 682 96
729 238 70
544 559 41
953 541 52
268 110 50
80 624 2
81 427 75
273 706 90
880 867 43
837 61 87
461 297 14
426 647 32
47 86 38
924 82 62
3 132 97
206 996 46
555 51 24
271 911 71
923 920 86
928 544 53
74 312 9
920 896 79
875 587 44
834 328 46
644 112 81
938 731 54
615 695 24
392 262 14
724 271 81
43 116 9
187 204 69
561 388 100
563 843 62
85 776 85
805 536 29
660 541 13
123 395 85
425 299 13
160 311 8
221 574 69
91 911 69
733 678 85
613 805 88
14 378 13
902 423 4
734 412 8
593 416 4
392 567 55
307 629 89
946 533 28
587 665 95
35 764 1
438 25 48
448 647 56
200 6 9
396 311 5
257 631 14
784 219 55
678 622 62
279 688 9
321 737 91
611 451 94
513 989 95
847 979 99
944 91 55
89 307 81
315 236 56
60 605 48
439 314 89
588 426 61
273 681 1
576 970 39
824 23 62
905 830 33
810 507 94
556 386 32
554 308 10
260 965 25
985 30 79
957 454 60
496 108 44
591 293 24
527 310 6
801 991 89
424 699 93
932 724 91
289 551 23
907 995 55
249 829 7
131 696 32
303 379 23
807 734 9
679 444 49
436 942 59
679 353 90
577 190 99
296 71 11
874 304 31
971 465 97
741 760 92
521 9 79
662 553 7
3 525 51
749 598 17
265 763 21
309 273 62
623 658 15
648 720 2
422 152 36
856 807 94
506 563 38
596 878 76
368 406 86
328 504 77
208 28 62
885 285 45
147 504 9
634 241 28
736 597 84
693 861 12
270 520 67
329 230 56
622 21 89
742 40 17
985 689 83
768 761 76
691 817 78
307 994 97
770 23 36
481 613 28
336 739 98
805 900 83
567 296 79
274 909 68
243 928 58
254 481 92
771 591 38
737 708 44
402 806 12
970 107 18
119 385 4
862 532 18
671 412 13
166 611 65
147 380 41
491 755 30
16 679 15
111 995 88
733 481 47
572 629 63
846 59 85
756 324 95
491 519 64
390 71 79
945 720 44
650 370 97
907 581 12
248 39 3
685 453 39
652 764 18
68 25 39
909 235 31
739 466 23
381 818 43
915 902 73
865 429 19
571 556 69
731 874 30
888 394 94
984 810 76
146 437 75
534 814 63
877 498 93
411 509 36
655 168 1
973 572 10
473 601 97
959 901 38
797 252 6
955 402 81
696 655 3
611 235 37
887 641 13
31 580 12
946 315 84
323 974 91
753 684 44
373 946 81
426 323 36
990 448 79
813 808 92
260 357 15
462 389 90
334 47 77
783 174 46
527 376 63
446 385 42
895 927 14
491 303 84
756 731 61
330 730 59
808 666 90
23 304 40
474 992 69
637 794 34
577 250 52
209 691 41
382 193 90
135 212 37
884 606 65
146 600 5
469 34 16
267 864 20
52 539 27
455 109 33
106 833 40
504 160 10
581 295 63
973 882 98
299 254 31
167 246 50
781 481 43
410 552 53
374 232 16
114 102 58
868 932 27
137 941 71
947 437 48
293 958 86
28 456 10
583 243 45
209 81 26
594 452 42
62 86 56
9 71 21
753 781 66
37 793 65
939 949 59
171 786 42
199 575 42
450 530 63
541 404 72
148 795 9
666 744 5
238 351 85
572 743 51
49 44 21
980 291 96
594 773 81
55 60 44
249 409 38
558 183 6
545 423 48
757 316 100
516 595 36
940 343 100
265 434 55
668 444 22
196 475 2
78 150 3
42 892 44
858 225 32
420 456 33
493 538 53
723 134 48
775 61 35
17 31 22
676 424 83
44 918 33
674 887 20
90 589 95
911 856 36
831 953 87
97 80 73
151 119 14
798 111 10
327 325 84
776 251 47
244 882 68
401 96 100
360 18 30
696 847 92
514 535 65
988 129 71
928 429 33
515 706 88
954 957 51
555 507 31
117 239 40
477 852 30
135 420 92
834 667 48
420 640 55
90 150 77
217 482 29
360 384 62
915 101 37
413 523 82
162 262 74
914 560 61
439 540 95
399 890 75
659 564 93
796 564 34
826 702 41
943 86 28
994 981 17
410 251 4
163 357 34
149 289 31
601 95 100
178 52 13
778 43 13
296 19 95
638 949 88
846 176 2
341 28 17
10 906 37
270 980 45
896 894 26
552 410 94
824 926 76
461 132 59
107 230 55
990 102 28
825 783 26
312 188 32
185 103 5
559 641 25
164 148 24
226 751 26
57 504 21
385 149 8
4 536 54
787 190 58
632 974 51
99 667 83
981 505 22
521 665 52
833 325 96
324 622 64
130 44 6
588 278 73
928 356 54
217 579 22
610 81 34
89 181 17
954 19 76
266 511 31
376 995 49
991 33 19
247 213 26
491 445 15
236 504 19
399 765 33
893 822 7
828 209 99
773 223 82
888 500 54
694 591 8
896 849 95
832 726 70
347 916 49
47 615 24
828 362 66
158 365 82
417 757 6
773 924 30
88 762 58
123 871 11
420 584 81
48 803 94
59 328 42
477 691 82
422 400 55
430 594 35
151 351 42
467 28 95
149 936 52
545 573 46
146 808 76
680 372 89
920 730 39
952 149 89
757 855 57
391 386 39
355 741 16
83 340 33
29 932 51
450 896 27
795 476 3
288 881 77
452 850 20
782 752 15
322 336 26
213 161 5
486 739 10
428 785 28
470 307 45
135 1 83
817 143 50
338 439 1
761 436 7
354 366 72
575 715 47
38 181 12
299 904 31
791 991 39
326 166 21
260 822 66
421 945 45
615 548 3
595 650 60
944 34 36
818 933 20
670 292 19
173 145 77
176 583 70
755 589 66
455 104 27
301 907 51
213 304 29
207 54 87
275 747 93
345 187 77
203 627 60
3 566 39
175 290 16
217 116 26
861 942 66
486 953 85
165 214 47
174 743 89
213 495 69
895 473 7
430 916 65
155 820 69
588 47 31
987 777 70
170 321 10
151 518 40
646 220 84
494 955 79
873 660 99
435 475 12
316 957 46
270 644 28
507 645 64
770 886 99
165 969 13
913 498 44
981 166 6
584 986 2
967 196 30
2 891 19
7 474 46
393 402 37
902 830 48
674 417 94
639 445 38
272 536 13
955 672 21
841 458 19
15 878 85
526 92 15
94 642 89
520 409 3
687 399 86
784 374 56
261 282 17
928 607 24
634 354 32
894 347 51
418 976 17
783 319 18
777 788 22
748 947 24
492 325 11
710 943 24
456 208 56
703 185 89
333 75 71
445 123 61
570 676 70
996 1 69
837 620 6
989 246 7
963 74 9
560 825 36
651 96 60
306 581 68
166 880 67
94 951 55
77 296 34
667 472 55
232 926 75
37 688 48
117 192 57
536 368 86
228 911 85
398 54 82
467 280 48
6 570 86
197 119 88
17 965 36
548 379 26
77 876 82
988 405 75
489 333 27
236 511 16
766 234 91
227 970 97
426 643 100
166 294 49
6 184 77
606 178 35
52 195 93
242 791 68
102 408 78
513 843 83
905 655 55
462 703 96
762 214 69
288 646 92
547 853 48
130 996 93
337 10 9
822 765 28
213 188 54
448 95 90
619 785 95
967 722 55
214 510 98
13 307 19
436 497 50
752 990 83
68 283 70
712 361 83
78 374 94
695 589 44
753 985 25
6 761 42
828 263 44
849 571 29
971 543 85
740 444 50
664 410 79
42 24 3
588 957 99
643 947 83
832 480 11
261 994 30
609 43 23
790 674 59
856 480 12
852 916 45
920 947 2
13 900 99
946 815 4
354 294 60
373 864 35
481 759 6
358 903 96
517 994 55
316 13 51
100 557 78
579 434 38
998 165 70
54 949 11
279 901 18
280 376 8
264 623 62
75 744 8
402 621 9
591 26 5
218 460 74
435 221 55
910 737 66
282 862 44
385 792 99
922 679 90
356 477 22
520 866 53
318 868 5
839 278 32
179 162 32
378 613 29
500 950 72
265 333 19
119 899 17
86 797 27
97 439 80
595 212 33
678 496 63
198 98 58
665 407 45
849 707 42
835 443 4
592 647 13
104 156 38
790 12 28
328 684 17
97 556 83
512 988 80
373 639 51
714 442 10
894 27 1
969 653 43
652 394 39
35 219 12
239 940 81
694 66 41
563 904 31
746 505 44
897 431 62
68 788 74
600 99 70
764 432 20
925 247 51
917 551 48
524 125 32
905 231 46
73 130 72
390 289 59
389 362 92
924 566 27
97 175 80
220 256 9
552 452 51
878 238 31
115 258 22
837 97 31
997 31 41
287 863 14
549 105 67
431 156 28
881 784 5
734 506 26
51 263 46
731 628 56
744 742 14
1 166 9
470 801 100
851 356 35
427 958 44
301 80 90
774 421 26
561 703 65
475 133 62
37 53 43
889 160 25
548 670 46
798 122 55
665 337 3
977 126 28
700 948 53
156 281 39
180 138 65
2 205 27
984 87 87
986 132 77
859 3 35
223 489 68
142 398 12
831 865 51
629 653 47
597 36 64
921 230 38
373 416 6
289 587 90
459 344 77
174 206 51
436 781 19
371 613 66
848 304 77
719 944 67
971 680 78
645 286 16
219 887 45
585 993 39
412 172 20
783 944 51
385 147 70
921 788 11
843 524 83
610 836 100
403 613 67
476 836 26
350 942 30
790 343 78
551 899 6
725 778 51
138 391 14
704 197 61
285 589 37
655 931 97
847 753 86
176 577 47
866 678 78
175 953 94
64 77 3
610 175 98
929 727 61
677 426 100
512 791 83
970 929 70
729 665 76
762 320 19
467 805 89
970 785 62
684 12 7
72 39 24
130 491 59
413 536 98
942 945 70
392 293 80
161 636 85
243 459 94
653 259 57
870 107 64
57 621 38
838 361 50
673 853 64
550 968 99
858 659 50
374 500 77
674 509 12
806 999 84
518 616 91
872 967 41
581 57 11
662 573 77
597 72 79
770 48 64
466 116 93
539 991 11
191 321 88
803 146 11
841 459 28
605 959 95
695 737 40
139 280 97
235 477 69
369 895 13
754 933 84
586 781 99
979 173 76
545 210 11
791 524 33
889 995 11
376 269 30
682 239 8
658 453 11
333 953 84
294 49 30
863 46 71
246 297 42
197 369 96
273 553 5
344 300 5
778 165 44
598 290 52
304 757 56
834 302 40
630 100 99
791 41 56
168 979 18
796 447 33
41 428 48
235 928 52
11 710 37
612 760 35
154 823 8
105 630 15
9 404 81
702 66 70
740 696 25
60 103 30
175 693 86
184 705 22
198 86 72
364 708 83
997 836 40
862 864 4
446 993 90
872 175 91
849 514 82
51 305 60
596 334 39
206 10 19
26 559 6
104 594 83
279 227 15
549 941 13
121 859 68
692 894 21
163 715 22
82 573 78
508 490 53
120 554 56
949 200 6
672 760 71
232 760 38
894 89 66
445 491 81
854 98 90
275 781 38
942 103 98
762 251 79
183 835 45
583 996 51
88 262 72
655 850 45
996 970 62
968 380 91
166 360 99
367 924 86
804 729 95
704 60 28
631 833 28
579 765 45
95 865 26
394 850 66
749 465 100
592 643 5
303 461 55
556 943 50
651 847 89
311 22 89
369 403 94
694 39 9
519 200 35
761 646 2
162 968 66
190 991 91
271 515 47
564 29 9
434 365 41
156 564 53
256 550 33
709 609 88
908 468 24
233 677 34
523 847 11
145 565 63
708 13 60
245 104 60
854 456 5
493 236 67
615 234 22
280 101 69
511 538 73
14 410 68
698 620 87
78 958 75
233 522 61
204 266 56
870 595 90
920 322 75
645 301 89
118 508 86
720 846 81
175 871 7
515 711 95
722 628 18
151 668 62
278 298 27
372 324 81
520 973 81
869 498 33
298 453 89
983 55 93
797 976 79
432 253 81
198 871 88
44 558 27
46 883 90
388 349 28
342 272 65
375 661 25
353 3 15
172 552 89
860 413 49
456 645 78
54 252 90
309 327 2
632 902 92
685 810 27
637 887 71
86 920 37
609 505 66
654 147 30
470 757 31
405 431 13
662 740 15
911 17 37
396 589 33
687 420 84
931 197 71
740 179 20
618 472 66
464 483 84
212 777 3
231 265 24
457 723 79
739 853 18
412 411 80
825 993 8
716 373 73
644 909 78
338 652 2
397 986 100
490 41 79
494 812 52
397 239 55
558 539 23
220 443 12
431 543 78
120 942 35
202 186 100
706 940 88
112 577 92
410 564 100
878 21 95
304 858 28
402 356 64
230 464 27
366 257 26
505 441 40
805 639 85
514 958 19
290 810 66
472 693 16
191 166 37
796 342 71
985 506 96
306 821 47
472 636 27
879 915 56
268 276 53
42 245 18
971 650 5
160 174 49
765 698 16
308 979 67
321 581 92
438 662 90
634 692 92
360 513 81
400 738 22
791 144 65
791 379 13
348 394 66
409 130 67
819 278 38
838 630 21
499 789 52
849 738 20
626 809 26
713 74 88
840 509 89
233 164 92
309 790 29
20 937 94
204 948 17
355 181 2
729 552 89
913 393 13
136 590 59
731 209 14
64 513 89
88 870 56
975 442 48
264 294 86
769 381 19
699 243 80
255 178 96
119 729 1
133 305 10
815 842 78
802 871 68
760 196 3
480 385 61
5 932 4
169 478 52
360 157 56
443 66 21
588 836 7
254 423 42
352 407 23
866 311 76
0 57 33
67 78 56
921 427 8
275 953 80
491 128 52
974 788 3
695 118 24
311 25 51
778 216 13
736 598 36
942 38 55
877 285 95
178 618 3
806 623 13
557 268 47
325 193 97
236 512 96
7 20 39
363 7 4
237 191 46
933 323 15
32 600 12
346 550 64
695 852 41
286 731 8
163 204 13
439 839 52
339 941 44
16 947 76
424 72 1
77 937 66
14 908 67
287 322 27
470 617 55
776 408 87
774 249 94
740 86 31
800 544 13
190 80 15
955 935 49
547 152 1
569 793 27
690 464 33
624 463 87
449 3 28
214 980 10
543 97 90
945 585 94
690 749 3
643 511 85
721 58 13
119 678 32
84 832 81
472 977 51
626 229 8
887 740 33
933 619 5
331 775 80
132 474 80
339 888 43
861 91 66
866 500 96
874 477 52
221 190 67
942 452 38
38 199 89
551 829 56
439 369 76
311 581 38
374 795 85
357 998 93
899 112 78
931 747 69
650 344 86
6 493 81
181 969 77
982 919 43
341 70 79
313 273 31
942 102 69
524 569 61
779 728 82
51 892 28
901 355 6
892 122 91
946 487 31
424 8 53
322 286 39
462 761 15
47 709 22
369 893 55
154 604 76
836 361 9
662 482 8
894 286 33
424 444 86
85 563 76
45 85 81
630 54 38
934 338 22
585 487 57
561 278 50
508 410 27
35 102 88
799 802 71
633 84 58
162 694 11
143 790 94
408 656 83
606 973 64
970 878 99
295 846 75
216 598 6
76 811 42
308 837 34
315 72 49
714 488 44
618 204 89
652 173 98
504 498 43
606 295 17
919 160 1
458 122 85
733 909 27
641 723 37
832 750 26
291 191 22
145 795 21
751 267 89
868 576 78
896 1 3
874 253 8
804 655 43
151 239 7
796 759 83
467 456 60
466 425 79
67 771 74
866 820 65
41 185 38
549 557 39
605 27 58
196 692 21
966 82 40
508 699 35
386 549 63
120 650 57
584 709 21
874 505 31
884 747 87
606 750 51
697 919 16
620 459 37
110 712 82
959 291 92
766 980 82
95 892 45
753 432 57
383 598 18
320 832 18
673 130 61
182 446 94
388 164 79
723 526 19
607 975 11
366 471 42
130 404 6
816 689 22
274 831 97
657 605 23
645 65 20
774 128 22
525 889 93
129 55 62
508 692 20
657 781 32
97 769 62
510 983 61
528 566 29
946 152 90
989 235 57
262 374 99
214 236 96
953 627 65
57 50 6
335 939 48
710 833 11
310 419 93
788 79 28
551 382 51
167 57 26
87 189 39
24 134 5
478 835 61
803 691 15
546 667 38
745 129 6
247 88 42
563 924 38
202 699 42
557 732 4
965 203 20
312 16 74
322 771 15
345 548 9
898 769 69
870 135 97
116 317 92
123 487 94
923 399 74
93 993 50
871 190 42
320 471 99
233 639 25
491 397 52
111 604 18
872 500 15
953 599 58
322 408 58
242 517 20
29 658 59
848 709 40
245 550 11
706 211 6
636 350 47
729 865 69
284 53 37
237 528 68
460 271 55
814 312 3
166 190 81
281 39 93
369 796 9
884 736 45
365 822 4
853 75 40
799 974 100
866 240 78
60 943 29
419 178 79
710 212 97
732 273 79
328 716 36
849 856 42
973 10 63
146 705 65
89 562 96
197 628 25
520 344 39
716 77 61
133 69 2
759 998 27
786 671 80
123 730 100
88 741 8
541 916 9
0 26 70
362 628 81
501 41 98
704 198 66
785 265 68
77 974 92
934 300 13
111 307 69
850 216 23
475 378 6
625 992 57
447 640 100
713 385 73
347 737 92
991 329 36
432 44 8
348 955 92
85 83 78
646 538 43
61 921 1
928 935 79
742 98 69
24 438 14
238 321 68
241 608 37
726 143 37
752 986 85
67 487 8
956 916 13
647 105 33
200 761 99
452 416 3
924 651 21
115 310 23
734 476 98
49 933 89
831 559 6
292 607 69
835 804 40
613 731 21
138 110 18
859 643 24
437 20 22
642 282 16
618 990 73
869 207 61
955 833 1
470 700 79
291 646 48
28 569 95
561 860 78
953 823 74
73 412 71
206 399 18
818 144 61
220 10 56
666 683 93
314 83 55
494 341 63
696 195 99
49 59 91
477 762 78
941 542 42
951 34 6
341 291 52
220 935 77
883 523 60
138 729 29
953 522 86
996 658 37
540 156 48
497 756 32
808 565 22
466 474 69
771 914 68
200 591 83
323 949 61
373 612 12
432 821 97
701 653 22
850 445 13
577 756 17
601 714 31
689 136 89
379 567 45
574 140 62
670 273 31
758 806 67
648 839 32
768 360 64
942 160 95
919 418 37
679 964 98
401 994 15
72 884 56
795 726 79
186 89 83
879 468 60
497 470 28
913 300 67
84 133 94
519 381 64
162 898 15
279 407 80
632 799 78
128 924 2
635 581 43
789 421 56
574 813 54
622 640 66
503 28 6
88 500 73
22 762 19
542 387 60
551 614 19
104 276 67
374 478 20
602 998 57
804 763 82
318 568 38
961 391 74
762 330 44
610 177 55
983 580 50
817 109 51
670 728 74
250 500 94
646 86 18
993 367 64
161 469 39
310 562 41
442 782 60
139 501 26
317 123 15
426 252 39
200 648 71
995 819 90
720 880 65
645 307 28
710 384 61
250 46 14
907 436 8
897 502 75
513 984 84
194 913 51
939 793 57
460 679 36
88 815 49
430 897 92
455 268 7
896 200 28
429 289 24
420 392 52
332 418 32
862 91 80
882 309 70
511 623 44
606 56 40
748 823 19
930 934 1
397 79 63
674 818 24
180 911 55
667 237 37
509 415 58
690 169 15
580 883 46
4 521 98
904 167 49
742 476 4
470 431 63
630 367 8
801 443 29
303 299 50
588 504 26
785 89 13
205 82 92
401 10 89
133 855 76
559 979 89
688 805 93
277 855 18
479 301 34
227 632 63
25 598 96
189 570 80
874 433 74
472 340 100
790 394 43
676 840 89
271 126 68
735 114 92
865 422 73
286 152 68
21 246 39
384 675 90
283 590 98
94 934 33
597 627 32
481 896 67
803 761 9
480 476 99
981 914 46
59 932 27
977 300 39
184 964 32
137 424 17
51 276 13
467 96 19
46 340 49
103 333 44
935 827 11
595 926 82
86 135 62
399 247 4
826 369 7
614 952 57
47 60 25
62 464 31
756 771 96
20 428 62
757 183 73
944 571 44
690 47 4
713 441 49
785 881 48
692 833 77
863 420 13
792 244 6
29 765 99
636 236 57
367 318 28
114 39 65
261 471 10
217 394 5
966 538 70
126 706 93
453 150 82
32 908 27
961 174 10
791 879 29
225 245 40
994 345 16
675 84 60
305 109 41
782 760 44
955 2 77
414 726 52
991 68 77
151 139 100
461 871 51
133 304 59
164 379 72
543 277 48
624 48 33
315 506 13
337 488 42
907 732 100
883 944 51
985 610 2
864 729 15
272 162 87
359 813 31
423 986 48
564 265 53
288 578 99
875 888 25
191 510 28
270 108 79
988 777 91
957 552 45
692 158 75
890 934 24
526 276 10
313 397 46
601 829 36
144 699 71
882 352 78
195 642 34
512 533 26
921 454 63
934 108 91
79 155 13
822 95 71
576 975 46
463 4 73
351 517 13
69 988 5
460 122 43
296 644 26
357 728 72
715 904 98
498 310 39
938 521 62
603 495 85
667 394 71
51 171 64
751 986 73
854 997 76
911 176 69
748 712 9
945 493 97
370 826 91
767 159 12
788 830 5
253 701 57
293 405 98
345 671 32
308 855 24
769 639 53
272 664 19
984 647 40
724 551 24
533 535 94
663 351 95
986 803 31
420 108 85
191 441 43
130 649 35
516 804 38
955 562 99
838 639 84
478 726 17
952 102 60
518 7 73
328 674 55
570 904 95
838 209 24
591 519 42
659 261 99
357 31 30
463 527 99
558 977 87
330 781 1
302 586 94
866 868 33
625 934 2
332 209 62
789 722 46
345 125 36
408 469 22
835 892 11
889 631 39
677 137 56
358 935 13
601 304 64
771 599 30
722 544 14
118 894 35
42 39 65
548 615 35
208 872 5
392 138 56
271 976 89
642 855 51
63 98 29
820 889 65
236 108 100
245 256 54
739 45 42
718 136 23
255 489 68
241 337 49
604 189 21
593 448 92
512 807 42
241 197 50
461 423 70
965 964 80
789 107 17
168 272 71
78 159 14
950 250 100
199 778 22
26 230 49
300 406 13
799 277 29
688 386 24
93 171 35
67 973 50
942 841 76
59 907 55
211 650 63
592 499 88
422 866 33
57 866 37
484 670 73
952 705 81
136 176 5
279 839 77
490 471 82
547 297 61
861 103 84
855 381 87
411 468 36
626 34 66
687 189 28
112 884 3
897 912 73
345 181 9
89 465 82
75 893 9
352 488 36
508 390 59
827 656 71
668 121 44
634 643 1
304 710 45
764 393 82
329 625 24
180 78 80
505 899 54
633 336 28
975 179 56
231 889 2
570 10 19
297 974 93
885 621 48
386 243 2
222 989 81
455 69 100
638 720 65
51 182 86
704 530 71
452 350 76
483 774 84
796 523 77
618 641 42
675 149 86
998 690 54
101 336 65
713 169 63
14 232 22
876 154 8
102 605 22
477 563 32
151 826 28
759 888 42
333 942 90
344 585 54
226 933 76
83 922 11
659 994 21
971 85 78
229 484 34
506 333 26
498 432 51
431 471 4
343 453 11
479 418 67
985 516 66
861 439 37
213 571 58
202 497 40
19 686 9
411 356 91
140 615 96
153 34 49
974 764 66
885 539 75
410 61 58
112 152 65
120 238 53
587 71 80
292 576 93
415 876 65
831 143 51
723 27 70
121 514 92
278 836 80
376 510 73
59 854 92
620 767 86
584 244 44
462 959 58
775 631 54
986 653 85
280 55 20
169 273 66
293 240 74
158 140 67
777 536 53
805 384 32
300 329 52
150 317 66
429 708 74
138 625 26
747 154 72
747 815 21
201 152 100
69 475 84
718 123 68
29 566 7
995 366 22
596 421 40
127 455 19
919 712 76
4 341 89
154 633 75
440 573 34
962 126 91
921 563 72
69 336 4
70 837 33
698 184 57
786 688 72
539 498 58
885 225 19
455 451 2
710 668 7
332 372 66
571 926 37
591 480 33
608 207 37
251 106 99
139 615 53
440 174 24
889 773 84
387 349 31
830 222 54
185 159 28
614 627 68
239 83 7
314 359 1
584 316 7
335 452 64
52 199 77
30 871 32
963 825 70
399 632 42
694 469 86
751 807 49
438 91 66
206 161 19
694 507 74
29 801 29
817 607 44
707 980 40
585 965 56
799 457 96
299 204 34
750 215 33
955 725 62
373 934 29
387 958 30
209 132 76
300 674 90
303 582 46
452 142 57
921 892 97
192 732 97
849 666 9
855 383 53
330 236 57
567 183 7
563 852 66
649 132 29
131 274 4
902 760 85
331 763 23
414 778 88
143 246 43
24 744 44
573 919 56
571 157 23
582 744 3
550 869 85
416 96 26
809 876 15
642 882 45
521 585 74
380 972 47
431 357 46
410 825 32
110 77 3
37 604 18
167 251 26
890 976 62
653 958 86
339 897 41
121 719 93
577 866 53
45 575 98
584 458 77
974 668 83
957 440 95
511 421 28
35 486 2
107 123 91
74 713 38
805 52 54
624 125 20
537 513 33
103 10 83
615 779 86
386 710 92
223 185 82
813 309 55
218 329 97
84 16 18
467 606 17
237 166 50
634 107 82
98 661 91
101 457 90
361 922 95
281 399 56
336 485 28
668 565 98
558 986 2
509 654 10
788 334 62
413 869 54
276 960 20
262 697 54
188 291 10
919 96 99
768 870 3
338 289 28
129 431 76
747 503 1
205 995 76
883 750 3
523 382 28
687 586 25
933 142 6
903 284 96
631 10 66
874 206 57
216 237 93
616 756 100
934 276 83
276 402 70
121 43 63
820 351 66
425 841 43
230 936 85
68 448 20
132 607 91
883 705 92
168 558 25
362 963 92
886 499 35
726 466 27
285 25 75
578 161 84
338 990 61
846 877 56
635 608 94
824 930 2
718 951 28
531 683 96
192 764 34
152 757 17
850 353 42
263 523 44
386 603 48
436 512 6
691 975 76
425 975 86
83 810 69
173 498 68
841 661 15
909 644 33
459 108 42
864 564 34
684 232 86
486 235 15
293 296 55
385 346 28
568 450 21
384 307 78
324 918 100
100 854 83
837 931 52
686 466 100
70 335 20
830 895 68
987 704 60
509 377 19
274 173 92
713 370 72
146 530 28
501 645 19
133 429 10
871 457 86
83 660 40
997 322 90
391 145 49
399 185 14
442 466 37
776 795 16
694 880 88
569 669 75
121 45 51
93 742 63
841 838 19
873 223 69
862 200 49
195 452 89
494 113 18
686 627 54
807 421 84
440 30 95
715 861 10
864 966 41
482 106 78
997 621 15
951 515 98
264 278 52
482 304 51
896 177 97
903 410 35
70 87 67
154 376 52
985 881 9
628 119 22
699 296 76
976 471 6
277 994 31
905 337 68
225 943 86
152 65 95
407 212 75
546 3 49
878 512 71
267 73 79
894 742 49
953 652 51
882 548 89
903 408 92
237 649 26
820 765 51
929 388 8
864 15 78
822 242 39
47 276 57
188 841 35
247 971 77
977 414 34
335 963 18
299 934 86
225 212 28
826 331 36
284 195 17
934 354 22
471 991 56
108 156 2
779 870 32
586 917 43
329 81 87
574 352 40
505 483 38
630 387 64
618 960 70
655 870 34
569 329 22
477 989 26
683 376 38
842 968 86
958 627 8
582 19 43
44 635 69
806 710 74
724 35 64
731 285 72
167 98 93
150 913 79
242 558 17
821 375 19
48 30 17
161 380 46
238 523 74
857 904 72
909 990 61
78 703 14
494 84 15
538 635 27
349 683 1
132 574 11
198 460 89
375 933 83
162 837 3
117 4 82
913 564 16
503 435 10
57 739 38
59 785 28
406 95 78
530 688 65
517 890 74
733 879 97
793 760 70
298 701 55
161 457 96
565 205 58
348 702 52
83 126 75
593 143 19
26 923 52
888 581 55
34 449 52
102 534 83
52 379 72
246 210 100
794 668 32
73 477 81
891 750 81
401 781 13
160 497 5
763 605 8
410 163 91
618 349 56
410 905 53
814 796 92
268 465 95
787 539 5
840 294 53
644 771 77
51 570 80
480 523 24
449 174 12
875 741 15
131 435 20
888 126 15
6 127 67
692 270 34
149 435 32
625 499 38
503 799 37
968 494 94
427 545 83
354 29 44
868 330 25
441 721 2
405 55 30
771 615 34
768 794 45
479 466 81
58 663 93
201 846 45
397 704 77
193 730 54
516 273 47
271 965 91
837 343 80
907 304 28
289 604 58
130 846 78
934 200 27
864 607 46
723 94 23
363 407 78
187 76 70
625 863 51
877 309 68
755 347 6
661 497 87
506 625 9
412 136 92
409 835 54
882 53 91
11 393 20
859 487 58
40 38 74
635 151 48
772 275 21
970 346 6
479 945 35
159 23 38
908 417 29
731 136 22
132 986 98
749 123 79
346 106 7
476 735 95
596 270 54
145 855 49
573 930 96
486 622 41
36 936 73
49 373 16
599 132 88
85 7 31
759 229 44
548 124 33
582 405 54
941 842 16
521 388 83
257 544 55
446 736 38
816 173 52
584 854 55
785 975 16
412 245 43
671 163 98
597 376 85
229 247 87
9 199 70
697 31 4
409 18 62
451 386 66
260 142 80
763 300 13
180 533 39
308 131 76
690 804 72
66 14 20
694 892 30
415 656 48
706 168 28
994 185 93
826 2 74
550 837 88
435 430 46
436 344 38
499 28 65
790 814 46
183 531 41
255 461 79
487 793 55
904 886 12
159 786 72
558 479 24
417 132 12
301 64 86
977 787 65
645 452 10
761 954 10
305 607 61
660 803 46
132 252 66
954 32 31
101 124 73
630 155 58
443 754 25
753 421 63
77 207 76
887 79 25
837 93 67
301 416 49
866 207 19
333 264 52
137 322 39
89 986 20
161 794 84
954 651 15
15 681 95
905 971 30
924 829 51
904 220 30
391 56 62
916 378 34
209 115 41
901 957 16
249 304 35
790 35 81
332 901 38
497 99 99
1 516 58
790 301 37
17 941 86
685 584 8
171 108 87
890 253 81
227 330 90
521 179 86
878 103 81
138 309 72
34 82 9
352 109 26
890 760 41
2 32 12
556 99 21
318 235 24
160 228 77
370 0 22
438 106 9
583 552 96
345 607 3
757 460 98
570 153 25
459 765 59
371 322 75
623 869 85
546 832 19
142 822 17
783 222 98
261 93 57
591 327 50
952 670 12
980 246 54
868 685 59
347 547 30
594 335 26
38 761 29
496 172 5
457 177 47
345 502 78
463 663 24
301 852 13
91 806 99
643 476 31
185 523 36
611 15 1
166 670 34
656 554 9
129 787 68
825 844 30
572 162 30
686 121 13
15 858 74
480 628 91
476 642 11
285 207 47
815 529 48
815 962 87
999 683 81
294 258 53
231 130 26
230 986 31
335 72 71
884 959 13
819 696 60
505 168 84
174 741 50
759 951 42
904 833 17
94 287 45
588 994 48
948 119 9
369 572 96
315 951 73
559 735 64
0 221 85
741 223 6
965 220 91
5 190 39
636 850 30
982 102 67
874 744 19
262 420 53
924 736 8
497 550 9
763 219 83
97 424 48
743 74 92
629 886 65
501 256 61
964 672 83
819 109 51
748 111 36
385 750 73
800 623 16
753 661 50
862 174 33
115 80 49
27 205 12
982 4 20
326 566 30
1 110 26
651 259 100
737 900 50
252 12 77
379 936 65
906 636 89
53 786 93
292 246 9
213 54 57
998 406 36
581 958 50
773 2 42
11 237 69
829 384 98
524 132 7
155 385 5
64 821 18
198 870 55
982 446 88
325 969 62
730 502 16
334 563 69
731 279 52
643 554 96
586 728 47
418 290 75
637 809 6
325 170 71
925 434 49
818 821 30
726 937 33
574 803 36
91 419 88
347 680 15
927 68 90
321 380 46
856 361 57
13 157 58
829 144 91
211 84 13
930 520 61
95 25 26
541 451 80
167 533 45
707 342 88
860 869 80
178 992 43
528 111 58
595 946 96
399 181 56
403 379 96
545 750 9
71 783 43
985 987 7
453 801 63
241 700 20
663 693 52
44 132 47
708 1 94
554 941 47
593 915 50
720 333 13
103 354 89
931 137 73
287 594 75
559 704 40
681 585 75
771 541 13
154 969 100
239 892 45
431 22 54
550 393 39
637 249 74
985 231 43
432 414 65
463 988 12
346 465 10
856 770 20
649 607 52
37 675 32
879 472 76
74 857 55
290 310 81
992 360 64
20 244 5
102 730 5
271 90 31
680 622 86
741 156 56
402 706 36
941 644 86
182 240 96
906 728 30
955 660 28
874 587 63
732 806 72
927 21 97
998 410 93
992 119 28
314 760 88
970 697 6
223 945 4
998 291 91
38 108 15
840 636 64
745 9 47
984 600 16
155 396 32
30 712 31
364 568 35
930 193 100
594 423 81
428 469 17
115 498 84
940 71 17
471 266 27
891 936 63
737 330 57
812 667 11
532 858 15
518 709 76
492 518 64
246 45 65
142 154 59
229 459 55
226 389 25
745 631 59
58 381 44
913 308 5
820 691 6
391 865 38
723 651 45
850 924 73
702 670 94
496 472 47
452 460 54
559 908 32
667 618 62
534 926 94
993 434 17
664 748 60
579 684 47
266 977 26
850 559 70
849 382 73
666 488 54
255 249 76
500 799 73
172 36 91
765 642 2
181 517 4
573 694 77
606 761 62
417 482 7
614 693 88
510 952 34
344 234 49
119 273 30
411 458 80
477 424 59
391 362 86
919 1 50
852 423 19
48 274 60
361 602 89
583 908 89
661 762 44
867 516 6
580 318 96
318 969 66
847 448 59
777 390 39
230 221 54
290 345 19
72 197 48
16 611 72
73 399 49
22 655 38
961 905 3
511 676 99
62 539 16
962 173 21
328 289 84
699 856 99
374 825 44
553 217 9
432 364 28
311 158 26
775 388 12
837 616 16
167 306 84
261 274 30
44 360 46
244 999 95
813 420 58
114 189 47
117 184 84
216 787 29
462 124 43
721 748 80
536 394 41
688 251 39
122 164 60
397 826 56
746 40 70
654 928 75
137 102 11
0 955 8
588 924 82
765 535 84
398 517 21
526 856 30
63 842 91
829 205 40
9 329 11
738 883 3
73 859 36
446 250 45
36 669 54
645 998 27
853 943 17
986 884 53
451 561 28
554 640 49
216 945 88
244 624 11
136 929 58
749 471 21
364 960 48
791 586 92
733 950 92
84 44 44
569 648 76
802 115 25
911 914 25
220 833 87
662 512 56
515 869 38
969 103 100
347 683 43
339 479 88
739 654 36
323 406 94
906 747 76
454 812 100
989 373 94
94 835 54
629 884 28
584 654 80
695 54 29
673 255 8
396 556 65
497 293 95
555 132 90
9 295 14
965 170 48
250 100 82
55 376 34
840 258 28
843 860 74
8 884 94
589 746 44
412 270 58
583 933 62
582 392 23
936 572 64
871 837 99
620 584 32
155 736 78
230 996 60
473 402 39
149 552 42
164 310 98
112 838 83
112 498 95
346 942 51
316 754 62
18 110 55
84 479 51
893 49 56
874 137 93
388 67 63
47 45 23
884 929 7
769 30 68
2 776 69
199 455 26
102 317 86
605 202 61
326 208 18
436 926 70
758 309 73
75 43 20
522 164 58
631 382 7
321 884 86
84 23 60
625 929 40
62 665 39
197 327 24
344 586 61
979 262 98
27 248 97
102 748 60
135 419 46
761 62 53
27 510 5
646 755 13
444 677 85
488 305 83
775 138 8
300 635 96
360 553 28
929 815 69
51 926 95
317 785 10
991 804 21
618 402 58
884 914 100
176 239 62
743 49 31
140 766 44
125 821 34
733 74 98
491 44 71
381 378 16
569 264 30
244 486 43
69 140 46
488 458 93
28 748 52
842 737 81
452 389 65
708 532 76
785 205 52
860 331 46
827 16 7
643 289 68
591 551 86
212 72 49
96 400 29
974 344 83
843 761 96
181 17 34
15 379 87
492 135 4
339 593 28
357 281 57
328 8 34
321 620 77
628 501 53
788 858 70
845 854 22
7 543 27
783 548 87
941 255 68
494 456 53
130 699 50
330 441 30
778 705 42
399 318 1
89 937 5
149 439 15
346 818 56
335 711 33
40 622 50
59 861 24
455 53 53
291 486 87
389 909 12
309 126 19
179 135 80
394 275 83
948 852 82
45 684 21
720 203 5
828 568 46
941 368 4
956 291 93
51 440 57
128 116 18
479 112 72
680 164 56
755 556 7
98 149 80
280 535 80
90 850 75
220 981 10
441 847 12
649 101 16
25 557 78
872 694 7
584 83 77
273 999 66
401 178 71
816 377 76
352 561 86
116 574 99
120 490 41
452 796 100
939 863 62
456 394 42
251 95 43
926 565 85
4 310 27
753 671 77
673 227 66
613 949 26
568 789 27
153 811 67
389 326 24
36 556 13
289 654 40
631 995 42
644 692 28
492 90 31
19 341 47
634 659 75
511 160 87
664 494 18
462 221 31
531 837 29
903 661 98
955 981 15
980 570 72
923 562 18
172 366 77
123 734 65
842 669 47
664 892 55
718 746 18
35 206 96
814 222 43
121 249 95
422 830 17
764 891 11
71 807 36
609 556 74
873 978 79
194 22 51
638 433 14
54 617 12
817 602 61
285 999 14
507 339 68
200 70 3
813 151 63
883 561 2
708 773 57
564 583 21
520 878 14
475 471 18
538 429 63
194 455 38
146 496 16
359 720 66
661 935 26
348 445 36
306 738 19
530 326 43
262 813 9
891 504 60
450 185 72
466 620 51
343 432 50
262 536 48
917 446 99
209 815 91
562 885 93
759 178 41
696 370 47
716 144 61
75 600 49
124 238 62
250 901 33
85 718 34
164 509 72
686 782 9
594 872 25
40 51 86
101 800 75
860 467 99
898 115 36
526 704 8
740 156 20
174 158 7
92 892 71
126 548 63
86 625 31
198 142 100
92 347 30
905 96 95
260 948 56
752 560 26
168 120 20
569 854 37
166 831 5
744 244 28
576 17 1
237 984 57
230 78 24
658 738 68
248 169 40
596 543 61
21 477 84
953 512 11
312 406 40
882 55 39
717 424 54
668 913 67
464 22 83
455 188 34
56 627 95
555 256 66
257 254 16
246 732 38
778 241 85
682 864 61
483 216 41
460 569 13
965 212 38
539 42 34
589 851 36
494 342 92
564 101 93
668 266 89
379 292 90
135 895 46
234 961 71
633 415 65
936 671 74
39 494 45
817 77 100
315 447 83
373 656 61
995 683 18
704 397 48
809 332 22
821 153 96
427 863 39
682 980 37
456 622 87
101 887 54
157 781 72
251 277 51
94 73 88
838 292 36
345 582 33
378 200 60
434 744 43
326 408 52
916 794 34
687 30 6
178 568 73
376 590 71
951 16 70
330 194 9
120 920 53
876 665 97
165 643 61
807 865 62
727 492 67
833 789 78
104 733 21
893 38 93
144 445 92
282 222 52
662 93 70
938 645 99
553 652 49
746 419 33
916 866 1
900 53 8
492 131 34
260 408 71
997 183 78
220 877 39
368 611 24
976 767 79
807 558 55
49 895 52
967 204 48
300 222 26
517 347 99
62 292 58
617 45 70
660 213 74
588 486 32
967 714 35
826 618 20
323 34 45
850 20 39
74 179 80
91 139 52
699 150 71
566 996 73
695 535 13
903 626 16
524 493 92
163 690 88
518 932 63
399 443 31
508 279 73
859 78 69
615 880 9
117 855 48
942 676 79
897 718 39
943 313 22
912 228 5
481 479 1
458 965 15
32 394 60
722 353 37
102 309 3
781 262 99
106 779 95
846 244 94
94 801 77
980 414 75
843 661 84
693 992 91
803 683 22
761 586 22
526 912 51
447 296 17
210 799 72
356 101 19
49 256 39
34 743 10
868 592 55
866 839 45
25 626 46
809 133 36
582 654 93
350 7 65
668 217 80
977 744 8
19 505 18
286 94 61
85 428 74
306 424 26
724 182 37
782 117 23
718 773 63
485 112 8
924 165 31
892 654 61
31 184 45
703 964 83
886 330 23
556 879 30
293 80 86
399 729 76
352 458 92
405 485 37
317 458 28
318 939 62
758 63 35
807 254 18
211 633 25
449 110 78
484 826 5
204 11 68
618 189 9
123 845 94
106 164 55
228 675 14
229 470 89
919 481 27
315 541 91
411 858 34
709 572 30
558 390 36
689 850 19
53 495 9
737 990 66
747 719 81
891 602 97
419 458 63
59 92 84
757 117 55
219 956 66
637 745 16
694 477 44
57 918 75
832 501 67
369 441 97
463 940 18
220 865 73
827 945 55
570 837 22
790 817 84
879 981 71
810 293 28
190 820 63
375 482 52
668 796 12
26 362 72
258 902 62
927 367 80
683 935 77
820 187 4
919 349 79
336 626 22
908 797 27
836 85 61
456 590 51
384 616 79
64 683 4
338 419 100
189 462 76
316 668 69
325 222 5
830 182 69
691 870 100
329 326 86
801 500 87
59 48 20
916 217 47
767 964 21
538 561 24
652 974 78
243 783 89
717 173 22
674 543 42
290 972 78
184 748 41
229 639 65
303 768 40
780 461 35
252 806 82
858 91 20
704 350 54
261 241 38
492 446 83
509 445 4
121 55 5
655 777 45
330 89 94
386 617 48
436 635 57
118 457 100
905 474 46
680 104 91
597 31 63
601 765 55
933 57 45
693 352 23
490 701 91
770 971 95
229 860 50
482 259 23
367 992 4
659 160 40
397 481 37
128 278 51
230 173 75
365 294 50
706 947 37
624 801 38
157 747 68
466 914 7
142 656 8
350 934 41
117 838 26
137 929 35
802 363 35
3 954 85
568 835 8
661 703 90
537 272 58
220 994 7
152 592 66
496 458 82
271 481 70
203 668 81
856 455 88
955 561 54
325 116 53
851 359 88
277 445 56
25 657 3
590 351 96
716 298 34
372 7 67
848 600 97
1 346 32
73 253 30
839 799 87
542 283 39
102 334 21
115 176 34
237 470 24
673 479 27
319 897 56
484 344 41
814 593 96
167 403 11
49 346 24
39 101 38
344 671 65
812 518 58
242 691 77
833 131 78
228 319 68
573 197 27
678 576 98
426 831 38
160 183 53
561 422 73
991 571 97
69 127 93
908 5 20
885 319 77
353 96 29
236 853 35
329 910 82
979 994 9
840 396 35
149 711 28
533 981 79
984 153 48
638 183 78
547 761 33
963 928 6
818 345 31
476 18 31
998 309 69
176 425 82
288 908 1
82 153 16
5 228 60
508 663 80
766 71 19
636 95 15
650 971 50
898 875 95
533 106 45
165 782 61
18 232 92
770 714 65
885 571 96
825 226 51
578 269 49
620 537 96
47 601 92
629 954 94
685 515 26
996 787 16
730 537 58
212 170 46
201 170 59
222 128 22
723 320 22
134 910 81
899 220 30
416 83 2
611 104 45
896 143 84
531 840 100
411 68 15
263 107 54
605 793 83
18 900 74
288 139 33
830 100 70
774 456 28
821 480 74
928 759 76
290 52 62
8 141 79
820 552 53
720 824 16
211 872 14
773 688 90
58 341 25
275 908 16
132 930 38
176 945 12
20 192 45
771 786 89
908 810 74
563 888 100
34 68 10
867 737 43
753 455 61
127 730 4
858 316 55
174 947 49
694 147 48
137 421 88
750 921 64
964 817 69
524 835 95
658 704 34
200 156 62
237 201 85
558 696 79
455 812 3
650 266 79
728 472 52
550 435 88
606 350 97
796 901 6
30 958 49
340 329 63
510 685 61
137 200 83
781 572 48
327 992 86
189 785 69
992 695 14
582 749 98
757 415 88
417 408 92
869 538 64
353 68 72
31 619 49
306 785 30
384 395 86
71 492 95
26 183 98
193 489 65
650 724 20
736 297 38
484 873 86
543 101 44
780 810 58
243 499 87
876 538 12
900 990 21
854 936 33
687 451 62
25 422 53
956 547 45
926 498 39
781 570 29
740 291 61
775 156 13
171 822 14
625 217 54
328 229 74
786 60 81
820 482 27
389 613 25
552 754 16
639 287 21
295 794 63
882 788 6
996 772 10
852 938 100
561 237 36
371 284 97
209 94 56
523 946 51
182 606 44
330 203 93
175 270 87
649 261 50
247 266 91
188 386 96
8 561 73
604 517 79
774 81 58
713 351 17
66 740 87
141 207 84
971 681 25
385 827 36
788 148 47
904 401 12
703 472 53
236 631 100
470 585 56
149 189 67
55 991 36
605 465 46
906 293 42
92 433 23
674 553 21
753 871 88
427 793 94
125 271 78
465 581 78
469 555 58
661 8 29
67 328 53
507 173 21
545 126 36
843 907 78
949 932 98
420 985 11
706 850 97
456 641 57
809 313 14
523 682 79
931 712 55
988 186 50
526 529 71
52 769 39
523 922 22
350 926 77
773 977 28
126 811 34
347 474 32
237 863 2
873 468 40
536 8 63
186 827 91
61 453 9
304 497 31
922 897 99
324 205 52
151 731 36
209 463 26
808 358 78
654 922 82
858 546 44
132 19 45
236 127 62
88 501 59
240 956 14
837 216 78
259 727 87
897 710 76
552 626 3
364 821 11
552 461 63
924 65 59
814 184 84
649 883 47
528 931 40
160 73 72
193 681 23
983 62 57
154 871 89
24 545 13
764 345 28
619 134 45
373 202 80
589 297 57
204 524 3
90 624 93
435 592 26
263 519 69
700 317 25
505 608 35
260 880 99
993 732 17
602 23 18
219 586 59
800 173 74
811 778 41
317 610 33
455 538 91
278 35 12
729 461 66
1 649 77
413 749 2
551 689 75
829 624 9
697 441 7
162 881 62
643 785 62
666 387 32
28 139 91
794 985 33
807 22 92
571 120 25
128 841 88
143 57 44
93 253 82
689 556 55
391 790 56
458 878 1
757 215 70
999 976 41
6 904 43
20 96 66
116 288 26
279 381 23
481 822 17
372 311 7
276 96 37
148 107 90
397 427 56
916 96 82
520 837 76
271 47 57
466 417 88
509 997 6
93 971 2
58 228 18
467 678 58
155 973 11
888 153 57
251 321 28
572 498 73
438 481 48
304 616 62
230 557 14
427 878 75
633 282 7
484 961 95
693 722 16
387 969 55
365 405 99
112 103 34
159 860 66
461 22 59
18 181 80
356 167 93
918 314 43
250 873 6
417 97 54
660 658 65
318 539 23
490 81 8
57 840 31
513 736 14
205 135 30
512 905 25
639 921 92
498 911 98
63 734 96
810 51 39
925 134 55
407 713 95
617 626 43
866 111 41
789 953 13
76 726 59
527 777 39
201 612 6
941 319 27
223 947 23
960 458 82
84 881 100
692 695 4
30 575 70
747 791 95
190 570 85
794 611 71
820 280 72
154 704 76
158 233 32
244 523 65
112 789 48
582 445 89
231 211 20
252 247 64
605 829 42
539 413 2
181 676 79
813 700 28
429 54 15
517 714 5
898 416 18
17 602 23
424 388 9
111 725 12
71 827 71
41 281 69
565 814 17
130 370 20
104 641 47
315 213 48
187 836 11
137 765 62
639 942 16
60 660 56
878 960 6
220 362 34
615 98 2
362 243 5
355 555 9
975 626 82
250 822 71
228 900 9
527 603 60
521 514 52
241 493 41
150 895 43
723 62 33
856 832 2
238 939 64
862 956 76
574 982 80
53 735 65
865 849 97
126 22 59
27 393 60
435 954 92
485 538 84
93 767 94
498 185 52
892 436 98
252 877 86
677 209 75
906 699 36
460 26 28
168 285 89
731 128 63
738 584 19
652 498 78
205 748 34
105 124 37
556 263 37
538 365 7
38 762 14
106 707 28
292 782 45
51 763 67
444 924 23
617 549 72
801 792 60
222 420 59
125 309 25
249 946 20
771 585 9
794 5 88
175 428 95
372 580 69
838 780 47
253 826 30
33 533 43
444 377 71
981 504 31
111 416 17
758 901 89
227 878 6
394 731 95
684 653 61
851 502 93
969 233 12
499 510 59
564 802 3
401 411 22
782 743 48
592 875 90
644 655 77
16 804 97
689 593 75
595 695 91
550 663 57
479 189 11
827 962 32
78 535 18
249 819 70
490 975 18
801 286 62
994 567 59
489 401 21
876 348 48
406 307 95
164 425 75
586 596 93
92 518 60
251 159 39
981 375 26
714 696 30
656 730 70
889 429 34
74 135 99
638 191 37
769 533 14
634 281 41
559 924 42
399 958 31
847 885 93
136 640 13
218 935 52
208 765 15
64 535 87
46 631 63
723 452 70
640 847 29
87 905 38
270 502 64
546 945 95
400 42 17
866 68 56
963 554 77
320 918 65
698 646 35
189 123 68
929 266 49
688 396 62
577 715 11
19 309 13
637 840 11
380 135 84
510 62 63
769 187 9
33 468 96
937 27 8
2 350 33
518 222 90
573 332 90
807 481 72
773 307 91
340 189 20
488 692 65
563 331 16
739 620 71
498 421 10
87 953 2
834 369 8
82 931 79
916 334 5
666 201 35
702 795 94
888 823 84
281 484 4
83 472 38
91 424 25
960 640 57
495 640 38
782 929 57
192 598 49
245 573 6
321 721 71
848 867 42
541 548 79
307 60 46
153 208 47
759 921 50
531 547 44
37 600 63
124 202 66
383 94 42
576 448 72
227 411 86
910 427 16
612 170 62
516 606 94
559 390 83
926 812 70
417 782 64
937 102 58
90 641 48
578 900 79
649 273 67
788 157 72
453 602 41
38 782 78
137 132 54
961 911 9
892 720 86
360 374 74
941 518 81
629 851 8
932 966 94
3 240 95
127 568 70
258 563 64
327 672 69
730 61 2
47 982 36
617 193 38
718 570 95
178 661 25
654 85 1
879 512 26
817 739 66
274 227 15
848 108 97
860 278 12
207 87 34
9 63 37
873 942 93
908 633 12
764 12 67
751 377 31
632 834 84
215 809 50
81 32 47
894 397 18
752 294 51
479 349 28
706 40 48
29 256 96
890 325 12
334 18 93
143 836 17
686 538 66
204 664 14
98 492 13
565 242 31
709 220 90
80 690 3
416 105 52
742 712 35
613 27 53
508 236 54
616 428 2
110 560 76
820 689 18
394 114 39
970 155 85
753 302 60
208 85 34
378 431 91
821 452 24
324 720 65
929 202 38
523 26 67
827 854 71
692 149 39
596 767 83
898 181 48
222 4 21
880 997 17
229 126 27
307 47 38
983 799 25
389 725 5
26 635 79
671 750 82
84 398 13
86 295 56
354 120 79
17 61 78
650 403 23
662 2 41
291 51 18
252 503 20
158 977 84
739 882 46
845 63 99
115 914 82
279 945 32
31 532 92
384 380 97
213 339 11
740 771 58
468 956 84
744 226 31
678 197 12
854 89 92
133 831 81
737 655 33
165 505 39
915 763 14
285 494 93
355 914 68
552 634 64
560 653 28
258 159 37
784 135 100
924 169 73
75 46 75
549 343 35
525 343 68
644 214 17
994 558 33
293 314 17
423 619 75
638 873 99
323 669 12
515 256 92
84 828 64
548 740 52
429 941 96
617 727 72
379 86 11
718 493 27
503 115 56
849 682 70
264 407 1
431 812 20
911 349 97
148 159 43
353 833 86
114 933 10
14 902 39
745 113 6
747 684 76
370 390 73
406 404 27
967 360 70
983 46 5
330 324 57
789 141 39
2 949 8
332 524 85
632 815 10
9 665 41
617 280 94
479 840 47
943 905 97
183 440 19
487 108 29
738 508 92
150 368 68
61 24 16
235 102 21
592 937 29
144 897 90
162 124 94
650 332 32
867 316 95
998 986 23
803 202 11
589 55 75
739 982 90
701 166 57
941 409 62
595 124 61
167 217 7
671 143 21
732 489 22
259 561 32
721 613 90
64 589 2
569 130 92
168 294 20
203 773 88
446 74 47
189 644 42
729 361 1
706 856 10
988 477 13
808 651 69
2 631 5
239 285 40
846 180 66
508 445 59
438 631 47
875 311 7
877 388 57
590 483 58
465 21 94
189 723 85
144 515 44
413 288 91
986 74 42
922 67 3
411 562 33
555 599 64
226 29 4
530 95 12
283 155 35
215 834 62
270 390 4
85 780 29
868 76 50
664 284 56
772 407 1
927 924 52
865 887 55
579 277 38
32 538 100
151 762 68
338 982 2
247 639 33
986 406 71
483 83 72
402 136 11
302 912 54
330 589 74
536 84 44
128 711 68
204 843 29
201 444 42
695 619 9
796 115 63
782 95 27
542 963 89
961 868 69
585 716 100
651 105 18
478 500 78
793 141 78
972 898 36
900 350 27
213 721 29
651 577 89
429 183 20
739 809 43
62 394 84
35 274 97
495 675 39
590 570 26
795 658 99
945 306 17
553 983 47
427 998 98
808 633 40
374 245 30
755 334 85
646 964 2
565 967 68
768 446 95
609 717 35
481 737 19
22 516 3
711 716 86
930 324 64
510 726 62
823 588 37
52 108 49
933 809 94
802 441 51
217 952 90
826 708 74
8 515 11
590 983 23
38 532 29
526 548 21
184 951 24
244 352 11
269 467 81
686 500 20
278 182 32
261 39 31
49 246 72
470 112 2
475 87 85
729 368 42
345 360 88
10 864 30
880 821 58
340 952 97
818 389 42
464 629 81
121 983 56
371 263 12
125 591 36
959 481 42
600 90 31
650 792 3
520 425 64
409 278 26
814 964 63
403 862 90
159 515 39
820 113 46
215 991 40
640 894 16
557 6 34
928 746 69
19 106 38
227 583 81
607 609 22
123 337 8
973 936 32
564 644 76
241 469 37
384 792 83
501 463 85
141 628 28
628 561 4
402 749 37
977 668 48
636 158 32
976 359 30
752 409 93
77 324 12
291 216 27
548 141 56
377 606 52
583 537 50
691 802 6
933 561 27
254 130 24
425 789 3
153 883 33
239 637 55
642 115 5
553 72 4
655 768 96
955 998 31
987 258 36
447 241 62
98 188 33
803 276 20
576 5 37
524 231 12
612 698 33
167 353 82
598 470 12
566 774 19
965 146 50
631 559 26
956 479 14
229 813 80
650 939 80
431 950 92
496 882 29
166 779 18
844 477 69
525 849 35
730 312 96
431 570 70
380 84 69
710 69 93
498 763 78
191 168 9
400 490 36
956 334 82
650 562 50
142 797 72
57 812 46
935 13 62
220 514 78
619 106 95
105 628 41
257 776 64
638 879 79
567 49 51
563 733 46
660 896 6
737 725 43
407 553 95
424 970 45
448 634 97
216 310 34
682 279 8
800 144 95
864 414 90
77 532 10
339 399 46
394 869 15
210 807 30
500 785 11
935 98 10
445 803 12
645 561 24
385 755 92
727 418 15
614 502 82
758 302 20
511 462 13
120 432 31
375 217 43
505 107 15
398 383 88
275 937 75
241 699 31
94 9 96
115 744 35
615 685 48
292 177 8
962 730 1
466 692 52
507 326 91
613 380 90
518 553 75
587 47 38
54 82 22
428 146 93
6 680 63
490 795 63
957 558 45
912 279 23
863 888 85
688 624 13
273 371 91
436 178 9
43 554 80
259 563 46
246 438 68
521 766 85
844 780 29
873 25 58
510 615 86
430 207 72
421 204 26
475 13 72
898 777 14
247 766 19
346 288 28
920 941 13
657 953 69
994 759 79
340 760 57
953 270 30
834 128 60
823 243 18
899 45 59
196 495 44
34 495 91
62 952 45
562 604 45
931 359 23
268 210 58
389 128 99
919 336 18
43 745 27
306 558 23
412 557 78
765 607 73
559 233 33
330 551 87
615 723 18
712 735 27
392 792 75
358 177 41
656 287 3
121 158 43
891 16 47
455 507 73
907 960 49
78 654 29
221 494 9
170 353 12
798 452 45
580 168 83
545 997 27
774 946 23
577 747 99
537 43 46
477 702 87
681 524 2
876 865 14
793 699 30
659 292 55
53 405 6
647 668 56
186 272 93
104 842 39
348 512 39
508 327 43
92 327 4
350 452 27
943 579 92
849 809 88
628 993 86
88 515 22
180 730 69
645 920 14
19 631 26
406 265 96
99 855 23
73 383 9
939 417 87
8 946 10
120 932 3
792 109 68
914 830 16
250 572 73
227 615 3
848 84 29
709 763 19
852 229 55
377 413 66
948 469 17
944 36 44
179 199 69
536 788 46
716 787 42
935 967 84
981 216 92
914 407 39
161 770 9
989 531 58
763 479 18
699 318 20
630 488 47
312 603 17
676 610 39
575 785 77
702 872 69
220 149 78
474 367 58
628 226 86
758 256 13
600 149 49
413 790 14
697 11 77
411 287 65
704 495 61
52 456 24
378 524 34
738 9 80
169 519 6
646 848 91
860 65 85
99 817 46
221 609 50
4 907 46
1 645 46
267 10 91
280 63 44
809 892 40
654 857 37
815 490 24
817 50 30
695 615 21
262 930 48
67 24 33
852 12 5
317 224 55
333 654 63
726 720 84
80 110 5
761 798 28
712 138 84
265 676 86
751 627 38
597 590 59
805 408 18
417 422 15
740 332 54
512 681 61
292 71 4
339 942 52
944 710 22
635 147 58
18 291 24
839 334 79
241 183 80
655 749 91
81 435 70
924 520 3
132 516 74
256 86 27
177 877 15
311 939 3
698 539 42
970 822 8
215 286 94
469 696 84
559 268 80
343 644 39
887 379 83
200 197 92
239 792 7
975 220 38
343 45 3
115 314 36
771 911 85
981 8 83
7 238 15
659 872 60
469 823 99
509 887 32
890 19 13
795 475 54
993 534 15
957 574 49
344 315 39
339 890 2
587 122 76
43 673 25
529 64 80
331 970 13
966 917 79
938 487 61
163 805 5
677 231 82
340 639 13
430 224 88
83 438 53
396 126 63
742 937 34
442 672 58
882 492 9
909 989 68
645 419 6
606 314 16
886 341 60
736 287 57
940 314 79
362 735 81
888 540 77
238 286 30
583 467 85
762 180 100
163 185 16
754 194 62
103 531 84
966 818 33
151 176 71
877 626 7
276 817 23
589 250 17
730 227 32
155 277 72
22 147 91
681 752 13
472 802 95
919 293 56
674 966 31
390 314 25
844 177 79
478 294 14
81 875 36
784 760 57
100 721 68
49 889 21
179 621 87
477 51 61
666 88 80
652 444 81
203 546 93
357 19 18
555 265 38
522 461 26
536 777 54
131 203 52
679 495 2
138 21 100
478 823 55
386 274 69
551 716 52
651 349 44
651 885 96
771 490 55
786 2 25
223 761 51
648 898 64
628 893 42
233 47 37
597 83 36
726 537 85
766 405 81
356 864 66
636 75 91
293 690 37
783 518 69
476 871 21
222 540 76
925 117 3
91 680 50
624 300 93
563 645 68
624 226 77
699 267 100
595 759 52
173 438 64
79 9 30
469 279 54
724 972 93
737 230 71
74 532 100
513 691 100
886 21 15
303 800 14
813 314 16
463 161 35
295 962 22
680 975 73
362 742 77
899 805 77
385 16 69
261 107 99
396 652 97
68 168 47
385 980 80
992 665 44
631 893 86
591 29 51
771 411 89
892 16 63
558 333 35
491 50 45
417 451 65
311 919 64
620 52 86
886 121 42
210 800 98
729 887 48
235 198 63
562 362 95
468 185 87
256 735 100
238 892 32
549 289 70
780 443 50
404 950 45
816 414 22
675 785 34
506 170 26
706 363 4
972 718 49
263 719 20
477 378 38
117 796 39
848 102 8
483 278 18
507 129 32
579 783 63
114 5 80
387 617 8
289 738 35
681 182 5
252 941 72
959 375 34
687 130 52
114 145 85
499 459 76
9 297 93
648 592 20
690 135 83
360 818 39
75 761 58
460 696 9
85 633 23
469 395 34
886 802 86
154 782 92
990 334 25
460 467 93
446 761 68
74 850 58
491 310 50
508 608 75
742 496 21
71 961 53
92 24 3
348 358 48
701 644 98
506 932 16
688 932 44
650 595 32
968 965 27
882 478 15
692 655 2
560 381 20
567 233 91
563 991 33
556 834 95
97 99 92
701 840 41
738 750 27
867 714 6
438 935 64
68 312 76
835 69 5
861 691 21
828 434 65
932 191 80
284 785 52
763 329 57
4 951 5
831 767 45
83 742 93
998 442 88
758 1 13
737 926 90
33 327 5
977 54 41
103 421 49
160 788 10
284 536 75
602 774 37
908 606 15
394 135 87
122 953 36
593 489 85
461 853 26
713 621 20
338 154 37
919 105 27
592 246 66
166 757 53
904 676 77
676 235 27
235 94 92
310 790 51
782 612 72
270 267 19
847 841 15
857 350 28
346 560 57
439 463 15
459 940 56
9 415 19
249 345 67
856 790 79
478 579 65
340 58 95
423 26 1
100 661 93
508 945 13
490 542 58
898 902 35
853 982 87
959 371 79
830 813 7
410 486 41
237 954 4
366 617 10
76 152 13
710 81 39
975 199 4
813 269 49
651 567 83
153 608 20
976 125 34
514 472 78
821 732 69
261 214 86
498 105 98
114 863 85
191 244 18
708 828 1
198 93 46
609 180 19
14 28 88
466 779 34
470 802 16
818 806 62
359 293 67
461 316 71
432 69 54
332 762 83
832 406 45
624 233 10
153 777 35
100 801 87
273 106 5
890 564 37
33 624 89
846 678 2
256 265 47
908 739 39
915 706 88
140 69 68
81 73 60
717 496 33
292 465 98
166 746 63
687 337 19
383 283 66
605 178 80
852 931 74
697 577 42
128 691 69
69 18 61
804 894 31
636 117 1
164 694 97
726 773 55
237 816 97
202 140 41
733 807 66
603 821 100
381 69 41
199 398 98
41 869 73
133 640 36
423 52 31
632 320 34
741 257 73
523 818 80
762 403 76
757 251 45
101 214 77
446 98 54
982 461 88
274 533 19
526 297 74
705 756 35
73 969 81
988 641 83
40 581 32
542 510 33
188 122 16
79 14 47
911 978 6
246 366 42
205 641 75
351 707 1
806 396 62
804 591 95
407 275 64
921 115 87
684 406 11
4 861 85
505 286 54
755 584 58
776 221 48
648 427 77
288 474 13
747 190 41
869 239 77
749 2 53
492 350 42
445 776 63
402 530 87
761 95 37
365 107 94
505 11 26
390 616 26
520 531 78
278 575 87
430 937 12
849 120 40
640 989 89
735 414 36
530 93 60
667 477 73
59 122 59
549 137 99
555 326 78
301 5 91
430 117 75
933 528 78
235 390 70
83 783 2
362 375 30
705 545 49
365 738 84
670 779 58
311 967 46
728 889 92
147 242 76
713 316 60
119 924 12
510 276 28
548 384 91
218 302 22
199 470 48
892 156 20
271 287 99
852 558 34
783 962 22
268 520 45
510 95 82
992 21 90
860 817 8
157 916 97
142 929 54
435 99 69
447 992 30
409 420 12
545 867 46
476 23 99
863 550 10
29 980 50
851 718 57
26 245 42
86 155 68
643 201 96
733 624 84
694 988 40
504 563 98
543 149 76
836 856 36
662 364 98
268 828 18
124 442 51
987 903 33
943 461 39
228 725 34
410 55 13
956 884 51
931 732 51
770 816 54
476 701 8
684 189 54
152 230 69
211 299 88
127 120 92
559 956 51
138 798 24
135 592 69
150 605 16
701 336 63
949 562 97
926 841 35
695 184 73
795 469 13
530 679 64
549 731 1
96 239 23
495 962 33
335 426 27
601 421 74
290 151 10
282 207 64
640 588 23
736 647 65
100 330 5
499 861 89
760 186 67
376 30 85
239 364 82
412 144 32
812 899 59
663 740 21
644 749 42
38 291 40
672 909 81
689 44 80
379 931 36
774 559 9
113 230 94
499 548 2
923 624 82
657 191 70
132 555 87
452 536 86
19 767 94
612 473 5
300 693 52
558 822 70
110 311 36
776 318 42
839 894 78
104 400 49
664 205 40
453 571 36
991 803 54
167 988 60
747 406 13
518 795 72
161 357 54
367 613 8
892 551 22
416 875 82
934 439 9
970 885 18
259 267 9
391 958 18
552 11 22
578 669 79
46 51 21
577 944 38
953 581 49
252 169 67
421 671 88
539 70 93
127 909 90
47 415 29
83 364 14
55 882 53
490 24 17
678 894 1
845 31 3
833 580 26
244 81 54
399 279 6
315 750 61
494 538 56
395 753 11
784 969 14
174 280 64
175 82 6
688 537 10
249 229 16
646 510 29
634 532 78
124 17 21
526 733 27
35 991 12
156 214 44
20 970 10
213 281 81
92 243 87
75 66 5
860 948 83
212 100 30
25 966 5
657 590 49
670 435 63
48 541 84
174 762 85
90 327 36
986 885 39
236 263 62
894 487 57
818 721 4
886 135 92
15 436 60
240 258 65
709 954 47
622 605 96
689 343 93
915 823 12
495 358 44
494 654 66
733 294 18
924 32 91
454 799 10
114 272 8
584 498 16
765 28 13
554 641 47
527 306 73
468 435 69
693 109 16
255 214 80
903 670 33
266 985 40
46 119 50
253 324 85
995 440 100
640 235 16
267 183 75
940 889 85
663 790 87
329 63 57
640 492 71
956 190 24
777 947 95
706 897 42
244 266 33
757 499 83
158 357 96
171 161 50
761 468 35
725 573 98
47 531 21
731 444 36
677 599 78
115 30 82
152 344 73
80 813 100
236 901 23
197 88 37
150 936 1
796 589 91
903 562 15
243 751 23
573 525 94
923 798 64
852 34 64
560 811 61
350 581 21
691 912 30
734 143 10
750 866 20
348 114 30
359 623 84
568 82 54
195 254 48
959 287 96
721 4 68
337 842 5
203 850 65
886 774 52
62 839 4
703 559 50
587 363 40
266 36 26
401 562 65
166 701 18
492 10 53
613 672 100
449 889 27
705 222 79
752 416 49
298 624 37
471 81 82
633 496 18
988 762 25
189 138 23
373 957 92
105 852 50
247 62 60
90 588 64
293 630 24
193 390 88
788 702 20
300 445 25
481 754 94
733 303 15
19 349 70
216 755 30
703 287 71
976 483 76
18 780 73
277 936 1
157 58 7
552 265 29
849 192 11
49 715 88
62 600 4
107 891 77
770 755 60
289 171 19
278 813 5
847 686 5
326 499 34
179 628 68
945 997 40
412 493 11
698 317 35
891 868 77
846 232 68
953 536 63
983 168 71
572 643 46
876 819 56
344 242 88
471 674 52
258 827 98
139 548 69
215 939 99
470 816 63
949 650 22
91 430 86
97 164 14
397 283 68
951 55 67
580 314 41
954 63 74
726 906 51
927 303 76
84 243 55
996 305 33
946 671 60
844 285 18
528 609 54
375 726 25
902 11 97
871 717 14
545 878 23
600 403 63
488 828 13
509 256 36
984 138 76
570 482 56
226 293 58
600 231 44
193 805 10
559 345 94
541 517 16
887 200 53
391 558 49
366 762 41
566 933 62
121 450 84
343 576 81
284 828 44
153 524 96
592 929 83
870 394 43
676 842 84
628 843 21
254 774 36
406 594 30
885 878 80
862 583 87
983 859 44
616 818 95
908 129 99
806 495 53
195 978 47
639 853 17
836 815 34
672 47 15
509 8 48
543 85 25
794 867 29
250 645 67
101 345 87
350 739 19
388 502 63
579 187 59
985 856 80
652 788 75
153 323 2
420 585 2
144 79 79
385 416 21
338 812 8
676 996 98
956 887 14
977 332 37
390 484 30
372 934 97
721 402 96
116 874 26
754 424 70
602 866 62
684 758 19
491 515 4
981 695 51
85 38 47
264 896 92
596 962 20
728 807 6
300 23 58
479 635 100
731 869 7
933 854 63
113 859 10
27 372 92
54 218 17
728 439 66
829 158 13
195 104 33
804 756 50
39 360 41
461 665 42
171 781 12
9 390 44
286 158 65
308 969 12
4 426 91
643 433 67
664 796 86
815 573 60
97 353 15
51 789 4
229 113 57
983 428 79
303 404 79
466 731 74
646 514 38
360 226 35
515 209 82
885 575 42
970 752 2
573 998 76
691 320 84
752 334 79
508 104 80
91 760 99
334 117 33
684 662 75
933 63 44
746 352 42
894 274 69
665 388 84
57 572 73
22 70 74
612 169 33
572 479 28
717 168 28
885 80 91
424 36 6
500 697 21
959 863 66
462 275 48
181 627 24
55 221 13
313 498 10
966 895 85
885 889 62
137 61 96
61 325 11
864 325 75
431 736 36
734 165 81
112 948 86
136 363 100
218 872 49
441 36 16
600 453 25
778 598 61
614 279 81
406 229 96
463 803 97
124 727 55
975 930 93
34 610 5
263 716 76
575 698 5
588 996 70
580 613 50
519 447 42
700 44 46
865 659 87
488 594 62
267 805 3
817 1 85
72 202 36
61 188 84
265 42 70
213 959 53
206 855 47
896 991 63
931 966 36
729 319 53
242 134 16
428 460 83
341 283 75
578 236 99
736 174 29
101 592 80
638 24 68
643 175 34
282 723 25
120 576 34
75 17 52
235 87 49
337 177 69
599 412 12
280 745 62
921 740 39
254 528 30
488 640 79
965 994 22
735 654 22
906 696 47
615 316 22
666 240 4
652 360 81
257 762 23
606 179 94
737 731 96
541 384 82
49 290 72
263 538 98
723 949 65
880 905 22
140 587 17
535 341 21
491 447 93
465 906 25
871 954 23
492 729 53
931 886 22
533 141 55
842 240 72
602 821 39
157 646 89
300 677 72
651 618 59
474 764 10
415 626 14
859 539 18
153 39 23
31 696 85
269 727 17
202 889 92
160 135 35
374 428 46
476 75 37
347 912 11
658 789 36
46 357 2
502 732 4
780 926 50
223 317 70
236 777 12
827 484 17
491 536 46
83 778 81
99 486 68
158 401 72
240 331 69
114 197 47
230 235 100
950 888 37
697 572 32
948 536 40
126 358 34
162 67 94
610 800 86
221 809 34
856 914 18
537 650 56
783 762 1
939 882 81
705 934 13
820 313 5
729 884 1
27 464 80
999 849 86
415 587 36
693 194 61
48 810 75
885 73 77
944 181 30
372 794 79
59 823 54
628 349 72
30 174 66
372 943 54
10 983 28
799 703 20
871 352 20
216 70 16
8 119 22
965 71 91
359 483 45
548 479 84
142 648 47
732 9 80
239 483 37
974 118 63
201 141 76
987 473 8
479 985 65
910 44 86
78 673 33
608 416 100
429 973 68
811 0 9
959 372 18
865 248 71
905 122 1
348 991 2
35 892 13
747 240 44
438 760 52
933 104 28
73 285 4
482 256 71
921 993 39
162 764 35
190 363 7
725 554 89
822 183 90
713 546 91
294 121 11
635 667 21
280 441 85
126 605 69
858 401 57
567 771 53
294 693 51
895 19 28
607 595 54
573 755 32
728 499 63
40 56 43
903 270 2
863 803 36
479 192 82
529 465 82
646 354 37
846 743 33
254 735 72
115 193 7
722 737 30
368 278 40
811 574 82
986 691 18
923 299 16
648 269 71
294 706 31
595 328 59
697 148 28
834 285 1
570 417 20
215 364 11
57 319 96
657 317 50
850 873 53
599 228 26
193 515 70
227 964 18
183 955 12
468 387 66
393 873 81
322 468 79
62 788 93
824 373 19
668 962 67
274 56 78
88 924 96
668 132 86
614 282 62
388 0 32
429 282 72
510 186 55
850 76 67
673 6 43
854 889 2
885 887 73
333 853 70
922 787 58
281 971 36
955 509 11
582 522 30
114 992 69
737 765 28
884 640 66
435 453 87
155 328 13
187 485 5
832 984 76
359 880 23
810 491 21
291 200 24
458 616 20
74 187 51
267 387 3
532 571 33
396 570 24
81 134 38
455 237 61
438 973 40
253 631 3
628 736 42
235 181 49
581 808 97
36 185 15
69 98 27
233 412 18
306 316 84
746 493 5
246 73 96
564 125 53
122 474 25
515 76 75
751 576 32
81 762 98
237 239 52
869 519 38
871 683 3
454 316 36
882 614 24
536 136 24
576 336 31
34 467 20
820 335 53
972 515 53
278 700 80
673 739 99
234 555 33
585 788 31
357 626 41
757 364 11
161 480 35
421 802 12
491 341 46
535 156 65
177 288 5
476 13 74
488 422 41
940 275 4
990 260 40
133 788 55
210 177 25
741 568 92
4 207 2
906 142 64
223 196 53
736 686 10
311 692 24
861 822 96
162 54 68
61 931 94
232 789 9
774 979 75
270 717 28
613 483 82
992 740 5
582 451 91
548 936 47
241 520 79
987 956 88
266 308 86
551 586 1
394 409 83
163 870 72
282 221 80
748 49 32
417 925 7
445 293 84
950 628 74
742 134 73
578 264 39
504 734 30
157 19 29
710 898 24
169 397 64
284 315 20
81 67 23
337 869 9
910 540 42
19 620 95
520 966 28
304 344 27
526 104 70
904 349 59
698 610 97
895 24 92
163 828 92
773 71 88
765 875 63
368 47 98
0 709 51
370 117 45
872 687 49
361 234 83
168 148 84
907 718 31
717 152 9
858 624 24
869 843 77
296 118 94
949 219 7
69 556 94
945 165 83
944 680 83
856 81 68
445 54 8
427 351 55
599 229 98
881 169 23
329 657 59
876 171 74
710 136 41
951 949 10
629 200 37
139 719 67
838 807 81
238 262 98
416 139 46
315 388 50
310 808 76
376 12 18
293 464 15
476 128 2
276 20 77
277 969 75
514 365 34
211 829 12
67 280 10
481 345 10
448 14 80
127 925 74
531 466 50
445 213 2
451 710 93
201 392 10
210 842 34
485 514 75
598 821 44
964 758 63
584 68 67
557 862 51
865 57 21
306 623 42
716 160 15
8 842 76
180 851 80
229 161 1
741 889 15
403 143 37
270 164 99
598 107 92
406 513 68
972 94 20
109 848 15
256 644 26
825 863 99
725 578 35
304 844 43
927 396 61
47 406 83
53 24 13
729 141 41
276 6 26
289 542 35
944 964 87
661 509 55
17 127 7
391 860 4
318 162 14
594 223 70
247 366 42
632 623 77
353 184 45
600 181 74
56 357 35
162 62 29
299 933 84
357 366 11
193 82 91
180 639 13
988 495 31
347 200 85
297 881 82
473 151 89
241 450 71
641 738 17
958 52 99
160 663 26
362 750 46
173 439 14
387 927 34
688 167 48
366 94 97
851 882 11
617 611 20
667 878 41
311 911 55
50 911 82
334 553 92
986 928 59
358 797 38
153 553 81
347 761 45
968 501 94
491 213 97
464 281 92
284 640 84
463 392 11
73 351 49
665 550 78
617 447 24
55 973 64
737 921 73
496 872 93
26 354 62
886 817 79
34 961 76
791 989 33
593 900 43
669 453 17
679 45 57
365 787 79
421 618 42
527 745 1
645 435 78
157 887 46
263 991 32
879 526 32
930 593 84
502 468 14
573 989 72
425 522 51
98 647 36
191 47 23
669 192 34
384 738 20
429 926 5
714 379 90
218 848 22
703 377 25
978 615 97
186 803 14
245 632 77
624 15 16
56 352 84
66 564 72
373 987 75
739 114 85
286 476 73
95 207 73
600 256 45
388 202 71
888 904 44
486 598 97
253 519 35
122 48 52
483 860 35
538 329 75
889 547 71
546 457 29
195 201 98
278 74 45
136 809 28
828 954 17
278 552 50
416 761 58
929 647 61
279 384 92
985 935 3
105 832 71
277 33 82
46 162 96
346 694 6
324 199 67
602 845 77
870 911 3
119 818 15
853 938 60
765 479 54
110 476 24
157 490 38
865 372 81
648 495 60
785 59 77
848 579 94
220 780 35
178 164 18
7 726 9
440 759 78
33 75 40
716 985 43
795 30 76
699 641 53
498 122 63
815 435 32
530 921 99
906 329 21
216 476 45
137 524 68
85 851 81
648 422 27
413 76 66
69 773 62
985 953 18
695 345 74
168 329 89
586 548 32
852 901 99
132 550 64
118 730 37
698 36 26
849 486 2
663 592 94
106 499 1
300 256 39
551 541 8
976 614 63
671 154 97
843 899 19
566 38 80
100 363 79
585 901 41
268 337 50
727 597 30
418 380 7
367 56 88
440 170 80
381 84 89
205 15 27
947 559 90
43 417 87
653 470 100
485 554 33
96 212 86
363 134 92
257 94 88
60 256 12
745 776 45
48 759 34
232 424 42
507 318 1
249 486 32
194 322 10
955 533 54
744 462 94
503 912 100
398 653 71
703 695 32
412 471 10
184 382 69
992 344 56
748 341 22
686 471 58
166 637 7
584 317 96
544 509 66
590 425 48
500 600 55
890 511 34
90 495 41
448 204 40
533 821 76
231 579 50
221 924 21
161 36 1
426 265 44
922 236 9
764 137 39
320 669 77
640 751 61
87 908 94
15 238 7
280 722 39
353 634 99
521 216 93
183 564 59
857 279 8
340 855 93
197 26 37
531 319 34
337 345 92
247 441 14
267 34 30
987 803 67
539 777 45
65 926 2
930 600 76
723 518 40
116 387 71
384 815 16
852 753 59
215 616 33
709 671 88
0 45 77
563 899 37
51 833 60
133 408 91
78 124 69
89 612 35
642 994 82
633 286 3
677 249 75
149 168 1
957 514 34
381 713 62
754 216 51
831 128 39
275 482 24
732 518 17
546 154 29
768 0 10
363 489 61
749 773 51
28 508 26
63 985 79
261 604 78
667 509 77
122 560 65
508 966 67
886 900 70
638 512 79
319 480 36
589 346 19
922 488 22
148 378 47
431 64 41
576 4 29
270 841 50
376 760 92
569 472 39
848 665 30
665 451 25
633 103 26
803 657 53
288 176 49
262 23 77
78 653 23
945 806 47
660 52 90
700 904 26
374 323 37
196 835 31
426 829 86
576 505 11
424 586 28
633 126 89
525 859 33
62 249 87
169 50 39
154 555 12
837 181 83
803 855 69
576 686 56
922 905 40
288 3 15
639 82 87
881 976 38
363 498 83
803 849 38
144 867 64
321 173 74
446 667 88
201 789 13
570 111 81
650 152 2
194 660 21
781 776 31
562 165 96
960 728 24
563 488 62
980 849 91
90 659 17
369 266 71
894 460 95
108 356 80
923 871 55
407 473 67
832 30 55
197 454 58
15 274 2
944 627 84
73 655 74
998 622 25
457 919 71
304 993 60
246 434 56
443 842 77
16 347 21
507 520 22
552 763 9
551 407 26
519 265 43
293 700 70
771 595 47
822 425 58
705 306 56
962 870 89
481 278 58
912 128 73
835 414 43
466 719 45
429 796 1
175 400 6
147 498 40
290 321 57
202 978 13
671 728 96
754 732 27
75 495 89
464 198 36
864 277 75
186 838 88
253 833 81
417 610 73
81 498 89
85 876 83
571 219 46
706 400 53
602 690 85
471 565 71
129 32 31
40 668 90
646 749 52
828 240 46
270 459 49
534 394 25
315 733 83
829 504 91
503 517 43
414 680 84
175 752 95
867 104 66
710 883 71
89 113 68
34 748 37
628 424 2
802 599 3
146 557 15
204 150 58
483 646 12
34 125 7
256 85 1
852 275 93
618 437 61
874 969 48
119 401 87
531 391 80
387 223 35
301 124 85
478 915 79
123 875 71
962 9 79
246 623 7
497 515 88
343 739 14
161 0 69
388 431 30
595 46 90
851 652 42
938 774 87
422 128 7
11 394 39
886 865 1
230 895 70
656 475 100
746 916 17
868 239 4
242 280 55
374 289 70
811 648 35
171 660 74
948 155 61
456 242 58
830 870 2
631 256 96
387 994 20
51 558 3
406 855 30
499 433 37
291 284 23
281 351 8
602 302 65
644 297 39
261 668 72
863 81 12
664 450 46
41 569 90
184 146 44
805 766 93
767 441 24
389 352 61
3 740 9
645 126 1
293 785 76
147 510 45
792 282 76
927 587 51
499 522 94
76 569 90
482 239 87
985 656 12
113 718 82
260 792 42
503 418 67
932 772 2
483 367 91
852 437 92
892 311 59
241 426 47
4 745 30
154 867 79
428 512 43
140 489 68
286 628 50
622 375 76
909 181 57
697 834 89
686 530 22
486 867 80
87 146 45
340 239 86
537 499 31
840 722 26
936 389 71
823 355 17
600 894 89
309 270 98
118 827 14
455 494 75
732 555 66
853 453 52
729 987 64
133 628 68
202 245 32
191 344 41
808 367 78
46 252 43
767 466 41
301 219 95
117 505 2
782 339 23
696 247 98
324 206 40
243 582 34
515 465 75
697 717 36
45 104 14
730 215 80
597 247 90
136 324 53
963 208 18
374 924 78
801 219 39
806 206 68
391 219 22
526 561 62
574 200 77
144 527 54
911 465 8
70 808 93
409 694 19
621 120 65
220 398 13
984 458 14
349 739 36
420 156 89
659 717 61
562 982 94
167 912 84
52 33 20
73 676 65
921 406 44
230 38 1
643 663 20
440 552 18
384 972 56
350 932 31
485 510 4
277 580 28
325 966 78
261 469 61
741 37 91
154 362 3
989 534 15
491 643 34
34 700 22
625 633 61
46 336 11
327 291 88
575 543 2
272 482 55
625 266 41
185 67 29
610 628 61
515 506 17
693 907 21
498 678 80
161 330 40
957 67 76
819 454 54
902 971 72
942 430 100
298 606 26
407 894 54
707 308 35
48 231 71
178 965 32
532 125 33
145 938 78
364 63 92
439 855 41
528 960 68
465 700 17
641 88 17
732 692 15
3 937 72
559 554 41
259 684 81
198 405 39
485 33 3
877 401 43
167 758 28
916 252 66
46 375 47
619 522 37
571 567 47
432 869 15
37 780 62
496 866 20
496 853 59
558 190 98
252 927 79
897 567 14
315 294 77
410 746 84
345 871 49
751 664 48
343 161 63
35 251 70
292 994 32
345 936 57
833 810 57
186 563 83
56 625 65
569 328 77
612 240 85
614 45 25
607 179 57
623 206 27
646 714 56
514 767 70
110 891 45
138 997 7
684 716 32
886 93 4
105 75 100
580 125 35
170 17 31
97 512 36
790 953 98
154 358 28
20 994 62
480 710 27
397 615 19
436 306 86
655 7 50
996 743 7
218 537 85
697 155 55
329 300 60
855 736 44
266 300 95
768 706 15
217 205 73
252 696 44
752 20 92
991 711 61
351 970 80
807 695 14
574 209 36
34 921 84
512 593 63
215 415 98
780 736 35
705 810 27
107 313 71
667 476 60
698 647 54
878 134 17
476 116 97
564 754 51
300 402 95
904 778 56
364 567 61
366 426 35
96 987 81
623 191 83
458 447 71
191 932 33
62 346 40
564 614 16
779 387 93
100 0 50
627 947 1
338 787 5
149 608 90
634 155 48
764 396 29
892 557 94
206 501 30
67 107 31
5 285 24
843 713 87
793 912 7
741 272 72
770 477 49
857 182 52
392 29 28
584 50 40
763 521 30
440 945 50
888 108 72
14 326 35
279 254 48
250 354 94
901 818 13
13 724 1
610 776 81
984 542 47
629 433 97
275 91 67
104 471 40
167 472 49
199 376 9
889 22 78
485 327 85
139 360 87
703 342 49
592 612 60
370 928 9
171 947 78
836 462 32
174 958 84
300 820 45
40 755 71
309 153 33
610 410 65
468 665 13
120 17 60
919 99 36
745 101 7
759 757 30
883 181 30
962 778 93
417 105 80
899 686 90
289 634 20
217 838 13
659 606 35
821 510 69
557 180 9
546 91 63
721 72 50
614 759 74
260 181 40
246 525 26
120 939 86
407 991 54
417 724 38
371 594 11
688 654 87
667 372 27
764 35 25
665 680 71
466 26 67
693 379 94
294 178 49
521 895 70
674 230 62
751 719 87
729 814 30
258 232 81
509 413 15
266 474 17
693 908 1
426 111 87
962 159 93
766 417 12
590 17 16
995 331 8
792 461 86
878 405 82
311 471 69
610 717 63
983 109 70
284 240 31
59 378 26
273 226 26
92 354 45
379 288 49
403 788 88
860 306 25
831 123 46
722 32 93
486 35 23
14 307 19
529 964 89
750 935 58
690 700 87
230 195 69
79 321 34
222 325 24
665 667 85
767 296 59
424 63 11
38 412 22
214 286 39
404 266 8
808 725 1
711 338 35
969 563 68
100 772 42
859 857 37
660 65 11
410 847 66
680 370 46
448 692 83
550 334 62
488 927 30
66 445 38
401 936 93
217 493 82
476 1 26
25 46 33
299 768 3
104 826 39
204 131 92
502 664 32
862 211 88
393 776 71
507 119 96
479 817 28
126 378 42
821 539 93
529 242 38
629 531 68
92 842 66
899 497 47
787 982 70
970 112 51
350 542 74
667 336 38
566 662 97
514 79 4
190 852 49
940 738 3
330 789 12
385 315 59
644 499 80
551 977 50
761 853 50
412 927 69
534 965 69
80 472 39
242 870 55
739 839 94
383 39 67
862 42 80
936 815 97
597 386 6
498 539 17
407 196 53
602 740 63
595 341 30
374 599 51
83 939 1
149 401 56
757 58 83
458 549 40
868 164 13
163 964 46
921 126 60
294 58 8
454 297 18
533 628 75
189 830 49
337 205 94
181 240 25
80 29 93
716 539 31
351 698 90
653 775 7
832 312 30
566 873 92
649 401 74
504 312 76
245 803 41
923 575 50
497 764 70
125 708 42
666 628 26
691 446 74
765 193 89
981 501 18
986 96 18
909 460 56
508 595 43
538 430 5
487 681 33
358 130 94
956 186 80
302 814 51
364 477 41
400 935 32
972 147 95
820 642 45
242 572 61
546 589 58
908 704 32
273 265 56
648 588 82
431 368 4
546 920 67
280 549 100
256 462 92
26 437 8
458 82 97
56 868 27
806 324 19
111 838 44
455 365 21
636 990 20
172 913 93
515 0 63
437 39 3
559 912 37
125 924 68
885 631 64
779 767 75
644 32 2
388 703 33
177 972 69
774 10 71
310 442 52
890 333 2
693 228 53
695 959 51
357 533 73
416 835 17
253 166 76
294 393 47
128 824 1
446 743 90
186 120 6
271 497 8
346 510 70
90 107 80
132 39 41
475 520 43
824 202 59
586 902 39
217 197 60
826 655 67
725 12 99
501 468 28
369 915 86
725 176 62
37 89 45
930 247 15
396 450 99
681 348 50
707 882 26
835 303 14
243 617 58
52 226 73
718 736 69
344 421 79
25 652 3
504 532 46
839 109 60
531 435 16
882 656 20
594 359 30
565 246 30
476 997 52
452 797 6
303 176 41
532 343 56
394 984 57
599 557 67
361 213 61
106 616 61
526 864 46
587 77 45
541 578 72
468 215 15
777 741 59
533 237 40
162 559 25
241 759 43
250 622 69
226 545 75
546 521 86
861 874 85
536 494 7
195 161 74
948 418 14
594 835 11
540 631 12
373 919 34
928 979 62
432 388 68
607 627 63
747 733 33
67 798 11
607 282 32
349 356 64
731 171 56
541 668 19
158 355 79
935 320 90
619 953 12
591 321 51
648 848 28
79 880 98
661 462 88
675 395 73
33 628 58
891 339 29
448 532 69
430 700 71
27 395 77
892 493 50
556 536 30
493 420 63
710 510 78
131 691 2
258 521 84
764 609 65
477 182 23
693 429 82
381 912 34
528 212 37
759 955 9
791 887 48
175 651 98
278 988 62
398 540 99
39 869 87
82 490 95
479 42 29
181 196 59
291 80 65
161 97 96
332 994 98
798 271 52
966 900 11
111 793 95
439 351 20
861 787 67
6 960 35
864 604 89
230 631 34
833 91 76
853 161 43
648 145 15
199 869 28
65 229 99
503 400 91
170 183 94
453 45 67
470 183 78
153 316 16
700 711 96
336 102 91
157 953 51
398 418 52
410 358 30
227 560 79
883 649 17
366 215 2
670 763 6
477 673 8
314 124 36
628 405 55
349 240 85
139 946 89
548 134 59
85 70 62
713 252 59
656 50 49
198 211 21
70 658 59
928 758 77
689 477 60
404 210 39
861 601 63
359 694 23
223 602 27
390 907 2
476 22 56
274 110 52
394 354 89
24 900 23
730 96 55
948 930 32
871 14 85
660 881 24
453 566 53
150 424 99
740 970 60
655 69 71
136 425 20
962 670 43
109 239 55
115 840 21
947 572 43
245 533 66
831 382 94
886 389 56
353 622 46
556 253 89
859 63 32
67 449 71
319 767 12
433 606 36
587 277 30
234 31 92
936 295 36
648 538 79
143 21 26
33 435 34
562 696 86
260 290 1
871 288 46
90 432 22
396 333 89
128 251 71
857 255 9
661 955 60
503 898 100
87 607 22
117 865 7
822 193 20
421 107 75
856 0 18
257 871 59
961 297 23
356 840 31
423 953 79
65 407 91
70 323 72
246 150 89
927 287 42
987 82 55
228 476 87
976 321 23
856 908 18
591 468 76
878 582 5
618 304 16
909 151 60
397 716 35
842 712 53
722 845 57
638 402 69
676 152 69
254 69 58
374 376 42
660 846 100
501 45 49
952 553 8
127 460 57
482 551 27
634 833 96
70 771 64
269 954 70
159 659 91
298 482 73
235 930 97
305 238 99
733 224 79
134 430 8
572 342 20
733 759 8
928 507 49
518 994 23
427 45 48
225 673 24
185 688 91
340 872 5
609 623 89
474 679 35
511 702 94
682 439 33
500 709 17
348 947 23
221 719 21
728 101 87
453 500 28
232 740 84
307 174 73
938 195 31
229 18 81
186 371 42
111 55 97
409 177 21
150 18 36
299 95 23
155 419 85
759 171 51
111 768 88
336 443 2
157 922 59
314 41 53
427 469 60
583 957 89
326 867 77
981 132 53
433 922 23
482 492 5
417 146 98
333 917 73
582 81 18
361 556 99
792 785 4
571 434 7
42 14 25
105 92 33
960 606 17
197 150 6
972 90 52
426 757 78
327 821 54
291 6 67
408 392 56
972 514 41
405 395 79
25 636 42
184 828 87
612 362 97
482 325 36
161 891 76
900 43 23
159 752 51
102 753 3
600 836 100
131 654 16
724 606 100
816 592 19
714 114 30
77 536 3
911 116 86
942 306 10
357 597 85
920 284 63
887 32 78
596 152 91
719 322 84
313 144 25
457 505 87
237 198 73
449 644 62
400 97 73
212 98 47
749 373 61
324 630 3
64 927 62
871 494 40
485 181 33
69 7 13
422 602 41
733 422 16
611 112 30
691 269 52
497 371 60
724 567 46
881 465 77
15 52 32
563 5 42
923 361 30
957 180 46
90 719 5
967 886 16
168 54 62
313 651 5
317 116 84
991 214 97
71 691 7
752 300 15
463 595 63
154 728 38
178 345 69
613 182 8
997 103 96
609 102 64
655 339 91
146 80 89
123 52 35
717 95 15
885 637 88
663 948 81
204 395 5
21 444 82
880 444 64
847 998 78
905 498 40
999 39 47
5 696 65
669 915 52
444 585 88
798 566 58
98 450 80
662 492 4
51 109 82
125 757 43
457 871 2
643 346 98
434 39 17
722 160 32
166 23 38
825 817 17
759 214 2
340 9 79
77 624 47
264 888 17
182 109 48
149 40 87
20 922 1
967 736 84
23 887 28
816 645 96
618 845 6
462 256 33
639 584 40
574 207 71
37 698 35
87 682 29
592 590 40
328 583 86
704 249 76
409 94 28
63 728 88
460 392 94
546 927 29
891 845 72
295 628 57
420 647 28
146 60 78
800 999 13
155 410 77
234 147 46
950 314 42
829 979 98
67 941 80
622 473 98
289 400 75
522 635 26
902 897 25
179 939 62
641 799 46
595 53 8
765 611 86
767 809 19
969 878 85
986 927 42
730 25 83
419 289 67
668 891 21
938 69 91
579 657 79
682 82 1
181 363 10
906 634 69
79 467 10
104 264 25
270 554 56
897 32 10
615 153 42
655 178 30
653 169 33
178 827 50
989 583 78
904 742 53
355 691 54
180 52 72
727 648 68
216 269 67
534 211 68
593 367 67
725 693 80
909 223 95
301 810 41
878 235 2
775 362 58
39 380 23
16 381 33
867 836 52
743 648 7
362 801 61
179 815 99
301 868 94
913 213 77
919 710 3
244 542 59
985 696 61
288 554 40
682 947 29
407 53 32
251 107 18
341 923 62
852 147 32
741 211 77
199 984 77
434 326 4
64 854 72
83 989 87
565 982 27
906 372 97
648 23 71
11 886 22
908 798 87
89 648 75
449 12 68
731 666 26
217 440 51
976 208 56
899 74 33
873 805 33
377 585 77
777 763 44
179 773 50
116 113 53
527 21 83
406 755 37
50 978 50
397 852 91
650 435 6
533 325 36
556 640 18
739 681 80
634 693 21
329 550 34
811 347 38
37 246 95
701 195 8
159 832 56
943 47 97
837 432 88
623 397 86
971 223 33
27 260 39
989 884 26
505 444 54
611 691 33
574 384 6
720 560 73
647 803 65
593 728 24
519 333 91
900 464 74
518 88 79
753 833 34
126 483 34
883 20 45
295 988 58
178 805 36
585 16 4
50 259 36
578 528 71
237 866 17
967 420 90
170 467 64
746 955 25
806 63 22
241 751 4
154 850 58
489 966 82
96 939 28
993 374 94
115 716 30
441 692 60
477 816 43
956 759 74
991 539 59
968 751 96
372 477 87
648 420 81
935 433 75
829 707 12
290 481 80
482 105 69
538 116 74
103 883 91
569 303 26
326 848 78
767 414 16
832 872 41
959 760 54
525 38 94
915 327 13
362 633 97
400 737 100
772 917 30
784 532 20
313 699 26
572 535 14
987 794 22
86 242 49
243 426 80
806 510 43
384 694 85
478 297 59
392 241 8
202 118 71
136 122 35
175 524 95
0 253 19
323 175 64
253 440 17
559 195 15
983 672 60
156 762 75
819 523 67
816 704 18
632 377 65
846 928 80
185 965 28
221 93 54
837 17 45
965 907 18
411 904 45
678 448 94
612 248 77
345 351 17
630 422 21
947 554 58
546 416 89
324 895 59
487 723 3
406 844 24
0 585 48
365 19 100
352 441 64
434 371 84
926 251 65
853 374 59
38 260 74
342 716 43
530 680 42
468 538 40
746 780 72
71 658 66
903 448 61
927 618 78
612 219 7
652 427 83
651 989 71
698 893 70
841 613 12
40 608 59
596 805 31
395 184 59
199 926 18
172 806 29
148 110 27
500 217 84
712 435 16
69 24 27
374 889 31
557 397 92
753 834 2
414 37 64
255 664 89
746 169 34
997 288 81
684 456 82
747 414 52
321 565 83
580 686 65
343 60 53
716 749 32
221 978 30
144 265 92
848 676 65
664 939 88
90 831 6
345 676 71
266 50 68
464 723 94
304 274 96
49 774 59
367 355 42
379 715 59
304 621 30
437 624 51
134 993 100
957 287 71
382 161 23
359 643 89
60 423 93
861 253 4
513 434 70
700 612 87
512 609 79
173 470 89
333 574 72
108 937 47
601 698 28
451 762 88
761 423 27
583 384 22
140 512 8
222 807 23
372 279 29
44 256 17
74 424 99
131 367 14
164 967 87
427 723 41
662 267 30
512 415 60
841 418 64
393 345 71
109 949 91
877 955 12
718 652 70
7 537 64
971 464 70
491 76 59
91 742 97
729 943 5
557 736 22
829 583 7
763 322 1
792 822 50
464 694 47
502 434 98
691 936 21
281 606 39
44 431 82
104 815 41
311 774 11
846 747 89
470 14 93
788 353 51
841 206 3
498 772 85
678 434 53
990 910 62
942 489 93
294 597 2
519 610 27
577 162 52
557 537 15
843 172 32
356 550 19
679 501 21
663 924 70
53 521 87
245 793 66
426 657 100
255 124 71
170 594 44
117 927 33
794 92 79
211 934 56
368 423 4
722 637 37
362 154 16
236 934 55
637 449 95
42 582 21
63 296 3
725 900 74
38 697 62
818 297 88
687 71 29
493 37 15
730 354 32
663 550 61
773 128 71
757 348 79
747 139 93
615 609 95
703 93 87
164 843 77
991 955 3
624 986 49
245 337 45
239 883 66
244 592 23
357 643 92
705 761 1
260 450 95
489 755 28
897 546 14
154 32 33
492 713 45
873 869 59
172 74 3
678 529 90
177 504 5
493 22 100
142 636 38
806 883 65
760 220 54
284 430 67
884 404 73
22 172 89
939 884 78
460 34 71
502 177 66
438 353 66
648 469 82
498 977 30
121 48 64
917 892 2
716 281 64
447 214 32
815 551 57
461 111 26
935 88 99
137 537 49
776 845 59
100 422 68
409 792 97
276 368 67
490 686 25
707 253 90
924 243 40
543 552 7
545 333 59
883 820 54
901 436 21
265 860 26
547 236 93
829 916 99
389 534 66
79 871 76
384 877 5
628 365 51
806 620 31
12 893 66
548 709 59
722 807 57
134 700 2
638 56 12
30 898 70
622 244 73
857 342 89
919 356 51
194 679 50
952 815 92
684 644 3
165 7 96
113 984 34
103 536 46
817 548 15
92 152 19
863 537 93
963 551 3
784 912 35
898 946 86
904 377 85
490 12 41
523 947 3
521 677 9
183 274 64
462 97 96
756 568 73
88 792 88
163 539 11
921 500 45
590 683 11
470 304 15
407 272 95
67 251 45
260 649 66
243 727 50
10 458 14
533 357 19
632 533 14
364 356 29
80 585 58
148 426 91
788 934 58
660 659 31
671 626 59
601 16 40
832 287 92
168 534 22
112 653 66
885 363 39
73 121 86
12 711 41
804 232 80
322 357 25
482 664 24
638 754 92
523 699 66
164 356 76
679 181 68
558 770 8
155 47 63
464 879 11
94 306 97
338 207 77
936 332 87
494 770 78
209 204 22
804 259 84
810 988 19
444 580 38
777 702 47
58 840 4
562 334 60
729 676 12
845 635 1
269 392 66
962 456 10
115 233 25
570 219 86
164 97 47
4 954 69
658 597 84
957 540 56
238 663 93
378 698 93
958 276 66
748 775 12
890 537 76
577 562 19
471 323 83
178 771 85
366 657 50
446 634 56
28 344 25
428 250 62
883 211 34
134 545 95
831 236 26
495 123 77
948 556 71
634 177 17
819 394 79
690 837 21
276 483 45
589 693 79
390 216 7
978 136 97
597 12 38
367 5 7
766 317 42
607 313 61
713 96 46
677 694 85
13 631 1
309 559 1
982 648 28
677 682 71
172 39 32
516 78 42
880 767 32
722 230 96
730 897 20
558 240 99
103 150 97
7 247 11
995 355 18
755 20 39
895 780 59
742 351 80
513 187 27
516 634 72
616 284 9
838 910 78
460 119 20
217 307 24
866 878 39
186 561 63
947 64 66
552 675 15
248 575 67
367 393 61
911 394 13
854 285 76
66 844 39
222 148 15
845 557 93
110 103 24
341 745 97
465 136 61
556 591 36
412 999 71
285 852 5
907 702 5
326 553 66
40 104 91
523 429 38
900 536 19
853 162 98
908 753 94
528 222 10
171 667 75
147 634 25
872 707 28
656 295 32
731 772 27
939 462 55
520 677 67
271 344 98
858 273 41
887 41 93
67 719 98
811 622 46
490 919 87
742 716 33
181 34 1
540 982 85
629 860 48
835 944 22
369 426 73
613 670 67
677 334 68
692 10 60
824 566 93
663 449 61
560 166 33
874 785 25
736 744 74
176 734 67
112 9 32
979 575 3
399 11 25
857 22 71
121 105 11
937 956 68
778 111 13
480 654 28
961 825 27
738 264 63
568 898 86
861 279 23
125 878 27
374 449 44
359 972 87
759 942 33
378 647 83
539 68 12
553 887 84
821 418 78
143 559 29
220 491 89
843 352 75
20 83 99
546 861 88
622 577 2
64 227 83
452 906 63
389 708 32
788 543 56
984 656 84
719 193 96
895 874 56
169 916 95
651 204 84
991 165 71
706 627 26
324 168 14
573 126 61
866 490 44
89 559 25
931 235 26
313 763 63
470 437 22
968 852 2
679 215 10
573 541 88
851 33 7
883 416 51
805 785 86
948 775 22
305 587 51
883 741 85
152 520 60
949 720 71
849 524 12
57 329 49
541 421 71
305 730 95
253 925 2
337 693 44
909 751 80
835 622 12
977 490 44
914 525 67
12 542 95
718 583 67
390 942 5
912 362 40
3 32 33
332 951 21
154 131 55
887 186 71
783 32 57
919 202 91
866 949 79
829 951 8
0 622 46
83 999 72
811 197 84
935 621 94
712 594 81
752 92 86
692 389 82
579 40 18
297 985 33
929 854 49
780 553 66
436 804 1
453 229 88
101 234 33
704 236 25
761 39 51
284 816 50
635 843 66
508 876 18
847 992 7
270 578 99
413 936 60
542 862 10
12 695 2
845 62 45
353 802 38
545 345 20
230 949 4
948 906 37
232 64 90
630 955 32
576 66 38
891 765 100
25 350 93
744 407 7
308 369 13
108 955 6
811 588 73
802 930 46
959 524 27
270 786 74
766 361 56
67 150 17
940 128 32
435 578 7
19 806 43
908 616 25
380 485 48
519 192 99
350 65 73
667 969 35
468 501 69
217 976 17
774 243 2
71 935 28
866 690 28
651 181 56
899 0 69
125 236 85
713 271 61
912 309 88
556 154 53
898 509 63
517 630 1
852 268 41
430 735 13
667 749 78
846 660 82
80 459 30
690 939 8
223 199 48
46 356 97
86 574 19
175 286 71
463 489 88
434 515 92
651 708 43
690 870 10
662 92 10
664 477 16
827 453 74
569 905 39
227 85 98
743 285 89
50 161 50
854 110 79
681 563 91
596 921 66
607 524 54
844 993 48
579 547 93
36 916 19
289 903 2
121 439 91
836 920 61
814 156 87
107 524 96
825 421 47
648 44 91
651 869 73
566 101 49
815 735 8
349 441 63
487 23 4
824 65 100
450 954 32
359 815 54
413 236 11
302 157 46
673 747 96
17 869 40
129 556 2
215 26 8
554 539 49
637 13 65
57 356 100
237 964 23
126 40 17
184 900 82
507 3 96
43 520 13
577 420 23
333 876 18
825 110 34
938 612 92
341 771 47
252 853 33
415 665 85
291 960 54
416 651 88
519 303 42
2 347 9
777 737 74
100 696 94
374 866 78
514 957 59
688 694 41
731 796 50
609 313 88
910 713 5
769 356 67
666 92 90
485 74 6
658 447 49
716 686 43
317 1 72
369 180 7
775 780 75
783 946 81
173 30 73
32 322 91
281 123 41
670 285 80
248 447 77
546 699 23
109 923 57
301 331 22
971 525 43
190 40 69
331 515 32
147 5 7
487 136 91
136 802 32
684 833 35
57 231 13
342 302 13
553 99 77
574 921 82
412 99 11
122 287 32
786 830 69
34 209 65
838 59 86
426 882 48
275 401 14
637 103 98
400 267 43
609 868 36
267 999 63
950 788 10
269 973 27
738 669 100
726 770 96
128 849 76
822 726 70
166 118 76
809 674 94
994 390 62
313 414 53
953 956 63
50 348 71
21 814 76
788 119 57
961 134 24
245 112 31
595 8 22
370 541 17
414 724 80
414 999 71
456 293 69
131 341 14
862 203 4
115 493 23
176 579 18
256 532 35
307 52 46
892 305 14
455 348 29
379 803 78
557 483 17
382 8 70
17 597 43
78 314 32
262 978 63
483 813 43
63 149 11
839 368 14
441 105 40
439 638 44
87 981 50
127 811 49
928 201 57
701 138 40
796 338 20
564 677 47
930 374 72
537 415 39
442 806 8
495 526 91
802 222 98
112 399 39
435 183 6
393 775 21
716 868 41
567 709 50
623 787 77
130 314 86
650 483 63
136 90 82
280 460 87
604 156 90
379 890 23
892 140 42
136 749 35
233 803 84
966 341 58
463 635 90
778 805 67
952 848 37
884 151 63
910 533 50
391 889 47
732 345 88
426 654 90
812 972 13
361 968 23
24 836 54
870 711 46
716 542 34
739 753 38
842 201 62
114 385 24
613 645 87
347 900 87
31 87 13
416 4 26
492 887 44
806 545 99
683 119 37
782 208 13
394 155 1
39 829 47
383 125 63
348 324 28
614 976 55
658 208 42
625 878 11
63 481 34
719 514 55
53 746 15
273 895 5
179 55 93
268 96 41
888 537 46
757 573 84
281 693 28
463 492 27
355 427 8
273 353 63
254 818 85
518 838 5
141 939 74
294 450 92
868 813 28
413 88 6
800 947 87
659 840 25
329 533 4
635 139 23
919 93 37
267 880 5
980 69 40
156 776 16
169 247 39
937 705 58
207 422 32
5 691 90
356 532 38
451 109 95
984 730 62
337 530 94
211 851 49
954 447 10
258 955 45
542 203 68
908 140 1
79 556 43
732 221 91
81 358 96
907 733 83
517 525 75
256 611 66
178 260 64
348 681 47
237 497 33
189 383 70
602 991 13
243 743 56
346 454 70
307 932 42
869 732 74
414 193 51
732 477 64
291 868 51
311 134 65
741 275 12
346 784 53
825 434 2
600 830 76
648 605 10
969 997 74
615 985 41
743 885 51
41 411 72
735 143 69
552 668 10
721 679 88
464 227 1
564 71 61
703 292 40
987 672 79
389 321 37
358 854 72
854 11 92
464 823 35
127 854 7
791 58 34
980 864 51
552 544 16
710 770 10
319 346 53
187 45 98
500 318 39
690 686 92
40 863 63
393 771 32
12 809 75
205 130 72
698 835 46
849 551 1
337 499 25
357 71 98
864 544 62
427 982 25
850 845 87
319 597 83
80 891 92
58 117 51
517 420 86
393 472 38
165 531 38
130 988 88
999 557 72
347 887 25
44 616 28
786 368 45
11 984 38
535 93 98
517 962 1
599 270 59
866 105 22
929 64 81
249 500 83
306 587 84
586 291 1
541 472 20
265 804 34
752 598 30
874 117 19
177 768 62
48 150 33
320 218 84
915 81 18
581 578 40
164 120 48
516 41 38
825 55 79
206 277 41
613 277 37
160 769 49
692 397 10
664 844 57
179 169 18
687 733 47
183 113 13
18 335 63
838 618 18
820 339 77
286 877 36
292 714 42
405 61 76
411 640 22
361 805 44
656 703 79
534 592 87
597 933 24
717 669 99
143 596 28
39 179 51
949 230 90
333 874 50
960 295 62
309 894 41
291 286 39
169 466 77
89 395 83
831 119 89
799 750 93
396 567 73
165 155 44
661 138 41
119 655 76
754 393 57
0 642 5
213 817 60
619 460 85
428 273 42
314 310 62
305 665 70
26 557 91
29 799 5
10 846 77
43 902 51
322 851 33
4 514 28
674 919 65
81 752 61
113 507 52
151 506 5
949 502 92
735 750 18
876 691 75
546 720 36
215 664 62
191 916 46
750 549 61
458 258 40
678 740 35
656 65 64
239 891 39
993 996 57
760 348 28
778 762 15
357 512 61
524 764 99
740 991 15
799 825 48
922 547 24
319 329 83
938 746 99
771 453 14
34 398 94
124 330 37
89 87 52
958 37 76
225 620 46
204 74 34
480 144 27
536 266 83
937 19 70
103 929 23
575 714 91
893 837 76
997 524 51
105 696 76
160 105 94
347 398 31
916 359 11
329 515 77
1 171 42
845 83 86
449 490 56
106 852 58
295 820 57
289 66 84
913 676 46
987 252 83
463 201 49
449 743 11
974 69 19
706 54 92
655 973 89
270 565 21
79 560 43
200 654 30
328 837 85
810 224 90
364 482 92
564 573 78
6 239 25
823 753 2
52 797 100
775 897 31
223 727 90
213 699 58
425 700 20
982 594 19
416 480 60
880 330 57
230 876 84
795 705 88
92 871 54
219 550 44
639 174 91
180 646 49
916 960 12
591 709 86
927 937 47
86 967 17
552 290 95
616 748 7
457 786 4
63 657 16
254 381 29
557 19 89
557 963 29
884 982 11
749 631 36
441 294 13
714 555 26
356 448 35
160 94 26
978 98 73
427 280 93
917 100 95
437 810 30
659 362 38
771 434 44
455 650 95
972 760 62
292 337 63
397 593 70
812 694 10
368 701 73
331 550 13
980 731 91
331 823 74
34 162 39
985 573 81
521 289 77
740 909 14
787 653 23
59 485 34
393 978 77
120 895 60
286 70 49
669 731 28
49 309 97
337 799 21
542 941 78
905 836 88
493 106 45
233 837 62
859 970 13
604 907 33
667 135 71
881 279 98
304 967 71
147 175 55
858 584 23
194 351 55
266 646 25
328 978 32
253 60 58
803 41 76
881 21 16
180 641 67
629 621 74
851 931 26
926 27 58
914 369 91
321 455 89
78 853 50
295 524 16
821 861 72
608 70 32
705 610 14
66 89 20
398 545 8
539 829 25
463 982 59
412 576 71
978 258 92
424 849 84
383 848 15
135 591 36
440 203 23
890 97 76
625 914 78
303 466 2
321 26 54
46 975 13
45 570 53
981 329 42
105 712 44
792 641 81
528 443 3
549 579 33
232 687 35
382 312 32
858 627 5
341 347 41
394 710 62
853 788 44
727 522 76
746 192 23
911 415 42
811 11 90
668 644 61
393 125 61
561 29 47
74 398 11
209 225 96
461 702 24
567 585 64
998 840 50
635 756 12
292 697 97
564 249 97
596 733 99
344 808 14
992 482 38
679 77 18
243 649 96
157 124 71
593 68 51
7 62 4
452 631 64
973 232 78
124 254 87
616 155 1
629 792 74
243 597 30
116 343 13
265 234 29
59 540 81
463 15 96
581 263 81
91 894 55
409 184 63
413 951 19
671 880 91
327 684 78
67 948 20
524 844 99
422 655 17
128 157 89
904 468 17
152 386 80
900 624 4
882 630 83
350 320 11
256 567 74
484 573 10
69 267 19
740 151 76
589 598 9
110 207 86
545 172 14
720 248 5
906 331 70
478 306 3
877 171 26
318 589 99
368 779 76
840 371 67
248 292 61
709 745 68
536 609 72
298 422 27
795 336 59
312 196 8
836 369 97
706 569 28
675 602 87
34 52 11
912 364 28
353 237 94
586 73 5
462 0 20
639 355 46
677 844 98
257 694 29
884 77 15
538 181 37
876 339 61
457 792 85
222 105 35
523 81 20
895 212 96
256 857 46
437 494 35
871 462 90
637 586 44
818 431 80
744 797 79
16 870 76
242 852 16
605 345 76
420 776 71
506 757 82
984 792 38
916 402 93
542 529 83
31 660 2
572 938 65
337 464 38
759 469 8
265 509 60
806 784 31
257 843 75
782 672 59
525 252 33
861 872 3
402 592 38
782 641 49
920 102 51
833 722 91
456 563 22
787 123 62
136 573 3
130 552 44
131 678 87
454 982 62
495 894 45
828 638 3
608 852 35
106 343 33
644 513 56
650 718 96
941 307 78
85 304 46
759 345 46
600 777 93
886 643 25
578 238 25
432 264 6
436 685 90
749 579 35
494 465 55
590 833 8
677 711 93
526 581 63
196 723 2
675 317 10
62 782 41
610 187 72
404 261 40
221 276 83
652 390 44
575 893 56
76 585 42
69 775 31
494 66 97
480 174 91
316 389 12
782 246 29
672 856 49
419 162 36
474 697 85
512 439 34
13 58 6
166 438 78
593 920 89
168 981 57
980 34 56
290 35 45
213 735 44
44 879 79
21 202 51
759 653 63
288 339 32
723 388 24
274 219 44
61 158 40
199 97 4
419 411 1
707 155 51
932 530 80
449 236 59
718 229 67
207 176 95
371 450 92
827 738 92
760 614 57
298 665 68
508 430 75
973 732 82
31 814 64
588 629 1
67 831 42
25 898 13
953 838 79
218 151 85
374 236 19
770 652 55
773 670 89
984 99 9
125 685 91
958 843 38
460 333 44
679 552 41
596 214 26
161 403 20
619 704 21
918 998 81
282 448 56
528 554 63
451 579 25
968 565 89
91 43 39
114 124 70
925 285 70
773 168 1
949 382 22
21 235 96
133 15 73
155 570 54
58 646 3
728 532 25
651 300 83
239 478 25
676 781 74
947 613 60
352 157 14
65 647 24
768 177 19
578 494 70
397 4 21
439 245 63
237 192 42
900 390 55
554 345 10
18 581 49
21 335 26
969 502 38
686 921 78
686 35 8
537 932 36
168 694 45
283 923 75
828 602 49
984 509 91
547 593 100
893 824 16
861 43 99
533 523 98
585 709 46
305 125 67
525 39 59
470 237 24
782 49 13
249 501 73
662 551 6
23 804 41
304 752 72
954 108 88
620 1 56
218 150 21
624 413 70
645 498 16
578 915 89
777 697 42
905 583 56
541 174 59
246 860 18
200 335 69
477 107 26
459 475 64
364 12 56
108 428 10
434 374 50
622 987 100
556 254 73
135 416 42
325 145 92
24 742 57
582 879 34
860 257 11
252 147 51
491 874 37
881 703 75
494 542 3
234 284 48
901 694 52
595 797 52
402 428 68
752 169 85
736 722 79
937 90 78
183 450 47
616 637 51
637 546 67
895 714 31
505 13 58
695 8 19
166 154 50
992 745 27
808 203 73
190 486 42
281 409 45
632 9 11
597 635 8
453 145 21
625 778 2
474 573 72
638 920 79
897 2 21
766 222 30
102 184 46
585 213 11
570 402 81
882 42 61
413 689 74
225 342 93
41 623 60
105 120 2
369 15 100
51 398 92
842 358 86
298 262 42
595 409 95
238 606 10
813 108 47
599 719 40
21 902 79
463 671 51
358 928 42
501 326 51
524 363 11
710 844 40
478 588 5
447 552 53
930 827 9
413 123 24
387 570 74
937 604 70
457 308 100
962 185 35
821 983 13
191 179 100
295 75 88
713 444 75
395 679 50
777 630 48
423 54 97
357 135 65
475 646 42
195 692 26
963 486 29
728 955 86
827 86 82
925 73 93
940 7 84
506 684 59
127 553 43
615 840 51
437 293 44
95 270 21
51 740 52
241 774 83
146 403 90
414 555 87
812 214 67
189 134 99
906 540 72
165 580 87
480 599 86
115 122 89
590 443 32
989 245 29
22 528 34
173 396 44
447 176 74
307 403 27
195 283 40
969 69 4
972 496 7
629 201 67
428 754 94
760 178 96
399 755 99
823 602 54
614 657 98
478 506 28
2 313 4
360 681 35
211 533 48
247 551 52
667 916 9
405 760 23
920 346 26
876 380 95
743 886 25
287 542 39
659 974 88
323 345 14
492 282 19
963 307 42
94 933 20
104 346 77
424 93 71
197 458 62
49 434 76
666 532 98
939 52 64
191 533 65
294 896 24
797 230 47
407 745 18
208 844 2
805 570 73
813 48 44
71 569 64
422 748 52
26 884 30
478 136 1
518 617 11
730 229 91
564 286 51
503 857 61
150 345 37
846 924 70
795 733 60
808 768 26
448 745 92
773 599 85
695 488 66
504 672 10
641 852 8
533 603 60
783 121 1
601 891 5
952 923 13
863 535 20
110 593 29
602 621 81
302 756 37
993 746 36
574 124 52
573 324 77
704 285 43
236 898 81
601 753 54
203 803 87
485 134 28
109 155 36
561 886 43
695 397 40
349 157 68
713 518 60
537 987 31
765 613 11
403 728 77
257 529 97
289 19 15
238 699 50
371 79 7
344 914 50
386 446 75
460 458 88
890 505 3
941 259 15
545 280 33
656 742 29
688 347 3
901 600 54
835 334 32
776 139 8
738 563 91
99 656 18
846 62 100
901 499 5
935 516 35
224 745 39
901 493 53
450 626 75
970 911 26
300 355 3
772 893 35
978 500 44
50 455 57
144 626 48
82 303 25
994 433 19
781 378 3
616 331 35
4 474 53
973 498 51
755 910 1
43 758 12
891 944 32
128 333 74
1 446 43
406 613 66
122 727 66
931 365 26
672 698 26
342 774 72
548 142 54
457 488 19
554 715 16
233 625 69
514 495 7
92 581 39
79 869 73
989 654 37
493 54 75
130 280 79
446 655 2
285 988 40
56 811 11
413 494 76
375 295 54
724 835 47
158 545 64
598 18 46
790 466 82
265 379 99
173 905 82
527 909 4
75 168 58
930 643 17
820 734 23
623 102 31
376 436 40
677 786 11
406 189 24
33 886 91
782 573 67
523 207 71
204 988 50
172 530 14
256 294 13
903 363 42
429 793 6
202 564 50
2 127 16
412 146 27
687 549 49
780 836 94
264 283 22
743 802 89
444 124 28
585 418 62
425 272 58
22 37 26
247 584 47
287 158 71
193 398 73
65 785 40
75 999 100
261 433 27
585 169 60
271 346 58
544 964 59
607 760 41
661 389 45
24 191 1
25 797 66
490 477 4
965 286 10
356 72 79
181 434 38
789 175 64
463 33 34
968 999 19
966 275 37
809 792 19
241 401 6
864 40 64
29 302 74
644 342 82
823 403 88
571 305 99
289 964 31
509 475 10
15 700 2
268 735 67
808 351 21
718 593 37
216 941 74
136 420 7
822 781 95
401 555 47
900 933 4
589 462 67
503 19 42
670 314 39
722 460 56
808 82 53
950 986 89
796 353 73
246 588 63
412 43 6
495 18 68
46 406 96
972 323 72
700 934 60
907 571 14
579 668 31
596 886 6
919 317 65
534 863 55
59 814 11
587 559 47
846 751 32
570 548 89
9 905 99
604 766 57
361 701 99
725 92 73
464 620 6
762 334 15
219 821 32
310 947 89
427 131 33
3 640 2
683 210 99
113 546 56
752 448 39
606 171 20
429 753 42
610 420 23
695 398 41
718 954 69
982 562 53
979 558 14
407 488 36
624 985 100
40 542 42
442 151 93
726 506 20
750 374 17
917 167 99
317 771 7
623 542 15
859 933 41
776 648 29
193 67 36
659 24 13
231 651 78
671 656 33
783 948 43
778 735 50
599 918 33
855 412 70
541 152 96
497 931 87
986 608 2
545 717 96
894 16 74
12 416 90
724 38 45
332 714 93
780 691 85
648 728 66
160 317 94
530 213 63
357 305 43
795 712 33
701 71 97
201 188 41
450 908 21
415 672 9
213 196 87
544 982 18
316 63 74
714 532 79
359 850 20
843 719 38
158 734 29
583 919 3
508 401 86
52 767 9
376 56 22
960 99 85
960 439 33
247 673 8
730 431 20
600 693 80
9 51 42
417 350 98
932 120 99
400 287 28
610 134 75
838 191 70
686 411 26
369 168 83
850 90 51
146 296 91
404 817 42
774 770 63
886 292 48
934 322 50
727 280 91
365 114 2
796 255 56
187 867 14
514 32 87
226 554 11
144 45 1
137 620 21
592 415 22
583 850 33
867 141 81
940 936 52
506 741 71
694 904 29
456 559 62
602 512 36
983 670 44
790 317 37
629 14 29
349 857 12
892 155 35
365 358 21
86 934 26
652 67 52
757 9 19
103 78 79
377 45 43
825 898 31
279 386 72
974 894 2
856 721 20
948 279 7
54 866 49
416 405 88
545 308 46
982 735 65
669 627 43
805 37 44
343 258 33
262 89 34
304 617 99
838 821 50
801 403 85
793 865 29
325 689 33
105 336 12
818 644 80
82 16 16
949 624 29
438 626 57
639 976 12
631 695 60
533 380 62
630 446 2
804 557 64
68 192 23
752 563 51
667 37 39
394 418 41
498 801 76
233 17 46
447 54 2
881 319 45
519 856 8
677 485 32
924 712 69
468 782 35
580 667 90
774 146 69
449 462 60
259 873 82
308 346 1
612 974 12
25 740 16
952 422 45
496 548 84
899 447 80
547 962 20
266 569 47
348 455 10
473 946 92
81 205 68
894 908 58
179 536 24
416 426 54
294 803 76
492 338 78
985 416 86
182 895 42
63 723 18
851 169 78
671 374 2
579 806 37
547 704 57
436 537 77
535 12 20
340 283 88
487 323 68
394 271 80
806 94 82
311 273 78
560 957 35
782 190 18
805 835 100
475 565 79
913 239 65
341 565 91
480 910 24
285 84 9
442 929 57
300 509 13
695 348 20
281 354 9
415 983 19
272 681 42
91 414 72
433 547 91
523 60 99
941 618 67
896 697 92
157 101 33
8 52 44
653 769 34
824 551 79
752 447 56
749 71 72
61 313 87
168 262 63
362 677 22
567 698 22
386 276 46
708 674 97
623 944 78
519 748 89
439 29 20
861 223 48
706 781 27
5 440 87
107 594 13
240 249 35
84 200 28
424 568 34
744 534 4
814 600 99
363 251 23
106 31 40
325 143 79
834 530 51
775 619 42
150 843 75
476 962 75
34 240 4
486 960 74
700 483 19
458 363 82
507 162 71
475 842 83
82 845 66
118 476 86
508 855 46
264 205 58
472 9 19
731 44 44
24 555 57
834 72 62
437 745 99
747 9 25
366 577 68
873 158 88
560 384 26
324 222 66
894 778 21
35 376 10
169 778 29
436 293 67
326 820 65
756 742 81
510 513 62
157 813 48
456 305 94
419 490 77
781 75 58
757 884 28
448 267 70
582 466 26
857 641 100
908 243 41
474 943 9
942 140 21
929 431 55
990 395 13
671 475 57
431 288 81
226 162 60
221 188 18
139 166 32
257 861 53
36 706 84
380 620 45
40 792 61
525 426 59
841 517 91
789 286 19
784 981 31
879 295 41
192 415 68
848 261 45
464 508 82
745 791 39
855 454 17
37 586 14
914 458 5
45 794 31
246 437 67
101 717 7
925 16 51
485 848 15
45 688 43
492 439 2
538 59 49
917 967 13
78 757 27
246 968 33
445 24 58
467 284 75
39 905 14
547 633 96
763 148 88
344 251 83
332 553 57
546 83 47
806 18 49
80 965 9
117 189 14
94 348 11
206 636 70
118 946 47
89 63 25
269 237 93
509 31 46
876 726 76
732 920 58
786 591 83
842 107 40
835 12 48
213 351 4
153 393 1
357 642 10
726 755 39
553 164 23
144 759 17
667 56 20
359 982 62
177 447 78
125 968 82
725 287 67
602 903 25
269 594 28
129 641 66
882 573 62
519 977 22
222 529 83
897 927 13
427 703 97
113 202 34
952 683 91
560 66 68
521 963 53
969 56 92
5 341 53
279 463 58
940 453 35
994 658 54
7 328 67
635 913 5
354 110 32
663 626 13
328 755 41
61 273 60
344 678 68
779 922 89
583 312 2
719 263 9
952 829 92
890 115 75
908 281 97
62 324 43
701 270 56
530 337 40
153 135 37
864 811 82
330 210 55
428 405 18
466 665 77
804 543 59
181 546 27
714 567 12
692 247 51
313 620 54
789 976 55
863 977 25
235 232 92
435 247 98
455 956 38
190 962 89
272 830 68
882 804 90
197 218 98
778 546 69
914 878 67
490 649 42
345 726 78
269 29 83
555 285 4
43 306 56
96 835 92
690 628 99
668 140 86
344 733 38
124 58 62
43 978 3
214 408 62
844 563 71
391 446 96
264 356 2
93 175 97
387 729 38
342 259 29
997 928 45
273 267 54
407 214 28
995 352 77
125 567 1
745 491 92
489 963 16
786 832 85
191 397 78
391 190 81
281 759 27
900 229 14
952 690 27
647 484 80
735 24 32
826 11 33
761 687 29
616 873 45
491 746 63
961 950 33
869 748 80
314 530 85
169 437 85
449 93 78
887 496 77
266 803 100
377 620 9
645 726 65
978 883 86
183 841 6
632 386 12
564 863 29
222 689 27
73 755 80
716 718 8
213 251 30
817 807 95
773 266 82
760 322 51
969 380 72
898 65 55
664 592 17
643 901 52
754 533 9
852 913 31
404 736 46
268 783 8
643 903 44
410 259 69
516 757 58
797 630 23
605 655 62
119 561 15
288 363 16
301 606 80
46 642 7
497 247 11
194 112 38
882 116 78
246 881 1
565 350 23
796 31 27
940 643 48
98 859 2
732 498 84
461 210 20
679 286 73
30 552 80
835 301 99
219 10 81
454 39 76
284 725 27
467 262 85
11 675 94
548 864 28
414 367 45
989 524 91
478 695 78
858 488 14
188 267 12
885 918 48
48 590 90
883 690 41
404 481 19
112 310 100
656 296 70
852 447 74
373 146 77
23 925 2
914 65 56
627 79 50
73 996 41
286 732 73
497 387 63
98 843 88
40 400 93
916 330 94
46 820 84
27 934 97
768 124 81
931 871 61
522 377 69
721 286 51
249 794 61
513 734 37
397 360 41
354 954 48
518 110 99
661 862 35
639 561 1
526 295 86
417 861 66
989 395 25
827 34 67
424 347 90
784 600 31
373 62 78
172 712 1
713 832 52
627 530 58
555 662 56
653 206 57
245 842 38
440 855 81
462 786 93
199 793 46
861 834 14
830 148 3
236 223 67
423 476 5
169 260 75
258 517 22
909 813 92
244 301 59
433 817 9
393 43 23
978 891 98
832 351 63
223 16 42
196 550 14
821 262 99
337 9 76
924 709 42
104 407 98
0 752 84
163 758 13
894 87 17
731 215 24
303 72 54
421 345 71
299 304 19
482 159 20
472 429 45
358 785 44
823 465 71
92 831 10
108 260 46
115 286 26
251 24 72
350 831 22
114 892 13
858 639 31
144 475 77
955 828 53
522 848 91
826 20 95
226 305 78
43 957 11
960 571 1
530 631 30
700 709 77
340 857 61
529 712 86
430 923 20
533 860 53
93 505 83
504 836 78
570 67 63
452 358 53
841 214 27
541 559 46
1 737 94
353 948 95
710 413 43
630 178 23
492 688 80
513 605 35
527 347 85
375 313 44
859 247 44
277 2 96
731 301 88
626 484 35
454 810 81
695 884 33
974 716 35
756 594 14
822 578 54
807 461 6
571 507 36
839 192 96
66 655 61
327 379 61
882 27 23
455 310 73
970 36 56
603 346 59
860 189 75
569 573 41
889 478 10
325 394 82
810 365 39
790 926 8
152 278 34
402 425 41
686 441 20
652 9 58
976 521 90
837 300 20
488 811 87
195 597 63
826 223 92
942 565 50
285 203 50
707 583 61
895 241 90
735 373 93
448 952 68
679 111 85
465 978 15
43 847 48
942 291 15
474 667 92
636 983 77
904 695 20
217 802 30
817 165 58
921 714 53
905 976 100
449 40 56
257 789 94
797 329 24
106 288 32
97 518 81
386 793 79
81 611 26
434 449 100
541 885 53
862 983 57
764 779 12
335 293 33
345 892 32
596 785 35
360 845 50
442 533 40
270 26 33
532 866 32
37 139 61
182 633 23
737 865 70
480 877 70
78 461 39
473 782 83
846 771 27
232 585 63
180 680 86
404 730 7
222 371 63
358 509 70
258 809 90
396 147 65
467 642 59
648 823 56
150 629 61
867 6 93
822 91 24
11 720 52
601 412 6
451 183 46
267 895 89
636 480 45
913 454 5
844 6 22
948 14 73
478 783 97
915 814 99
408 97 18
158 570 19
879 818 72
355 540 60
734 855 97
683 552 7
555 445 48
67 566 48
635 219 21
813 13 97
937 964 4
299 958 83
968 678 53
800 332 85
184 980 17
151 237 77
476 734 75
287 398 40
781 176 57
913 19 88
131 614 58
232 608 79
445 8 70
462 291 87
821 618 39
635 796 8
19 286 40
673 220 5
443 330 95
353 158 50
87 362 6
454 123 55
61 128 69
180 117 84
197 459 65
355 446 44
54 174 98
239 599 52
852 475 91
149 57 16
68 383 78
378 695 89
216 33 33
992 611 96
788 542 61
718 791 94
228 251 34
315 101 12
984 563 81
159 715 94
194 431 70
919 862 21
810 694 76
647 387 40
766 898 49
434 404 20
964 976 15
441 864 21
322 363 52
613 362 52
503 635 82
661 183 13
754 314 45
748 934 66
546 88 5
315 910 94
924 862 18
670 972 8
445 607 92
12 364 67
22 731 80
497 885 1
162 666 56
819 831 59
461 709 79
90 638 72
720 614 92
331 416 69
770 645 72
599 438 19
381 296 89
991 204 44
318 59 98
899 277 18
872 403 38
277 551 97
398 378 23
708 691 60
966 42 90
384 985 40
691 989 4
856 622 32
120 329 83
515 730 64
448 728 30
820 221 88
964 24 81
796 693 62
948 532 21
628 857 89
583 545 94
162 660 44
741 924 23
814 344 21
302 714 70
256 411 35
859 468 22
440 795 3
813 774 63
846 148 54
326 172 40
247 465 13
736 169 34
876 18 49
432 254 29
949 819 51
878 515 74
525 354 12
231 970 72
84 57 71
391 57 76
443 585 90
733 768 58
334 239 56
483 165 78
956 230 71
963 374 21
317 14 24
778 786 93
434 246 34
155 905 23
150 627 27
579 344 63
259 7 59
156 601 25
54 697 15
608 198 63
70 570 13
744 239 95
345 673 80
744 217 61
670 797 6
942 658 61
794 181 61
770 201 66
330 933 81
272 431 98
255 551 94
963 637 79
805 865 3
323 339 22
458 624 59
374 189 99
497 495 69
110 345 50
691 535 39
4 469 25
134 1 66
561 224 30
828 173 56
838 560 4
912 691 17
572 530 78
382 132 97
871 792 33
757 8 21
656 237 86
29 353 64
527 370 42
312 42 64
753 828 95
133 420 92
144 34 51
95 904 84
605 492 22
939 553 47
326 926 3
239 913 62
794 994 93
376 682 1
449 64 50
859 204 50
386 536 17
799 473 82
645 477 26
858 943 47
646 675 22
33 167 14
169 851 98
313 236 34
168 662 17
592 344 9
615 765 8
617 159 86
976 535 62
414 139 38
550 4 25
39 973 14
388 929 15
880 612 50
137 180 52
146 852 26
345 908 48
521 108 81
646 506 12
609 326 62
841 31 15
445 840 87
630 489 15
435 168 53
663 380 73
515 655 14
714 967 37
34 1 49
528 209 60
58 687 66
231 985 18
749 830 26
841 493 99
49 339 54
59 99 48
794 479 6
36 9 58
861 260 95
119 86 61
278 282 75
561 539 2
949 366 39
865 3 66
19 867 57
740 752 72
790 870 92
19 229 42
738 960 83
177 836 66
411 790 63
933 551 88
597 676 29
711 683 35
710 223 20
958 443 98
422 424 75
410 666 46
476 461 66
842 262 44
232 882 24
695 29 97
691 674 99
412 309 92
929 229 61
964 224 5
11 640 73
18 696 21
229 463 34
158 898 99
157 773 84
850 169 98
481 674 50
266 472 76
287 584 26
267 733 37
275 607 61
395 846 24
837 429 17
233 654 88
602 694 29
376 391 95
285 388 54
511 877 13
722 423 49
77 958 18
563 787 48
302 856 9
184 718 16
802 782 58
870 915 8
849 764 56
424 737 71
329 134 64
973 976 89
799 405 38
893 932 90
825 461 4
946 746 98
317 66 28
331 640 49
110 92 68
140 226 98
451 737 90
874 796 98
107 378 77
687 411 19
994 551 30
209 470 17
341 98 59
579 265 95
912 122 62
502 942 69
680 495 19
911 15 17
407 24 100
383 876 56
846 254 57
168 94 81
15 188 84
442 177 96
76 612 71
497 1 37
740 520 20
734 321 83
171 649 78
790 484 9
165 14 4
734 986 27
714 877 68
535 502 48
434 772 80
741 826 71
61 689 86
515 761 93
486 890 48
329 834 81
793 891 14
618 549 56
969 671 74
163 972 9
775 820 53
573 604 13
709 416 73
298 747 88
930 507 31
577 829 24
569 799 89
930 631 80
935 492 43
835 99 19
644 113 78
438 691 19
724 259 3
585 964 41
264 865 42
996 906 36
743 515 63
579 323 97
491 749 12
244 571 45
214 425 83
97 828 89
598 381 36
494 44 30
628 152 79
902 790 4
484 399 15
730 64 31
55 446 25
564 141 100
168 758 70
967 179 70
692 269 36
287 774 83
159 427 3
370 89 95
966 13 54
524 607 78
776 367 12
535 421 1
821 534 67
590 215 88
805 210 56
825 788 72
626 666 47
394 728 37
865 703 47
990 29 41
593 918 10
586 324 87
549 217 35
762 280 84
20 832 27
784 384 31
290 521 63
299 665 35
779 301 19
284 618 70
430 650 33
204 482 70
481 291 64
201 559 75
631 362 99
569 810 21
292 613 54
207 229 17
518 386 72
790 65 18
137 117 1
31 378 42
767 282 45
292 570 99
589 194 9
458 174 99
915 30 46
696 418 38
750 906 5
911 840 39
670 221 15
428 64 97
2 281 30
981 324 82
176 267 29
791 562 5
201 357 57
426 704 48
931 502 52
656 113 70
591 975 100
762 883 69
780 392 74
117 755 6
90 477 53
668 689 66
72 952 92
382 127 63
88 887 13
404 423 48
543 922 10
550 785 80
200 935 57
571 491 11
905 821 90
817 238 12
538 548 99
487 331 85
73 274 72
426 503 61
939 517 58
955 511 97
914 81 39
297 597 1
845 417 60
662 297 48
558 67 44
195 984 18
50 511 77
677 24 32
603 130 44
798 910 86
539 276 83
420 672 9
447 227 34
767 117 37
13 604 1
946 225 73
560 453 98
366 705 20
70 756 65
112 485 7
636 104 63
242 143 63
919 861 56
992 700 74
387 145 13
277 690 14
942 115 59
567 198 91
623 684 43
800 399 51
913 475 74
937 508 73
417 459 25
332 343 10
540 820 5
169 357 52
494 637 61
744 743 9
13 10 30
706 260 46
521 181 47
982 79 80
761 578 69
702 821 16
111 962 51
996 603 65
48 668 96
704 794 67
243 438 63
540 143 29
873 446 10
436 904 29
827 786 48
409 652 56
245 156 39
474 217 77
527 444 32
557 351 71
442 388 88
353 548 9
806 582 85
706 245 59
777 283 65
262 507 16
88 46 58
426 155 17
816 690 94
961 478 8
488 657 7
860 236 16
940 906 35
957 591 91
649 785 88
90 238 23
890 913 40
229 921 35
411 50 11
628 52 57
967 961 13
892 541 51
526 609 41
413 418 14
475 867 10
549 790 43
377 68 25
665 318 40
611 253 78
876 153 19
592 515 43
795 861 85
949 818 68
896 589 15
780 940 50
10 55 26
701 84 59
945 151 43
212 315 24
167 732 16
518 613 5
47 837 60
733 601 94
826 260 27
589 77 77
720 512 83
928 820 25
457 652 20
970 474 22
215 462 48
975 147 4
185 629 89
404 115 78
224 323 100
372 576 52
585 345 85
259 524 36
221 907 43
342 755 90
872 205 28
672 261 75
327 111 60
543 278 2
893 928 98
36 970 69
287 885 82
737 678 14
263 539 32
733 488 81
791 16 88
283 633 89
721 258 27
472 741 70
604 985 23
425 950 51
512 558 80
234 525 37
932 434 15
19 546 1
25 224 20
512 281 96
472 972 83
647 466 83
561 900 93
839 756 55
50 704 18
3 38 65
69 425 34
644 727 70
244 97 40
874 393 18
590 10 90
429 983 9
604 955 51
283 681 23
668 261 53
283 736 7
491 540 100
18 48 75
443 767 40
399 770 98
190 781 44
123 697 98
603 845 55
703 434 66
752 604 65
990 874 48
732 165 15
294 619 38
44 316 39
73 854 1
180 679 65
664 192 7
948 315 53
283 708 46
646 358 31
820 901 89
627 206 52
120 528 84
890 501 6
324 389 6
841 606 4
207 639 4
403 444 21
171 831 66
467 188 15
20 306 15
981 586 12
635 160 87
990 62 89
952 707 53
150 245 25
365 180 6
630 110 40
882 47 11
291 55 87
598 796 39
643 405 9
120 882 5
534 865 50
389 934 12
8 200 56
102 791 48
63 803 36
393 977 62
211 675 54
712 746 61
390 554 41
478 63 48
190 332 89
504 818 48
304 319 39
301 440 45
345 803 66
247 12 85
880 723 31
261 872 2
454 76 78
882 825 81
301 379 65
61 607 82
476 255 47
953 305 53
310 715 55
461 32 3
649 975 45
412 61 19
630 720 2
266 72 58
656 245 41
822 662 9
138 372 12
379 247 64
411 178 26
475 82 56
325 890 71
526 583 14
963 101 44
924 332 98
693 167 42
751 618 26
946 832 50
96 498 44
775 596 76
852 516 86
64 184 99
967 377 64
316 658 99
888 872 33
330 415 31
984 720 2
334 867 26
842 979 27
565 821 77
330 713 63
755 446 91
101 500 90
753 545 80
481 946 88
713 328 90
570 95 89
126 342 16
793 144 52
87 157 13
726 272 27
478 815 83
188 118 57
317 93 16
735 62 77
960 916 86
561 879 11
868 827 16
313 784 90
727 977 93
132 219 9
414 897 30
898 257 59
652 888 17
930 464 56
646 686 14
613 256 18
967 436 80
681 676 62
855 215 2
909 6 79
153 68 50
344 569 100
113 389 8
663 828 11
464 310 100
882 229 52
647 825 81
7 872 67
306 299 20
860 226 95
666 687 53
146 598 47
20 464 40
830 310 47
863 332 78
611 429 65
630 809 5
900 637 89
97 626 72
524 573 81
300 306 38
757 90 51
322 123 97
752 486 65
474 82 63
450 484 49
355 653 14
678 630 20
748 33 93
794 3 99
66 940 90
500 631 53
957 930 44
544 416 28
142 477 38
785 14 79
509 935 85
137 321 53
94 785 98
434 128 63
528 817 81
473 252 41
841 180 56
824 331 80
865 743 63
583 504 13
274 319 31
435 88 5
243 103 28
829 58 98
110 321 28
106 677 94
184 914 53
654 507 34
834 112 61
939 916 93
628 743 3
933 381 14
699 109 48
192 419 22
671 827 29
921 908 22
413 462 64
177 785 86
531 522 86
566 560 26
441 559 88
792 27 31
407 113 35
584 714 64
12 202 67
248 346 16
97 921 99
213 212 2
349 840 21
803 661 46
782 797 87
449 310 23
524 426 67
486 629 1
716 113 77
874 97 40
168 331 74
888 476 16
427 216 46
827 372 28
591 633 33
222 202 26
757 516 79
792 578 56
369 67 2
350 121 34
79 807 2
289 722 91
11 194 12
539 860 39
688 647 41
915 992 95
573 227 67
162 653 94
222 812 49
804 509 75
30 253 39
905 372 33
291 480 8
609 770 20
420 611 82
706 835 11
213 379 43
612 720 93
499 890 86
169 571 62
629 98 79
293 122 60
584 81 9
888 260 83
212 473 57
491 843 89
132 50 77
308 189 37
916 987 1
147 197 31
215 827 29
784 363 66
103 328 47
117 399 99
624 251 87
844 297 90
546 440 38
850 40 28
821 889 64
635 2 20
249 786 31
913 811 58
396 794 16
787 386 46
810 739 46
548 115 42
38 165 34
909 148 42
745 239 28
242 877 25
617 2 40
438 610 90
295 25 15
956 964 18
563 718 1
785 310 74
159 339 26
703 55 48
245 152 69
200 820 3
347 331 53
727 41 97
90 133 56
353 840 19
87 760 42
919 970 12
738 903 20
271 285 23
947 56 23
80 440 7
490 658 24
184 668 22
234 172 61
806 357 14
251 73 70
36 965 5
869 546 9
93 454 23
694 832 57
968 726 87
975 959 35
670 770 99
94 496 87
794 778 98
520 709 83
956 666 26
552 300 95
397 130 47
992 897 16
887 480 66
271 240 64
631 34 51
940 258 28
722 863 82
764 261 68
424 146 72
769 469 37
961 993 13
671 854 84
306 733 69
594 253 72
966 597 6
51 513 35
910 316 47
713 840 58
949 610 7
846 488 53
686 218 84
12 163 16
566 30 17
237 755 64
284 151 27
81 769 98
842 996 35
637 501 11
693 821 75
539 770 19
536 39 11
972 948 83
701 260 38
418 389 40
90 861 46
354 673 5
952 214 65
215 650 95
786 924 51
300 32 1
889 516 41
797 984 27
406 439 67
172 459 33
232 758 94
428 627 45
450 789 15
762 999 19
895 415 43
848 171 46
29 661 16
305 534 6
815 164 37
401 433 36
473 895 2
545 177 63
500 688 28
531 523 77
108 783 81
351 783 9
669 986 54
642 389 71
682 756 79
612 808 48
347 984 20
727 341 85
7 439 43
904 273 74
790 746 68
86 25 62
144 335 55
669 618 57
768 111 97
529 701 46
544 776 42
502 738 49
934 719 43
668 584 100
207 351 86
688 713 17
354 804 88
786 970 73
288 119 19
987 831 95
582 370 89
577 347 89
581 494 58
599 188 61
991 649 67
575 664 41
296 539 66
871 832 87
813 772 92
414 148 79
182 387 72
664 807 57
674 300 15
452 594 84
748 912 14
205 55 46
254 433 10
489 148 98
530 830 16
663 604 11
290 695 32
647 967 76
805 74 43
241 447 77
114 370 85
910 3 52
144 1 54
698 188 52
632 317 1
20 98 20
764 161 58
769 205 24
238 697 85
899 582 63
541 775 9
204 656 8
155 365 53
709 592 69
841 955 81
629 190 42
916 797 1
153 330 82
66 365 73
154 500 17
174 983 9
623 226 18
920 268 68
372 242 6
893 108 14
761 688 79
424 988 27
67 262 89
500 317 94
327 742 13
662 986 88
864 191 10
977 841 54
634 315 13
778 261 47
689 12 81
319 848 46
543 372 54
551 684 19
777 572 18
986 739 76
341 684 39
200 77 59
588 819 10
240 913 9
620 661 100
673 245 81
679 629 97
848 298 27
96 35 64
732 366 39
273 209 100
51 754 76
485 826 6
389 191 89
298 415 49
951 497 99
24 817 95
256 542 37
19 532 71
328 71 82
721 927 71
985 984 34
342 270 15
161 91 5
71 177 82
284 718 40
975 109 31
820 803 62
93 562 91
545 51 29
787 937 31
231 181 67
704 253 90
989 764 92
313 264 36
987 189 63
824 728 11
282 903 22
601 858 59
275 837 92
667 366 31
9 349 60
173 353 47
975 110 39
653 314 17
566 863 73
700 966 90
69 87 42
798 663 89
4 44 49
300 50 22
340 414 41
8 716 89
295 268 25
521 115 63
995 791 48
250 48 72
76 117 13
704 211 92
740 85 56
116 776 56
265 187 41
190 429 49
53 248 52
475 286 53
191 730 68
945 83 51
867 355 90
258 325 64
986 942 41
764 962 21
986 893 83
735 124 13
584 712 74
289 77 50
893 300 86
84 933 77
514 828 33
239 729 43
416 811 36
808 447 93
392 561 67
60 438 27
4 111 49
811 945 6
192 283 43
516 847 88
42 249 35
778 591 59
342 676 49
861 939 3
23 529 8
884 384 14
470 341 4
78 882 84
758 857 27
483 256 3
25 102 40
624 254 99
618 838 55
797 957 42
795 985 9
824 704 34
107 748 33
432 555 67
495 970 70
246 810 80
829 590 6
949 641 14
755 37 52
246 998 33
43 432 9
965 768 7
549 168 13
203 375 43
64 60 53
965 104 56
6 813 33
772 233 67
362 904 36
902 630 13
680 901 13
523 488 27
889 608 15
280 966 48
19 816 10
32 177 19
469 956 30
445 418 31
940 923 35
911 848 5
72 362 82
179 284 58
547 320 19
736 90 16
770 596 63
252 439 17
426 860 7
914 283 76
297 590 72
230 53 28
245 309 28
777 551 26
244 973 14
796 257 100
421 459 53
589 36 29
309 603 77
973 597 4
456 289 46
281 368 99
342 132 41
812 869 28
468 860 67
487 807 25
431 709 84
841 992 48
504 713 41
181 805 94
649 96 62
221 886 29
649 152 65
406 206 46
688 518 92
40 576 22
339 810 5
330 445 47
3 183 16
822 190 96
533 291 95
781 19 36
236 2 97
599 881 42
834 758 10
748 644 95
203 437 66
482 427 41
635 296 43
637 907 83
25 157 20
981 832 69
736 780 19
998 121 51
311 71 49
790 46 88
845 162 53
24 919 14
325 323 5
924 871 1
149 803 34
854 464 82
491 82 3
679 526 96
77 120 33
31 975 88
280 644 82
964 202 77
721 397 56
435 533 15
29 304 34
445 734 27
796 915 82
11 37 59
162 771 99
732 155 65
213 410 81
918 393 33
116 750 13
926 83 13
180 947 50
776 15 62
117 373 91
904 876 5
833 431 71
756 661 82
235 802 99
421 634 15
965 85 28
640 621 59
94 31 67
868 169 89
716 76 45
946 921 8
241 590 16
493 337 84
847 469 37
880 809 97
77 549 1
454 864 84
874 831 15
319 297 58
850 154 9
635 863 84
574 187 66
448 582 85
185 731 24
243 401 70
541 479 26
593 463 65
143 558 4
613 951 89
723 868 50
149 551 59
511 439 90
285 773 64
325 510 22
774 66 10
147 302 50
25 202 75
312 912 14
587 922 62
33 46 36
503 258 53
8 38 93
782 313 28
502 723 59
402 610 100
460 212 60
58 751 98
952 243 66
635 462 38
444 639 71
596 627 71
420 18 34
836 993 48
766 518 21
411 292 99
893 801 67
311 310 79
364 436 38
870 186 4
511 355 77
744 655 19
595 286 6
723 188 8
350 201 89
753 348 88
327 728 9
527 972 10
778 827 77
124 383 39
78 50 27
709 852 51
180 907 90
138 535 82
714 510 46
366 932 65
239 790 58
440 69 24
480 915 98
312 88 100
506 767 61
687 931 2
297 448 51
502 987 38
769 149 82
367 780 8
515 290 44
83 254 76
465 671 3
939 97 38
333 587 71
646 171 55
795 779 81
41 587 9
491 95 47
288 420 60
88 645 66
712 577 29
202 117 44
9 901 70
751 622 75
258 415 93
570 875 24
515 738 99
59 298 42
491 831 93
979 462 70
471 197 8
571 211 57
157 965 57
840 318 5
77 220 51
841 669 98
736 294 84
690 481 31
390 41 69
829 13 74
633 53 41
145 452 100
296 650 13
800 401 39
308 518 97
619 943 81
643 338 91
672 751 78
345 805 61
499 220 48
687 104 5
497 831 71
583 920 6
125 871 97
877 234 86
175 774 12
677 990 40
317 347 96
358 899 57
349 208 7
189 833 72
914 7 84
149 912 44
575 149 84
959 943 68
889 432 59
112 746 39
721 650 81
968 228 48
2 692 51
195 765 63
125 239 54
198 314 51
838 211 11
721 847 94
610 393 92
322 935 18
808 390 54
559 142 38
225 623 42
662 729 10
544 697 44
26 741 56
34 603 45
385 588 82
618 539 6
408 557 72
550 927 86
812 760 94
31 265 56
118 690 54
580 44 68
674 116 25
169 454 59
655 800 49
25 236 44
880 992 77
765 601 46
698 98 42
359 375 16
160 920 81
685 381 86
692 897 30
606 795 1
105 556 63
802 807 32
660 927 70
996 525 55
559 531 7
655 250 57
721 160 95
271 541 21
683 140 100
972 795 56
627 125 12
713 362 48
250 224 86
943 446 23
535 97 97
205 836 92
789 857 15
894 22 92
125 77 75
711 410 67
117 992 74
714 194 80
589 714 75
620 608 56
993 969 44
936 311 44
201 284 51
509 852 75
946 400 98
537 531 30
605 427 59
957 465 22
152 988 7
215 436 32
186 87 89
752 761 2
618 787 5
577 622 75
621 783 44
124 657 3
857 168 76
384 473 8
262 456 48
285 945 37
819 940 3
724 782 66
170 653 58
555 806 52
561 882 41
288 305 11
837 11 83
13 823 3
282 681 80
111 36 21
206 418 52
269 406 82
111 623 5
333 611 32
313 683 2
170 430 29
306 353 58
454 929 20
307 157 100
989 86 92
88 523 72
765 748 68
422 75 29
517 794 19
956 584 99
61 634 17
740 781 83
843 798 91
993 896 82
907 662 10
376 659 60
701 880 27
305 992 4
285 327 58
960 872 80
289 187 61
12 720 67
626 579 41
82 944 97
612 617 23
853 655 34
109 558 28
576 158 97
72 131 24
758 278 58
466 845 97
831 943 2
753 256 65
461 142 91
330 5 56
488 813 89
623 926 81
657 153 83
192 324 75
285 348 5
436 503 80
455 70 38
295 230 89
203 404 95
252 966 68
3 30 18
775 888 70
38 55 95
498 380 41
538 158 77
154 243 17
100 599 81
171 984 6
658 957 83
39 941 67
228 936 36
37 219 97
61 502 74
785 145 63
92 616 36
788 60 7
179 392 7
969 877 6
779 262 86
672 868 11
944 536 19
713 900 76
525 561 17
500 655 72
327 145 5
680 78 92
423 682 83
46 311 51
766 726 6
43 393 77
127 281 87
588 967 97
325 994 99
634 752 50
1 177 49
208 834 43
533 702 55
769 447 23
395 535 3
591 621 90
766 876 80
516 341 7
22 334 90
621 429 64
601 849 20
379 141 94
86 163 80
49 646 18
621 462 92
822 158 16
170 548 19
34 874 5
881 490 60
182 658 46
897 43 63
976 229 66
704 686 77
509 635 83
273 833 40
159 470 77
145 566 46
762 161 92
50 570 95
787 246 99
467 612 4
721 192 85
693 751 12
942 628 23
2 907 47
207 721 57
926 522 50
831 840 40
802 143 30
706 874 61
640 827 11
758 939 90
176 839 48
465 625 3
664 307 24
727 352 6
144 756 13
516 825 87
750 659 45
798 95 18
449 172 30
211 777 34
96 904 46
774 591 37
985 918 9
778 113 66
988 436 41
651 743 60
783 781 32
225 214 89
276 591 77
806 840 35
699 391 45
937 262 63
914 82 87
434 323 85
327 251 78
860 426 17
572 129 43
605 242 81
188 780 14
543 11 64
280 258 18
551 257 21
75 928 35
678 519 57
944 247 35
408 31 79
362 239 82
128 340 31
291 794 92
883 297 42
970 781 84
332 684 51
598 20 23
711 730 72
347 100 49
358 104 49
296 774 53
823 468 72
343 215 48
356 744 25
459 637 51
647 701 2
841 731 53
832 252 80
693 408 18
348 899 44
386 527 70
249 570 94
54 504 71
73 790 100
982 484 42
946 502 40
874 224 27
736 189 44
132 881 98
464 270 34
757 966 45
830 240 21
913 488 47
113 565 11
222 853 33
738 343 99
505 45 12
331 850 14
737 782 77
890 178 45
495 829 3
847 315 14
348 376 92
188 992 68
617 387 52
667 440 88
18 412 81
971 671 41
649 213 81
529 928 40
389 125 43
23 975 75
664 932 86
440 221 7
317 740 40
323 884 23
511 337 96
908 321 42
37 654 14
74 217 29
639 228 19
62 381 13
795 416 13
558 80 32
539 419 70
759 910 25
661 34 95
256 244 93
341 18 84
128 811 7
664 376 51
647 17 92
280 794 16
250 51 64
776 663 14
90 357 43
977 311 41
157 141 6
689 27 81
858 279 34
809 493 28
291 693 17
124 261 43
169 520 76
725 907 66
434 853 83
184 425 67
446 127 49
478 820 53
936 27 75
70 888 84
642 286 84
346 556 65
772 220 71
192 749 43
234 58 16
916 653 95
482 448 77
209 146 48
947 99 71
397 22 8
576 706 32
275 274 53
902 13 84
524 9 1
181 925 72
501 848 11
717 341 53
46 984 54
797 122 47
473 583 31
44 761 97
482 362 85
661 941 67
260 265 77
656 438 92
426 778 87
580 145 24
477 948 60
403 66 15
864 21 32
950 656 78
928 216 72
141 886 96
69 240 50
461 564 62
689 62 12
344 656 95
145 700 7
367 469 80
600 837 96
151 698 59
591 366 22
506 152 47
607 503 23
521 706 7
114 177 34
566 773 94
831 746 35
238 206 37
958 335 77
769 807 98
222 355 43
14 68 94
109 753 23
834 303 21
997 645 43
232 697 2
904 157 25
922 144 22
243 585 89
968 665 8
451 807 83
597 236 33
567 27 80
255 259 43
210 716 48
274 134 59
747 731 58
698 512 60
872 580 74
721 149 34
420 450 33
966 802 67
719 519 48
578 823 11
410 591 81
836 32 53
134 176 76
448 114 28
683 359 73
225 662 34
511 757 90
490 569 79
507 975 51
406 912 98
243 245 70
954 242 87
92 199 96
349 129 71
686 191 43
590 837 54
773 291 15
300 467 52
27 299 43
180 700 78
232 581 82
437 53 19
34 594 3
628 280 48
467 372 11
867 996 71
999 356 52
593 568 24
926 11 77
868 167 82
792 639 24
811 430 79
532 860 72
891 150 82
76 851 87
501 826 71
523 333 67
861 719 86
476 66 26
347 481 18
950 135 84
414 465 63
225 343 89
309 638 10
404 382 12
470 751 40
316 680 61
288 569 72
699 882 54
591 630 39
81 179 67
932 194 76
391 246 52
150 686 5
742 190 71
732 95 63
386 967 29
321 398 79
646 120 20
562 502 47
884 838 74
701 725 20
848 983 40
823 759 36
58 826 6
956 331 90
196 556 52
577 183 11
975 164 86
25 951 55
368 345 50
311 239 56
635 320 79
251 498 94
296 39 51
436 62 52
451 657 90
884 125 51
996 553 97
462 627 45
825 186 2
504 970 43
456 468 91
13 385 14
788 763 42
419 362 75
946 171 70
698 840 29
543 705 92
86 739 34
72 119 77
629 18 40
829 74 34
526 598 3
749 818 64
938 672 82
892 951 38
897 547 90
174 245 47
231 150 81
633 491 33
942 859 90
343 893 29
326 491 14
175 677 21
440 783 94
497 853 21
928 31 57
466 526 75
847 351 52
396 34 96
358 423 84
259 209 57
398 810 2
22 301 56
318 836 74
215 677 93
444 577 73
516 428 97
434 129 65
740 722 82
751 6 68
524 561 16
308 562 27
738 843 54
717 630 67
97 969 86
81 49 84
284 210 94
392 458 43
674 662 23
546 270 19
509 30 64
717 960 51
574 361 10
284 366 83
244 795 26
826 505 22
316 851 29
985 968 60
583 47 27
702 275 54
811 712 89
188 679 61
431 539 77
602 937 73
166 544 87
321 848 31
366 695 30
663 565 43
272 353 15
620 953 32
491 963 48
596 126 60
504 136 75
609 248 30
368 451 18
538 355 48
861 809 24
99 29 17
536 156 58
816 328 12
641 971 4
969 340 100
144 979 23
149 382 66
493 399 10
731 101 41
674 383 41
903 176 50
234 739 73
649 51 66
508 349 37
252 811 89
790 24 69
172 384 14
631 949 64
5 332 1
879 226 99
279 314 56
801 961 51
465 463 29
386 817 30
385 919 15
740 794 45
2 751 21
718 635 27
102 176 26
836 393 82
396 996 98
19 675 55
37 701 23
582 616 72
713 137 39
1 856 10
943 380 62
328 562 88
750 83 79
442 215 96
483 502 45
132 941 30
111 626 95
11 572 97
288 566 87
704 50 50
318 957 76
589 827 67
167 860 95
861 53 3
433 283 10
246 97 1
913 876 91
317 615 35
966 99 50
989 782 83
97 571 40
771 515 78
778 656 34
720 734 57
532 724 34
543 642 96
673 627 68
573 586 85
400 379 82
315 258 51
625 584 48
220 892 69
590 802 86
577 953 53
127 294 56
909 883 76
872 480 20
659 481 34
223 59 90
203 3 8
218 508 41
622 221 39
973 530 25
85 362 77
174 32 93
634 411 44
261 183 25
523 585 79
977 413 98
367 981 15
386 594 92
828 444 57
510 165 52
661 63 4
177 838 89
921 896 60
201 881 31
84 829 23
204 317 89
773 823 49
807 348 90
158 886 82
917 20 88
337 606 25
157 129 61
172 942 50
967 426 73
518 693 73
938 892 30
118 150 9
290 320 95
546 212 10
224 715 20
556 484 75
796 357 39
401 100 81
740 267 61
381 479 2
964 555 48
851 732 3
158 613 42
845 212 50
348 313 48
996 174 7
803 210 38
885 896 30
674 819 18
333 641 82
23 685 81
468 974 53
677 177 93
115 294 72
423 848 43
721 112 92
796 890 50
778 490 90
668 167 18
731 810 76
365 153 8
909 190 1
252 434 18
21 242 53
995 412 54
623 602 77
166 768 5
722 310 11
769 417 56
815 10 66
788 681 11
226 440 33
999 955 13
846 815 17
799 544 45
490 988 45
307 470 32
642 152 97
369 875 30
875 604 71
40 17 32
440 4 52
6 842 83
922 749 46
744 300 36
337 699 58
256 274 31
910 562 42
699 990 27
109 679 19
962 511 50
868 407 36
232 837 36
425 528 86
944 277 27
471 231 28
960 215 61
421 735 34
829 787 9
747 484 36
140 992 63
973 953 92
56 586 28
313 5 2
139 631 9
553 764 63
750 575 78
137 774 70
835 360 78
516 483 37
745 21 60
876 366 15
836 582 79
883 173 23
24 412 32
377 403 9
174 423 86
479 33 3
483 488 6
93 536 90
463 650 79
56 689 83
843 361 55
225 822 26
719 597 78
81 600 6
719 627 41
981 84 49
416 413 18
947 629 25
263 240 96
646 98 6
880 673 42
820 355 28
885 382 66
197 532 64
327 664 30
68 579 68
501 658 28
35 184 56
818 613 69
430 993 91
515 328 100
67 460 68
534 605 21
989 149 24
940 395 99
461 547 87
272 414 96
772 796 16
179 409 30
154 4 95
582 177 53
419 163 9
339 921 94
623 648 97
838 174 93
380 41 63
262 329 42
711 640 17
608 600 25
397 192 51
437 569 26
59 965 93
965 786 12
442 705 55
228 32 72
497 767 43
48 374 70
815 896 19
216 176 12
521 566 69
517 22 89
545 451 30
413 756 72
468 77 84
57 396 51
827 89 72
939 828 66
812 753 49
228 368 50
765 133 37
203 89 57
397 917 14
995 646 1
889 759 87
115 554 58
88 228 70
964 608 88
210 595 91
176 86 79
373 520 10
611 911 72
35 416 43
7 861 37
251 413 11
366 127 84
404 332 43
416 718 7
237 716 71
215 998 24
864 586 64
983 939 42
991 327 58
36 273 79
914 261 85
768 84 29
936 29 37
906 343 22
320 153 52
184 579 70
425 367 42
256 737 34
3 309 95
543 714 14
707 508 43
311 965 94
0 421 8
933 738 94
271 175 60
816 532 87
527 355 60
159 993 80
987 28 99
619 548 35
318 596 57
788 622 83
311 998 64
223 903 28
237 436 70
848 450 37
129 688 32
45 57 44
319 167 7
938 925 80
101 138 82
401 906 9
467 746 6
191 595 81
234 74 18
572 566 61
356 334 74
164 591 33
829 495 6
969 234 45
566 189 89
25 813 1
679 416 58
296 631 12
213 172 60
349 493 69
384 609 89
79 829 15
76 908 99
71 229 20
215 317 95
230 444 30
805 727 29
95 873 36
832 611 52
48 705 5
964 498 46
899 494 45
722 406 39
10 961 74
40 164 41
698 713 35
429 44 26
327 413 66
881 768 55
635 335 72
671 235 62
965 560 23
391 170 8
249 620 98
419 64 43
773 234 11
249 773 79
277 479 73
109 49 5
334 224 47
487 20 62
180 143 17
433 481 8
133 37 98
863 886 66
224 781 24
181 947 33
299 443 43
658 701 54
344 551 91
156 589 48
567 823 56
199 790 42
572 754 6
134 850 59
729 965 29
380 286 5
504 633 1
47 809 20
942 48 45
170 536 86
809 734 28
341 491 90
110 665 71
68 66 74
882 375 38
302 922 29
900 7 80
742 830 15
289 520 37
16 240 63
354 369 57
630 864 9
547 266 70
110 135 65
939 108 59
617 775 14
998 943 86
416 504 13
868 41 66
329 730 90
637 143 29
790 334 42
558 802 88
874 452 100
540 68 37
796 18 7
643 314 57
646 978 45
507 565 54
966 282 82
99 363 71
48 869 46
404 608 71
714 262 91
252 283 100
902 849 67
256 77 44
380 564 48
12 352 96
115 108 56
817 131 98
915 704 87
966 475 2
67 354 56
476 592 79
888 654 7
736 692 15
562 844 18
822 121 77
693 817 34
213 999 15
565 957 65
424 158 45
894 740 46
494 521 32
873 190 1
22 494 59
626 142 16
858 68 99
534 457 55
115 330 59
301 133 52
646 186 32
11 845 43
587 526 44
764 963 45
491 278 89
604 264 39
441 233 9
910 422 54
894 200 83
758 271 60
160 519 18
777 661 71
382 571 42
657 860 17
726 19 21
931 171 94
821 787 96
372 185 16
951 357 43
726 905 34
750 795 91
673 645 63
157 930 7
893 627 72
58 199 24
938 206 23
427 372 60
826 911 21
936 638 99
457 763 63
921 958 80
808 910 30
104 57 97
967 234 59
568 173 52
627 564 5
539 632 69
402 534 33
12 655 63
866 555 68
585 463 1
658 468 70
332 307 45
114 122 69
450 121 40
462 883 24
35 332 96
470 576 90
529 680 89
171 191 88
874 204 93
527 837 20
41 367 66
805 451 66
807 477 16
226 920 29
335 978 33
342 178 62
6 499 32
23 148 95
738 87 76
658 827 82
5 748 36
809 5 74
507 445 91
896 407 92
873 436 95
484 237 49
10 278 74
114 579 27
347 844 37
543 80 86
871 745 25
348 97 19
779 567 49
935 762 84
901 763 39
764 54 53
253 169 6
285 149 58
848 316 95
781 676 38
731 113 74
782 123 70
47 253 70
981 37 41
811 680 60
910 113 16
606 703 38
167 817 67
304 874 38
799 696 77
752 161 28
190 16 55
176 580 27
468 893 31
660 190 71
54 621 7
779 574 36
176 546 86
670 596 47
864 772 43
932 595 67
525 74 99
610 796 70
595 283 61
595 734 71
982 871 13
762 637 14
517 348 86
148 0 76
136 266 4
123 162 10
707 114 14
247 622 79
34 281 3
880 989 45
673 508 15
2 306 9
985 740 23
333 752 15
241 428 40
45 880 71
28 80 31
54 487 42
625 587 3
763 410 8
344 334 3
268 355 75
931 369 28
627 585 49
298 569 11
365 289 24
470 59 30
173 624 18
949 934 7
937 717 26
1 105 1
281 132 80
479 870 5
501 722 55
29 458 50
182 676 5
237 621 58
798 261 75
214 900 82
813 332 29
813 116 22
430 355 35
102 728 50
67 381 95
5 957 47
88 74 44
836 899 50
187 690 70
821 711 6
233 337 1
25 664 5
617 37 65
477 156 46
603 61 55
262 452 25
776 296 39
640 353 70
541 339 95
788 344 42
445 522 27
145 679 24
364 727 70
977 145 71
263 54 21
142 777 45
89 732 26
165 507 76
87 555 2
557 613 61
8 248 5
720 219 85
906 871 66
29 805 63
759 989 99
586 950 18
67 877 3
264 497 5
271 430 51
100 90 12
908 463 78
612 552 91
465 705 47
842 616 42
545 318 49
592 679 70
764 568 65
264 391 37
414 448 10
14 414 88
785 511 7
751 175 18
842 556 57
926 671 22
321 345 49
388 761 39
876 600 98
393 851 68
67 484 35
157 748 95
417 239 44
562 794 7
833 918 80
927 354 37
228 120 36
769 701 27
364 700 6
915 800 60
63 861 100
224 861 92
956 226 84
225 101 88
418 554 91
802 305 65
467 189 45
692 943 7
395 200 24
642 444 91
395 771 63
823 551 97
462 331 60
186 979 20
624 400 13
52 912 49
590 732 16
530 230 98
120 461 97
13 70 48
764 929 34
95 81 23
433 715 1
294 817 77
541 419 46
796 829 56
519 82 60
386 814 34
720 810 66
624 704 78
262 372 12
36 47 29
254 773 73
534 708 41
903 896 68
497 439 62
260 985 76
522 411 79
815 413 86
36 351 84
343 944 92
434 397 51
706 424 38
996 731 91
173 41 84
779 983 61
765 25 36
444 555 15
669 873 20
12 282 88
801 940 95
72 272 72
147 548 99
954 319 80
778 694 38
925 949 17
599 375 42
842 178 11
255 935 86
745 56 44
156 338 20
147 70 10
685 423 99
843 139 54
798 451 18
319 973 16
507 990 85
25 170 32
885 769 9
520 22 32
708 992 11
619 865 30
621 847 34
150 277 47
81 839 69
983 917 39
756 138 62
566 118 95
827 665 97
602 262 31
420 606 2
884 831 38
20 242 49
480 576 38
55 469 18
95 790 34
252 826 73
400 749 97
407 708 7
366 10 26
492 685 8
302 726 93
683 28 41
221 628 61
884 170 2
584 645 15
564 563 64
18 58 56
69 521 50
42 57 69
776 572 78
623 117 53
455 721 60
943 17 73
476 911 81
923 795 27
541 993 19
267 559 2
391 962 41
223 328 59
144 970 74
49 708 27
542 608 36
762 822 81
159 883 44
168 653 38
821 714 65
715 117 31
101 304 6
320 559 90
242 909 16
14 84 33
641 392 76
982 857 95
595 628 36
45 470 20
636 434 72
959 644 10
961 791 76
191 750 51
819 766 47
692 263 78
816 813 47
364 429 82
396 38 68
514 665 93
309 885 19
804 131 3
113 887 82
911 286 67
678 298 29
489 666 77
984 813 7
343 653 33
282 736 9
686 78 52
371 420 55
657 647 4
567 75 90
573 153 22
829 774 53
772 860 71
426 903 49
140 422 26
96 252 15
782 517 53
533 252 47
136 12 90
505 692 14
965 288 85
991 178 36
508 820 49
245 844 19
149 221 46
333 636 85
945 763 90
188 606 5
852 618 75
706 879 61
895 501 84
972 9 3
310 988 41
276 677 39
323 227 41
709 955 34
437 940 15
171 6 94
236 791 94
170 954 39
529 104 65
599 795 97
55 79 38
258 642 76
898 458 73
338 350 61
664 328 84
806 385 40
2 700 17
150 927 40
33 551 60
267 409 43
429 759 41
161 67 51
122 261 7
410 53 38
85 655 70
767 114 50
261 166 66
868 112 19
910 578 48
527 963 29
192 952 4
676 590 47
572 92 48
780 457 9
851 200 20
164 499 7
416 829 68
906 50 63
529 877 48
675 973 69
755 889 16
91 509 6
783 53 53
417 356 95
376 869 37
403 730 83
610 218 27
585 630 75
308 92 25
874 741 73
809 533 63
62 784 70
365 447 8
736 604 4
255 574 78
447 358 43
670 517 56
123 817 94
832 704 7
84 295 8
870 210 41
239 514 50
183 536 56
145 264 98
829 824 21
633 359 28
95 910 59
315 941 32
173 352 2
47 422 7
748 475 98
881 51 95
785 775 37
404 153 32
192 215 93
538 809 49
311 466 95
316 105 59
322 607 66
875 999 77
465 329 82
379 915 24
9 170 29
108 100 4
776 417 57
959 95 54
420 742 52
397 697 39
779 125 9
299 487 93
161 490 76
204 657 67
723 405 8
827 510 10
840 521 72
801 861 86
206 396 29
741 441 97
523 621 26
811 381 58
687 790 65
940 110 72
985 154 57
81 483 82
967 258 15
875 543 20
805 911 40
805 736 89
899 232 27
878 241 59
360 84 42
931 111 20
231 213 88
704 566 59
267 902 95
306 774 5
362 994 77
312 596 17
683 984 33
562 209 15
253 835 9
945 471 89
406 198 1
52 856 38
681 354 45
405 967 80
940 9 10
674 615 99
817 399 18
627 259 29
279 718 97
202 780 7
59 801 79
176 169 74
318 45 28
706 308 65
754 623 27
295 800 5
91 98 60
272 863 41
79 918 64
684 511 3
331 919 11
720 676 50
309 463 34
933 717 56
945 502 34
774 746 60
956 248 10
998 529 29
11 683 83
489 286 13
332 958 69
335 789 66
399 737 67
394 956 27
886 58 71
951 943 59
875 716 73
468 917 24
817 995 51
967 502 86
8 916 4
575 746 37
554 343 77
933 949 96
452 440 9
607 626 81
99 702 63
869 527 61
712 582 36
375 143 8
236 55 69
151 478 6
540 535 33
403 836 3
999 21 32
523 718 55
171 37 75
125 605 50
237 158 86
39 173 22
928 464 7
743 287 27
562 685 86
862 577 27
216 522 86
409 596 3
232 391 57
377 675 63
680 866 73
671 895 36
824 448 61
639 749 39
974 600 31
644 606 49
768 865 64
812 922 53
473 958 54
953 38 97
900 220 27
103 978 62
202 727 26
306 484 54
660 647 45
463 351 55
540 75 96
994 961 38
328 205 69
480 721 32
653 391 12
562 539 28
763 666 21
431 348 9
203 886 89
477 858 93
760 542 37
873 686 47
493 633 48
247 881 24
636 542 24
613 110 66
933 768 16
922 734 25
495 619 15
443 776 9
904 453 13
790 67 8
849 606 51
410 674 66
441 821 42
541 299 31
562 90 16
288 717 37
549 641 85
388 921 41
900 290 61
362 318 27
357 734 66
982 711 74
161 73 100
632 107 71
607 778 54
762 590 51
533 262 6
120 995 1
981 1 53
936 208 61
182 574 6
376 611 80
478 220 42
738 525 37
70 706 55
315 701 94
970 507 74
257 548 68
766 750 100
73 89 54
574 490 79
310 671 77
416 194 33
327 627 77
412 477 40
136 836 90
315 730 65
562 873 61
621 625 50
499 35 75
681 715 100
2 808 12
634 25 47
168 224 8
692 193 18
538 887 67
353 918 40
739 216 4
481 468 69
675 302 32
701 368 63
802 372 5
312 539 87
804 11 80
715 120 42
844 717 8
83 216 99
115 86 8
158 343 43
348 944 53
293 732 57
509 521 98
696 210 51
704 578 32
210 171 93
792 110 23
690 748 89
206 84 94
28 295 34
749 789 85
717 122 83
68 397 60
993 620 37
622 805 46
218 692 34
74 192 79
129 275 37
723 146 6
502 766 4
542 431 73
958 494 36
801 137 95
305 742 80
744 313 22
383 354 79
125 260 54
478 446 7
294 174 7
209 931 47
605 820 33
354 347 39
395 301 82
320 210 41
856 899 32
24 871 63
895 887 70
416 894 66
747 585 15
338 956 14
190 219 50
57 383 77
348 532 79
785 290 30
537 804 34
309 893 13
155 533 18
945 111 42
757 515 17
451 533 46
766 214 12
422 930 50
284 744 80
139 793 58
348 662 56
382 630 55
415 710 36
465 852 34
201 824 80
988 203 22
700 889 29
545 927 45
605 893 54
910 295 28
508 358 7
851 143 50
295 288 95
962 467 22
400 610 78
427 693 46
663 105 61
257 129 17
390 749 91
697 959 80
432 699 1
128 499 98
227 188 19
350 283 71
122 140 5
170 444 88
262 332 26
665 221 86
496 973 74
210 656 13
975 740 92
188 417 59
812 532 19
559 212 65
700 850 22
271 451 56
232 318 16
20 611 60
56 972 71
761 894 25
343 716 42
753 666 86
544 334 70
305 990 21
392 618 59
290 376 4
237 531 100
874 13 46
64 376 59
178 709 39
728 330 71
994 788 4
744 238 55
68 470 86
720 417 74
796 332 70
2 928 32
23 534 21
526 702 38
585 932 70
476 575 14
581 193 94
94 921 27
37 304 42
334 510 84
357 765 5
444 975 38
72 13 82
919 195 30
576 841 39
740 349 12
870 313 98
484 386 27
640 402 56
282 76 64
41 360 78
346 394 28
307 801 99
645 85 73
269 393 86
839 414 42
584 176 5
510 920 45
213 662 16
811 497 36
816 759 27
272 409 35
981 946 2
151 669 8
806 875 75
672 74 12
461 765 8
629 619 99
77 511 5
516 306 25
938 190 71
733 4 38
284 724 2
774 294 91
685 427 76
95 804 3
909 291 37
932 862 75
727 559 54
239 954 72
947 740 90
230 202 71
207 120 91
101 397 6
686 270 77
604 26 15
429 442 86
27 489 86
690 539 76
890 120 47
155 316 73
400 54 25
341 885 92
295 574 30
910 631 31
122 636 22
286 429 12
182 990 26
188 279 85
637 802 50
977 767 8
750 94 20
448 943 60
802 38 54
158 559 71
828 668 49
89 478 94
582 922 23
490 116 42
815 278 39
807 502 20
293 622 4
567 442 25
750 983 76
846 922 3
840 422 99
358 571 89
50 264 87
998 952 21
464 243 12
666 24 17
613 888 67
109 16 99
949 874 55
839 612 41
564 513 32
456 900 99
3 34 75
968 190 37
436 398 20
631 868 91
795 294 86
947 835 29
581 275 91
72 59 82
285 450 22
390 121 43
6 611 41
262 724 24
644 483 66
35 888 65
957 822 69
727 84 47
676 565 56
26 64 92
257 558 24
316 772 30
345 659 51
584 785 19
936 409 54
676 555 30
95 509 50
254 686 8
189 388 12
732 863 22
114 754 92
669 273 51
329 971 53
883 188 57
523 277 95
920 911 90
769 742 19
127 213 71
268 253 84
188 647 76
175 959 46
108 974 17
732 219 94
962 808 70
725 678 83
537 567 30
735 154 23
780 490 48
951 256 81
632 926 21
967 488 59
190 196 76
741 320 1
441 89 76
286 659 2
399 683 8
816 921 76
7 144 74
803 945 83
306 96 8
492 249 69
313 406 46
889 525 53
725 122 91
530 464 58
127 421 33
893 118 32
691 452 91
675 889 89
234 155 28
68 82 63
133 440 22
875 8 99
47 878 70
46 619 95
945 102 41
447 444 30
67 156 16
171 691 35
235 25 78
64 705 72
747 626 70
99 707 44
546 607 68
97 526 98
206 848 22
227 405 52
13 507 89
334 268 76
51 658 43
864 815 1
397 604 27
992 544 79
759 156 80
428 706 43
4 585 1
66 977 39
264 854 29
643 732 44
581 310 47
279 116 75
81 428 71
246 124 82
435 265 74
64 923 55
873 279 87
4 358 51
927 894 69
644 886 2
88 378 4
247 429 68
828 456 41
172 884 46
234 931 4
410 761 88
626 475 45
757 845 79
824 760 33
638 837 96
345 928 63
302 192 70
264 664 45
200 314 27
129 310 49
331 511 86
158 757 18
807 29 92
30 514 36
835 146 70
919 464 20
193 65 44
404 206 20
287 61 29
557 507 6
793 468 88
38 611 36
407 363 86
822 567 74
856 896 27
140 565 54
211 20 70
825 586 37
555 69 64
324 375 29
191 766 81
126 384 56
988 793 49
739 490 94
677 0 67
353 180 37
272 33 24
817 53 69
644 405 50
895 894 27
300 334 79
952 103 7
816 780 93
718 627 91
735 90 99
970 378 3
29 337 69
84 13 6
568 964 60
719 584 51
165 108 8
526 907 33
541 271 33
618 771 80
921 443 41
651 692 13
907 828 99
836 813 55
268 187 36
500 136 11
712 763 17
311 431 32
531 945 39
421 149 79
289 637 64
316 726 13
614 797 97
762 613 17
225 249 50
766 836 99
325 843 74
684 785 92
933 285 41
9 259 33
507 971 100
881 902 6
283 501 20
79 476 79
165 372 76
911 36 6
224 733 2
399 226 27
52 517 68
485 570 35
213 648 21
661 291 8
798 595 16
75 508 66
864 803 23
831 106 5
491 697 74
796 618 40
418 542 5
265 300 32
919 501 23
151 613 38
907 301 49
238 446 49
141 838 99
242 176 66
481 254 18
142 348 95
884 633 65
104 9 64
966 176 79
887 997 25
762 806 77
199 699 56
423 912 32
296 525 9
178 552 73
590 856 35
172 705 83
238 907 92
838 346 63
762 926 26
961 714 82
31 547 30
835 92 38
451 346 44
347 359 20
981 622 25
661 791 86
447 694 34
779 203 69
633 697 34
340 812 97
968 638 23
587 128 85
315 420 47
96 300 25
970 808 78
731 966 12
373 69 31
621 407 94
522 174 75
549 881 82
463 528 29
351 318 80
696 771 57
830 486 95
202 150 88
340 781 99
140 594 37
670 542 89
397 683 72
104 54 51
471 673 27
807 84 42
464 123 18
365 258 43
507 751 98
19 684 39
382 550 41
969 153 75
160 222 15
633 521 35
674 811 60
171 977 15
125 101 99
544 466 13
218 41 95
332 468 80
347 156 22
357 267 44
979 875 31
476 977 52
330 254 24
668 183 3
411 964 24
498 696 7
239 559 84
513 834 25
285 208 76
270 857 13
590 531 37
878 440 93
786 952 30
600 334 63
160 310 40
885 86 49
321 279 38
965 255 71
101 464 53
140 335 20
236 902 29
971 861 27
527 498 14
791 709 39
60 887 26
207 168 100
604 456 49
258 724 90
511 76 42
642 526 7
434 946 4
639 680 40
422 165 43
360 45 91
890 805 93
661 813 97
106 573 91
176 23 72
444 591 51
436 834 15
750 677 80
444 867 58
476 315 79
155 68 36
444 852 4
159 915 48
532 84 33
245 342 45
450 247 13
706 180 38
577 780 2
551 599 43
832 222 61
252 708 18
114 851 27
548 996 49
433 322 36
516 873 89
33 856 54
599 210 53
368 225 20
692 37 86
416 305 79
435 951 11
623 858 39
704 505 19
367 733 18
642 796 70
500 635 97
396 801 63
420 234 75
273 453 7
79 612 52
840 865 38
855 208 58
823 380 65
10 893 32
6 989 41
726 900 72
675 761 47
620 414 59
895 453 84
443 12 88
121 393 52
840 114 84
274 770 84
37 386 15
450 314 18
873 120 5
630 324 75
249 582 98
331 489 86
937 596 43
358 323 33
362 320 89
56 330 11
669 89 47
312 941 48
159 147 43
827 124 7
578 945 41
74 60 90
849 260 38
986 493 53
407 18 49
282 16 95
815 299 34
359 724 5
64 253 53
259 908 72
398 505 20
161 99 80
859 611 24
268 975 23
247 924 49
637 457 81
62 225 54
588 672 6
742 594 53
203 812 67
752 931 20
458 401 31
142 123 14
670 712 59
530 544 61
935 732 98
277 716 41
195 606 95
96 344 84
79 343 25
658 830 100
203 475 40
215 273 22
561 767 63
293 791 18
414 713 15
309 652 61
890 417 12
334 182 49
329 313 66
870 523 8
712 30 4
406 810 18
987 743 5
353 495 27
739 359 48
219 592 30
920 567 54
864 236 38
738 320 38
781 285 3
248 302 8
452 932 61
563 156 96
432 861 57
30 510 25
574 315 67
489 379 72
63 680 6
987 858 93
677 186 77
859 928 85
750 574 70
338 655 21
258 212 96
337 542 51
222 583 21
325 815 36
250 13 5
2 428 91
817 14 42
33 803 21
827 743 86
678 588 65
699 574 27
201 99 40
532 478 2
582 465 20
108 308 88
660 640 52
645 592 41
445 303 87
434 475 59
793 186 40
261 700 50
232 384 92
819 967 83
901 335 35
450 276 98
182 827 88
215 118 29
642 83 34
677 187 32
184 536 88
768 859 84
272 325 4
848 57 39
84 821 83
149 817 92
202 483 4
170 62 54
182 178 91
576 552 84
807 121 11
41 973 6
809 230 29
428 164 70
418 710 1
636 40 30
98 735 81
576 546 87
190 478 27
180 642 64
318 150 69
963 778 71
306 756 37
679 50 10
819 465 61
651 888 23
960 819 71
274 196 20
698 5 2
255 780 41
947 672 9
997 898 38
464 948 52
366 840 70
589 165 36
460 732 88
138 319 67
105 774 53
334 439 98
229 640 91
95 601 97
347 743 100
695 137 26
847 473 24
901 239 31
498 423 67
256 690 22
22 43 29
736 660 10
889 531 67
49 265 99
507 709 65
186 544 53
471 503 34
358 623 16
636 367 98
609 428 49
531 570 16
572 548 25
36 110 15
521 171 90
632 995 57
785 798 23
464 630 48
238 161 58
742 480 1
381 424 65
188 857 78
337 673 49
706 455 15
249 668 43
690 21 1
517 317 73
87 367 69
746 212 76
264 984 8
545 483 41
33 639 85
626 26 99
61 707 65
306 916 19
892 792 9
179 288 63
521 132 3
718 528 79
447 990 59
954 920 72
274 277 64
43 429 56
435 765 65
10 951 53
863 882 64
637 461 69
423 474 79
943 218 38
587 379 51
517 649 59
187 537 70
818 626 84
180 131 45
596 678 99
901 599 13
688 8 87
165 866 99
17 768 24
614 862 14
667 416 64
715 859 90
806 381 76
999 47 14
781 386 21
875 26 65
491 810 95
907 886 51
982 234 25
693 695 57
55 772 81
511 523 82
996 902 24
749 784 75
287 471 30
972 577 65
365 840 44
505 521 56
56 662 67
728 649 45
133 239 4
423 133 22
422 416 22
874 216 98
869 577 33
146 416 43
684 602 34
370 554 21
522 226 27
473 717 22
834 249 79
873 395 78
932 55 90
320 266 54
123 60 90
683 744 39
310 397 31
265 322 34
240 788 66
935 834 70
387 577 7
259 758 67
19 906 84
69 360 45
801 149 55
810 359 62
899 879 77
63 80 91
930 67 47
287 148 16
771 145 52
171 672 49
694 784 20
898 970 57
105 157 61
79 146 50
877 765 18
620 441 59
86 48 45
411 4 56
443 598 69
4 182 20
552 949 48
508 334 71
670 308 100
585 937 36
970 296 3
411 256 46
922 331 5
257 364 63
652 380 99
201 275 76
764 723 67
886 613 56
742 279 26
280 560 66
438 190 73
629 800 85
528 539 40
470 911 100
749 22 68
331 57 92
527 642 13
542 660 64
299 321 74
71 778 28
300 336 98
479 516 40
217 521 78
196 760 19
413 351 66
473 21 35
291 576 89
310 232 18
905 862 58
200 902 97
130 987 47
696 296 51
886 795 35
873 588 71
827 102 23
2 45 20
494 188 69
182 719 51
417 520 8
723 403 21
121 92 8
666 303 49
777 666 77
380 608 76
826 682 51
650 243 3
569 858 93
376 36 14
744 486 69
32 613 79
257 435 89
754 971 76
924 99 11
613 736 37
556 546 79
88 352 59
956 777 32
986 737 33
503 155 62
365 115 2
610 408 57
914 718 20
287 477 84
572 945 18
882 330 40
911 762 30
365 635 87
136 375 67
186 279 49
231 135 13
586 46 58
967 490 42
603 777 98
920 383 21
422 869 28
708 184 58
289 809 22
110 432 27
233 131 52
895 286 10
424 979 13
109 163 67
614 660 57
332 221 85
797 978 37
30 405 64
664 243 33
727 377 78
797 762 80
435 604 16
558 584 19
789 473 92
274 452 73
245 627 12
377 797 54
674 146 16
780 6 90
967 930 82
789 400 83
457 55 93
781 207 31
802 137 2
521 875 58
589 484 48
652 706 72
67 137 20
616 406 6
617 448 15
100 379 45
260 175 65
734 919 90
165 169 19
736 600 15
453 433 72
625 287 54
544 57 39
362 281 48
729 391 80
665 328 89
622 667 18
589 790 15
281 348 18
548 939 94
422 304 65
337 809 59
686 899 57
543 371 18
918 75 14
888 883 67
571 724 33
719 146 78
443 892 79
152 745 96
992 14 98
91 400 44
192 34 47
734 844 66
458 775 34
998 741 94
650 299 97
396 549 78
967 388 30
698 864 92
350 405 81
560 925 85
623 477 73
289 958 26
375 71 52
330 898 69
672 58 88
274 618 12
739 404 2
93 339 75
770 928 41
192 362 26
951 160 56
187 192 32
472 281 52
385 988 53
718 727 52
884 431 46
915 908 65
679 356 73
464 522 28
523 960 54
701 491 40
458 183 78
177 387 48
206 467 14
417 879 86
862 979 25
354 118 30
960 770 49
217 215 19
703 280 9
941 427 44
685 82 20
164 983 33
155 551 60
703 328 31
538 760 17
825 679 33
510 538 22
451 949 26
710 997 76
848 705 24
665 892 14
586 997 2
657 346 90
25 503 9
285 178 44
381 15 15
674 394 74
304 40 42
245 172 67
609 321 5
933 387 12
894 928 42
913 441 96
68 77 61
272 936 26
291 885 40
807 588 16
93 141 96
474 467 18
115 475 34
844 373 50
693 250 35
265 323 60
322 852 78
531 308 20
13 217 37
617 278 11
909 65 48
102 234 40
981 354 25
2 763 17
649 347 47
429 405 41
872 319 48
811 375 42
354 644 28
832 408 86
119 857 7
494 541 67
454 314 18
861 106 22
143 787 32
469 451 30
193 379 76
588 193 93
124 97 100
919 447 82
894 130 24
812 925 70
118 497 85
885 184 67
938 288 58
43 189 76
844 255 40
280 732 45
643 749 72
924 343 22
938 882 56
604 77 86
66 848 74
392 849 68
695 946 28
672 225 46
565 371 20
143 379 100
628 657 29
276 375 8
360 753 47
427 782 96
26 756 90
262 581 34
920 605 97
36 467 22
916 176 37
327 260 78
73 907 46
12 688 26
976 25 53
861 734 20
896 770 55
33 166 40
848 358 58
329 758 58
658 391 7
403 169 19
286 414 29
741 839 33
598 857 9
166 387 85
556 615 26
423 39 4
380 126 47
414 904 88
908 956 51
929 471 28
640 256 26
739 285 95
2 133 8
377 178 84
640 491 22
842 124 12
616 777 66
389 59 70
772 293 61
691 397 71
983 419 2
969 544 1
159 674 33
908 133 86
668 564 41
895 986 11
653 543 92
981 240 100
318 679 37
167 838 12
211 922 95
880 43 32
889 931 46
130 525 30
997 644 88
170 904 99
585 222 96
245 687 48
819 778 73
120 780 67
637 99 73
94 435 5
706 544 28
435 634 31
523 527 90
501 673 48
596 172 32
896 862 63
54 127 90
255 652 77
189 776 91
725 326 80
168 598 32
288 961 36
752 509 92
246 298 86
82 746 57
980 483 42
720 870 55
779 396 84
4 688 47
349 120 25
922 272 93
566 803 88
157 449 15
598 563 74
727 855 91
648 894 63
155 987 100
862 156 74
840 831 59
999 678 51
603 705 87
813 637 45
848 954 16
382 866 25
992 677 67
80 976 13
219 970 83
33 515 48
664 867 67
333 670 42
320 156 98
346 6 97
620 877 87
739 891 79
720 669 58
117 457 12
449 537 43
595 699 98
731 451 52
917 740 100
528 844 10
398 851 76
870 545 27
198 786 13
511 70 13
326 397 69
76 913 79
320 196 54
164 468 21
108 226 77
673 519 64
917 129 84
724 278 35
312 457 54
708 251 38
821 632 16
427 546 5
393 703 21
552 969 44
825 201 27
624 785 28
6 429 28
56 107 78
424 90 64
890 171 87
239 971 40
908 630 98
310 887 61
112 349 44
257 76 86
545 382 53
918 922 31
969 542 26
53 582 69
464 795 55
971 531 84
914 312 90
556 122 60
345 56 76
72 683 33
631 744 100
285 336 88
515 644 98
468 695 55
648 331 16
973 246 18
377 860 47
678 497 72
902 835 11
136 248 70
143 776 74
984 970 75
893 951 73
849 21 88
863 531 66
711 209 13
466 356 9
879 520 98
901 111 4
586 613 74
233 516 100
232 65 5
617 951 26
236 882 30
121 642 43
428 185 43
799 82 36
991 186 29
725 110 82
681 462 76
378 25 64
269 651 20
660 788 28
183 941 24
213 986 38
702 283 39
931 753 83
466 811 22
4 487 69
772 230 18
967 485 54
119 564 85
356 818 54
673 749 93
561 399 65
131 472 98
716 513 90
475 51 7
107 570 69
644 377 48
281 910 18
742 572 4
347 542 51
993 958 20
758 617 80
273 124 38
324 33 11
765 682 78
19 970 48
837 263 21
539 230 18
767 56 78
323 123 30
6 716 41
474 694 30
866 570 17
71 815 67
684 147 17
279 873 29
932 465 27
953 148 33
967 281 3
168 948 40
216 182 44
137 308 86
153 52 36
202 93 2
809 795 81
702 797 34
686 79 46
360 833 19
851 932 29
529 480 97
202 351 26
190 826 81
250 41 55
695 628 40
744 578 3
592 475 72
292 204 84
531 36 43
206 282 32
495 77 96
395 948 75
278 212 89
754 876 53
249 344 60
368 869 12
514 249 37
731 650 87
172 265 17
588 832 4
41 77 81
964 290 90
483 81 55
822 767 11
883 828 81
913 572 16
348 147 53
926 30 31
244 472 37
749 95 22
50 494 43
850 74 95
286 352 48
113 209 81
79 110 44
779 448 69
915 577 13
939 614 33
319 93 13
981 393 45
427 433 37
89 765 75
839 720 15
145 167 24
421 16 33
244 996 93
181 571 77
425 607 1
644 92 27
158 97 11
543 256 62
154 963 67
675 297 45
718 994 14
373 209 17
787 617 64
266 96 93
959 427 77
141 342 65
93 365 36
363 323 62
78 221 79
145 415 66
889 5 16
907 317 19
865 211 51
218 141 84
357 585 95
251 36 22
57 554 24
730 621 26
245 332 86
720 629 74
300 207 40
382 375 87
314 740 63
162 201 39
292 973 9
525 376 72
64 92 2
832 645 61
162 175 4
380 68 9
199 777 73
744 11 50
726 452 60
463 513 4
909 368 83
128 418 19
6 962 72
261 47 49
278 887 50
528 679 17
321 285 37
506 648 37
398 38 23
400 176 82
724 116 76
18 195 12
319 686 96
794 984 5
585 887 76
518 395 26
48 371 75
946 135 92
290 625 32
578 349 22
465 953 51
755 483 39
162 815 65
211 790 22
461 790 84
559 444 56
568 573 7
125 146 35
767 573 25
247 93 51
568 557 10
942 684 25
689 439 46
981 685 19
799 780 20
177 649 86
692 487 20
972 726 18
719 687 16
695 317 72
941 100 8
288 228 34
578 324 97
675 257 6
816 730 37
526 352 18
996 226 82
97 248 46
185 594 9
580 482 97
334 295 39
762 431 73
991 61 1
930 426 94
64 396 68
417 50 82
766 495 87
799 970 4
120 250 98
91 412 46
632 854 1
569 370 53
352 366 51
63 132 77
690 570 60
930 212 44
983 401 1
974 335 15
261 252 57
488 888 53
657 548 5
212 863 93
265 703 12
258 432 30
898 880 4
380 625 56
332 120 63
251 266 42
967 656 12
280 157 96
45 220 80
778 93 37
276 833 21
923 353 19
765 491 96
154 878 71
841 832 42
389 801 40
247 306 27
323 498 16
963 309 11
907 988 33
158 274 49
384 303 97
419 764 96
201 631 76
297 766 63
950 452 90
943 95 36
454 584 71
849 973 96
85 799 37
463 413 77
455 94 37
593 970 2
803 260 74
665 410 18
881 200 10
61 143 75
566 887 16
435 974 50
881 860 24
292 278 6
406 627 58
825 992 56
956 320 93
630 89 100
757 574 88
315 333 25
219 998 75
279 940 27
156 803 46
992 982 47
988 227 78
230 839 80
967 605 93
633 622 20
734 130 60
10 506 92
880 354 74
757 859 89
95 598 58
424 329 4
513 337 62
321 845 57
31 764 17
711 921 87
967 46 6
605 331 19
9 972 76
409 681 63
564 351 70
220 537 69
754 59 79
825 854 35
954 120 75
713 54 9
20 727 74
435 56 17
315 157 14
748 968 83
316 685 6
720 949 85
608 428 4
167 833 38
152 979 81
448 602 93
177 702 76
737 454 20
638 368 87
732 260 66
365 862 100
209 508 75
558 39 29
299 416 64
501 980 26
439 600 77
183 600 56
709 706 74
745 813 36
584 992 11
979 989 80
303 342 97
937 292 100
853 462 69
614 356 1
583 500 83
609 796 32
46 99 27
782 472 42
933 648 7
650 185 55
624 178 66
616 163 33
948 819 18
193 182 30
635 440 43
740 26 73
920 337 8
234 897 78
275 196 82
819 170 94
48 991 24
856 742 23
662 416 32
88 633 17
664 49 57
641 935 54
793 917 82
463 425 65
683 401 19
926 502 44
816 82 34
163 439 73
957 325 29
785 618 75
100 694 42
814 330 76
13 632 59
4 331 52
251 595 90
960 229 66
405 575 95
541 80 11
938 427 40
134 790 6
355 329 42
645 437 87
946 810 56
294 216 5
611 402 89
314 214 38
337 559 58
30 987 38
465 558 59
430 135 67
758 186 22
153 327 31
709 101 72
236 318 9
850 401 80
711 615 29
904 557 53
691 376 40
927 296 98
490 717 11
791 643 25
733 258 71
743 946 75
297 257 27
419 704 35
708 302 52
731 923 10
146 165 48
412 35 31
52 903 6
200 491 25
3 858 64
202 489 36
223 669 2
77 156 82
600 706 66
261 647 40
153 620 92
946 410 63
768 253 17
482 470 45
521 532 78
519 621 37
399 871 29
330 972 53
284 260 13
434 300 69
326 757 13
806 708 74
619 466 32
37 993 53
655 55 71
966 557 38
551 503 3
129 770 100
910 492 13
298 795 20
534 649 29
436 920 32
17 9 28
36 886 70
481 480 60
848 749 76
147 573 22
560 998 75
237 741 54
334 298 11
851 771 97
223 141 80
600 618 82
357 823 86
440 691 23
545 387 31
993 838 56
136 195 81
41 120 95
247 483 96
716 869 67
606 890 70
266 89 45
332 913 33
585 32 8
704 194 31
237 633 100
27 224 1
869 170 8
702 181 61
872 200 90
523 176 62
229 938 54
762 52 14
945 270 37
403 489 11
105 555 4
907 467 31
121 984 64
472 31 35
612 308 82
377 439 4
959 532 12
741 322 87
230 324 100
550 294 90
387 799 85
464 929 17
937 558 56
989 663 76
349 848 61
188 302 91
746 14 31
862 879 24
143 622 58
293 520 14
263 247 3
472 148 92
967 389 95
55 119 3
374 209 47
52 478 38
298 384 92
972 908 31
18 598 66
818 74 52
597 696 87
974 649 33
468 74 96
430 746 55
249 579 39
738 759 90
19 500 7
143 859 41
42 155 68
182 318 1
825 929 85
745 953 11
95 920 43
870 573 91
916 97 27
79 71 7
201 966 50
660 681 18
690 929 8
443 761 79
660 636 41
649 571 44
767 394 27
161 940 8
137 927 91
936 740 65
660 388 9
25 919 45
295 658 75
300 884 35
914 494 62
742 659 50
914 845 53
482 440 4
633 141 56
718 61 46
180 461 2
978 108 58
729 116 1
561 449 4
937 364 33
967 783 76
408 372 10
262 98 29
432 828 6
401 571 85
493 908 71
464 185 95
592 299 18
260 722 11
307 245 62
772 882 41
488 148 20
107 886 50
358 539 74
794 320 72
298 167 65
276 156 70
866 180 39
657 305 54
784 644 86
99 567 55
294 451 53
512 836 34
316 468 39
883 539 35
887 44 59
256 207 46
89 533 10
427 950 83
822 915 77
486 496 8
672 420 13
181 620 29
810 832 7
535 296 83
110 985 27
545 772 92
332 683 69
101 773 42
816 658 88
860 280 64
150 90 51
142 103 33
442 221 88
617 709 43
857 684 89
386 53 28
725 550 23
96 989 99
778 655 1
122 927 63
292 74 42
506 612 30
916 700 93
487 563 79
316 229 28
656 364 69
669 858 53
146 773 76
94 131 40
156 239 21
535 661 47
639 449 45
315 314 73
612 481 15
202 628 55
11 596 15
21 707 21
873 242 8
248 638 24
61 271 88
262 391 89
741 319 18
349 861 27
429 967 21
535 572 62
288 735 29
968 213 16
797 457 53
145 354 80
929 107 80
553 310 11
110 452 19
280 675 91
563 53 99
649 13 70
876 888 2
877 424 98
916 253 66
274 583 40
313 537 97
367 168 75
269 8 46
17 126 72
423 883 4
776 924 12
322 934 64
521 870 75
818 201 88
548 720 34
193 974 37
474 512 76
336 603 96
94 806 55
798 540 37
715 754 33
614 860 38
622 308 4
788 706 60
906 36 69
21 379 85
590 89 18
519 601 61
500 915 3
514 321 20
191 260 40
222 834 82
697 756 75
81 360 48
3 301 22
649 755 97
602 630 54
745 280 40
75 32 79
418 38 52
59 492 30
233 572 48
992 717 10
311 473 64
601 153 83
278 689 89
807 626 53
85 433 27
618 993 91
270 550 59
605 550 34
402 596 4
627 284 76
953 572 2
197 715 59
892 297 77
87 323 83
520 66 87
631 975 99
97 87 13
220 955 77
872 96 22
832 970 1
88 66 69
921 539 87
239 539 93
777 404 8
402 135 64
369 230 54
586 868 37
542 695 67
247 679 19
877 249 78
935 977 85
207 780 94
636 792 10
267 324 98
561 869 11
64 30 82
93 784 11
221 109 67
190 970 50
675 285 82
860 99 88
727 920 21
471 71 78
552 590 76
144 546 64
931 837 70
347 117 75
934 774 16
643 758 89
148 144 100
843 332 62
495 855 47
532 101 33
494 897 15
877 801 27
958 744 81
91 431 9
2 511 4
35 495 44
679 790 82
889 599 26
978 76 50
630 600 27
230 23 34
131 683 94
601 875 37
829 111 34
342 714 5
957 580 57
323 333 38
799 575 44
581 577 59
541 491 22
488 0 83
998 467 42
536 283 99
765 181 60
726 880 48
781 830 29
404 592 31
502 207 96
872 239 72
283 76 93
713 457 4
457 181 87
592 296 47
696 840 73
607 442 97
333 855 75
340 255 84
819 869 42
969 18 2
569 874 20
69 466 53
808 414 20
919 208 41
473 596 48
691 453 2
694 590 27
517 260 60
22 75 39
55 195 18
591 869 19
356 894 44
849 390 77
714 808 26
959 68 32
378 979 73
890 914 37
50 864 82
897 66 4
330 875 3
433 911 82
369 172 38
978 639 42
89 798 15
750 847 79
202 764 73
913 225 60
88 425 91
925 901 36
605 630 47
855 552 92
408 949 76
659 754 73
818 497 53
284 801 2
155 222 4
979 648 81
105 479 56
343 721 7
407 10 5
755 887 99
43 253 91
274 52 94
735 602 93
173 906 5
893 563 89
452 510 44
557 969 62
262 895 49
838 213 79
321 675 77
618 197 93
676 192 13
192 190 99
23 553 64
483 990 86
923 176 53
173 680 80
925 785 9
225 597 85
575 480 4
469 156 99
552 519 50
137 343 29
697 333 37
958 768 27
809 430 65
749 278 28
802 701 26
207 303 25
608 986 69
368 371 73
591 840 25
346 794 36
992 773 70
607 319 37
348 749 4
863 646 24
600 24 96
274 402 68
932 915 77
863 288 23
16 881 73
810 496 74
961 688 3
807 521 87
788 819 79
121 672 73
394 841 7
185 301 22
651 785 78
343 817 40
774 377 33
212 694 94
969 805 14
250 731 11
409 372 23
415 320 1
166 887 82
851 387 86
937 805 97
733 965 64
155 960 35
711 310 64
922 788 9
19 976 65
963 77 43
853 441 97
384 408 79
857 100 34
116 159 71
276 16 31
671 630 13
796 786 21
739 88 19
221 756 30
790 279 93
219 724 47
625 862 68
497 406 67
228 815 42
304 593 96
690 83 46
527 330 26
246 407 19
448 476 92
706 441 83
697 345 96
611 494 48
408 966 98
882 827 89
939 579 40
436 696 66
249 159 87
882 933 28
267 826 11
298 200 53
632 772 28
393 638 36
350 887 92
68 452 85
497 928 35
563 73 70
493 861 78
435 953 88
76 372 80
306 267 99
342 319 12
458 612 32
893 282 19
370 21 40
883 71 70
775 808 17
59 41 90
590 419 67
897 760 7
87 884 18
673 182 56
593 61 89
688 706 60
314 726 86
716 669 45
688 204 96
918 950 93
385 211 64
630 202 21
411 861 28
98 367 100
675 610 22
22 180 89
379 684 10
697 813 28
958 336 81
914 531 64
674 16 81
327 68 60
418 148 15
98 90 6
758 630 86
320 83 38
178 60 23
738 856 77
913 829 77
651 796 78
342 577 41
491 280 26
958 53 73
291 341 69
135 926 20
256 204 67
614 478 91
627 868 1
69 122 71
217 167 90
310 40 55
569 840 93
236 652 88
484 734 39
674 624 14
480 474 71
275 617 59
567 673 96
65 835 65
608 498 54
838 723 80
295 976 67
586 135 97
430 719 94
407 326 24
154 465 15
936 393 14
225 460 43
346 718 87
888 804 12
552 768 42
103 684 38
953 996 11
68 898 3
294 333 1
951 741 3
788 222 31
603 778 24
798 53 68
52 38 56
667 561 94
706 620 14
366 499 57
600 993 23
472 547 85
708 138 100
56 596 40
861 137 84
330 940 72
723 445 22
321 298 90
784 9 53
814 251 63
656 46 91
34 357 18
596 977 59
85 126 74
90 401 89
236 933 58
904 368 40
310 287 24
942 457 89
169 819 86
334 591 64
62 750 46
576 629 61
861 756 3
766 456 24
705 390 20
781 221 27
489 915 89
838 398 90
484 297 64
105 310 11
867 555 97
305 650 27
638 222 68
562 193 55
732 422 35
138 993 93
752 427 59
123 912 4
970 152 82
297 756 64
60 970 71
272 335 79
929 911 62
391 370 26
338 491 56
896 491 2
390 486 21
757 796 61
433 497 10
553 85 62
238 682 56
356 147 52
501 983 22
187 858 16
590 268 9
920 139 66
195 455 63
925 105 91
43 401 73
563 478 91
848 319 80
407 273 80
192 698 52
48 80 12
632 846 2
29 803 92
890 271 100
598 344 57
561 396 87
31 462 20
329 614 5
446 394 42
78 97 37
347 343 53
647 77 37
66 384 50
286 561 61
257 389 33
948 796 90
869 236 33
634 830 2
973 227 33
285 788 41
479 889 27
96 681 7
462 664 27
364 107 18
866 701 88
242 74 57
663 408 17
361 646 73
907 613 27
513 347 13
795 585 74
692 408 82
848 299 93
264 452 75
39 467 51
405 739 17
220 434 10
726 285 46
11 872 72
4 146 18
723 614 24
671 992 28
531 941 5
330 772 42
410 976 61
479 951 62
517 540 81
177 302 100
714 59 10
983 893 47
199 189 31
166 958 66
155 710 26
898 580 24
980 433 70
971 114 43
748 459 43
288 992 88
531 635 56
182 641 62
731 933 8
776 130 7
300 633 48
558 311 34
925 791 4
648 938 75
907 193 69
920 32 67
225 467 98
193 905 69
964 96 100
319 63 58
570 646 84
17 319 1
435 111 29
768 38 57
72 608 3
603 527 4
618 172 31
727 826 65
888 445 14
20 51 42
319 247 72
697 507 83
488 503 16
403 351 28
958 92 35
371 591 68
58 666 7
412 424 97
604 940 38
875 179 44
735 746 15
928 668 74
956 315 48
68 200 96
505 693 93
315 720 87
430 953 62
506 169 32
387 406 60
73 590 57
587 378 75
884 105 28
73 8 15
545 225 19
254 610 65
197 401 51
198 335 45
182 685 61
786 82 13
941 714 78
4 915 73
42 661 1
468 357 14
244 71 55
895 606 78
151 740 77
754 936 7
947 858 25
507 36 72
247 739 65
829 597 26
267 372 41
799 367 77
950 522 32
396 193 97
565 415 13
763 507 42
686 309 95
640 892 81
841 981 40
148 893 88
716 524 45
107 564 80
436 331 20
868 451 16
807 711 27
300 640 26
553 50 93
481 746 40
361 61 57
226 911 49
226 808 48
929 221 52
418 403 6
954 875 97
978 190 57
531 554 83
955 822 40
684 621 48
837 403 51
806 221 23
812 428 28
566 843 84
944 373 55
548 49 28
955 836 84
785 117 83
629 57 32
486 330 14
580 673 72
311 11 78
902 513 50
123 491 56
840 607 13
462 713 28
506 32 75
662 679 88
666 733 86
893 550 93
407 449 20
697 343 40
869 919 34
562 985 76
607 14 82
575 493 75
654 257 99
14 500 75
263 338 65
428 919 57
17 110 100
103 544 97
799 338 12
255 291 5
977 173 29
430 412 35
280 424 47
703 159 65
508 493 30
857 389 60
792 117 65
406 915 64
810 62 91
19 525 95
913 730 16
153 84 45
526 193 83
10 212 40
968 648 19
954 708 77
915 230 97
336 661 53
574 191 10
832 19 17
985 289 28
577 72 13
538 624 32
944 357 70
353 812 25
438 967 37
265 328 56
660 238 52
761 472 23
100 614 68
833 725 28
196 803 76
92 879 12
174 400 46
406 876 52
815 117 22
10 63 96
59 313 98
688 164 61
315 882 5
233 240 43
505 328 11
82 922 4
899 764 15
129 737 2
460 438 99
322 55 7
471 51 29
913 726 94
111 482 63
848 948 81
453 579 46
750 495 94
415 566 45
511 463 1
998 542 12
817 285 77
210 645 55
24 2 93
921 429 54
571 896 40
344 348 15
510 192 50
470 356 5
803 781 6
790 117 71
82 896 57
549 412 48
452 529 58
181 323 52
183 541 31
764 993 35
952 92 96
597 27 79
89 969 5
90 815 75
991 595 55
718 352 3
765 785 66
721 800 69
500 119 20
919 475 90
312 900 70
360 136 50
331 114 1
51 815 6
406 568 78
321 97 58
193 592 86
907 595 89
5 718 91
3 661 2
727 458 14
653 766 80
98 447 89
940 504 82
141 102 9
994 5 41
961 386 18
294 419 49
606 729 68
47 564 84
178 917 48
781 322 92
89 94 39
450 608 8
102 836 17
952 86 30
1 535 94
297 838 38
231 476 58
790 801 15
366 157 74
201 868 6
498 643 89
189 209 44
901 685 81
448 840 91
4 769 67
273 400 14
604 894 9
396 236 39
351 810 72
9 552 46
14 714 34
848 939 89
179 465 24
847 307 4
267 305 13
10 312 17
539 724 68
4 642 53
614 122 36
685 821 70
362 726 98
765 614 32
428 994 51
72 175 65
680 970 97
224 514 28
992 575 16
781 637 33
677 836 32
241 351 88
945 252 62
617 781 36
725 321 62
353 47 50
662 845 35
449 851 29
968 854 70
870 231 46
317 695 14
369 580 15
929 321 82
682 543 77
941 851 90
17 361 49
549 273 30
683 8 25
451 566 76
711 634 78
926 269 69
87 141 22
266 599 13
40 794 16
950 995 23
382 765 50
437 11 36
591 986 33
345 530 67
526 712 97
773 268 87
570 566 39
604 421 72
55 148 69
200 195 77
468 134 44
688 468 4
375 337 25
662 448 71
46 630 25
441 784 26
842 613 72
184 632 7
811 19 13
267 525 3
116 249 78
344 810 72
799 441 47
985 496 95
28 981 53
412 677 5
233 860 99
434 974 65
282 843 72
607 30 74
665 248 63
195 822 56
304 637 88
871 857 83
669 989 48
966 618 63
729 503 98
760 121 27
313 352 79
767 409 95
133 72 71
231 674 28
585 383 77
70 880 24
829 716 13
244 744 95
449 423 34
99 879 85
559 915 51
928 784 50
553 920 86
709 102 20
776 533 17
432 225 46
179 413 24
175 731 40
655 512 23
285 270 18
99 198 42
192 378 45
145 209 84
717 852 34
109 939 27
62 736 31
869 738 8
684 902 43
61 870 64
71 22 51
928 200 36
373 648 70
184 98 33
43 747 43
972 271 100
720 809 7
847 966 97
620 40 51
170 412 6
749 501 36
958 776 59
710 555 56
826 888 93
345 698 6
895 376 18
875 503 8
364 763 34
825 214 43
893 194 46
355 530 40
276 932 97
284 611 98
0 108 27
974 999 23
974 167 55
120 564 32
901 616 71
666 932 37
479 230 98
995 539 28
644 378 9
480 611 74
767 152 44
266 502 100
393 825 97
443 476 11
126 866 3
783 772 59
547 404 1
935 382 30
914 320 95
875 53 63
123 950 1
645 868 4
70 176 11
281 227 87
917 830 69
790 616 56
784 138 70
131 745 13
589 141 76
844 11 11
962 897 71
638 688 52
127 404 1
588 440 97
444 113 82
233 181 53
275 258 8
992 399 73
255 433 27
902 254 15
231 287 32
955 536 56
437 920 7
984 425 37
846 576 11
846 944 28
308 446 2
153 253 66
69 4 57
449 316 93
806 897 74
803 468 15
560 520 61
719 270 11
139 147 38
40 94 33
314 877 56
507 540 86
120 83 1
56 88 81
36 497 41
470 389 48
241 381 22
886 396 53
86 973 22
846 405 74
94 636 85
835 676 89
383 133 16
359 194 81
160 586 43
780 245 23
884 402 97
915 691 36
808 604 26
433 665 88
57 424 97
359 670 18
316 349 78
669 15 18
376 705 90
10 263 37
667 465 37
96 392 69
745 102 92
89 166 37
276 738 49
963 613 78
467 466 81
272 768 31
405 283 5
278 194 7
486 220 93
107 567 1
530 285 73
352 152 93
146 994 35
579 994 91
875 618 69
497 391 5
554 44 31
30 674 16
418 76 13
194 215 52
608 503 70
344 96 67
808 391 83
220 723 70
683 980 24
810 919 42
268 375 19
38 638 66
364 222 94
683 460 77
163 879 96
548 515 83
518 723 39
352 835 11
287 242 2
844 497 54
925 665 28
806 266 67
775 86 44
903 833 82
171 903 37
730 404 28
312 113 22
129 338 50
18 390 71
654 683 51
450 125 33
2 434 13
936 146 61
719 731 29
229 93 10
755 83 95
472 100 72
963 774 96
720 523 92
295 52 14
855 823 67
604 175 66
682 860 52
443 359 37
247 762 47
297 239 33
82 381 85
856 592 78
363 291 45
143 864 40
319 624 39
676 766 21
200 249 66
930 434 39
500 314 79
695 993 47
831 246 17
409 224 15
409 279 72
418 509 52
901 741 5
384 258 55
219 951 75
818 464 24
15 213 78
662 361 60
260 546 19
154 946 37
942 759 8
723 232 17
646 426 68
442 417 51
568 461 71
501 950 82
725 389 12
552 717 61
67 942 51
654 526 14
778 582 2
661 874 1
663 75 4
18 160 5
39 89 77
957 170 21
45 204 14
857 559 76
246 421 95
826 314 87
474 481 52
644 756 48
427 296 55
540 412 69
762 154 56
530 827 78
53 475 91
156 819 87
818 673 15
632 263 66
980 245 96
492 226 33
432 833 16
588 262 72
184 660 9
483 579 81
240 615 100
226 515 30
359 826 92
941 620 55
127 385 50
625 441 49
765 841 70
832 370 46
469 804 52
192 422 38
107 79 91
807 672 98
469 576 57
766 213 41
530 561 75
347 533 70
480 246 47
153 761 90
753 864 76
834 246 83
617 729 78
874 561 22
778 870 86
917 173 72
306 599 61
236 289 87
941 576 20
610 356 61
994 866 19
136 448 7
313 223 81
491 304 47
161 512 94
114 317 80
741 302 30
913 178 84
802 63 6
53 331 63
780 77 52
571 689 8
66 479 75
419 171 60
808 356 57
140 739 85
212 299 40
500 910 88
793 450 11
48 938 87
945 758 30
95 192 14
149 10 49
985 92 42
17 420 26
103 900 35
446 418 8
176 646 6
955 316 47
539 624 26
919 958 42
481 664 14
440 413 97
707 503 49
885 331 51
106 668 46
386 97 92
370 646 12
19 676 2
772 676 25
114 74 72
347 322 57
538 767 18
402 246 37
436 908 67
449 155 45
206 363 87
728 648 29
468 378 95
282 735 58
932 960 60
390 138 97
675 656 21
795 345 34
157 576 3
990 327 72
824 681 2
450 109 88
806 696 31
674 938 30
380 957 80
250 258 53
61 339 89
180 927 15
708 292 78
688 7 98
753 853 48
218 452 8
540 686 28
30 696 86
295 825 56
793 136 56
189 458 18
986 24 89
121 126 24
894 222 31
327 768 6
0 935 28
119 758 71
972 535 18
552 459 11
587 243 96
779 453 47
933 457 98
545 941 44
748 806 13
748 602 32
753 812 96
518 777 63
538 866 21
475 457 76
638 628 33
426 456 79
17 105 88
581 34 5
409 156 52
598 972 31
935 262 65
955 584 37
366 564 5
534 267 7
847 674 65
512 814 39
836 66 7
293 337 89
675 173 86
219 801 21
422 890 94
699 300 89
375 913 19
927 226 49
8 476 31
828 306 34
67 22 35
331 301 72
799 123 16
784 725 82
129 100 50
97 736 20
606 356 65
532 206 49
827 853 96
697 888 55
397 736 70
341 506 48
793 28 5
116 323 38
47 481 95
85 170 83
424 946 65
596 461 6
536 738 21
217 67 74
257 434 32
53 415 28
295 427 4
736 94 14
673 287 7
83 46 62
811 474 5
929 68 75
549 777 45
164 964 27
936 513 67
13 71 88
503 777 5
57 907 85
659 4 58
114 427 6
509 479 41
784 99 18
660 771 100
184 112 100
994 853 90
737 894 60
831 242 93
119 246 47
437 402 48
674 67 18
980 562 69
693 451 30
992 780 28
431 337 17
190 194 19
278 188 16
610 562 30
949 951 90
816 323 17
864 833 96
345 294 23
997 856 80
960 390 43
608 562 37
614 995 63
67 402 90
152 74 8
42 905 94
366 867 19
361 983 96
802 861 99
901 278 60
463 958 81
809 551 94
354 281 16
532 561 87
598 579 73
801 790 98
118 804 63
315 781 12
389 272 28
662 479 2
310 189 51
326 308 88
422 51 92
49 916 56
992 177 49
242 168 19
889 581 60
55 747 95
162 123 32
951 275 78
559 828 100
172 612 67
572 817 76
558 328 56
253 159 84
414 960 16
421 972 5
684 179 5
856 476 13
637 763 10
620 664 73
177 256 41
18 625 4
365 724 39
613 843 85
309 399 66
555 849 79
152 496 5
993 825 75
551 683 83
801 213 78
832 219 10
210 883 61
822 436 57
871 608 30
345 330 21
166 455 99
657 116 100
982 817 71
434 89 75
152 108 33
415 260 43
973 998 62
391 74 9
525 67 90
698 416 29
666 868 78
482 185 34
855 759 45
417 56 74
878 714 57
723 198 86
317 848 57
664 374 96
233 20 48
148 245 22
826 817 23
400 695 43
250 261 22
224 251 11
468 196 15
566 106 71
756 738 3
370 385 93
396 328 90
111 774 95
510 540 48
971 565 40
357 757 71
109 686 86
574 170 6
68 126 10
39 557 72
291 477 97
954 852 96
803 798 81
443 890 32
865 200 93
232 934 100
298 530 22
12 643 5
123 458 22
443 772 41
649 823 66
703 950 11
667 362 44
596 280 39
338 208 28
628 34 61
261 974 84
561 728 88
621 949 91
434 264 6
577 143 4
503 892 90
447 654 18
201 239 71
848 894 11
30 925 25
373 153 26
784 331 90
408 554 55
848 586 66
447 656 45
579 285 6
383 936 47
355 597 81
130 809 77
965 680 33
298 997 46
300 946 46
20 706 82
154 511 27
618 728 69
974 456 74
191 862 91
37 740 58
559 914 45
682 499 68
823 203 2
861 865 87
46 614 62
426 333 83
678 464 9
822 556 49
494 748 9
264 37 25
621 667 7
953 71 45
425 898 21
518 204 98
480 792 29
859 219 68
514 868 30
592 80 57
682 873 59
15 212 48
582 870 96
196 956 96
531 740 10
762 458 67
26 447 42
460 909 84
467 139 56
522 158 31
15 984 100
3 338 7
279 967 58
543 745 14
251 448 53
322 332 92
480 687 17
536 47 14
839 665 63
562 599 97
484 205 67
0 374 67
552 475 17
334 777 92
909 978 32
930 793 51
91 703 25
171 461 96
386 283 62
192 562 7
87 550 14
948 51 14
952 120 65
272 855 67
541 547 20
96 626 45
505 66 41
851 371 11
650 471 62
510 151 54
816 609 64
701 535 1
748 30 16
611 919 19
270 831 27
627 814 99
333 728 84
90 328 18
550 46 24
741 731 13
166 663 90
555 371 64
471 508 3
13 975 26
813 884 45
929 920 10
931 952 54
670 233 93
487 401 33
101 447 31
911 689 29
795 838 6
935 486 81
64 527 87
563 476 82
914 44 8
735 330 53
676 397 30
766 841 27
986 895 29
688 361 62
967 523 36
212 555 62
769 724 44
11 372 37
495 832 78
632 312 62
350 228 19
632 701 79
899 401 19
182 34 8
381 505 42
683 645 17
85 421 83
155 545 27
316 608 37
725 55 64
753 713 61
581 976 84
353 826 67
796 919 58
711 994 5
39 632 20
545 808 50
826 553 82
460 872 70
422 14 94
188 209 37
936 452 56
130 163 83
736 929 30
751 220 93
172 743 3
441 764 40
486 166 98
86 439 22
843 532 97
134 22 96
105 218 35
833 870 82
837 141 37
710 199 83
802 884 60
953 31 94
804 311 96
267 42 40
285 465 82
233 584 9
989 656 92
174 178 92
674 287 66
197 110 20
89 289 57
612 402 98
545 486 24
599 556 85
383 334 89
433 870 32
389 866 58
977 286 69
809 653 85
714 809 47
639 628 31
71 636 50
959 332 65
53 956 55
304 360 85
590 718 52
819 276 72
539 480 38
932 375 42
40 951 77
49 963 2
169 493 98
848 617 25
847 693 48
546 622 30
841 285 99
73 184 54
898 450 67
289 946 98
318 818 25
524 365 53
884 193 46
649 951 96
242 898 23
84 678 6
291 961 13
199 375 56
266 74 42
843 186 12
801 56 85
156 297 52
856 45 60
195 56 14
153 40 45
970 393 46
795 858 88
358 864 5
375 695 64
38 497 56
888 139 89
670 53 90
572 955 51
527 770 54
195 38 70
769 738 96
26 438 44
793 978 80
300 785 89
758 586 22
296 751 84
144 990 72
742 3 7
918 52 83
491 682 1
94 675 83
16 875 98
687 880 98
815 92 82
708 834 53
434 145 80
658 367 80
848 164 62
793 358 10
745 591 25
798 964 15
664 571 41
424 550 61
737 424 80
250 974 26
208 864 51
156 91 13
82 97 11
74 259 2
696 160 87
192 435 27
555 124 21
541 888 72
485 630 17
556 5 45
536 633 50
901 925 63
36 60 15
570 197 53
547 452 29
568 205 68
514 37 5
480 975 82
861 530 28
67 336 78
928 851 66
362 521 54
508 591 17
715 962 67
914 199 96
843 290 85
518 130 49
608 19 36
833 741 75
315 474 27
267 867 64
615 138 9
997 689 13
752 58 24
612 967 47
372 719 95
127 293 37
609 501 52
446 992 59
408 101 18
503 833 56
42 881 89
571 110 55
572 812 72
64 336 65
844 811 60
94 395 82
325 787 12
0 640 25
364 151 33
511 949 92
272 602 88
601 974 13
822 666 2
888 868 43
213 681 36
294 991 27
404 185 66
241 310 35
369 566 60
780 948 29
282 168 25
449 26 79
202 389 27
913 62 25
563 758 13
467 511 11
188 281 94
858 307 1
92 756 84
811 402 12
820 962 32
178 445 25
557 818 41
546 496 93
679 979 42
343 684 10
714 703 75
923 470 17
3 985 76
195 909 9
652 495 53
805 559 36
640 331 100
197 62 99
21 341 97
666 440 14
612 449 76
795 742 98
647 177 48
94 576 99
729 554 86
345 127 97
277 390 40
232 665 81
395 313 24
321 33 45
842 692 42
841 329 23
530 362 13
496 397 3
751 697 74
565 771 14
467 130 37
895 831 69
173 388 73
338 887 32
286 654 20
178 512 99
216 687 88
127 244 14
888 383 21
659 884 73
209 537 92
256 317 56
477 890 37
740 201 62
338 39 72
990 831 57
820 258 76
591 5 82
426 538 17
776 73 42
735 589 80
422 814 53
890 167 60
598 998 98
483 764 89
320 112 87
148 895 60
176 124 6
75 572 20
475 787 72
927 293 34
380 974 27
809 292 23
9 586 52
981 473 85
355 363 55
306 391 82
432 549 1
163 66 33
150 661 19
153 452 70
874 709 41
270 627 40
25 935 86
749 113 79
284 516 82
213 264 60
257 772 61
3 903 12
213 474 63
437 600 99
659 92 95
323 165 82
654 612 19
561 314 75
389 39 84
947 53 20
733 81 92
338 79 71
790 231 11
49 962 6
815 256 70
135 550 38
920 173 12
344 121 45
822 742 49
227 845 48
390 815 46
986 332 56
950 432 47
486 695 17
235 459 92
979 544 65
855 283 84
947 58 39
619 390 79
616 906 57
506 290 76
467 969 34
827 737 86
122 407 76
91 161 97
305 695 34
171 990 98
589 715 78
90 555 18
983 865 18
953 604 37
797 413 63
395 896 84
826 375 18
621 262 50
444 533 86
407 426 47
627 35 40
925 805 4
200 772 60
298 577 12
403 609 71
630 841 58
347 536 80
541 305 87
187 90 39
157 797 82
703 303 41
771 937 36
408 925 36
281 144 43
70 158 35
402 462 95
860 15 48
387 480 3
253 329 17
380 222 26
567 255 60
260 220 27
398 282 57
851 760 4
319 988 28
281 730 3
513 175 86
941 211 100
770 246 17
225 584 84
283 914 11
650 616 94
506 950 49
759 592 35
372 149 68
517 130 29
714 118 58
393 486 48
127 661 28
221 295 87
233 185 96
997 915 56
546 146 21
834 911 26
749 188 4
134 490 56
604 879 7
897 49 79
463 581 1
529 46 38
165 44 91
836 766 100
450 920 48
933 686 34
474 99 7
871 738 77
57 390 49
833 861 14
117 651 71
953 46 92
993 760 69
266 968 11
668 324 25
617 926 32
626 413 58
403 429 34
284 923 54
319 366 100
28 872 54
732 836 67
27 445 29
816 51 50
595 135 32
280 959 19
616 569 57
655 917 34
223 39 57
658 542 7
82 965 94
887 700 84
888 367 99
744 479 5
803 89 58
494 977 59
13 297 19
542 128 7
436 470 8
671 220 99
96 767 49
995 266 50
471 432 9
834 516 47
130 756 10
994 310 73
874 14 79
180 959 28
460 822 32
932 970 65
381 88 1
499 820 86
169 362 72
65 15 78
110 657 49
466 67 85
888 849 75
700 328 95
597 453 72
728 755 84
395 635 90
553 941 74
195 354 92
366 712 98
888 118 43
788 235 6
751 703 59
93 480 22
692 958 56
362 765 6
858 521 81
206 307 43
976 101 65
95 323 51
42 335 99
155 599 59
227 62 50
752 397 6
951 970 50
735 484 90
794 439 40
58 196 23
768 971 92
618 45 23
859 482 44
317 289 49
39 836 21
222 332 40
70 446 19
587 736 8
686 207 77
397 165 81
43 186 47
881 342 34
776 253 54
409 931 56
61 733 37
476 405 82
125 818 59
1 40 80
712 442 4
967 873 83
65 384 46
194 133 30
721 202 78
751 739 1
403 407 100
837 339 71
245 421 100
633 977 44
591 844 21
572 238 64
520 988 78
770 77 29
687 772 11
928 844 30
532 817 99
237 752 44
497 690 15
243 542 19
114 462 91
783 230 60
865 701 31
689 221 55
304 315 71
421 525 39
137 898 38
641 338 86
851 776 58
68 186 22
28 950 11
461 700 82
847 575 79
823 789 74
260 279 99
991 86 50
821 584 10
540 267 89
495 279 6
61 394 43
350 918 65
439 718 28
90 618 4
737 775 47
527 380 54
364 980 43
196 482 69
314 815 19
502 282 70
462 513 55
407 621 4
71 173 62
396 256 85
331 108 79
50 803 9
103 678 50
632 30 16
717 516 37
767 417 69
609 438 47
103 747 88
595 526 23
889 870 44
713 307 80
418 688 62
421 768 88
242 327 19
687 202 88
934 155 17
652 345 91
485 103 56
145 858 38
112 994 11
223 316 33
413 835 38
130 391 100
851 738 84
959 805 15
755 232 5
370 149 6
732 60 60
903 673 5
911 717 64
72 275 19
83 454 44
641 709 90
281 526 13
936 998 20
418 622 22
844 164 24
862 788 82
400 613 100
547 91 96
553 228 79
415 676 3
505 418 52
384 405 95
342 358 60
834 748 77
279 147 95
962 364 64
433 596 42
11 111 70
115 55 80
185 381 10
215 378 71
795 959 71
936 106 73
798 191 47
871 223 97
785 622 74
901 188 82
37 154 30
222 794 7
938 474 58
323 91 43
502 8 100
721 938 21
993 368 70
402 426 7
893 365 90
899 144 90
775 24 92
29 898 60
706 204 54
898 776 49
516 325 33
953 258 32
540 320 46
133 524 23
260 760 60
759 662 39
806 349 59
418 756 31
169 607 13
836 179 1
846 936 56
117 455 90
762 233 13
917 6 79
310 269 25
28 307 72
973 821 57
679 589 39
655 127 40
347 978 27
973 723 77
159 211 82
880 611 11
482 629 37
457 507 4
540 903 24
961 988 91
909 192 40
332 254 96
307 106 99
583 407 49
911 151 6
886 776 14
762 592 66
318 121 42
981 211 22
624 709 99
751 833 76
683 826 76
989 839 10
567 974 90
882 695 100
136 582 78
672 22 27
847 458 79
20 830 72
972 112 62
454 800 63
566 632 34
306 296 2
69 887 55
91 143 18
567 962 63
500 442 88
156 896 44
989 878 5
458 53 35
190 629 66
618 261 10
495 236 79
494 185 37
285 319 73
445 7 30
757 347 68
773 129 52
243 872 2
948 581 93
397 253 43
472 103 54
352 852 92
559 64 26
974 547 85
44 202 84
705 565 10
651 159 21
487 558 41
530 815 62
939 847 95
764 147 55
686 893 58
358 370 50
994 649 46
440 665 37
102 635 15
192 750 14
801 182 37
688 66 14
957 976 50
758 134 40
198 593 5
7 709 85
704 271 61
71 546 76
381 329 96
567 800 85
907 775 32
336 978 87
165 388 6
500 319 62
201 70 52
597 350 58
171 873 85
353 507 25
109 476 8
687 383 57
907 138 51
347 139 7
246 739 5
882 831 5
946 525 8
565 172 44
171 502 81
710 839 49
419 919 97
540 259 8
525 953 100
146 827 79
487 526 11
740 904 52
542 58 31
374 451 63
310 628 56
973 272 61
445 286 43
889 598 62
593 482 40
860 246 25
839 398 35
507 311 5
463 688 28
188 830 34
564 414 76
638 745 7
788 340 87
274 919 1
383 691 45
235 50 17
925 797 59
39 712 91
436 686 48
171 543 36
795 949 62
608 216 66
205 462 21
167 4 16
179 687 12
883 453 31
127 503 42
992 999 26
503 390 93
363 701 4
894 509 63
208 810 13
302 710 38
765 960 89
267 934 43
869 651 13
392 223 3
122 792 36
335 124 23
653 505 72
8 159 87
621 261 3
922 434 68
285 548 100
806 922 100
147 251 92
355 418 49
576 539 54
552 726 55
334 828 7
404 417 2
544 875 56
662 792 19
44 29 99
315 990 13
99 896 35
277 590 71
373 657 49
713 325 54
712 729 37
512 429 38
575 858 97
458 641 57
96 465 32
775 419 54
740 470 45
257 659 92
839 863 11
431 765 66
745 508 82
176 956 38
309 853 43
797 262 11
327 75 33
853 869 90
62 294 21
349 610 34
697 745 5
370 453 84
184 878 99
912 998 82
50 788 67
449 813 3
324 112 70
530 187 37
127 829 93
563 642 10
816 478 54
821 154 87
376 166 89
100 15 39
207 65 26
726 262 45
98 198 85
102 159 93
829 43 36
97 457 24
462 94 72
644 731 22
640 479 78
860 8 83
504 146 53
88 239 67
556 210 47
781 472 44
118 154 44
974 766 6
409 124 49
812 967 46
871 938 93
112 77 16
618 1 23
217 404 66
679 723 58
429 505 26
814 716 69
172 821 77
931 786 72
441 395 20
212 629 28
853 396 53
740 461 5
979 814 54
758 34 50
502 399 45
112 292 29
317 109 94
818 133 51
764 246 91
523 66 76
307 766 44
214 951 100
430 568 10
332 146 40
352 124 19
493 60 76
175 409 11
866 202 48
996 900 45
703 658 6
165 67 85
800 266 36
982 189 84
865 950 99
668 808 66
725 841 1
715 105 61
670 358 41
222 19 79
740 386 42
479 468 66
26 23 64
705 788 23
891 562 19
337 422 46
527 513 32
204 718 47
714 785 93
205 862 9
985 17 60
103 400 28
240 409 25
593 150 21
726 269 66
699 292 91
892 135 56
472 69 30
61 527 15
119 211 28
887 708 78
819 201 63
248 944 64
652 871 75
316 357 53
169 890 66
770 919 90
981 278 46
114 311 62
672 304 77
701 41 15
579 857 21
687 10 53
952 784 93
284 774 68
473 724 32
392 156 99
80 356 46
84 792 31
755 339 12
127 862 44
803 777 10
563 375 5
735 884 87
921 375 50
130 769 9
592 638 35
497 245 91
758 953 43
898 920 8
975 284 22
238 561 7
536 918 87
894 690 40
607 958 68
563 389 44
960 549 6
422 29 30
415 181 16
460 544 54
9 821 46
473 294 83
202 954 45
721 854 12
655 461 16
856 498 50
931 810 44
775 470 16
941 329 14
763 735 16
299 422 87
137 54 24
990 285 77
530 284 92
760 385 93
849 112 70
913 780 37
762 6 31
112 236 89
977 982 74
895 365 45
775 406 6
113 99 35
25 998 17
625 119 34
463 624 29
429 45 5
449 201 58
19 370 26
260 739 40
193 519 53
436 701 10
548 456 2
720 363 82
441 439 35
993 546 85
513 215 19
456 751 30
161 550 46
224 756 4
697 904 44
519 788 92
713 118 39
151 895 23
141 457 36
880 697 66
872 55 33
407 561 73
11 322 38
492 330 72
842 964 8
333 62 75
442 747 41
542 161 82
263 536 98
624 513 84
87 476 5
477 41 60
389 804 87
127 832 78
367 294 78
792 482 15
404 213 19
706 278 57
338 920 82
954 552 32
200 324 10
209 496 52
666 377 82
14 797 40
824 61 45
799 865 93
444 295 17
650 397 9
340 363 40
575 658 11
656 377 23
955 315 17
595 620 9
833 688 78
850 59 41
973 220 73
667 954 56
979 171 36
827 543 46
729 152 85
796 970 14
974 968 33
728 146 46
810 187 16
758 890 29
979 682 9
257 512 25
264 457 48
816 293 62
65 64 40
733 204 58
549 623 69
353 405 56
203 371 20
81 2 85
702 678 26
670 970 20
747 663 30
232 158 69
624 333 87
157 584 91
10 104 79
761 964 11
47 684 81
110 718 51
397 187 64
866 158 41
720 15 59
628 86 45
868 859 13
433 438 42
131 454 65
859 737 59
947 669 26
720 366 94
386 837 10
927 807 35
82 214 34
203 190 86
664 830 91
650 746 7
774 318 8
734 738 25
62 624 49
542 691 27
254 934 69
256 880 90
877 540 20
91 274 84
841 830 46
711 574 91
261 127 2
83 807 13
92 870 8
562 777 18
842 445 60
815 636 81
938 851 87
768 75 7
852 720 67
518 316 73
853 484 3
483 837 13
620 905 27
374 5 59
521 207 43
368 862 88
787 209 59
206 150 27
726 574 60
175 761 70
831 907 78
198 176 68
502 586 53
328 934 62
925 209 7
833 999 3
786 567 38
318 743 89
376 499 94
802 378 93
766 334 16
880 852 73
620 108 81
103 417 82
346 468 54
495 388 90
514 903 44
112 196 38
976 895 2
819 925 73
827 101 43
621 322 59
164 167 14
773 550 32
105 620 48
361 814 9
757 524 14
306 961 8
286 198 71
618 300 11
617 87 58
944 178 11
652 376 33
133 611 94
541 481 85
111 213 77
151 780 86
901 444 71
781 54 96
550 544 39
300 748 80
590 930 73
245 180 69
437 780 44
26 980 60
19 633 82
636 97 9
80 21 33
357 678 15
627 509 78
227 232 34
633 292 64
772 654 88
594 298 23
376 914 82
976 759 69
708 444 71
537 297 11
936 363 81
976 211 55
662 560 16
953 577 89
289 568 11
268 603 12
884 863 15
920 899 50
127 94 75
606 989 37
93 157 22
919 463 24
737 711 90
429 729 83
771 700 46
123 355 45
507 259 65
713 502 55
790 340 16
329 396 12
66 213 68
713 757 61
667 355 96
836 932 49
270 794 25
781 25 85
502 849 87
749 593 78
720 169 37
300 702 11
837 189 2
673 844 89
138 317 81
845 141 34
584 894 28
798 240 99
498 827 76
398 645 12
988 874 12
571 721 86
55 387 36
28 343 6
256 670 54
114 243 75
367 419 86
563 323 81
985 253 28
412 903 73
431 918 91
290 426 63
770 951 40
648 620 90
51 939 60
929 315 76
996 552 82
96 79 23
198 255 62
33 300 11
212 294 36
90 106 17
554 54 29
416 867 83
32 812 36
904 549 75
235 244 6
702 72 76
159 543 28
807 705 8
474 594 4
479 155 81
367 127 42
212 63 56
262 83 84
743 209 21
226 105 50
394 891 59
528 827 8
634 186 50
855 285 88
292 795 78
541 114 44
146 268 72
547 961 69
120 599 61
225 239 91
25 390 84
884 508 40
23 38 90
920 737 26
423 542 19
807 465 33
287 286 30
411 643 56
94 552 40
486 546 83
709 152 64
85 886 17
992 704 94
145 764 33
686 879 4
140 533 53
663 506 42
34 384 12
542 950 91
961 260 88
399 431 66
592 186 83
834 676 67
895 352 32
722 624 28
567 774 99
70 878 43
165 261 6
816 446 76
545 841 79
795 919 44
571 678 85
31 836 89
951 684 66
866 783 78
820 286 47
272 432 80
946 184 7
110 952 2
578 298 30
99 557 81
637 484 12
252 669 61
902 70 98
726 599 51
327 6 57
319 2 76
784 961 17
896 609 78
20 78 22
298 156 14
552 999 97
147 130 32
872 880 9
144 82 47
628 975 58
247 344 71
533 80 76
600 773 34
11 699 8
432 3 30
15 546 84
139 83 82
711 750 99
544 820 37
66 915 90
634 958 29
706 806 62
635 601 13
820 114 56
938 333 29
970 663 5
36 665 56
585 231 64
139 642 78
123 809 14
715 67 2
938 284 61
360 77 70
433 755 36
627 148 79
822 427 78
541 464 7
522 427 44
432 551 62
732 377 88
238 592 24
125 133 78
701 372 63
629 579 20
531 163 37
52 768 32
922 597 44
318 409 25
162 994 68
998 558 61
987 323 59
861 288 74
562 615 99
908 723 45
128 255 35
967 298 87
856 912 62
918 810 39
176 860 91
889 58 55
374 625 2
577 184 2
962 535 8
37 145 46
924 45 72
455 406 31
68 773 79
479 492 52
323 903 37
482 505 16
551 112 82
305 771 27
767 818 73
758 757 6
677 200 87
448 557 9
520 166 71
908 166 55
776 796 94
330 296 38
611 858 4
657 765 68
559 638 68
541 142 100
809 894 26
710 684 68
593 84 66
485 50 50
741 51 80
755 474 1
408 425 35
903 927 35
755 582 70
307 925 18
348 730 64
204 686 8
996 435 43
708 400 59
84 244 10
817 511 10
171 670 8
606 964 90
951 526 33
818 789 22
872 545 47
532 223 30
129 5 15
744 796 40
384 300 70
194 538 86
394 333 13
203 333 53
840 781 82
602 28 97
140 956 76
902 335 57
643 768 57
288 652 58
53 66 94
263 20 33
8 361 23
161 993 9
72 578 88
491 159 59
109 129 78
947 846 42
792 449 25
546 879 70
71 384 35
143 463 79
67 260 58
442 559 64
992 965 63
33 397 52
790 936 34
255 532 12
55 596 33
152 528 88
702 723 10
121 797 58
900 27 29
845 765 21
180 731 53
106 797 48
26 74 54
295 844 79
108 463 3
650 809 82
267 784 37
395 86 44
96 571 62
122 552 87
292 93 46
184 388 95
695 281 87
244 765 43
4 724 10
366 429 88
851 149 24
117 878 8
110 298 8
199 913 47
161 995 47
868 325 90
147 830 64
271 963 23
658 732 36
598 711 21
143 967 59
424 469 82
359 73 74
35 118 46
532 119 86
979 201 82
264 454 67
979 772 24
283 678 36
17 739 38
285 79 67
367 158 39
411 375 69
414 459 62
19 189 41
234 288 65
101 466 1
161 45 79
949 930 75
465 939 62
114 815 58
963 83 97
26 922 47
816 646 43
63 669 37
763 90 10
471 705 34
666 576 81
584 184 34
135 375 33
760 808 14
28 857 23
331 955 73
17 883 28
887 325 46
923 256 86
605 460 19
317 790 95
711 188 80
476 433 42
557 935 11
755 687 47
486 607 51
907 846 84
772 615 54
915 355 39
446 733 36
16 151 59
645 136 70
524 971 25
455 380 100
792 187 6
656 537 100
144 640 58
452 633 52
182 845 1
939 85 46
689 772 39
933 372 29
691 493 50
995 637 36
919 619 51
657 638 16
534 412 67
500 834 65
807 410 6
325 951 55
847 346 98
434 194 11
536 844 44
411 376 9
406 790 91
19 698 60
324 702 38
191 468 14
366 113 22
993 435 76
79 312 86
648 891 46
445 271 66
57 809 79
314 888 64
205 438 7
373 118 86
414 624 30
623 73 16
454 346 21
841 66 22
657 970 58
831 826 27
302 108 14
169 360 25
778 237 25
16 255 72
147 977 99
286 967 2
658 918 22
206 766 1
583 224 75
104 860 73
318 1 92
441 898 50
547 784 69
124 655 43
548 934 33
236 322 30
956 785 21
295 392 71
805 85 13
542 994 88
678 842 92
202 838 54
777 398 4
560 406 8
201 981 88
563 680 12
107 642 36
7 69 1
739 179 42
270 234 27
517 443 5
513 257 43
175 373 94
670 377 25
584 627 51
956 659 48
279 511 13
728 81 51
193 143 49
610 236 51
434 951 3
93 627 54
878 616 5
619 218 6
317 327 29
262 40 68
106 735 92
209 711 83
958 485 45
262 879 30
816 263 88
604 39 53
652 938 57
273 545 32
968 250 83
401 870 50
483 670 70
191 415 56
360 728 90
241 905 36
682 205 84
111 360 76
433 240 83
367 398 25
39 43 36
728 398 65
154 476 35
674 934 85
858 618 45
906 709 21
151 883 76
541 475 85
722 743 65
57 232 84
834 337 58
423 784 2
93 758 62
466 291 94
949 496 6
411 724 80
102 535 86
459 124 95
195 377 26
490 727 56
292 53 60
526 571 34
402 650 54
643 118 72
876 399 21
104 880 44
518 552 62
547 222 40
490 478 27
303 423 50
440 881 28
787 291 62
972 626 59
479 45 54
519 754 83
433 610 31
618 517 14
120 978 69
529 464 11
594 414 85
71 356 42
497 711 56
323 280 32
274 514 53
498 257 47
861 516 100
47 210 48
575 992 15
764 185 29
765 677 20
329 749 20
404 773 48
209 259 86
548 380 34
756 174 26
999 212 35
21 804 82
341 856 63
880 841 4
696 760 7
835 192 32
873 470 48
407 598 45
24 846 49
417 430 31
686 130 28
674 743 9
670 61 51
681 375 70
301 199 54
957 576 79
448 686 33
754 879 42
310 455 68
870 904 3
646 802 37
447 297 47
853 325 49
607 593 68
596 160 54
565 931 47
931 781 5
545 505 43
565 528 93
490 69 94
789 311 65
37 732 67
291 603 75
909 282 12
675 522 79
150 783 46
544 799 42
857 243 84
33 547 5
633 418 56
94 561 12
885 194 21
591 610 70
765 486 77
664 117 87
221 374 92
688 357 66
2 636 20
583 969 73
309 818 62
392 726 66
646 248 38
756 430 89
837 761 67
491 23 14
203 873 29
814 365 70
576 851 37
533 825 100
473 837 51
163 427 41
310 170 73
224 229 51
689 361 53
909 102 1
17 10 17
920 761 24
384 2 81
437 501 20
32 53 85
530 936 15
74 836 21
302 715 23
997 739 88
848 98 10
607 151 67
474 630 60
568 83 30
375 668 90
728 876 58
311 497 23
219 582 55
96 128 24
72 166 78
207 676 22
649 627 93
488 380 87
399 735 42
498 465 31
512 831 78
79 217 69
434 113 51
532 169 91
701 238 6
78 585 34
202 478 1
724 315 3
429 130 82
410 407 10
915 955 85
376 155 98
243 646 36
515 583 25
124 253 54
362 580 76
660 816 56
817 641 34
924 200 71
194 436 47
209 767 2
570 90 47
189 18 22
563 742 68
386 98 33
956 52 10
538 690 62
524 877 89
502 414 1
508 65 56
271 874 14
799 770 29
107 955 17
12 239 19
969 855 87
645 744 26
343 171 6
146 336 32
376 898 13
352 120 67
668 111 24
342 548 17
901 797 80
815 151 31
653 394 87
44 640 43
140 575 26
299 637 95
911 558 90
371 359 74
830 340 52
24 464 1
350 301 68
352 374 77
762 309 38
559 584 92
392 698 12
561 161 87
656 330 82
197 468 75
325 58 34
424 597 29
467 971 1
377 771 67
142 268 68
983 344 19
578 906 86
445 154 43
777 701 4
93 921 55
201 219 80
157 67 88
327 997 64
971 658 83
698 919 36
924 666 18
428 85 57
126 547 17
168 822 85
941 867 36
203 34 42
307 464 71
548 942 3
449 758 34
861 653 15
211 896 77
850 414 55
977 274 94
207 665 49
647 507 13
651 280 81
861 934 37
796 424 91
839 499 43
38 850 6
69 268 70
335 790 17
552 850 56
984 376 2
903 89 51
499 260 34
824 782 95
654 242 7
605 544 59
336 609 97
564 475 11
927 412 4
985 103 9
386 669 89
894 544 21
824 802 29
241 111 4
246 521 65
710 871 20
454 70 20
553 637 15
196 184 58
703 102 62
811 946 81
323 541 22
38 655 29
971 138 56
523 293 11
910 869 62
850 212 16
949 694 28
696 898 40
614 152 51
132 332 74
118 220 25
603 331 87
288 593 8
973 579 65
475 314 11
852 463 32
78 971 94
477 259 96
724 183 26
11 474 20
933 98 88
733 778 27
790 639 83
668 742 69
896 832 36
148 526 6
646 29 20
103 503 38
124 967 62
353 97 46
503 814 47
918 111 98
439 826 68
502 594 23
458 598 37
196 57 6
955 919 41
484 416 51
128 609 54
451 979 45
253 915 32
816 236 22
866 291 48
660 823 58
850 766 75
727 261 71
35 880 15
766 696 25
740 872 77
335 243 92
153 824 93
74 664 78
93 977 42
458 63 7
657 293 49
430 451 60
902 152 75
515 964 49
46 836 62
302 630 45
26 388 79
632 153 84
701 675 4
465 613 64
520 322 49
144 366 32
420 443 48
439 297 74
965 388 30
86 778 4
751 3 88
938 3 100
338 51 15
358 390 67
575 178 91
594 839 82
499 858 3
706 300 9
650 967 70
192 648 46
274 334 92
205 588 33
597 189 82
877 69 18
209 623 59
942 610 96
466 600 78
270 345 25
11 747 34
980 965 8
779 789 32
122 222 30
810 566 20
297 580 66
507 417 43
219 425 54
702 24 11
741 395 53
968 946 78
102 21 74
447 300 12
373 484 35
103 358 39
430 544 3
367 846 58
881 985 4
245 776 57
72 471 81
809 612 32
306 638 62
692 506 98
475 998 78
721 45 46
344 263 56
628 588 15
169 946 8
184 20 78
413 345 34
215 567 81
449 887 40
5 843 98
621 421 65
96 381 46
776 118 16
258 402 56
47 359 12
227 81 20
441 636 70
909 312 6
26 244 71
665 207 99
722 681 1
52 312 18
621 347 88
157 754 19
449 273 72
372 537 40
813 499 78
928 975 100
104 19 35
493 192 76
630 73 67
941 203 94
421 208 61
785 658 59
102 33 93
297 34 27
972 879 32
897 316 4
446 741 70
119 159 80
254 845 97
59 876 33
212 379 58
955 203 38
550 255 37
619 362 16
635 625 26
458 404 74
925 578 76
176 383 94
230 448 66
744 807 54
860 865 57
337 516 64
719 79 18
77 852 85
73 818 61
359 589 68
310 828 4
143 717 99
24 885 18
690 544 55
939 894 7
739 578 59
328 891 67
244 268 94
955 67 88
46 607 80
758 413 87
916 803 31
326 287 82
957 313 56
867 613 26
898 572 39
425 571 79
410 925 17
186 118 4
725 626 4
602 527 35
329 785 16
826 890 34
740 682 78
642 435 35
648 969 10
346 139 63
322 380 46
11 93 10
564 232 24
812 774 45
0 588 87
943 732 15
737 379 37
337 162 63
9 898 55
348 291 77
212 19 87
623 725 64
990 556 67
937 895 94
118 342 73
456 86 80
94 843 86
417 360 35
316 820 19
376 484 41
203 135 54
326 654 60
364 448 71
748 266 28
807 171 1
384 433 57
333 941 63
484 879 16
352 426 8
478 353 77
5 195 19
346 52 6
387 701 6
457 781 54
419 749 80
268 417 61
647 963 83
657 684 8
84 290 5
519 569 8
196 676 99
654 16 88
748 499 5
692 610 19
420 2 64
172 761 7
33 427 53
468 942 65
217 140 8
214 770 80
741 576 40
29 830 85
543 629 48
186 821 26
98 553 23
560 444 81
85 358 100
549 313 59
947 558 48
72 924 42
439 338 82
992 751 47
637 483 23
919 541 62
145 389 34
929 13 27
620 393 70
966 899 55
756 431 41
384 625 64
586 38 8
83 539 1
867 218 44
182 704 86
903 185 54
661 88 12
54 593 80
435 32 41
998 856 13
167 775 60
867 821 31
713 541 99
952 2 96
884 930 62
274 2 6
465 102 77
141 182 68
678 802 14
890 568 75
33 530 10
989 863 27
33 218 30
334 566 53
213 386 23
829 776 90
290 966 4
613 831 19
548 263 43
997 925 27
766 466 58
385 879 69
601 335 98
682 858 97
550 252 93
370 342 35
700 300 18
270 895 64
248 548 95
508 16 81
681 146 16
169 770 52
491 353 91
173 715 70
768 496 13
202 96 27
850 723 23
327 866 21
142 965 31
88 928 15
839 717 6
425 448 76
909 552 2
40 107 69
645 805 11
552 448 31
860 906 96
706 512 5
510 840 73
53 192 72
940 694 1
916 1 17
625 567 35
544 398 4
221 638 41
254 827 34
699 241 10
166 506 21
730 577 67
134 864 93
133 231 61
651 766 16
937 795 11
71 239 74
354 393 55
465 408 37
861 402 96
5 70 3
699 793 12
213 897 61
142 653 100
697 427 60
381 628 59
581 394 93
234 664 63
352 728 36
945 79 41
991 705 90
833 43 84
861 34 14
355 239 2
680 559 74
865 505 82
967 811 49
351 258 5
9 172 87
670 395 14
782 125 78
353 43 10
821 329 29
969 841 2
492 830 60
993 101 44
379 943 98
261 925 99
994 861 52
884 818 14
455 870 95
941 985 82
877 91 63
84 988 36
983 704 48
12 303 96
187 525 68
358 34 57
763 715 6
291 497 47
97 669 4
706 479 33
886 322 41
487 200 55
408 649 73
617 41 38
30 296 47
307 676 65
613 433 64
134 165 1
538 29 38
867 110 46
128 657 65
929 957 13
106 447 50
539 247 85
281 993 23
711 545 65
56 920 75
837 606 87
217 514 54
782 955 19
708 751 28
9 742 58
504 851 5
431 617 74
233 530 41
647 478 52
799 475 59
841 340 10
657 584 20
114 822 57
201 963 56
57 205 43
325 801 43
369 367 53
933 114 23
223 180 69
517 828 95
646 503 84
959 605 20
810 10 99
302 82 64
479 592 19
241 465 67
499 830 63
687 439 73
324 307 5
529 34 5
175 359 45
940 822 97
683 972 35
157 796 13
989 875 25
383 362 36
992 533 14
451 77 23
520 844 47
909 78 75
290 48 42
117 822 35
707 556 92
609 332 10
309 960 47
529 7 44
207 191 22
950 61 45
455 117 91
614 4 36
628 807 88
545 107 11
917 750 82
304 214 41
905 775 81
106 111 98
830 702 55
192 815 6
617 544 40
379 601 3
636 609 77
308 830 33
663 162 99
140 778 15
910 886 32
533 316 47
362 704 44
319 961 83
73 197 50
802 161 6
810 156 4
892 455 11
394 245 10
42 376 60
809 327 14
633 983 9
58 395 29
371 774 54
357 295 49
984 186 32
715 696 18
366 848 54
539 226 55
172 933 98
772 540 75
460 858 65
91 223 73
821 233 25
280 542 2
127 893 58
739 482 14
280 327 31
479 9 50
27 595 61
472 718 65
546 883 9
398 940 88
713 219 24
121 671 24
111 206 78
985 480 39
409 651 1
696 652 45
829 223 29
438 11 48
775 954 64
568 776 97
538 576 47
144 219 39
78 792 48
421 868 10
59 96 99
237 946 57
640 830 92
746 404 65
571 524 88
214 957 89
838 275 18
252 591 26
444 95 49
498 428 33
67 521 85
453 978 52
209 297 63
815 536 54
896 208 71
901 749 11
951 733 67
678 453 8
51 901 91
316 589 75
682 277 51
525 393 98
503 610 5
296 797 46
157 676 34
445 86 92
819 867 17
146 398 79
415 942 32
316 860 24
771 9 75
115 225 97
189 391 25
266 478 17
250 508 46
723 184 56
268 35 27
803 727 94
458 440 62
366 669 23
68 301 80
644 283 78
509 332 34
339 773 46
228 170 97
927 400 71
711 433 65
122 742 85
551 483 39
796 179 4
519 273 7
622 58 49
613 295 49
201 506 31
318 742 80
183 201 60
586 423 87
763 834 21
28 270 28
398 714 17
482 416 21
990 279 60
192 459 95
878 500 87
283 961 39
894 256 18
384 3 14
616 823 71
963 131 66
166 808 97
228 943 7
156 627 25
817 892 84
434 532 80
622 395 37
736 830 40
697 899 19
325 279 53
151 521 51
648 202 31
158 642 17
141 265 90
809 144 94
840 995 70
40 341 57
327 266 97
988 194 99
722 934 19
14 905 16
741 552 94
187 879 86
549 699 16
184 221 82
201 498 23
709 476 14
867 517 3
776 238 35
596 186 87
639 297 65
382 204 38
69 293 17
698 275 66
922 917 24
900 738 55
414 185 51
222 536 60
772 918 79
530 141 94
303 262 58
86 330 80
132 879 41
448 218 11
143 42 31
62 299 44
97 234 59
461 314 49
173 458 82
619 2 68
454 395 44
337 671 37
389 70 52
321 908 20
168 290 11
714 746 99
742 923 92
737 384 95
377 752 91
470 860 61
375 305 8
3 581 36
268 404 91
733 806 86
900 962 9
351 864 96
593 799 22
30 301 60
456 365 63
34 232 54
207 584 90
252 845 94
766 610 77
175 765 73
924 499 85
473 388 84
471 138 61
490 475 79
296 660 87
5 803 79
389 944 12
704 4 88
92 360 16
350 657 33
219 734 64
942 328 89
895 150 47
626 672 100
460 295 92
634 687 91
642 899 60
321 988 10
684 646 76
946 81 51
814 457 60
863 336 43
581 680 63
388 260 38
437 187 73
88 225 89
836 181 8
62 581 59
379 545 6
468 546 15
715 20 39
46 859 95
83 531 24
399 794 42
954 652 85
376 230 80
348 259 77
367 946 94
289 260 39
661 22 37
504 471 9
167 761 11
343 844 94
961 716 7
294 76 69
504 436 66
561 736 22
797 402 15
579 37 62
889 720 47
957 971 84
532 851 52
557 622 15
170 635 26
406 905 4
212 194 24
759 509 64
641 978 1
923 456 60
399 154 87
336 839 24
905 470 85
800 786 83
859 178 18
549 340 68
683 396 93
905 666 36
207 490 95
586 760 43
716 963 77
760 659 83
22 752 26
588 956 3
288 764 78
612 424 9
907 118 56
481 631 86
239 553 6
919 756 82
67 630 73
313 555 86
820 659 21
552 541 51
614 212 8
15 738 72
389 919 13
183 387 94
98 71 89
552 456 12
138 889 26
103 724 26
786 805 5
688 59 39
917 836 34
635 193 26
123 740 48
333 771 82
521 781 3
308 483 11
311 820 69
364 523 33
965 18 60
725 632 28
520 435 32
899 630 13
332 38 72
560 236 70
367 528 59
339 628 37
668 149 71
311 318 76
892 499 3
890 188 17
70 442 68
701 273 28
480 105 62
892 619 18
557 970 100
448 860 99
238 40 76
567 569 70
70 516 5
570 799 54
544 149 58
531 336 55
930 355 72
607 927 42
99 755 59
38 637 1
125 523 35
989 214 45
984 11 55
317 315 47
664 901 66
121 347 93
993 940 81
640 400 23
660 536 72
358 878 91
826 86 76
307 222 100
180 590 10
857 851 43
90 793 68
810 245 18
17 501 30
383 440 16
20 123 33
45 700 71
228 782 49
471 887 57
785 714 39
583 541 89
230 746 58
18 730 81
201 27 35
813 567 99
293 226 46
9 290 16
301 503 62
806 477 88
677 683 84
86 942 100
151 747 63
426 582 82
866 588 90
602 760 98
595 801 20
262 276 18
602 172 14
454 183 39
911 452 96
62 5 21
862 797 94
757 525 40
448 390 92
883 7 19
840 357 30
763 641 58
323 60 53
11 808 2
181 655 67
622 898 5
901 131 90
722 518 31
767 991 45
312 460 34
283 419 29
827 37 56
531 857 31
427 187 61
121 4 35
575 899 9
516 193 56
997 54 64
519 869 67
57 150 39
983 862 92
410 993 26
360 480 83
470 328 100
749 354 95
957 155 92
140 449 11
944 798 73
666 885 53
891 773 9
849 896 95
489 201 64
441 300 93
645 461 3
734 196 56
672 357 83
915 37 1
603 321 59
946 782 50
697 623 46
532 354 40
501 766 41
364 993 60
180 82 19
547 976 75
657 585 52
878 67 29
355 491 44
87 511 71
436 442 44
530 994 13
973 997 9
771 168 41
941 569 32
618 611 97
797 768 48
349 16 98
828 301 76
576 41 71
897 271 86
956 275 22
80 441 41
179 874 88
482 221 29
34 231 4
355 413 100
522 878 5
547 92 81
97 316 67
615 299 88
562 367 8
800 892 62
778 41 83
899 987 78
741 36 45
610 152 75
47 795 89
88 446 64
749 232 50
451 879 53
749 27 9
299 752 80
266 842 78
330 948 45
930 831 13
200 54 74
776 407 71
987 176 61
684 148 2
171 631 3
832 714 65
443 65 2
990 101 36
289 380 43
84 938 17
894 799 26
691 332 59
880 863 50
997 590 39
574 391 65
736 588 65
694 13 15
655 710 72
150 985 35
586 831 69
607 788 97
95 252 74
920 546 65
100 369 67
786 234 96
537 779 29
6 104 2
250 126 44
850 494 76
148 639 33
694 859 62
910 347 54
720 490 94
581 749 22
867 993 24
745 349 24
507 272 48
648 465 33
640 355 86
780 887 27
150 705 10
934 311 13
737 144 80
942 383 21
310 20 14
868 238 29
100 298 31
226 676 92
128 774 33
596 528 46
327 143 44
925 496 75
775 278 85
947 192 94
369 659 58
985 499 19
80 731 35
152 227 70
417 919 34
536 695 77
401 143 25
633 619 7
726 36 11
634 251 58
208 329 21
512 901 69
126 644 88
73 393 68
640 659 45
669 598 85
551 576 44
937 275 99
930 751 92
358 71 15
223 820 58
146 980 15
727 919 82
559 314 30
218 962 23
707 483 54
216 676 58
730 808 72
500 195 42
697 346 59
600 850 82
624 996 15
869 318 46
743 79 74
120 222 3
354 362 2
481 331 83
26 85 88
228 666 52
969 849 90
87 603 25
502 543 89
324 298 100
223 452 42
911 53 95
301 259 9
326 52 33
551 436 71
63 536 81
70 130 40
576 650 49
826 660 12
933 66 30
405 270 31
369 260 49
211 75 32
679 965 53
857 539 61
249 800 85
14 398 12
652 292 25
643 816 89
299 231 93
139 454 85
145 409 62
699 556 55
421 175 82
420 136 29
28 902 90
5 466 41
562 300 12
54 489 9
533 172 47
504 954 29
571 837 98
239 153 73
914 210 56
42 296 27
745 837 56
82 575 35
171 8 68
630 294 95
355 384 91
576 179 46
886 973 51
735 178 5
811 108 66
470 346 64
300 290 43
674 136 58
809 435 28
582 826 92
731 243 95
791 99 2
349 84 63
949 858 70
155 633 87
334 66 19
474 379 9
598 149 64
774 169 2
445 555 57
98 959 82
549 808 59
702 765 76
418 590 39
485 590 42
783 661 64
382 186 1
397 100 52
651 523 37
339 989 53
108 467 33
451 686 81
528 756 62
422 111 100
826 66 91
36 626 84
229 755 19
683 204 22
521 707 89
355 818 87
143 199 51
217 150 97
438 517 57
446 811 36
861 831 3
352 689 36
410 123 50
520 221 93
835 995 24
473 880 78
69 552 41
547 742 81
256 835 97
19 637 95
217 822 80
721 984 86
249 537 83
598 220 55
234 211 72
847 950 89
695 971 51
120 105 30
924 685 7
855 211 76
450 455 51
72 82 67
125 8 4
47 977 76
237 477 88
59 784 49
705 62 66
346 498 16
563 219 90
195 777 38
230 107 11
527 293 41
132 839 96
825 382 83
173 469 63
290 398 42
217 687 6
529 92 63
563 693 76
918 925 95
585 840 66
65 241 98
274 703 42
693 868 3
435 479 24
626 919 28
411 83 8
532 545 45
626 44 96
519 806 11
101 424 52
34 139 57
375 151 48
319 218 19
575 995 23
32 121 55
983 608 69
772 594 63
327 231 21
598 131 98
62 848 70
453 276 48
318 132 17
569 117 29
494 108 73
474 990 5
339 120 67
219 116 100
555 808 52
541 32 24
482 518 50
648 372 1
573 987 5
626 844 99
520 469 4
623 983 47
986 849 19
449 29 48
713 359 95
432 77 73
69 808 80
974 581 40
781 338 38
493 905 16
302 758 29
581 960 22
122 864 60
619 574 4
236 196 32
891 286 39
846 984 39
529 358 21
636 593 50
102 425 81
709 627 42
963 222 70
741 49 7
476 999 54
596 916 22
432 198 60
273 185 88
244 826 55
144 696 61
435 910 44
733 255 59
698 208 1
943 512 90
3 321 60
497 30 9
940 631 48
54 684 91
853 880 24
281 540 75
863 439 54
845 392 7
368 505 39
260 45 21
560 201 79
632 529 39
926 242 45
783 650 37
17 14 24
851 815 32
586 822 95
546 752 89
449 418 78
169 467 2
330 778 5
195 418 96
685 949 16
365 828 15
824 283 49
929 672 61
521 914 56
22 888 100
966 627 37
185 331 51
770 141 73
608 43 70
88 412 65
541 274 84
91 951 42
554 877 71
366 322 70
334 900 89
169 98 61
205 907 27
193 94 99
667 365 91
217 26 84
252 467 93
670 465 49
944 35 100
350 395 66
342 350 75
775 594 97
659 37 54
855 514 17
314 917 60
946 268 57
355 479 64
758 636 92
577 232 68
382 411 42
594 845 10
136 483 63
586 350 43
885 16 34
701 977 46
15 155 24
972 457 95
256 158 74
707 814 52
697 289 98
447 979 90
124 703 85
507 38 46
531 31 49
160 856 5
700 63 45
14 885 80
24 478 88
749 526 17
838 841 19
94 151 33
722 370 28
235 558 14
610 8 70
791 620 5
379 964 10
868 855 42
846 142 1
870 840 65
150 504 34
319 413 57
679 415 10
465 826 85
942 952 96
962 91 91
919 802 57
453 726 9
930 630 67
402 456 69
525 220 69
764 944 18
889 808 58
911 211 91
361 389 29
838 746 70
835 526 32
960 846 52
441 679 70
512 769 21
561 152 45
355 101 98
1 145 94
471 267 33
662 943 95
377 818 23
122 478 81
153 726 38
329 732 69
599 825 2
869 813 8
562 527 48
233 415 73
536 174 8
341 799 13
856 811 60
132 978 73
555 707 3
142 463 57
399 496 20
594 534 94
454 80 18
820 506 87
834 126 51
656 217 71
685 548 87
502 345 32
71 689 92
285 682 47
991 857 70
89 124 53
433 486 5
378 341 60
785 15 56
492 458 49
847 516 18
212 538 21
925 92 17
305 706 84
45 103 57
468 644 67
323 312 70
558 92 33
222 109 78
232 892 11
16 983 17
235 210 54
519 428 16
569 976 50
387 727 15
873 774 29
561 183 92
984 935 87
855 363 57
670 428 44
434 417 57
798 391 37
120 735 90
435 801 41
256 796 45
125 735 93
167 636 64
405 817 65
25 709 82
868 789 86
923 357 9
615 124 79
518 764 88
890 874 84
700 717 45
748 231 81
474 837 22
352 773 79
421 949 54
232 680 5
526 72 76
216 786 92
242 126 30
747 59 87
89 877 83
416 213 50
834 323 99
212 460 14
537 407 95
170 178 41
835 851 96
654 554 67
152 811 34
41 959 80
168 196 49
345 189 31
904 105 60
173 923 96
946 600 49
473 937 76
0 813 20
110 733 75
526 932 100
585 784 62
664 870 92
679 337 100
167 282 55
845 238 62
232 365 31
883 675 100
23 57 85
925 612 21
304 205 12
41 790 93
436 759 44
53 470 64
413 120 52
751 630 41
431 51 98
829 397 58
214 772 99
674 296 44
620 698 83
339 282 78
531 763 46
887 72 62
447 942 11
557 249 51
748 197 18
778 665 70
972 460 25
87 259 13
953 114 67
375 770 16
791 860 73
899 976 86
274 608 52
596 664 90
707 406 20
62 875 48
814 553 27
549 543 16
294 783 37
731 533 23
532 790 55
7 636 28
15 472 14
845 470 80
509 462 63
304 970 41
730 540 94
499 19 15
447 121 36
130 705 85
929 19 5
202 57 96
672 66 35
36 203 39
954 151 2
565 273 34
331 208 79
998 561 35
328 641 17
874 217 93
38 410 84
724 823 59
139 693 91
360 678 43
352 586 40
326 284 77
211 251 92
796 184 16
175 217 37
263 464 80
355 783 100
257 740 8
944 166 25
752 754 85
890 383 53
164 423 8
567 979 20
170 431 9
682 785 66
615 699 54
586 447 1
701 26 70
580 424 97
234 194 85
717 164 44
534 139 70
33 638 72
618 143 67
298 875 41
365 705 63
387 696 39
590 794 91
6 654 76
424 521 85
541 489 35
530 92 59
90 322 35
722 720 10
812 754 80
353 5 23
191 387 95
805 870 4
126 467 64
874 7 42
800 697 95
357 920 33
384 325 79
964 979 21
963 643 78
265 471 55
901 541 23
450 214 50
558 880 82
830 784 47
949 333 55
177 213 82
631 592 20
728 390 32
699 392 39
961 545 74
339 749 8
694 510 59
487 595 43
963 184 76
52 655 83
189 532 98
980 520 98
943 580 72
490 40 19
538 379 90
785 51 97
866 599 62
616 44 95
373 126 4
611 1 59
896 205 75
773 289 12
113 63 6
486 917 30
625 436 17
112 681 46
998 439 79
966 446 73
814 920 75
781 88 79
925 865 89
255 590 43
508 875 23
66 834 6
431 647 58
909 170 80
213 799 99
359 493 60
815 771 83
793 981 59
982 800 46
26 950 95
365 870 61
51 821 42
913 919 53
512 417 10
728 966 46
358 671 52
804 631 85
832 254 88
571 653 3
948 797 22
125 904 88
190 406 90
167 215 80
719 200 82
394 390 57
113 360 37
179 61 41
659 144 70
719 268 18
651 482 6
560 31 95
408 78 49
930 18 21
589 840 84
90 410 99
151 62 53
214 789 55
682 523 78
463 121 74
102 348 98
176 482 4
732 324 69
426 44 66
496 806 53
240 808 50
962 233 29
951 58 65
475 677 3
531 385 29
273 200 25
656 1 93
250 212 32
571 911 53
88 641 77
587 724 28
326 691 91
272 655 66
96 299 21
82 401 13
967 834 27
121 428 34
560 287 36
57 700 60
660 798 7
992 428 94
781 49 64
257 460 42
729 875 68
360 837 58
50 659 54
297 660 59
675 50 93
480 411 38
795 355 79
234 268 82
268 881 95
888 324 40
414 259 61
98 316 68
661 330 29
276 527 38
800 161 87
961 681 74
270 46 47
306 562 6
297 229 95
286 108 72
833 718 43
45 945 59
532 960 73
628 734 97
698 380 5
459 622 50
894 923 85
380 914 99
444 543 46
218 808 11
303 172 77
39 504 70
264 516 65
737 295 79
671 931 57
116 722 19
599 548 76
129 996 10
467 666 60
724 101 85
950 915 60
442 102 98
400 37 9
870 497 33
277 921 35
222 69 75
762 425 85
381 140 6
750 705 13
175 85 47
114 141 4
604 376 24
952 594 90
946 331 93
794 200 83
99 152 5
229 828 70
249 264 29
938 226 24
840 799 98
758 755 51
823 263 63
33 528 83
721 377 4
340 61 5
335 367 49
690 781 21
577 163 81
262 419 29
287 409 24
360 131 8
36 617 6
130 270 87
278 859 39
72 591 42
759 476 20
995 759 26
138 635 99
457 285 77
837 248 20
680 950 13
826 15 36
18 421 50
3 770 26
577 289 4
452 552 14
113 478 97
668 352 38
503 232 34
547 467 3
958 340 27
527 718 34
755 345 20
848 729 94
647 827 30
98 522 29
589 711 84
974 124 25
769 739 54
983 776 10
733 394 47
478 336 68
884 906 96
838 48 6
815 486 90
407 476 100
890 427 11
682 60 29
291 614 3
206 683 61
926 868 30
19 659 51
468 982 26
159 918 19
957 470 14
870 766 57
188 508 49
86 360 97
243 347 68
251 855 42
781 414 73
458 66 69
97 867 47
57 555 50
723 413 36
10 22 82
36 104 86
48 936 21
332 176 59
347 168 66
454 54 88
860 984 33
766 606 77
12 885 37
244 2 74
165 558 45
261 535 6
152 200 75
650 189 57
115 69 34
562 551 40
988 14 42
909 425 26
59 553 77
589 181 50
910 407 77
433 603 9
453 165 15
137 778 60
477 655 63
913 374 27
200 393 81
971 866 40
965 289 83
387 128 31
855 85 52
345 241 59
93 182 28
833 137 74
25 558 99
737 831 32
738 200 20
818 485 74
741 256 97
343 843 39
893 184 24
760 155 19
247 221 14
48 798 67
903 928 31
483 876 90
55 841 68
794 527 17
276 377 77
663 212 35
416 710 71
287 338 40
855 731 87
117 202 79
440 712 44
449 410 44
501 906 8
716 870 63
289 864 1
331 685 29
650 209 99
520 719 99
332 928 96
111 821 88
335 922 5
883 350 45
338 11 72
943 322 5
118 34 41
963 823 22
130 555 56
942 132 95
49 174 38
513 657 1
274 90 45
948 491 42
841 150 82
631 2 18
413 980 66
670 852 37
48 381 63
916 842 90
255 949 21
453 467 86
962 484 70
632 424 51
20 608 56
509 348 16
185 108 51
941 341 51
38 941 73
685 732 9
618 201 85
767 203 18
286 7 46
111 60 48
883 163 50
45 324 75
477 972 33
978 286 90
448 19 49
240 433 14
547 640 79
849 57 58
252 505 60
174 975 54
673 38 70
627 573 73
9 138 61
533 115 78
696 474 71
122 889 7
3 856 38
77 12 82
491 436 53
518 355 14
725 742 42
300 517 60
800 5 18
281 320 5
521 313 77
126 425 8
72 847 99
364 707 83
722 892 47
506 547 57
994 646 60
644 218 54
964 594 54
441 20 92
573 721 8
314 527 34
825 455 54
31 373 100
882 467 93
775 347 16
498 609 99
381 178 89
298 932 43
624 100 7
272 466 55
16 228 52
686 501 35
417 89 34
764 578 57
176 824 3
360 786 2
785 46 58
795 830 42
512 976 1
16 459 87
862 212 23
486 34 51
412 59 7
125 550 43
55 642 2
264 943 53
665 379 12
630 556 43
258 851 77
983 814 92
507 168 41
457 317 46
32 840 57
357 508 55
213 609 54
111 467 56
260 246 75
206 245 26
451 99 54
69 811 65
420 940 21
687 14 32
252 335 76
866 600 21
948 468 53
498 479 94
832 536 17
780 15 9
881 326 54
611 744 68
628 885 67
590 587 29
725 539 12
711 250 79
479 944 72
190 308 67
807 200 7
142 699 78
65 913 4
29 839 82
253 486 90
748 342 51
530 231 4
906 569 60
713 931 57
846 808 88
776 361 48
987 645 86
276 337 36
896 621 76
660 725 9
6 819 3
637 694 33
278 226 6
603 285 70
837 928 48
184 615 51
800 955 33
909 11 48
323 552 96
916 482 4
760 976 12
944 733 97
297 304 39
37 269 29
153 345 37
352 94 69
844 863 31
221 653 45
296 378 22
764 713 32
624 56 22
333 612 36
5 822 18
547 727 53
410 598 21
561 505 69
465 903 64
876 72 50
819 846 6
863 453 79
710 42 35
662 910 32
755 873 43
283 183 92
43 615 81
645 194 89
269 985 2
309 18 9
230 723 88
345 827 39
186 235 98
699 232 58
149 952 30
394 124 17
738 611 38
94 568 97
734 910 91
699 819 32
537 356 100
87 529 25
535 353 16
447 148 47
168 885 60
449 415 96
385 83 13
210 381 39
377 888 63
122 388 36
418 112 28
773 131 29
300 434 5
817 203 17
324 947 15
393 664 34
280 190 62
467 643 99
447 490 45
452 581 1
262 287 3
227 645 4
608 446 48
135 875 51
508 454 31
222 713 80
962 926 74
134 908 10
112 344 13
610 154 64
702 624 39
575 477 39
261 782 74
953 845 59
160 219 20
561 339 76
280 829 54
718 752 90
793 952 21
492 175 55
363 337 15
658 91 60
242 178 40
694 587 81
723 181 23
164 818 64
33 116 45
809 633 65
291 32 69
770 867 51
89 496 52
283 279 51
136 3 63
795 248 79
205 602 25
295 225 66
697 129 96
263 490 5
600 859 82
828 476 46
302 437 96
925 906 68
220 709 71
291 649 12
830 72 68
905 518 91
846 227 27
37 679 35
701 951 88
305 998 87
557 816 49
944 600 50
658 921 72
741 281 87
487 733 38
461 38 92
609 800 88
641 921 49
517 94 77
815 712 42
228 359 7
230 747 55
282 829 55
289 524 93
817 396 65
969 847 68
752 367 100
983 863 60
211 768 97
451 340 12
607 964 95
321 214 92
857 907 96
94 853 12
819 612 27
35 407 43
760 527 12
196 888 78
210 431 57
423 105 24
185 887 59
11 634 1
269 995 12
21 549 16
840 882 21
615 691 63
385 475 95
150 82 37
124 485 79
729 922 1
822 655 72
592 57 98
213 907 94
600 622 58
468 92 66
941 178 71
892 502 66
857 471 74
457 563 83
539 307 93
137 799 19
403 81 63
507 196 68
695 750 97
583 291 87
315 892 84
712 261 6
357 291 89
336 517 100
300 464 41
761 711 82
962 18 50
19 764 82
701 739 69
536 420 25
42 86 75
164 953 59
505 545 96
941 534 96
167 576 24
841 864 82
621 752 42
437 799 39
641 264 88
937 970 84
651 177 98
252 470 59
839 413 91
213 45 80
865 1 41
343 398 93
781 760 25
401 31 93
271 900 65
52 953 13
395 387 80
929 200 85
851 47 77
512 448 73
894 275 4
722 785 37
864 392 18
950 38 91
308 913 18
917 651 18
472 896 13
212 916 84
282 239 70
398 393 44
145 733 59
606 30 82
627 396 87
743 262 80
852 63 25
375 202 89
715 704 7
418 40 19
455 96 4
229 496 25
228 176 90
146 200 85
237 249 92
561 687 20
528 491 34
276 769 9
588 982 35
457 825 40
940 495 100
635 11 31
320 480 20
237 213 53
864 787 98
60 940 52
696 399 56
74 638 95
855 259 1
564 428 38
506 271 93
527 172 69
744 785 93
633 764 53
10 777 66
517 209 98
605 526 58
317 957 45
190 489 6
283 611 16
343 431 76
897 993 26
401 361 16
757 554 9
346 825 80
720 534 55
908 209 84
92 914 24
299 761 91
933 866 74
627 527 92
950 54 83
785 655 15
37 340 29
729 308 21
347 231 39
212 939 46
741 80 70
886 426 73
337 513 12
84 453 13
205 98 40
14 156 67
343 510 5
382 6 35
869 461 65
474 587 14
513 531 73
48 736 94
935 714 25
9 785 29
991 982 3
48 373 15
436 477 83
353 13 99
598 539 90
941 147 38
115 272 100
288 825 64
697 604 40
553 853 19
922 263 74
289 398 87
583 817 10
205 158 15
783 102 3
67 49 99
508 811 18
16 293 1
398 689 53
311 283 10
483 464 38
18 81 43
867 237 29
264 609 29
569 307 20
20 29 58
856 547 50
650 414 16
762 994 4
135 765 82
408 220 56
439 752 33
546 307 7
486 728 24
786 546 47
250 439 98
251 239 65
764 881 47
655 37 78
152 837 93
226 820 41
144 435 6
558 152 5
583 588 64
806 280 97
206 289 44
506 22 83
8 314 80
157 530 74
781 698 12
569 815 95
922 955 54
861 105 30
123 225 20
835 185 66
944 396 81
409 318 86
816 163 78
943 355 64
29 791 1
370 325 59
45 749 13
435 254 49
179 582 15
63 262 87
736 866 45
281 663 88
928 745 1
483 951 35
279 399 29
534 629 42
360 420 9
203 711 71
929 991 99
141 181 12
753 515 100
151 955 62
564 196 32
482 11 62
35 319 58
782 186 86
241 278 3
813 36 40
350 487 88
231 565 63
538 100 63
591 535 99
304 753 88
895 475 47
752 142 92
49 478 51
604 649 51
424 902 57
940 320 14
85 302 44
263 547 50
982 382 35
359 677 54
822 490 34
465 929 12
338 539 97
58 2 62
634 623 79
260 280 14
117 798 3
770 74 95
543 446 84
315 63 31
113 180 1
349 282 13
921 872 28
346 440 55
178 66 12
280 182 23
210 886 14
180 791 80
477 282 54
211 374 1
210 291 10
70 75 37
185 52 86
64 216 36
354 448 58
332 511 3
665 178 20
939 524 58
767 853 39
51 971 1
577 781 68
369 857 24
451 160 95
61 865 50
639 360 80
275 37 77
277 878 85
194 318 8
712 375 100
440 177 6
417 470 17
951 154 39
633 900 20
848 482 44
977 706 34
209 873 14
396 2 27
73 336 63
127 885 68
977 509 49
613 140 31
0 653 99
164 817 66
245 400 52
609 838 86
995 526 11
883 982 51
584 517 57
720 359 88
40 602 77
944 275 24
350 924 54
221 56 53
10 796 11
801 735 28
190 985 52
80 185 4
284 841 4
819 366 72
136 850 56
137 836 10
878 969 94
624 123 92
516 906 12
653 306 63
231 359 2
149 931 69
781 817 52
544 344 6
411 144 21
101 968 66
285 564 8
466 564 55
748 275 98
804 621 33
184 644 40
390 316 8
19 256 40
965 799 20
405 104 86
291 742 88
719 306 39
417 53 32
882 988 64
999 90 49
81 784 62
220 422 38
190 679 24
286 385 23
750 922 20
244 702 6
179 751 77
243 900 46
442 111 65
68 266 47
927 337 43
505 496 97
261 407 20
602 227 10
475 885 14
805 387 53
382 183 44
425 421 30
274 994 37
490 902 43
37 169 9
239 928 72
271 534 31
358 344 30
103 200 77
33 163 98
701 753 24
927 682 42
971 869 51
256 318 51
383 770 13
497 818 54
379 859 72
739 270 97
356 405 89
461 424 62
353 453 32
419 892 35
422 831 88
533 300 61
978 204 51
251 164 34
424 465 69
43 887 89
127 903 56
661 532 32
328 385 41
734 304 29
302 608 54
906 60 42
481 587 33
340 974 76
741 755 87
928 371 86
705 748 47
636 597 25
437 670 14
276 947 45
706 709 61
401 722 19
532 484 22
269 7 26
383 326 57
706 371 50
533 373 67
900 809 71
298 494 64
421 891 82
152 172 70
664 914 3
671 6 10
931 283 52
189 315 92
794 992 99
432 34 90
37 135 86
3 556 57
882 987 70
562 470 99
161 450 39
382 787 93
233 48 72
326 247 45
463 86 9
517 454 38
612 436 57
686 406 8
369 961 28
522 767 84
782 318 49
313 382 91
637 117 56
103 667 70
306 466 79
717 316 44
418 211 14
715 855 4
644 447 24
458 851 8
704 241 45
259 989 90
337 512 10
670 733 6
757 103 6
563 819 84
775 52 93
983 118 89
600 873 22
8 399 41
265 795 45
758 112 35
303 877 8
636 491 100
296 334 60
643 456 43
243 647 11
259 753 39
633 932 4
620 642 92
207 481 85
695 882 75
573 544 89
378 29 81
945 554 6
116 642 88
345 297 4
493 929 22
135 492 86
129 330 57
741 522 26
818 583 56
799 408 57
466 306 61
233 839 18
41 838 93
610 83 51
344 249 34
433 531 63
354 71 22
360 243 24
985 646 84
606 805 30
419 41 94
182 62 17
125 568 25
169 641 49
166 614 34
879 177 25
799 185 91
173 850 37
317 671 64
210 0 14
746 448 87
141 77 82
431 83 31
752 946 5
324 806 59
627 9 33
836 405 3
673 569 19
740 890 40
482 31 77
900 506 37
452 466 47
660 732 33
846 540 86
93 121 49
761 428 20
759 12 80
275 872 30
857 809 100
742 707 9
620 325 15
251 468 60
430 541 74
678 274 92
870 421 22
655 483 92
944 541 35
308 727 41
335 754 52
720 775 75
814 743 85
920 99 77
146 573 28
644 971 97
144 870 26
777 335 69
806 358 33
548 825 6
205 416 61
111 959 73
908 174 17
245 580 86
48 585 58
588 615 57
807 218 42
949 370 73
91 90 39
222 306 63
446 283 20
251 370 21
886 185 66
613 198 91
52 361 22
121 409 13
367 933 85
528 585 47
842 890 100
507 290 49
477 926 71
474 511 40
326 581 82
977 892 97
278 775 29
499 567 89
816 419 52
640 60 18
295 661 51
276 736 78
774 414 76
398 94 75
615 425 43
714 313 86
827 136 36
479 182 95
695 812 14
973 293 87
444 310 15
179 287 22
641 216 56
75 844 91
140 502 87
101 75 77
743 325 21
71 903 19
41 657 59
794 12 26
736 577 4
0 727 28
808 181 90
76 359 49
542 631 74
137 782 94
847 223 90
759 650 75
173 321 84
204 463 25
50 565 63
381 727 50
457 811 51
502 549 100
252 665 38
207 806 50
29 813 56
218 31 73
201 33 38
942 186 67
848 162 88
874 153 9
892 405 23
736 12 94
736 348 52
830 498 20
2 35 98
28 832 66
967 154 25
50 603 98
746 242 81
462 781 62
572 144 4
357 993 65
114 639 19
842 824 44
100 889 22
682 20 57
156 117 66
574 360 60
135 758 27
719 753 53
556 592 48
772 46 36
511 134 49
874 442 97
487 429 8
990 933 33
306 66 66
572 358 87
327 617 73
9 418 2
615 724 28
253 199 48
300 961 7
460 77 14
852 911 28
495 538 35
496 97 64
458 647 77
366 717 14
496 177 72
359 350 57
735 614 9
932 199 31
877 109 30
537 205 7
89 165 40
554 66 93
496 195 92
362 787 45
40 953 30
735 187 34
66 271 11
518 908 39
310 616 40
534 485 4
744 74 80
134 963 66
210 977 31
452 312 15
445 610 81
625 239 76
782 709 21
687 710 73
799 819 86
895 510 1
772 941 33
757 148 9
834 736 42
252 570 19
918 203 14
972 557 66
861 847 35
924 401 56
519 348 17
738 470 2
436 643 20
956 833 85
431 189 31
128 130 83
89 53 97
467 897 93
458 811 81
205 299 9
586 655 96
189 280 83
662 67 67
523 452 43
490 924 46
898 521 73
148 755 80
706 661 68
973 996 25
736 145 95
342 437 51
998 205 62
460 904 65
90 56 62
939 66 27
947 776 15
417 996 67
288 743 80
294 27 79
286 105 61
986 227 34
760 223 68
138 990 82
768 951 8
647 42 35
581 836 99
281 268 30
1 28 35
252 739 27
802 297 79
368 80 58
770 216 9
636 987 14
370 930 70
26 484 91
240 547 62
710 15 30
505 173 4
947 567 45
457 480 90
985 966 34
651 100 19
586 523 56
1 773 77
955 41 31
807 721 27
434 250 79
89 164 69
500 365 8
89 561 33
168 922 97
34 554 67
529 501 98
597 498 40
676 481 5
759 708 49
104 376 79
275 876 46
315 575 88
374 482 91
571 995 42
204 476 65
908 206 95
541 445 40
514 245 12
342 325 13
513 79 21
450 576 82
685 682 65
595 442 43
769 468 32
21 469 95
270 310 61
914 440 72
217 561 31
445 279 33
910 638 53
970 652 81
934 391 19
482 936 47
539 259 86
847 167 70
272 597 20
433 653 24
140 639 80
236 250 1
255 66 29
694 746 38
924 206 91
237 101 50
262 905 68
268 618 66
350 825 87
488 130 3
639 796 28
879 527 4
387 116 98
87 486 23
976 496 26
33 767 17
717 407 85
633 693 91
682 829 67
53 985 97
228 267 4
363 677 8
172 936 68
545 319 52
43 15 77
3 51 69
224 482 34
507 132 66
913 145 63
998 875 9
682 267 100
693 525 52
53 96 17
774 588 98
347 473 12
253 238 11
474 205 52
311 934 19
90 684 36
22 506 41
113 374 69
877 515 28
459 582 66
4 287 92
339 636 17
793 523 57
372 815 27
84 124 72
193 576 25
985 485 19
240 256 82
211 474 42
623 488 21
160 416 3
602 341 32
382 336 39
807 664 84
107 896 94
736 700 6
212 559 94
697 991 55
197 831 39
300 68 7
482 633 79
730 904 77
545 11 33
673 574 3
115 774 84
703 520 57
400 715 66
57 339 84
147 201 76
477 672 49
780 777 99
192 993 30
928 663 90
412 301 30
468 621 5
86 684 79
546 524 71
206 680 41
271 131 47
616 105 67
84 405 47
339 555 85
318 576 7
667 661 13
677 713 33
444 0 37
635 929 8
53 223 20
247 375 27
324 616 52
79 400 65
788 484 77
348 772 61
369 873 41
543 720 16
124 557 86
453 541 95
848 593 80
35 374 13
101 532 93
795 344 10
373 565 91
452 917 37
262 82 9
879 1 77
438 920 57
167 270 58
259 19 36
177 263 79
858 286 65
197 828 55
860 655 44
610 477 10
977 930 82
177 797 93
583 483 47
102 894 15
804 430 52
998 270 89
147 980 56
679 264 52
105 29 4
141 783 29
888 694 22
720 759 46
822 379 80
177 872 5
339 585 99
348 279 48
934 900 44
778 784 18
787 1 20
135 823 77
157 443 16
213 808 97
76 368 96
977 557 14
448 599 51
749 670 95
672 289 74
260 180 10
384 167 59
730 619 29
270 441 98
690 118 67
112 793 23
58 753 58
36 892 99
191 159 7
401 939 21
3 408 80
532 264 83
242 35 16
986 193 95
514 570 88
480 367 56
246 737 91
496 913 29
108 461 84
292 701 70
393 614 84
388 903 32
496 878 51
682 704 72
244 618 8
75 528 6
320 429 13
930 140 53
213 875 34
96 436 73
956 245 49
524 913 30
546 712 16
400 842 47
16 245 57
281 341 18
438 553 80
144 5 27
182 530 82
588 258 2
497 973 41
729 768 51
756 920 47
869 275 37
12 116 48
252 592 21
605 750 87
850 720 49
127 769 77
323 445 61
694 639 84
759 253 80
666 276 13
385 111 21
283 747 14
270 452 40
867 803 8
339 363 30
207 651 46
975 634 7
852 834 3
121 568 35
689 416 14
926 80 11
320 744 24
322 67 91
699 278 52
693 427 17
199 957 45
4 901 24
355 675 51
853 928 100
691 173 5
307 332 90
976 32 87
733 882 43
934 688 64
627 653 67
528 631 52
664 12 57
231 713 3
776 449 79
721 853 94
745 490 95
699 367 67
777 752 30
845 175 92
446 180 81
955 307 81
294 899 28
343 218 100
611 12 25
870 934 68
345 137 55
831 409 80
962 539 43
127 763 46
171 39 4
577 454 46
550 85 29
411 462 44
615 737 98
53 601 62
448 512 3
274 310 75
358 562 48
520 782 96
775 814 85
387 346 67
150 550 86
430 652 99
77 165 31
338 152 40
969 68 33
467 496 53
317 264 48
961 998 54
287 581 29
893 371 28
169 634 74
449 379 38
580 377 67
24 35 83
644 585 54
932 82 85
124 984 45
33 346 65
437 954 64
768 154 32
662 112 82
668 2 66
275 805 44
632 615 42
187 465 14
247 728 54
685 502 47
943 501 51
269 777 33
614 320 23
726 49 56
701 729 81
590 874 55
683 320 44
395 492 89
760 575 18
524 452 6
53 670 11
686 230 70
630 91 93
300 364 38
500 826 58
980 284 42
689 554 22
7 189 1
205 74 48
719 250 18
433 757 38
431 830 85
219 870 31
879 952 55
244 788 80
661 141 19
586 381 10
772 955 27
642 280 21
254 808 33
927 433 23
364 121 24
634 892 92
323 411 62
431 958 34
499 917 47
811 527 27
33 320 31
739 698 43
966 609 57
155 190 83
426 556 50
825 152 72
329 429 45
680 261 6
353 436 28
435 612 43
578 117 56
486 96 77
183 323 12
818 63 59
246 724 20
482 695 85
201 140 17
778 144 84
320 903 30
81 28 12
567 22 90
192 63 57
599 892 49
327 906 1
363 889 76
621 38 21
721 692 5
632 344 39
948 212 71
992 925 65
495 1 61
125 517 25
478 813 58
474 38 7
185 265 22
980 382 77
434 4 74
838 165 20
569 330 28
118 515 2
626 504 59
285 215 37
709 168 66
806 932 18
634 517 73
469 811 92
106 987 70
905 318 74
823 430 49
130 580 87
260 716 66
131 35 9
748 674 17
905 227 22
0 411 32
964 388 95
233 698 24
474 892 38
326 391 73
504 237 69
809 510 68
229 756 76
439 452 88
573 374 78
600 384 65
929 952 52
134 703 14
755 462 37
917 258 3
923 276 32
283 109 31
282 8 50
477 361 6
24 798 14
746 797 73
934 736 1
940 861 42
723 861 69
184 430 46
331 8 42
284 601 46
946 909 21
316 973 68
232 833 85
326 660 17
831 284 2
652 724 14
995 151 50
675 541 98
105 246 35
713 612 54
119 843 34
388 347 98
812 82 54
984 554 85
282 866 32
842 451 87
816 815 32
899 321 47
569 939 84
384 503 73
128 710 92
820 471 74
773 35 5
739 836 3
58 533 97
838 890 83
266 841 23
602 783 19
151 507 87
516 31 33
651 424 27
872 842 52
377 704 44
495 145 62
626 92 48
931 8 44
730 748 13
667 526 80
539 34 30
935 228 83
311 833 40
467 934 80
669 575 97
503 84 79
45 627 6
77 859 32
834 622 44
903 435 94
427 838 95
254 261 48
718 433 11
438 261 5
598 173 60
617 123 42
754 324 72
324 129 76
220 167 92
56 482 66
417 230 88
643 294 6
826 247 45
153 621 30
364 328 92
495 106 53
217 630 21
331 260 54
454 990 12
210 38 16
565 842 51
410 340 85
170 424 12
21 889 38
434 610 96
447 325 46
612 998 57
544 162 70
493 720 49
0 506 56
301 963 25
750 410 35
922 364 57
303 468 64
195 97 93
290 659 50
988 535 17
607 390 80
332 163 34
225 32 88
538 831 61
821 47 21
879 58 21
523 147 88
180 237 43
904 82 15
823 298 68
298 472 16
500 872 41
412 715 20
953 147 56
420 563 2
522 121 92
3 635 3
874 997 59
448 698 73
655 737 45
880 137 11
872 321 66
548 943 34
471 672 75
38 132 90
98 146 76
615 665 76
480 72 7
903 627 36
668 996 31
68 89 72
486 402 30
443 563 41
608 337 93
767 773 82
809 335 19
482 458 43
207 593 19
150 505 81
280 797 22
590 725 75
33 988 76
922 898 62
704 511 20
534 735 47
502 480 64
732 392 100
190 45 3
230 741 22
426 832 25
419 622 53
792 469 53
853 761 50
338 667 66
19 616 66
173 240 74
866 760 76
656 109 38
103 546 30
438 125 1
740 11 99
196 655 92
249 631 57
389 805 61
962 63 1
104 523 9
453 817 42
999 503 23
403 482 35
132 114 89
499 155 83
524 104 59
738 480 27
61 381 69
988 885 68
728 602 83
322 163 68
994 457 30
832 309 58
819 848 46
821 545 41
616 368 80
869 646 15
169 279 61
121 212 5
435 615 87
900 123 13
361 795 57
379 870 62
778 763 43
710 499 14
846 115 88
924 528 8
199 218 50
438 926 83
610 602 78
571 18 70
634 802 60
232 472 2
679 127 87
165 929 5
256 747 51
884 301 72
418 188 50
606 785 53
915 819 59
942 992 75
566 512 81
511 138 81
7 122 3
153 892 35
612 65 58
344 780 32
313 485 36
463 353 72
168 625 21
902 197 19
145 432 78
400 609 12
569 164 68
336 344 74
730 150 28
265 817 68
615 596 83
943 843 15
101 61 67
304 227 3
46 30 26
578 403 90
143 402 10
302 993 92
79 61 20
252 317 39
131 410 84
545 924 46
548 988 57
25 993 76
883 50 41
431 758 21
265 945 6
722 22 47
538 952 50
721 150 96
853 704 59
77 381 62
505 980 10
214 899 80
290 184 18
452 425 9
281 340 31
776 824 5
931 629 96
948 991 25
131 173 90
203 294 24
629 638 88
998 92 53
151 271 74
746 346 16
655 30 12
605 972 22
501 399 88
918 951 34
306 234 62
84 996 52
815 868 46
351 816 79
702 32 94
235 364 14
40 402 9
894 767 38
691 603 74
359 457 37
68 87 84
349 180 75
989 844 21
722 83 1
375 116 33
730 976 95
394 695 5
226 987 11
786 877 100
99 317 16
117 596 40
189 139 23
146 142 91
944 993 13
438 326 24
821 172 95
382 519 60
770 743 27
516 382 85
552 919 86
885 620 37
22 950 31
923 864 42
240 421 37
78 389 94
154 88 35
491 817 73
849 879 59
570 678 69
534 710 5
15 696 95
996 359 23
177 982 48
997 733 15
827 926 72
675 400 47
681 344 44
629 986 85
996 34 25
535 483 66
576 25 64
889 433 96
524 612 56
117 387 94
320 805 64
28 442 58
972 114 38
141 195 20
426 396 66
876 441 4
285 689 50
964 446 65
944 815 2
901 394 72
340 659 23
17 546 52
614 469 2
522 676 44
382 906 93
889 743 13
513 532 96
959 687 60
808 801 96
373 890 38
70 325 22
21 629 93
160 349 47
367 480 76
463 526 83
362 489 89
868 825 78
976 642 65
577 690 24
324 768 10
804 105 49
645 220 12
760 906 81
703 567 23
697 279 78
709 291 83
282 839 71
601 512 16
512 818 96
791 799 84
256 157 41
684 830 97
73 256 33
716 339 26
390 307 26
485 641 90
395 38 55
989 272 78
861 359 21
354 877 49
179 875 38
17 779 55
492 56 24
115 663 70
127 234 22
41 256 17
584 208 56
769 519 63
97 735 79
369 131 12
938 805 7
140 879 39
297 262 70
601 720 17
481 445 53
638 716 87
133 371 27
318 840 37
789 500 100
313 22 26
142 375 34
777 693 26
315 844 35
285 227 61
909 970 55
951 159 44
582 67 16
902 271 13
696 923 76
732 433 94
167 665 22
467 588 33
868 393 27
350 611 41
2 885 48
592 398 73
120 287 90
989 108 29
265 159 74
778 180 84
76 393 97
541 293 42
60 293 15
813 222 76
16 455 80
180 780 64
499 923 94
718 13 51
495 38 26
930 761 31
173 299 88
429 135 97
928 106 97
276 874 73
905 468 65
789 63 94
170 935 39
342 306 32
335 726 74
654 58 40
605 228 34
618 882 44
57 132 98
639 80 70
434 364 86
831 321 8
850 495 97
956 122 20
477 172 24
268 107 23
774 949 68
344 631 6
434 899 51
448 100 74
269 367 92
935 441 29
402 662 5
824 884 24
753 801 10
792 150 97
123 922 66
388 158 60
995 925 58
4 870 63
24 738 43
796 361 72
952 996 34
479 687 57
589 408 74
973 61 93
930 986 100
895 164 94
869 119 65
173 623 89
884 726 74
874 919 78
957 139 35
916 197 78
385 570 97
532 191 58
591 390 9
803 832 91
668 252 53
38 629 21
117 757 87
868 340 35
169 152 2
858 60 22
671 241 72
92 148 92
605 326 49
171 937 96
665 335 53
747 283 24
461 726 25
232 678 64
594 440 30
798 12 74
982 935 6
376 547 76
852 968 63
336 586 30
715 769 31
445 389 40
84 545 1
935 264 9
814 465 62
110 139 89
426 136 2
89 802 97
461 563 28
825 768 48
970 435 41
911 765 99
321 618 76
918 965 87
238 941 70
210 844 89
403 309 63
30 252 79
454 930 17
216 835 54
96 749 6
331 534 15
918 456 21
742 778 20
644 815 75
502 157 91
446 565 36
446 699 29
593 106 97
371 138 42
473 568 70
859 368 47
923 314 86
873 872 74
609 307 48
166 367 30
119 123 95
903 263 62
802 863 2
820 381 16
571 443 32
972 193 24
71 50 99
346 886 52
312 55 2
426 540 26
321 212 12
263 790 11
338 76 98
595 706 95
839 804 63
833 561 74
428 955 9
950 737 78
339 715 20
305 114 10
78 92 48
736 836 3
128 816 52
192 539 41
58 703 54
275 549 18
870 737 20
880 814 59
751 523 92
754 912 74
766 6 93
281 258 94
280 510 84
560 313 1
818 672 38
212 799 13
847 304 68
664 979 44
730 349 25
726 984 82
683 869 44
444 491 72
766 885 76
908 841 50
240 355 95
900 261 27
480 796 22
908 434 74
649 679 50
50 248 21
387 666 60
785 897 7
423 19 58
311 910 65
841 512 19
151 788 76
731 297 77
117 159 6
460 850 70
471 405 51
564 61 76
645 610 13
343 902 37
783 187 81
991 536 61
333 194 65
228 136 72
538 498 48
535 150 70
546 746 88
79 759 84
217 174 82
634 969 23
716 826 79
765 266 18
991 550 18
721 750 17
395 146 36
375 285 92
441 67 80
358 940 81
416 344 66
55 788 64
99 957 97
579 211 82
915 14 99
660 100 16
892 698 65
570 817 23
109 585 84
676 626 91
510 888 57
936 744 85
297 540 95
849 307 73
877 737 2
154 916 18
851 180 13
209 736 42
374 315 48
49 68 73
212 403 96
77 417 79
26 19 52
559 994 76
141 574 65
50 919 24
859 663 66
790 184 12
784 966 83
394 849 93
403 539 41
644 155 18
772 884 74
87 99 99
20 391 96
164 17 61
628 865 46
397 777 1
87 872 69
581 614 10
853 906 52
773 728 54
437 446 99
705 559 37
753 654 10
150 462 15
64 311 13
885 506 86
352 492 46
585 496 63
159 373 37
701 860 61
856 354 50
283 749 99
753 284 5
174 610 84
804 810 60
238 541 85
531 911 51
331 778 33
642 130 22
610 433 70
528 73 42
208 237 28
124 446 12
823 296 23
402 807 69
889 984 21
897 992 82
516 813 56
596 616 26
802 471 66
142 734 57
439 23 59
189 247 72
363 276 64
832 578 5
550 22 19
228 933 69
83 236 6
863 861 36
840 283 40
232 975 58
975 856 13
406 479 26
53 420 36
904 71 34
160 655 90
329 844 68
857 881 4
598 569 95
774 601 70
974 500 73
121 652 78
829 889 2
268 257 54
216 490 12
733 937 93
131 453 27
462 335 23
624 179 77
38 604 82
402 73 100
551 170 34
399 971 84
102 750 64
364 793 18
581 403 78
784 299 12
531 516 83
741 75 76
259 389 63
466 506 86
769 208 18
992 847 42
618 275 21
2 56 13
981 756 45
649 267 25
489 269 86
330 208 19
368 642 80
701 664 40
28 737 26
991 127 62
41 649 95
373 620 2
541 953 87
772 591 70
577 29 21
759 620 68
668 568 89
623 425 92
203 6 57
156 972 90
75 8 1
903 35 3
831 779 1
612 981 65
745 50 22
210 221 90
458 823 8
59 653 82
496 423 42
560 490 11
271 398 22
434 68 67
625 657 50
548 711 4
894 161 100
160 227 89
167 901 92
806 401 18
803 840 14
187 294 56
11 733 99
51 5 60
171 251 56
497 850 39
794 686 26
489 880 31
69 910 34
959 263 81
655 580 4
884 854 61
961 148 24
17 901 73
906 752 63
925 506 83
774 639 52
190 744 60
92 434 29
232 394 80
205 149 24
610 173 31
112 429 29
116 160 3
203 13 79
174 441 87
434 522 53
117 89 91
987 568 85
27 292 77
56 473 62
532 592 62
309 94 35
947 525 26
879 621 11
855 509 34
437 627 47
988 909 86
544 779 70
439 912 46
302 485 36
690 226 15
651 861 26
18 234 17
986 481 70
252 814 37
968 332 98
268 333 39
518 505 93
476 25 82
916 308 86
281 467 51
516 47 5
111 555 81
123 493 27
66 804 45
504 398 76
246 931 38
171 188 26
449 586 41
949 607 78
942 639 19
679 417 44
562 403 55
986 661 86
267 760 64
719 201 57
125 329 84
432 473 6
397 89 93
384 709 12
677 398 20
213 209 36
483 379 66
794 395 69
64 814 69
364 773 83
944 949 41
277 258 72
925 57 72
521 63 16
580 832 3
414 226 61
70 582 21
104 489 11
298 571 9
314 482 12
708 310 6
190 882 4
653 379 52
680 396 12
393 585 34
151 115 7
79 92 31
209 667 47
288 444 82
476 380 38
631 880 44
884 497 66
250 324 52
697 386 100
448 819 71
327 400 20
665 817 18
402 25 59
505 42 48
806 669 21
29 660 73
412 942 54
394 537 62
225 544 13
566 810 87
690 736 63
769 278 10
402 146 15
663 754 55
15 774 1
93 520 57
344 486 15
854 723 19
932 348 29
150 602 46
744 881 62
670 382 75
555 93 73
452 943 84
772 837 32
988 671 53
916 2 52
899 95 96
641 927 61
771 134 22
239 139 68
700 973 15
173 953 62
445 473 4
339 150 92
290 937 71
163 737 71
213 774 65
923 31 8
102 931 54
246 703 86
914 828 44
793 119 30
437 261 50
309 854 82
585 584 31
301 540 70
624 857 89
557 234 22
559 579 93
585 45 64
194 780 35
980 678 11
841 191 20
814 246 53
823 745 15
838 732 43
166 946 83
391 490 29
447 102 14
848 679 95
884 894 70
759 316 44
698 307 51
284 853 76
237 785 11
982 281 19
563 114 18
119 39 6
448 690 35
592 420 57
454 581 77
69 960 30
262 265 95
479 228 88
754 972 69
612 52 25
724 380 91
325 930 21
685 978 79
131 71 57
262 939 54
200 386 20
657 497 45
384 775 25
713 94 75
364 828 29
834 172 78
368 65 9
623 917 2
599 743 48
61 129 99
777 614 8
181 985 47
842 826 48
179 671 54
88 3 49
194 78 39
217 530 78
144 458 93
664 468 82
231 145 74
468 894 57
912 614 44
847 359 48
929 317 6
802 750 90
177 358 47
726 953 22
581 90 53
376 61 41
277 114 1
102 875 71
644 718 12
72 363 51
811 559 15
498 230 98
541 457 15
310 982 26
543 818 71
927 663 33
211 847 85
421 122 53
921 178 22
584 954 96
797 50 18
261 160 70
84 268 25
367 659 30
520 967 62
487 31 14
79 122 70
310 847 41
359 288 17
550 308 88
412 788 64
578 409 73
897 662 41
65 181 64
248 872 47
830 782 48
869 325 19
377 3 57
869 409 23
348 821 12
550 106 41
29 146 100
672 362 82
72 461 57
446 675 76
680 500 97
785 213 6
894 857 91
262 457 17
952 32 21
834 339 7
759 954 95
564 77 70
672 725 95
292 102 81
183 946 68
369 632 84
298 772 94
589 386 37
341 415 85
307 561 43
442 989 55
363 716 67
83 319 34
466 860 9
732 763 8
661 460 35
307 524 80
872 143 5
144 930 75
470 987 86
390 861 87
58 398 79
656 732 49
43 743 95
57 634 55
167 998 13
751 561 24
58 305 17
689 948 15
744 7 62
772 208 60
218 672 45
22 754 38
3 531 5
697 870 85
814 286 70
906 499 68
145 398 11
661 905 67
382 213 70
6 456 13
730 954 20
858 484 18
245 916 60
916 536 57
495 723 60
394 142 8
370 528 33
318 769 41
35 173 29
735 918 95
300 700 16
492 757 42
47 550 43
651 855 13
954 790 25
5 296 85
567 502 23
434 150 13
425 584 8
89 894 87
334 302 34
172 791 26
341 533 77
559 181 34
528 788 77
377 449 44
71 130 74
135 494 11
316 146 100
900 876 69
37 671 60
519 37 49
11 287 59
270 320 77
703 298 46
592 766 92
813 513 66
721 306 2
514 144 53
269 428 44
121 276 36
461 215 79
899 972 66
629 287 88
565 343 86
136 934 84
75 771 79
236 966 54
467 993 100
971 957 46
656 283 85
878 917 67
591 599 51
267 835 41
889 557 71
521 25 6
597 486 83
610 545 79
934 128 90
824 529 10
403 499 6
84 632 82
265 463 67
620 798 50
408 461 2
182 865 95
314 566 64
205 674 41
147 342 65
755 286 20
803 667 95
902 102 84
917 339 91
151 342 37
28 394 67
537 344 5
108 605 20
941 237 73
795 28 79
175 494 48
553 975 92
601 908 85
828 103 38
437 366 3
887 248 93
811 798 63
757 282 56
841 338 74
140 44 73
906 776 67
358 813 1
935 938 14
437 752 98
154 677 52
326 520 66
472 649 29
231 768 18
89 276 24
786 45 25
177 701 41
869 29 40
226 6 5
141 875 32
889 189 70
289 594 55
795 21 29
64 742 86
330 522 45
935 980 1
845 0 42
739 905 48
97 913 91
786 889 51
646 478 33
811 822 81
272 276 15
674 551 65
128 856 36
868 579 27
207 879 42
924 308 11
154 573 64
436 600 41
931 129 93
819 572 3
738 578 81
225 109 67
844 525 1
999 2 87
310 336 80
528 921 32
399 728 64
422 472 12
279 660 87
11 586 30
689 907 62
94 84 51
829 795 4
904 690 56
141 153 55
940 127 75
969 395 44
276 793 5
796 191 13
777 566 11
999 129 39
195 95 40
764 189 60
904 714 26
532 919 27
984 468 76
585 7 24
240 854 27
411 542 72
158 944 8
415 176 47
327 183 5
376 195 53
167 229 78
26 169 26
791 682 51
858 757 14
450 671 91
340 276 31
766 432 17
870 882 59
28 640 46
114 421 13
623 502 45
718 588 20
861 547 15
916 244 52
802 480 23
585 905 70
540 302 9
334 20 16
762 948 86
47 239 47
240 683 96
710 656 63
167 340 45
77 910 94
621 190 41
908 151 23
726 70 28
83 565 36
600 151 56
482 246 46
708 836 57
695 403 70
52 590 34
47 352 75
791 358 52
246 750 68
538 603 17
112 221 14
160 999 45
335 722 41
759 855 10
679 481 64
438 323 31
829 475 4
516 367 60
954 377 38
945 16 34
192 895 95
801 849 47
195 496 98
869 158 50
844 809 92
907 139 22
301 975 71
965 505 30
291 613 70
46 779 17
285 583 9
650 574 54
396 704 88
792 45 17
637 659 5
562 113 12
368 228 23
419 161 87
793 217 24
182 364 73
907 975 79
447 524 36
945 49 71
178 35 10
948 494 8
978 602 79
393 601 99
486 923 62
598 376 71
178 821 59
820 528 60
944 251 65
312 773 67
92 687 77
371 982 89
657 400 75
698 979 21
391 353 83
546 399 4
658 269 26
827 992 22
329 885 13
716 322 69
313 976 62
633 935 65
259 453 14
57 440 35
104 286 46
397 862 48
777 956 59
924 850 62
100 19 61
555 115 7
482 359 47
304 265 65
829 17 23
788 551 83
482 32 44
81 33 93
696 615 2
960 820 46
266 190 13
370 417 93
559 115 32
892 121 53
18 70 71
399 886 25
100 575 24
941 885 22
925 831 47
595 862 66
951 409 34
101 640 14
666 702 3
797 438 85
855 362 95
968 899 65
972 153 66
67 232 55
575 741 43
18 258 3
772 578 63
989 790 74
269 151 91
87 238 82
601 809 6
456 540 4
98 766 34
411 860 82
893 144 77
463 367 53
578 369 23
989 678 77
347 830 23
241 584 39
111 110 69
998 187 26
553 100 40
205 566 58
310 163 15
468 776 68
70 664 38
14 449 76
195 241 39
922 418 14
224 399 64
312 30 50
197 313 63
381 265 36
683 971 47
403 527 14
332 268 99
723 737 27
248 680 24
914 774 38
388 192 10
716 35 44
413 46 42
578 706 59
574 681 78
735 317 65
624 338 89
935 708 31
715 281 80
513 269 99
416 163 24
494 308 20
968 409 45
378 848 58
794 34 45
807 992 71
840 999 49
255 309 87
464 230 37
295 711 3
19 343 84
899 416 8
469 928 19
740 398 66
842 672 24
464 635 93
984 680 65
614 608 42
442 225 29
1 430 99
148 756 27
993 487 78
791 444 2
116 321 81
516 185 93
657 573 66
294 638 36
878 339 73
180 327 15
314 480 3
270 908 10
103 216 48
520 508 26
447 237 58
620 729 69
196 241 8
472 857 77
494 689 13
69 672 37
223 723 9
179 282 20
296 630 87
283 307 33
780 522 58
498 156 90
80 106 41
754 969 55
180 816 35
482 875 83
735 831 47
375 648 83
450 682 85
969 817 4
585 382 53
306 656 94
292 99 40
628 805 72
383 184 66
149 663 5
443 808 91
943 993 91
169 365 72
725 698 83
456 812 31
62 27 22
636 938 32
739 552 84
122 514 5
393 802 66
122 472 14
373 570 35
731 157 1
529 442 52
631 590 74
116 947 92
16 742 90
130 966 8
865 642 95
341 118 32
992 839 77
345 69 64
678 537 71
262 629 34
874 943 75
331 161 79
250 861 47
71 394 67
662 749 14
434 354 57
242 161 30
318 710 71
80 602 89
136 641 99
411 937 49
224 698 88
730 267 81
563 263 79
857 344 84
555 855 46
80 760 15
478 624 57
952 845 11
698 738 53
136 461 96
126 800 6
288 952 5
186 436 28
525 610 53
827 851 84
980 829 44
978 163 6
376 399 72
913 583 47
86 871 21
17 693 51
698 922 61
261 294 93
163 8 23
78 807 48
488 106 36
225 135 30
392 481 42
390 886 93
940 886 84
748 388 66
559 204 85
601 50 15
532 452 40
461 381 69
350 835 65
320 417 5
322 46 57
874 373 49
34 248 42
32 196 53
99 137 88
417 691 52
380 229 99
198 367 2
244 585 48
200 945 88
663 603 74
556 165 51
40 215 54
969 330 97
42 321 90
776 25 12
12 780 30
286 497 29
450 507 36
392 863 12
297 593 66
213 398 45
388 231 94
857 697 34
174 326 14
179 193 58
626 555 6
618 464 31
459 319 92
237 369 93
896 682 62
756 390 20
526 661 10
342 631 16
435 697 78
611 404 58
460 182 43
262 996 63
770 613 93
554 379 77
490 814 21
276 10 16
194 201 93
281 456 95
130 137 46
878 792 21
500 348 94
125 898 11
473 95 9
342 704 53
356 200 79
932 308 59
330 885 55
148 24 15
169 846 86
567 956 94
192 146 78
26 111 92
472 698 51
807 563 30
361 3 86
482 303 100
485 907 20
72 572 19
197 311 25
830 437 83
277 185 5
533 796 51
820 414 91
535 979 30
113 531 28
685 630 7
876 967 17
165 483 37
978 470 34
40 491 55
693 869 43
901 717 33
147 558 24
776 386 26
983 528 35
366 915 38
874 94 76
406 370 17
330 301 64
330 232 44
360 916 82
630 210 98
828 590 56
805 511 84
613 739 64
669 558 42
701 567 36
193 810 62
221 514 72
804 385 91
694 132 4
690 390 96
963 917 58
834 499 5
247 252 50
148 823 93
338 748 57
531 673 98
400 194 29
641 155 61
101 340 25
485 19 24
760 677 12
418 898 3
510 950 46
501 64 71
133 196 86
127 672 91
94 590 69
493 130 53
732 236 95
912 758 22
823 158 63
930 3 26
785 862 41
772 873 39
572 254 20
758 54 60
555 254 57
890 860 73
38 909 83
437 405 13
528 924 54
601 382 61
186 584 8
472 206 26
714 613 69
718 675 92
907 72 46
254 759 78
668 775 94
212 669 19
180 367 75
62 357 74
254 669 28
858 825 44
452 636 47
953 10 96
270 71 89
1 498 96
416 535 8
700 293 92
131 433 17
440 338 17
67 905 78
647 621 19
799 559 35
328 222 15
21 559 9
564 741 79
887 247 21
518 383 21
415 413 89
923 621 48
811 874 78
159 574 92
747 430 71
936 480 87
151 659 27
672 376 22
586 602 30
549 205 34
35 505 22
929 539 1
139 417 3
333 74 97
952 973 4
585 472 56
688 903 23
6 964 57
22 24 89
968 391 33
383 520 48
417 971 90
628 999 88
68 27 74
896 367 22
139 314 41
73 998 92
357 526 28
90 846 40
867 381 34
50 298 35
647 292 21
919 483 81
141 160 31
931 297 75
694 490 29
432 898 93
983 305 9
370 397 70
301 759 36
327 265 93
382 256 15
347 279 20
747 537 35
999 207 72
108 471 35
982 643 5
253 285 43
838 952 53
552 4 54
456 409 3
556 573 99
632 253 21
941 986 15
833 111 47
654 309 26
12 444 70
729 262 54
394 13 43
305 853 7
851 926 78
794 766 99
494 885 80
475 858 89
498 672 91
524 990 38
175 680 98
590 245 62
934 399 86
739 916 9
151 730 23
515 304 27
249 519 97
123 156 29
685 421 52
673 34 19
211 158 94
607 816 68
585 83 8
33 138 15
730 901 76
921 205 67
649 965 44
438 113 60
336 601 37
3 453 3
293 145 56
511 606 44
412 539 38
800 655 83
54 977 87
557 974 35
55 308 71
340 252 33
270 74 22
633 440 57
371 461 43
81 808 10
978 545 15
36 744 73
549 993 38
597 660 73
881 438 65
667 703 66
712 711 99
749 959 56
409 484 89
458 591 40
118 266 98
33 613 68
105 900 58
930 721 59
237 94 69
878 965 75
231 251 50
803 314 48
387 887 84
247 823 81
8 711 13
14 349 57
303 715 10
156 687 54
642 304 25
696 361 55
487 621 5
137 646 56
600 498 98
690 755 81
968 143 60
741 1 37
93 678 70
145 305 52
413 837 68
106 333 83
873 452 39
823 44 96
984 159 49
674 350 24
899 135 87
628 37 11
808 465 49
635 673 50
145 697 67
801 230 88
117 559 14
276 299 51
991 387 6
225 330 53
525 22 21
605 961 83
460 999 70
921 359 9
194 162 31
138 279 56
847 45 2
936 893 7
392 391 62
893 805 95
460 465 10
488 541 64
121 407 83
324 647 74
592 595 1
481 960 11
130 68 19
510 986 62
89 657 75
894 94 82
732 140 89
794 349 68
312 828 94
843 74 35
347 263 66
552 687 30
453 349 86
69 848 100
817 309 18
780 646 100
850 969 10
633 244 54
977 309 47
337 350 11
392 294 90
315 209 72
279 169 51
316 310 8
892 848 64
724 503 44
604 430 2
166 741 39
335 906 61
138 832 77
345 47 4
311 0 85
859 444 55
702 650 11
596 683 17
819 38 81
990 904 42
